SecCode,File,ProposalName,ProposalContent,ProposalCandidate,ProposalResult,ProposalVote
42640,42640_20250328.htm,第１号議案,取締役６名選任の件,谷口辰成,可決,95.74
42640,42640_20250328.htm,第１号議案,取締役６名選任の件,横井文昭,可決,95.73
42640,42640_20250328.htm,第１号議案,取締役６名選任の件,平本洋輔,可決,95.68
42640,42640_20250328.htm,第１号議案,取締役６名選任の件,佐藤仁美,可決,95.73
42640,42640_20250328.htm,第１号議案,取締役６名選任の件,芦澤光二,可決,96.55
42640,42640_20250328.htm,第１号議案,取締役６名選任の件,倉林聡子,可決,96.55
42640,42640_20250328.htm,第２号議案,監査役３名選任の件,久喜政徳,可決,96.58
42640,42640_20250328.htm,第２号議案,監査役３名選任の件,古島守,可決,96.59
42640,42640_20250328.htm,第２号議案,監査役３名選任の件,湯瀬陽子,可決,96.55
42640,42640_20250328.htm,第３号議案,補欠監査役１名選任の件,平井信行,可決,96.55
42640,42640_20250328.htm,第４号議案,取締役（社外取締役を除く）に対する譲渡制限付株式の割当てのための報酬決定の件,,可決,96.46
46410,46410_20250328.htm,第１号議案,"剰余金処分の件
期末配当に関する事項
当社普通株式１株につき金49円",,可決,99.74
46410,46410_20250328.htm,第２号議案,"取締役８名選任の件
取締役として、渡邉信之、須藤泰志、太田秀幸、松本喜代一、今村篤、野坂英吾、呉雅俊、四條たか子の８氏を選任する。",渡邉信之,可決,99.19
46410,46410_20250328.htm,第２号議案,"取締役８名選任の件
取締役として、渡邉信之、須藤泰志、太田秀幸、松本喜代一、今村篤、野坂英吾、呉雅俊、四條たか子の８氏を選任する。",須藤泰志,可決,99.19
46410,46410_20250328.htm,第２号議案,"取締役８名選任の件
取締役として、渡邉信之、須藤泰志、太田秀幸、松本喜代一、今村篤、野坂英吾、呉雅俊、四條たか子の８氏を選任する。",太田秀幸,可決,99.2
46410,46410_20250328.htm,第２号議案,"取締役８名選任の件
取締役として、渡邉信之、須藤泰志、太田秀幸、松本喜代一、今村篤、野坂英吾、呉雅俊、四條たか子の８氏を選任する。",松本喜代一,可決,99.19
46410,46410_20250328.htm,第２号議案,"取締役８名選任の件
取締役として、渡邉信之、須藤泰志、太田秀幸、松本喜代一、今村篤、野坂英吾、呉雅俊、四條たか子の８氏を選任する。",今村　　篤,可決,94.96
46410,46410_20250328.htm,第２号議案,"取締役８名選任の件
取締役として、渡邉信之、須藤泰志、太田秀幸、松本喜代一、今村篤、野坂英吾、呉雅俊、四條たか子の８氏を選任する。",野坂英吾,可決,99.17
46410,46410_20250328.htm,第２号議案,"取締役８名選任の件
取締役として、渡邉信之、須藤泰志、太田秀幸、松本喜代一、今村篤、野坂英吾、呉雅俊、四條たか子の８氏を選任する。",呉　　雅俊,可決,99.18
46410,46410_20250328.htm,第２号議案,"取締役８名選任の件
取締役として、渡邉信之、須藤泰志、太田秀幸、松本喜代一、今村篤、野坂英吾、呉雅俊、四條たか子の８氏を選任する。",四條たか子,可決,99.2
46410,46410_20250328.htm,第３号議案,"当社株式の大量取得行為に関する対応策（買収防衛策）の継続の件
買収防衛策を、2028年３月開催予定の定時株主総会の終結の時までを有効期間として継続する。",,可決,62.13
281A0,281A0_20250328.htm,第１号議案,取締役３名選任の件,只野太郎,可決,92.29
281A0,281A0_20250328.htm,第１号議案,取締役３名選任の件,横溝大介,可決,98.12
281A0,281A0_20250328.htm,第１号議案,取締役３名選任の件,髙橋元弘,可決,98.06
281A0,281A0_20250328.htm,第２号議案,取締役（社外取締役を除く。）に対する譲渡制限付株式の割当てのための報酬支給の件,該当なし,可決,97.71
21600,21600_20250328.htm,取締役選任の件,取締役として、イン・ルオを選任する。,イン・ルオ,可決,76.29
21600,21600_20250328.htm,取締役選任の件,取締役として、トーマス・イーストリングを選任する。,トーマス・イーストリング,可決,80.58
21600,21600_20250328.htm,取締役選任の件,取締役として、松井亮介を選任する。,松井亮介,可決,79.82
21600,21600_20250328.htm,取締役選任の件,取締役として、張平を選任する。,張平,可決,79.86
21600,21600_20250328.htm,取締役選任の件,取締役として、指輪英明を選任する。,指輪英明,可決,77.34
21600,21600_20250328.htm,取締役選任の件,取締役として、菊池加奈子を選任する。,菊池加奈子,可決,80.4
21600,21600_20250328.htm,取締役選任の件,取締役として、松岡真宏を選任する。,松岡真宏,可決,81.04
41680,41680_20250328.htm,取締役６名選任の件,取締役６名選任,庵原保文,可決,97.92
41680,41680_20250328.htm,取締役６名選任の件,取締役６名選任,佐野将史,可決,97.92
41680,41680_20250328.htm,取締役６名選任の件,取締役６名選任,山本崇博,可決,97.91
41680,41680_20250328.htm,取締役６名選任の件,取締役６名選任,佐藤源紀,可決,97.77
41680,41680_20250328.htm,取締役６名選任の件,取締役６名選任,本間浩輔,可決,97.94
41680,41680_20250328.htm,取締役６名選任の件,取締役６名選任,奥本直子,可決,97.88
76250,76250_20250324.htm,第１号議案,取締役（監査等委員である取締役を除く）として、長谷川耕造、小林庸麿、樋口琢匠を選任する。,長谷川耕造、小林庸麿、樋口琢匠,可決,98.08
76250,76250_20250324.htm,第１号議案,取締役（監査等委員である取締役を除く）として、長谷川耕造、小林庸麿、樋口琢匠を選任する。,長谷川耕造,可決,98.08
76250,76250_20250324.htm,第１号議案,取締役（監査等委員である取締役を除く）として、長谷川耕造、小林庸麿、樋口琢匠を選任する。,小林庸麿,可決,98.1
76250,76250_20250324.htm,第１号議案,取締役（監査等委員である取締役を除く）として、長谷川耕造、小林庸麿、樋口琢匠を選任する。,樋口琢匠,可決,98.09
76250,76250_20250324.htm,第２号議案,取締役（監査等委員である取締役を除く）の報酬等の額を年額２億円以内（うち社外取締役１千万円以内）、非金銭報酬の通常型ストック・オプションについては別枠として年額１億円以内（うち社外取締役500万円以内）とする。,null,可決,92.22
76250,76250_20250324.htm,第３号議案,監査等委員である取締役の報酬等の額を年額２千万円以内とする。,null,可決,97.82
76250,76250_20250324.htm,第４号議案,新任取締役 樋口琢匠に対し、取締役に対する報酬等として、8万株を上限に通常型ストック・オプションとして新株予約権を発行すること。,樋口琢匠,可決,92.21
37580,37580_20250331.htm,第１号議案　剰余金処分の件,"株主に対する剰余金の配当に関する事項及びその総額。１株につき金　5円　　総額　105,976,270円。効力発生日 2025年３月31日",,可決,89.01
37580,37580_20250331.htm,第２号議案　取締役（監査等委員である取締役を除く。）４名選任の件,長嶋貴之、小林祐介、三宅朝広、吉村隆の４名を選任する,長嶋貴之、小林祐介、三宅朝広、吉村隆,可決,86.19
37580,37580_20250331.htm,第３号議案　代表取締役会長及び代表取締役社長解任の件,代表取締役会長である長嶋貴之氏と代表取締役社長である小林祐介氏の解任,長嶋貴之、小林祐介,否決,23.5
37580,37580_20250331.htm,第４号議案　剰余金処分の件,中間配当を30円、期末配当を30円と考え、年間配当を60円とする。2024年12月期の中間配当の時期は終わっているため、今期末配当は60円とする。,,否決,23.15
37580,37580_20250331.htm,第５号議案　自己株式取得の件,"会社法第156条第1項の規定に基づき、本定時株主総会終結の時から１年以内に、当社普通株式を、株式総数6,000,000株、取得価額の総額3,000,000,000円を限度として、金銭の交付をもって取得することとする。そして、第７号議案の議案が承認可決されることを条件として、これを消却する。",,否決,24.07
37580,37580_20250331.htm,第６号議案　累進配当宣言に係る定款変更の件,現行の定款に以下の条文を新設する。第７章 第39条 累進配当を宣言する,,否決,23.47
37580,37580_20250331.htm,第７号議案　自己株式の消却に係る定款変更の件,現行の定款に以下の章及び条文を新設する。第８章 自己株式の消却 第40条 当会社は、株主総会の決議をもって、自己株式の消却（消却する自己株式の種類及び種類ごとの数の決定を含む。）を行うことができる。,,否決,23.71
37580,37580_20250331.htm,第８号議案　株主優待制度に係る定款変更の件,現行の定款に以下の章及び条文を新設する。第９章 株主優待制度 第41条 当会社は、株主優待制度の導入、継続、変更及び廃止については、株主総会の決議によらなければならない。,,否決,21.48
37580,37580_20250331.htm,第９号議案　株主優待制度の改善・廃止の件,第８号議案が承認可決されることを条件として、2024年12月23日に公表された2024年12月期の株主優待制度を廃止又は改善する。,,否決,0.0
37580,37580_20250331.htm,第10号議案　経営陣の在り方に係る定款変更の件,現行の定款に以下の章及び条文を新設する。第10章 経営陣の在り方 第42条 経営陣は貸株をしない　第43条 代表取締役社長自ら国内外の機関投資家にトップセールスをする　第44条 株主に寄り添った経営をする,,否決,22.27
47770,47770_20250331.htm,第１号議案,当社グループの一層の経営基盤の強化・充実を図り、取締役会の独立性及び実効性の向上、並びにコーポレートガバナンス体制の強化を目的として取締役の増員が可能となるよう、定款第19条（取締役の員数）を12名以内から14名以内に変更する,該当なし,可決,98.55
47770,47770_20250331.htm,第２号議案,ソン　ファヨンを取締役に選任する,ソン　ファヨン,可決,98.45
47770,47770_20250331.htm,第２号議案,パク　サンウクを取締役に選任する,パク　サンウク,可決,98.44
65240,65240_20250331.htm,第１号議案,剰余金処分,null,可決,95.15
65240,65240_20250331.htm,第２号議案,定款一部変更,null,可決,99.46
65240,65240_20250331.htm,第３号議案,取締役（監査等委員である取締役を除く。）６名選任,石井　太,可決,99.01
65240,65240_20250331.htm,第３号議案,取締役（監査等委員である取締役を除く。）６名選任,北川　一清,可決,99.32
65240,65240_20250331.htm,第３号議案,取締役（監査等委員である取締役を除く。）６名選任,中村　聖二,可決,99.42
65240,65240_20250331.htm,第３号議案,取締役（監査等委員である取締役を除く。）６名選任,澤木　聖子,可決,99.4
65240,65240_20250331.htm,第３号議案,取締役（監査等委員である取締役を除く。）６名選任,荒井　昌幸,可決,99.42
65240,65240_20250331.htm,第３号議案,取締役（監査等委員である取締役を除く。）６名選任,ディーター・ソンマーハルダー,可決,99.42
65240,65240_20250331.htm,第４号議案,監査等委員である取締役３名選任,栗山　裕功,可決,99.41
65240,65240_20250331.htm,第４号議案,監査等委員である取締役３名選任,中村　正哉,可決,99.42
65240,65240_20250331.htm,第４号議案,監査等委員である取締役３名選任,髙津　靖史,可決,99.42
65240,65240_20250331.htm,第５号議案,補欠の監査等委員である取締役１名選任,梅山　克啓,可決,91.74
65240,65240_20250331.htm,第６号議案,取締役（監査等委員である取締役を除く。）の報酬額設定,null,可決,99.39
65240,65240_20250331.htm,第７号議案,監査等委員である取締役の報酬額設定,null,可決,99.39
65240,65240_20250331.htm,第８号議案,取締役（監査等委員である取締役及び社外取締役を除く。）に対する譲渡制限付株式の付与のための報酬決定,null,可決,99.38
38560,38560_20250221.htm,第１号議案,定款一部変更の件。当社の事業年度を毎年４月１日から翌年３月31日までに変更する。,,可決,98.7
38560,38560_20250221.htm,第２号議案,取締役に対するストック・オプション報酬等の額及び内容決定の件。取締役に対するストック・オプションとしての新株予約権に関する報酬等の額を年額100百万円以内（うち、監査等委員である取締役については10百万円以内）とする。,,可決,96.56
58190,58190_20250324.htm,第１号議案,"剰余金処分の件
期末配当に関する事項
当社普通株式１株につき金29円00銭",,可決,98.47
58190,58190_20250324.htm,第２号議案,"取締役１名選任の件
取締役に野田爾を選任する。",野田　爾,可決,98.38
58190,58190_20250324.htm,第３号議案,"補欠監査役１名選任の件
補欠監査役に林享を選任する。",林　　享,可決,98.18
58190,58190_20250324.htm,第４号議案,"役員賞与支給の件
取締役７名に対し当事業年度の業績等を勘案して役員賞与を支給する。",,可決,96.92
78040,78040_20250129.htm,第１号議案　剰余金処分の件,期末配当に関する事項,,可決,98.61
78040,78040_20250129.htm,第２号議案　定款一部変更の件,監査等委員会設置会社への移行に伴う定款変更,,可決,99.59
78040,78040_20250129.htm,第３号議案　取締役（監査等委員である取締役を除く）３名選任の件,取締役（監査等委員である取締役を除く）の選任,和田山英一,可決,99.52
78040,78040_20250129.htm,第３号議案　取締役（監査等委員である取締役を除く）３名選任の件,取締役（監査等委員である取締役を除く）の選任,和田山朋弥,可決,99.57
78040,78040_20250129.htm,第３号議案　取締役（監査等委員である取締役を除く）３名選任の件,取締役（監査等委員である取締役を除く）の選任,小林恒文,可決,99.58
78040,78040_20250129.htm,第４号議案　監査等委員である取締役４名選任の件,監査等委員である取締役の選任,髙橋正幸,可決,99.56
78040,78040_20250129.htm,第４号議案　監査等委員である取締役４名選任の件,監査等委員である取締役の選任,伊藤寛治,可決,99.48
78040,78040_20250129.htm,第４号議案　監査等委員である取締役４名選任の件,監査等委員である取締役の選任,野村祥子,可決,99.51
78040,78040_20250129.htm,第４号議案　監査等委員である取締役４名選任の件,監査等委員である取締役の選任,鳥山昌久,可決,99.52
78040,78040_20250129.htm,第５号議案　取締役（監査等委員である取締役を除く）の報酬額決定の件,取締役（監査等委員である取締役を除く）の報酬額決定,,可決,99.07
78040,78040_20250129.htm,第６号議案　監査等委員である取締役の報酬額決定の件,監査等委員である取締役の報酬額決定,,可決,99.09
78040,78040_20250129.htm,第７号議案　取締役（監査等委員である取締役及び社外取締役を除く）に対する譲渡制限付株式の割当てのための報酬決定の件,取締役（監査等委員である取締役及び社外取締役を除く）に対する譲渡制限付株式の割当てのための報酬決定,,可決,98.53
42860,42860_20250331.htm,第１号議案,取締役９名選任の件,内川淳一郎,可決,95.05
42860,42860_20250331.htm,第１号議案,取締役９名選任の件,米山誠,可決,97.16
42860,42860_20250331.htm,第１号議案,取締役９名選任の件,山下聡,可決,97.2
42860,42860_20250331.htm,第１号議案,取締役９名選任の件,小西秀央,可決,97.16
42860,42860_20250331.htm,第１号議案,取締役９名選任の件,石村満,可決,96.1
42860,42860_20250331.htm,第１号議案,取締役９名選任の件,松原靖広,可決,98.49
42860,42860_20250331.htm,第１号議案,取締役９名選任の件,園部洋士,可決,93.65
42860,42860_20250331.htm,第１号議案,取締役９名選任の件,渡辺尚,可決,97.28
42860,42860_20250331.htm,第１号議案,取締役９名選任の件,安田幸代,可決,97.27
42860,42860_20250331.htm,第２号議案,監査役２名選任の件,楠田肇,可決,98.76
42860,42860_20250331.htm,第２号議案,監査役２名選任の件,大坪教光,可決,98.66
49270,49270_20250327.htm,第１号議案　剰余金の処分の件,"イ　株主に対する剰余金の配当に関する事項及びその総額
１株につき金31円（普通配当）
総額　6,869,923,268円
ロ　効力発生日
2025年３月28日",,可決,98.2
49270,49270_20250327.htm,第２号議案　取締役２名選任の件,"取締役として、田中加陽子氏、谷口博基氏の２名を選任する。
なお、田中加陽子氏、谷口博基氏は社外取締役である。",田中加陽子氏,可決,98.2
49270,49270_20250327.htm,第２号議案　取締役２名選任の件,"取締役として、田中加陽子氏、谷口博基氏の２名を選任する。
なお、田中加陽子氏、谷口博基氏は社外取締役である。",谷口博基氏,可決,98.2
49270,49270_20250327.htm,第３号議案　監査役２名選任の件,"監査役として、豊田明氏、鈴木恵美子氏の２名を選任する。
なお、鈴木恵美子氏は社外監査役である。",豊田　明氏,可決,98.1
49270,49270_20250327.htm,第３号議案　監査役２名選任の件,"監査役として、豊田明氏、鈴木恵美子氏の２名を選任する。
なお、鈴木恵美子氏は社外監査役である。",鈴木　恵美子氏,可決,98.3
49270,49270_20250327.htm,第４号議案　社外取締役に対する株式報酬制度の一部改定の件,,,可決,88.7
32410,32410_20250401.htm,剰余金処分の件,"期末配当に関する事項
当社普通株式１株につき金19円00銭",,可決,99.89
73600,73600_20250226.htm,第１号議案,補欠監査役１名選任の件,枩藤　章範,可決,99.8
73600,73600_20250226.htm,第２号議案,会計監査人選任の件,太陽有限責任監査法人,可決,99.78
97550,97550_20250327.htm,第１号議案,剰余金処分の件,null,可決,99.9
97550,97550_20250327.htm,第２号議案,定款一部変更の件,null,可決,96.1
97550,97550_20250327.htm,第３号議案,取締役（監査等委員である取締役を除く。）６名選任の件,天野洋文,可決,95.1
97550,97550_20250327.htm,第３号議案,取締役（監査等委員である取締役を除く。）６名選任の件,平嶋優一,可決,93.2
97550,97550_20250327.htm,第３号議案,取締役（監査等委員である取締役を除く。）６名選任の件,五十嵐崇博,可決,99.5
97550,97550_20250327.htm,第３号議案,取締役（監査等委員である取締役を除く。）６名選任の件,尾﨑聖治,可決,96.6
97550,97550_20250327.htm,第３号議案,取締役（監査等委員である取締役を除く。）６名選任の件,池田陽子,可決,96.6
97550,97550_20250327.htm,第３号議案,取締役（監査等委員である取締役を除く。）６名選任の件,関谷恵美,可決,99.6
97550,97550_20250327.htm,第４号議案,監査等委員である取締役３名選任の件,香川眞一,可決,99.4
97550,97550_20250327.htm,第４号議案,監査等委員である取締役３名選任の件,内藤潤,可決,99.5
97550,97550_20250327.htm,第４号議案,監査等委員である取締役３名選任の件,折原隆夫,可決,99.5
97550,97550_20250327.htm,第５号議案,補欠の監査等委員である取締役２名選任の件,松下達郎,可決,99.3
97550,97550_20250327.htm,第５号議案,補欠の監査等委員である取締役２名選任の件,本多広和,可決,99.7
97550,97550_20250327.htm,第６号議案,取締役（監査等委員である取締役を除く。）の報酬額決定の件,null,可決,98.0
97550,97550_20250327.htm,第７号議案,監査等委員である取締役の報酬額決定の件,null,可決,99.6
97550,97550_20250327.htm,第８号議案,取締役（社外取締役及び監査等委員である取締役を除く。）に対する業績連動型株式報酬制度に係る報酬枠設定の件,null,可決,99.1
92370,92370_20250131.htm,第１号議案,取締役（監査等委員である取締役を除く）３名選任の件,榎並将志,可決,96.85
92370,92370_20250131.htm,第１号議案,取締役（監査等委員である取締役を除く）３名選任の件,木下裕司,可決,96.85
92370,92370_20250131.htm,第１号議案,取締役（監査等委員である取締役を除く）３名選任の件,宝田めぐみ,可決,96.86
92370,92370_20250131.htm,第２号議案,監査等委員である取締役３名選任の件,鵜飼明子,可決,96.85
92370,92370_20250131.htm,第２号議案,監査等委員である取締役３名選任の件,岩﨑良亮,可決,96.85
92370,92370_20250131.htm,第２号議案,監査等委員である取締役３名選任の件,牧野誠司,可決,96.85
65460,65460_20250328.htm,第１号議案,"剰余金の処分の件
期末配当に関する事項
イ　株主に対する配当財産の割当てに関する事項およびその総額
　　　　　　　　当社普通株式１株につき金22円、総額118,088,300円
ロ　剰余金の配当が効力を生じる日
2025年３月28日
剰余金の処分に関する事項
イ　減少する剰余金の項目およびその額
繰越利益剰余金　200,000,000円
ロ　増加する剰余金の項目およびその額
別途積立金　　　200,000,000",,可決,99.8
65460,65460_20250328.htm,第２号議案,"定款一部変更の件
取締役会の活性化及び意思決定の迅速化を通してさらなる経営の効率化を図るため、取締役（監査等委員であるものを除く。）の員数を５名以内とする。",,可決,99.79
65460,65460_20250328.htm,第３号議案,"取締役４名選任の件
取締役（監査等委員である取締役を除く。）として、古野重幸、古野元昭、田中康之、喜多見光彦の各氏を選任する。",古野重幸,可決,99.28
65460,65460_20250328.htm,第３号議案,"取締役４名選任の件
取締役（監査等委員である取締役を除く。）として、古野重幸、古野元昭、田中康之、喜多見光彦の各氏を選任する。",古野元昭,可決,99.39
65460,65460_20250328.htm,第３号議案,"取締役４名選任の件
取締役（監査等委員である取締役を除く。）として、古野重幸、古野元昭、田中康之、喜多見光彦の各氏を選任する。",田中康之,可決,99.61
65460,65460_20250328.htm,第３号議案,"取締役４名選任の件
取締役（監査等委員である取締役を除く。）として、古野重幸、古野元昭、田中康之、喜多見光彦の各氏を選任する。",喜多見光彦,可決,99.65
65460,65460_20250328.htm,第４号議案,"監査等委員である取締役１名選任の件
監査等委員である取締役として、荒木啓文氏を選任する。",荒木啓文,可決,99.58
65460,65460_20250328.htm,第５号議案,"監査等委員である取締役の報酬額改定の件
監査等委員である取締役の報酬額を、年額25,000千円以内とする。",,可決,99.33
51870,51870_20250331.htm,第１号議案,"剰余金の処分の件 当社普通株式１株につき金20円 配当総額　171,794,060円",,可決,99.6
51870,51870_20250331.htm,第２号議案,定款一部変更の件 (1）経営体制の見直しの一環として、役付取締役の規定を変更する。(2）その他、所要の文言の修正をおこなう。,,可決,99.61
51870,51870_20250331.htm,第３号議案,取締役（監査等委員である取締役を除く。）３名選任の件,今澤　修,可決,98.03
51870,51870_20250331.htm,第３号議案,取締役（監査等委員である取締役を除く。）３名選任の件,赤岡　洋三,可決,99.21
51870,51870_20250331.htm,第３号議案,取締役（監査等委員である取締役を除く。）３名選任の件,秋元　克也,可決,99.29
153A0,153A0_20250401.htm,第１号議案,定款一部変更の件。場所の定めのない株主総会（いわゆるバーチャルオンリー株主総会）を開催することができるように、定款第13条第２項を追加する,,可決,99.3
153A0,153A0_20250401.htm,第２号議案,取締役４名選任の件,島津　敦好,可決,78.01
153A0,153A0_20250401.htm,第２号議案,取締役４名選任の件,造田　洋典,可決,99.56
153A0,153A0_20250401.htm,第２号議案,取締役４名選任の件,眞武　信和,可決,99.56
153A0,153A0_20250401.htm,第２号議案,取締役４名選任の件,伊藤　寛,可決,99.53
72380,72380_20250303.htm,取締役(監査等委員である取締役を除く。)１名選任の件,取締役(監査等委員である取締役を除く。)として、長岡宏氏を選任する。,長岡宏,可決,98.03
78490,78490_20250328.htm,取締役５名選任の件,取締役として、菊地修一、金子　弘、今泉俊一、関根赴治、福田峰夫の５名を選任する,菊地修一,可決,81.4
78490,78490_20250328.htm,取締役５名選任の件,取締役として、菊地修一、金子　弘、今泉俊一、関根赴治、福田峰夫の５名を選任する,金子　弘,可決,81.5
78490,78490_20250328.htm,取締役５名選任の件,取締役として、菊地修一、金子　弘、今泉俊一、関根赴治、福田峰夫の５名を選任する,今泉　俊一,可決,81.5
78490,78490_20250328.htm,取締役５名選任の件,取締役として、菊地修一、金子　弘、今泉俊一、関根赴治、福田峰夫の５名を選任する,関根　赴治,可決,81.5
78490,78490_20250328.htm,取締役５名選任の件,取締役として、菊地修一、金子　弘、今泉俊一、関根赴治、福田峰夫の５名を選任する,福田　峰夫,可決,81.5
34360,34360_20250328.htm,第１号議案,定款一部変更の件。①定款第２条に事業目的の追加を行う。②定款第17条の監査等委員である取締役の員数を６名以内から７名以内に変更する。,null,可決,81.9
34360,34360_20250328.htm,第２号議案,取締役（監査等委員である取締役を除く。）６名選任の件,橋本眞幸,可決,92.83
34360,34360_20250328.htm,第２号議案,取締役（監査等委員である取締役を除く。）６名選任の件,阿波俊弘,可決,94.93
34360,34360_20250328.htm,第２号議案,取締役（監査等委員である取締役を除く。）６名選任の件,龍田次郎,可決,95.07
34360,34360_20250328.htm,第２号議案,取締役（監査等委員である取締役を除く。）６名選任の件,窪添伸一,可決,98.5
34360,34360_20250328.htm,第２号議案,取締役（監査等委員である取締役を除く。）６名選任の件,加藤健夫,可決,98.52
34360,34360_20250328.htm,第２号議案,取締役（監査等委員である取締役を除く。）６名選任の件,加藤茜愛,可決,95.17
34360,34360_20250328.htm,第３号議案,監査等委員である取締役１名選任の件,Anita Killian,可決,99.02
46160,46160_20250228.htm,第１号議案,剰余金の処分の件,,可決,97.1
46160,46160_20250228.htm,第２号議案,取締役７名選任の件,西村聰一,可決,93.87
46160,46160_20250228.htm,第２号議案,取締役７名選任の件,松下田佳子,可決,96.86
46160,46160_20250228.htm,第２号議案,取締役７名選任の件,稲葉哲也,可決,97.53
46160,46160_20250228.htm,第２号議案,取締役７名選任の件,木佐貫弦一,可決,96.94
46160,46160_20250228.htm,第２号議案,取締役７名選任の件,木田幸作,可決,96.86
46160,46160_20250228.htm,第２号議案,取締役７名選任の件,秋山素寛,可決,97.53
46160,46160_20250228.htm,第２号議案,取締役７名選任の件,林拓史,可決,96.83
46160,46160_20250228.htm,第３号議案,監査役１名選任の件,綿貫秀敏,可決,97.63
46160,46160_20250228.htm,第４号議案,当社株式の大規模買付行為等への対応方針（買収への対応方針）継続の件,,可決,63.29
35660,35660_20250328.htm,第１号議案,剰余金の処分の件,,可決,98.39
35660,35660_20250328.htm,第２号議案,取締役（監査等委員である取締役を除く。）３名選任の件,横井　康孝,可決,98.38
35660,35660_20250328.htm,第２号議案,取締役（監査等委員である取締役を除く。）３名選任の件,塚田　久治,可決,99.6
35660,35660_20250328.htm,第２号議案,取締役（監査等委員である取締役を除く。）３名選任の件,早川　光人,可決,99.61
35660,35660_20250328.htm,第３号議案,会計監査人選任の件,かなで監査法人,可決,99.62
30380,30380_20250131.htm,第１号議案,取締役（監査等委員である取締役を除く。）６名選任の件,沼田博和,可決,91.28
30380,30380_20250131.htm,第１号議案,取締役（監査等委員である取締役を除く。）６名選任の件,田中康弘,可決,95.45
30380,30380_20250131.htm,第１号議案,取締役（監査等委員である取締役を除く。）６名選任の件,木戸康晴,可決,95.48
30380,30380_20250131.htm,第１号議案,取締役（監査等委員である取締役を除く。）６名選任の件,浅見一夫,可決,95.3
30380,30380_20250131.htm,第１号議案,取締役（監査等委員である取締役を除く。）６名選任の件,西田聡,可決,95.5
30380,30380_20250131.htm,第１号議案,取締役（監査等委員である取締役を除く。）６名選任の件,渡邉秋仁,可決,95.51
30380,30380_20250131.htm,第２号議案,監査等委員である取締役２名選任の件,町田美紗,可決,98.76
30380,30380_20250131.htm,第２号議案,監査等委員である取締役２名選任の件,稲田優,可決,98.76
30380,30380_20250131.htm,第３号議案,当社取締役（監査等委員である取締役及び社外取締役を除く。）及び従業員、並びに、当社子会社の取締役及び従業員に対するストック・オプションとしての新株予約権発行承認の件,該当なし,可決,96.84
70820,70820_20250327.htm,第１号議案,取締役５名選任の件。加藤貴博、片山翔、堀直之、伊藤邦宏及び松本行哲の各氏を取締役に選任する。,加藤貴博,可決,93.83
70820,70820_20250327.htm,第１号議案,取締役５名選任の件。加藤貴博、片山翔、堀直之、伊藤邦宏及び松本行哲の各氏を取締役に選任する。,片山翔,可決,99.0
70820,70820_20250327.htm,第１号議案,取締役５名選任の件。加藤貴博、片山翔、堀直之、伊藤邦宏及び松本行哲の各氏を取締役に選任する。,堀直之,可決,99.02
70820,70820_20250327.htm,第１号議案,取締役５名選任の件。加藤貴博、片山翔、堀直之、伊藤邦宏及び松本行哲の各氏を取締役に選任する。,伊藤邦宏,可決,95.83
70820,70820_20250327.htm,第１号議案,取締役５名選任の件。加藤貴博、片山翔、堀直之、伊藤邦宏及び松本行哲の各氏を取締役に選任する。,松本行哲,可決,98.87
70820,70820_20250327.htm,第２号議案,会計監査人選任の件。ESネクスト有限責任監査法人を会計監査人に選任する。,ESネクスト有限責任監査法人,可決,98.96
63280,63280_20250328.htm,第１号議案　剰余金処分の件,"１．期末配当に関する事項
当社普通株式１株につき金47円50銭　総額566,401,685円
効力発生日　2025年３月28日
２．剰余金の処分に関する事項
別途積立金を2,000,000,000円増加し繰越利益剰余金2,000,000,000円を減少する。",null,可決,99.4
63280,63280_20250328.htm,第２号議案　取締役（監査等委員であるものを除く。）４名選任の件,取締役（監査等委員であるものを除く。）として、鈴木久司、石井孝、大野周司、下條潤史の４名を選任する。,鈴木久司,可決,99.3
63280,63280_20250328.htm,第２号議案　取締役（監査等委員であるものを除く。）４名選任の件,取締役（監査等委員であるものを除く。）として、鈴木久司、石井孝、大野周司、下條潤史の４名を選任する。,石井孝,可決,99.4
63280,63280_20250328.htm,第２号議案　取締役（監査等委員であるものを除く。）４名選任の件,取締役（監査等委員であるものを除く。）として、鈴木久司、石井孝、大野周司、下條潤史の４名を選任する。,大野周司,可決,99.4
63280,63280_20250328.htm,第２号議案　取締役（監査等委員であるものを除く。）４名選任の件,取締役（監査等委員であるものを除く。）として、鈴木久司、石井孝、大野周司、下條潤史の４名を選任する。,下條潤史,可決,99.4
63280,63280_20250328.htm,第３号議案　譲渡制限付株式報酬制度に係る報酬額改定の件,"譲渡制限付株式付与のための金銭報酬債権を付与するため、譲渡制限付株式報酬制度（以下「本制度」という。）の対象となる取締役（社外取締役および監査等委員である取締役を除く。）に対する報酬額を、基本報酬の報酬額年額とは別に、年額総額２億80百万円以内、付与株式数の上限56,000株と設定し、また、譲渡制限付株式付与のための金銭報酬債権を付与するため、本制度の対象となる社外取締役および監査等委員である取締役に対する報酬額を、基本報酬の報酬額年額とは別に、年額総額60百万円以内、付与株式数の上限12,000株と設定する。具体的な支給時期及び配分については、取締役会において決定する。",null,否決,14.6
63280,63280_20250328.htm,第４号議案　自己株式取得の件,"会社法第156条第１項の規定に基づき、本定時株主総会終結の時から１年以内に、貴社普通株式を、株式総数1,293,000株、取得価額の総額金6,465,000,000円を限度として、金銭の交付をもって取得することとする。",null,否決,16.3
63280,63280_20250328.htm,第５号議案　社外取締役の員数に関する定款変更の件,"当社の社外取締役を過半数とするため、当社の定款第18条を下記の通り変更する。
（員数）
第18条　当会社の取締役（監査等委員である取締役を除く。）の員数は、８名以内とする。
２　当会社の監査等委員である取締役の員数は、５名以内とする。
３　当会社の取締役の過半数は、会社法第２条第１項第15号に規定する社外取締役とする。",null,否決,17.7
60760,60760_20250226.htm,第１号議案,剰余金処分の件,,可決,97.0
60760,60760_20250226.htm,第２号議案,取締役（監査等委員である取締役を除く。）６名選任の件,穴見　賢一,可決,96.02
60760,60760_20250226.htm,第２号議案,取締役（監査等委員である取締役を除く。）６名選任の件,児玉　幸子,可決,93.81
60760,60760_20250226.htm,第２号議案,取締役（監査等委員である取締役を除く。）６名選任の件,山下　友従,可決,96.87
60760,60760_20250226.htm,第２号議案,取締役（監査等委員である取締役を除く。）６名選任の件,川端　亮輔,可決,96.72
60760,60760_20250226.htm,第２号議案,取締役（監査等委員である取締役を除く。）６名選任の件,河野　光良,可決,96.97
60760,60760_20250226.htm,第２号議案,取締役（監査等委員である取締役を除く。）６名選任の件,広田　浩三,可決,93.64
60760,60760_20250226.htm,第３号議案,監査等委員である取締役３名選任の件,中洲　良一,可決,93.09
60760,60760_20250226.htm,第３号議案,監査等委員である取締役３名選任の件,首藤　慶史,可決,97.04
60760,60760_20250226.htm,第３号議案,監査等委員である取締役３名選任の件,大場　善次郎,可決,93.78
338A0,338A0_20250331.htm,取締役６名選任の件,田口善一氏を取締役に選任する,田口善一,可決,100.0
338A0,338A0_20250331.htm,取締役６名選任の件,國井晋平氏を取締役に選任する,國井晋平,可決,100.0
338A0,338A0_20250331.htm,取締役６名選任の件,酒井茂輝氏を取締役に選任する,酒井茂輝,可決,100.0
338A0,338A0_20250331.htm,取締役６名選任の件,阿部泰久氏を取締役に選任する,阿部泰久,可決,100.0
338A0,338A0_20250331.htm,取締役６名選任の件,白川彰朗氏を取締役に選任する,白川彰朗,可決,100.0
338A0,338A0_20250331.htm,取締役６名選任の件,髙栁文子氏を取締役に選任する,髙栁文子,可決,100.0
215A0,215A0_20250129.htm,取締役１名選任の件,池田俊を取締役として選任する,池田俊,可決,96.9
73880,73880_20250305.htm,第１号議案,取締役10名選任の件,黒木　勉,可決,91.864
73880,73880_20250305.htm,第１号議案,取締役10名選任の件,田中　克幸,可決,96.788
73880,73880_20250305.htm,第１号議案,取締役10名選任の件,安達　健二,可決,96.776
73880,73880_20250305.htm,第１号議案,取締役10名選任の件,桑原　隆,可決,96.779
73880,73880_20250305.htm,第１号議案,取締役10名選任の件,齋藤　巧,可決,96.789
73880,73880_20250305.htm,第１号議案,取締役10名選任の件,藤井　喜博,可決,96.76
73880,73880_20250305.htm,第１号議案,取締役10名選任の件,井阪　喜浩,可決,96.728
73880,73880_20250305.htm,第１号議案,取締役10名選任の件,鈴木　正規,可決,96.732
73880,73880_20250305.htm,第１号議案,取締役10名選任の件,中川　真紀子,可決,96.793
73880,73880_20250305.htm,第１号議案,取締役10名選任の件,田中　尚幸,可決,96.338
73880,73880_20250305.htm,第２号議案,監査役３名選任の件,渡邊　哲也,可決,99.194
73880,73880_20250305.htm,第２号議案,監査役３名選任の件,桑原　麻美,可決,99.208
73880,73880_20250305.htm,第２号議案,監査役３名選任の件,木野　綾子,可決,99.19
73880,73880_20250305.htm,第３号議案,吸収合併契約承認の件,null,可決,99.351
37270,37270_20250401.htm,第１号議案,剰余金の処分の件,,可決,97.5
37270,37270_20250401.htm,第２号議案,定款一部変更の件,,可決,97.2
37270,37270_20250401.htm,第３号議案,取締役４名選任の件,倉林　聡子,可決,97.3
37270,37270_20250401.htm,第３号議案,取締役４名選任の件,鳥越　洋輔,可決,96.9
37270,37270_20250401.htm,第３号議案,取締役４名選任の件,平松　庚三,可決,96.9
37270,37270_20250401.htm,第３号議案,取締役４名選任の件,田口　勉,可決,97.1
58680,58680_20250328.htm,第１号議案　取締役11名選任の件,取締役11名選任,長谷川　一　彦,可決,94.87
58680,58680_20250328.htm,第１号議案　取締役11名選任の件,取締役11名選任,吉　原　美智代,可決,98.33
58680,58680_20250328.htm,第１号議案　取締役11名選任の件,取締役11名選任,長谷川　正　人,可決,98.34
58680,58680_20250328.htm,第１号議案　取締役11名選任の件,取締役11名選任,水　野　賢　仁,可決,98.35
58680,58680_20250328.htm,第１号議案　取締役11名選任の件,取締役11名選任,関　口　　晃,可決,98.35
58680,58680_20250328.htm,第１号議案　取締役11名選任の件,取締役11名選任,河　村　博　文,可決,98.33
58680,58680_20250328.htm,第１号議案　取締役11名選任の件,取締役11名選任,諏　訪　貴　之,可決,98.36
58680,58680_20250328.htm,第１号議案　取締役11名選任の件,取締役11名選任,福　田　勝　志,可決,98.35
58680,58680_20250328.htm,第１号議案　取締役11名選任の件,取締役11名選任,浅　野　眞　吾,可決,98.33
58680,58680_20250328.htm,第１号議案　取締役11名選任の件,取締役11名選任,中　前　公　志,可決,98.31
58680,58680_20250328.htm,第１号議案　取締役11名選任の件,取締役11名選任,野　村　新　平,可決,98.35
58680,58680_20250328.htm,第２号議案　退任取締役に対する役員退職慰労金贈呈の件,退任取締役に対する役員退職慰労金贈呈,,可決,94.08
34190,34190_20250130.htm,第１号議案,取締役８名選任の件,田中豊,可決,96.58
34190,34190_20250130.htm,第１号議案,取締役８名選任の件,根本和典,可決,96.58
34190,34190_20250130.htm,第１号議案,取締役８名選任の件,芝田新一郎,可決,96.58
34190,34190_20250130.htm,第１号議案,取締役８名選任の件,村田則夫,可決,96.47
34190,34190_20250130.htm,第１号議案,取締役８名選任の件,伊藤正之,可決,96.61
34190,34190_20250130.htm,第１号議案,取締役８名選任の件,山村浩二,可決,96.57
34190,34190_20250130.htm,第１号議案,取締役８名選任の件,小松隆一,可決,96.49
34190,34190_20250130.htm,第１号議案,取締役８名選任の件,佐久間博,可決,96.46
34190,34190_20250130.htm,第２号議案,監査役１名選任の件,岡野良彦,可決,96.53
49960,49960_20250203.htm,第１号議案,剰余金の処分の件,null,可決,98.7
49960,49960_20250203.htm,第２号議案,取締役９名選任の件,横山　優,可決,96.4
49960,49960_20250203.htm,第２号議案,取締役９名選任の件,今井　克樹,可決,98.7
49960,49960_20250203.htm,第２号議案,取締役９名選任の件,吉村　巧,可決,98.8
49960,49960_20250203.htm,第２号議案,取締役９名選任の件,井川　照彦,可決,97.2
49960,49960_20250203.htm,第２号議案,取締役９名選任の件,山地　充洋,可決,98.7
49960,49960_20250203.htm,第２号議案,取締役９名選任の件,岩田　浩一,可決,98.8
49960,49960_20250203.htm,第２号議案,取締役９名選任の件,西尾　忠久,可決,97.3
49960,49960_20250203.htm,第２号議案,取締役９名選任の件,池田　寛二,可決,97.3
49960,49960_20250203.htm,第２号議案,取締役９名選任の件,山梨　智里,可決,98.9
49960,49960_20250203.htm,第３号議案,監査役２名選任の件,中島　隆博,可決,93.2
49960,49960_20250203.htm,第３号議案,監査役２名選任の件,鈴木　富隆,可決,78.7
36880,36880_20250331.htm,第１号議案,取締役６名選任の件,宇佐美 進典,可決,92.93
36880,36880_20250331.htm,第１号議案,取締役６名選任の件,永岡 英則,可決,97.88
36880,36880_20250331.htm,第１号議案,取締役６名選任の件,梶原 理加,可決,98.62
36880,36880_20250331.htm,第１号議案,取締役６名選任の件,石渡 万希子,可決,97.22
36880,36880_20250331.htm,第１号議案,取締役６名選任の件,渡辺 尚,可決,97.21
36880,36880_20250331.htm,第１号議案,取締役６名選任の件,北原 整,可決,97.85
36880,36880_20250331.htm,第２号議案,監査役１名選任の件,澤田 静華,可決,99.6
36880,36880_20250331.htm,第３号議案,監査役の報酬額改定の件,,可決,99.45
26930,26930_20250328.htm,議案,"剰余金処分の件
期末配当に関する事項
当社普通株式１株につき金５円",null,可決,99.3
93840,93840_20250327.htm,議案,取締役（監査等委員である取締役を除く。）９名選任の件,小嶋佳宏,可決,94.64
93840,93840_20250327.htm,議案,取締役（監査等委員である取締役を除く。）９名選任の件,戸田幸子,可決,96.6
93840,93840_20250327.htm,議案,取締役（監査等委員である取締役を除く。）９名選任の件,東宏尚,可決,96.54
93840,93840_20250327.htm,議案,取締役（監査等委員である取締役を除く。）９名選任の件,岩貞均,可決,96.58
93840,93840_20250327.htm,議案,取締役（監査等委員である取締役を除く。）９名選任の件,鈴木真,可決,96.59
93840,93840_20250327.htm,議案,取締役（監査等委員である取締役を除く。）９名選任の件,中山裕美子,可決,96.6
93840,93840_20250327.htm,議案,取締役（監査等委員である取締役を除く。）９名選任の件,人見茂樹,可決,96.59
93840,93840_20250327.htm,議案,取締役（監査等委員である取締役を除く。）９名選任の件,中澤圭亮,可決,96.43
93840,93840_20250327.htm,議案,取締役（監査等委員である取締役を除く。）９名選任の件,矢部光識,可決,94.99
49790,49790_20250327.htm,取締役（監査等委員である取締役を除く。）６名選任の件,岡尚を取締役（監査等委員である取締役を除く。）に選任する。,岡尚,可決,99.74
49790,49790_20250327.htm,取締役（監査等委員である取締役を除く。）６名選任の件,北口聡史を取締役（監査等委員である取締役を除く。）に選任する。,北口聡史,可決,99.77
49790,49790_20250327.htm,取締役（監査等委員である取締役を除く。）６名選任の件,奥村亘を取締役（監査等委員である取締役を除く。）に選任する。,奥村亘,可決,99.78
49790,49790_20250327.htm,取締役（監査等委員である取締役を除く。）６名選任の件,高瀬尋樹を取締役（監査等委員である取締役を除く。）に選任する。,高瀬尋樹,可決,99.78
49790,49790_20250327.htm,取締役（監査等委員である取締役を除く。）６名選任の件,末村泉美を取締役（監査等委員である取締役を除く。）に選任する。,末村泉美,可決,99.78
49790,49790_20250327.htm,取締役（監査等委員である取締役を除く。）６名選任の件,渡辺伊都子を取締役（監査等委員である取締役を除く。）に選任する。,渡辺伊都子,可決,99.76
42500,42500_20250228.htm,第１号議案,"剰余金処分の件。１株につき金10.00円、総額6,946,000円の配当。効力発生日は2025年２月28日",null,可決,99.89
42500,42500_20250228.htm,第２号議案,取締役７名選任の件,山田紀之,可決,97.18
42500,42500_20250228.htm,第２号議案,取締役７名選任の件,立石直孝,可決,97.18
42500,42500_20250228.htm,第２号議案,取締役７名選任の件,長弘俊哉,可決,97.19
42500,42500_20250228.htm,第２号議案,取締役７名選任の件,松前亮,可決,97.19
42500,42500_20250228.htm,第２号議案,取締役７名選任の件,山根一,可決,97.19
42500,42500_20250228.htm,第２号議案,取締役７名選任の件,前田隆,可決,97.19
42500,42500_20250228.htm,第２号議案,取締役７名選任の件,内田健二,可決,97.19
36280,36280_20250220.htm,第１号議案　定款一部変更の件,当社の事業年度は毎年７月１日から翌年６月30日までとしておりますが、当社の親会社である株式会社ディー・エヌ・エーの事業年度の末日が毎年３月31日であることを勘案し、事業年度を一致させる事により、効率的な業務執行を行うため、当社の事業年度を毎年４月１日から翌年３月31日までに変更するものであります。また、事業年度の変更に伴う経過措置として、新たに附則を設けるものであります。,null,可決,99.9
55970,55970_20250404.htm,第１号議案,取締役（監査等委員である取締役を除く）４名選任の件,熊田貴之,可決,99.6
55970,55970_20250404.htm,第１号議案,取締役（監査等委員である取締役を除く）４名選任の件,熊田雅之,可決,99.6
55970,55970_20250404.htm,第１号議案,取締役（監査等委員である取締役を除く）４名選任の件,田中健郎,可決,99.6
55970,55970_20250404.htm,第１号議案,取締役（監査等委員である取締役を除く）４名選任の件,井手雄一郎,可決,99.6
55970,55970_20250404.htm,第２号議案,補欠の監査等委員である取締役１名選任の件,榊原史乃,可決,99.6
47840,47840_20250321.htm,第１号議案,定款一部変更の件,,可決,99.8
47840,47840_20250321.htm,第２号議案,剰余金処分の件,,可決,99.79
47840,47840_20250321.htm,第３号議案,取締役４名選任の件,伊藤　正,可決,99.6
47840,47840_20250321.htm,第３号議案,取締役４名選任の件,熊谷　正寿,可決,99.55
47840,47840_20250321.htm,第３号議案,取締役４名選任の件,橋口　誠,可決,99.54
47840,47840_20250321.htm,第３号議案,取締役４名選任の件,安田　昌史,可決,99.54
52180,52180_20250131.htm,第１号議案,"剰余金処分の件。当社普通株式１株につき金23円。総額 562,564,636円。2025年１月30日より効力。",null,可決,97.47
52180,52180_20250131.htm,第２号議案,取締役８名選任の件,齋藤弘和,可決,91.23
52180,52180_20250131.htm,第２号議案,取締役８名選任の件,中島隆,可決,96.53
52180,52180_20250131.htm,第２号議案,取締役８名選任の件,後藤直雪,可決,96.44
52180,52180_20250131.htm,第２号議案,取締役８名選任の件,鈴木雅智,可決,97.96
52180,52180_20250131.htm,第２号議案,取締役８名選任の件,市村誠,可決,90.52
52180,52180_20250131.htm,第２号議案,取締役８名選任の件,戸倉剛,可決,90.49
52180,52180_20250131.htm,第２号議案,取締役８名選任の件,軒名彰,可決,95.68
52180,52180_20250131.htm,第２号議案,取締役８名選任の件,牧野友香子,可決,96.56
92540,92540_20250130.htm,第１号議案　取締役４名選任の件,林雅之氏、長谷川直紀氏、鵜川太郎氏、松本高一氏を取締役に選任する,林雅之、長谷川直紀、鵜川太郎、松本高一,可決,99.47
92540,92540_20250130.htm,第２号議案　監査役３名選任の件,佐々山英一氏、今井智一氏、小谷薫氏を監査役に選任する,佐々山英一、今井智一、小谷薫,可決,99.44
92540,92540_20250130.htm,第２号議案　監査役３名選任の件,佐々山英一氏、今井智一氏、小谷薫氏を監査役に選任する,佐々山英一、今井智一、小谷薫,可決,99.46
92540,92540_20250130.htm,第２号議案　監査役３名選任の件,佐々山英一氏、今井智一氏、小谷薫氏を監査役に選任する,佐々山英一、今井智一、小谷薫,可決,99.47
92540,92540_20250130.htm,第３号議案　取締役に対する株式報酬型ストック・オプション報酬額及び内容決定の件,当社取締役（社外取締役を含む）に対する株式報酬型ストック・オプションとしての新株予約権の報酬額及び内容を決定する,N/A,可決,99.16
73470,73470_20250327.htm,第１号議案,"剰余金処分の件
期末配当に関する事項
当社普通株式１株につき金22円",,可決,98.7
73470,73470_20250327.htm,第２号議案,"定款一部変更の件
①　当社は、取締役の職務執行の監査等を担う監査等委員を取締役会の構成員とすることにより、取締役会の監督機能を強化し、更なる監視体制の強化を通じてより一層のコーポレート・ガバナンスの充実を図るとともに、取締役会が業務執行の決定を広く取締役に委任することで経営の意思決定を迅速化し、中長期的な企業価値の向上を図るという観点から、監査役会設置会社から監査等委員会設置会社に移行したく、監査等委員会設置会社への移行に必要な、監査等委員である取締役及び監査等委員会に関する規定の新設ならびに監査役及び監査役会に関する規定の削除等の変更を行うものであります。
②　資本政策及び配当政策を機動的に行うことができるよう、剰余金の配当等を取締役会の決議により行うことができる旨を第34条として新設するものであります。
③　その他、上記の各変更に伴う字句の修正等所要の変更を行うものであります。",,可決,97.73
73470,73470_20250327.htm,第３号議案,"取締役（監査等委員である取締役を除く。）６名選任の件
取締役（監査等委員である取締役を除く。）として、豊島俊弘、石野英也、小山潔人、島田昂樹、矢野孝一、大西利佳子を選任するものであります。",豊島俊弘,可決,98.55
73470,73470_20250327.htm,第３号議案,"取締役（監査等委員である取締役を除く。）６名選任の件
取締役（監査等委員である取締役を除く。）として、豊島俊弘、石野英也、小山潔人、島田昂樹、矢野孝一、大西利佳子を選任するものであります。",石野英也,可決,98.55
73470,73470_20250327.htm,第３号議案,"取締役（監査等委員である取締役を除く。）６名選任の件
取締役（監査等委員である取締役を除く。）として、豊島俊弘、石野英也、小山潔人、島田昂樹、矢野孝一、大西利佳子を選任するものであります。",小山潔人,可決,98.56
73470,73470_20250327.htm,第３号議案,"取締役（監査等委員である取締役を除く。）６名選任の件
取締役（監査等委員である取締役を除く。）として、豊島俊弘、石野英也、小山潔人、島田昂樹、矢野孝一、大西利佳子を選任するものであります。",島田昂樹,可決,96.46
73470,73470_20250327.htm,第３号議案,"取締役（監査等委員である取締役を除く。）６名選任の件
取締役（監査等委員である取締役を除く。）として、豊島俊弘、石野英也、小山潔人、島田昂樹、矢野孝一、大西利佳子を選任するものであります。",矢野孝一,可決,74.83
73470,73470_20250327.htm,第３号議案,"取締役（監査等委員である取締役を除く。）６名選任の件
取締役（監査等委員である取締役を除く。）として、豊島俊弘、石野英也、小山潔人、島田昂樹、矢野孝一、大西利佳子を選任するものであります。",大西利佳子,可決,98.47
73470,73470_20250327.htm,第４号議案,"監査等委員である取締役４名選任の件
監査等委員である取締役として、伊藤正敏、岡橋輝和、佐々木敏夫、増田健一を選任するものであります。",伊藤正敏,可決,98.48
73470,73470_20250327.htm,第４号議案,"監査等委員である取締役４名選任の件
監査等委員である取締役として、伊藤正敏、岡橋輝和、佐々木敏夫、増田健一を選任するものであります。",岡橋輝和,可決,98.46
73470,73470_20250327.htm,第４号議案,"監査等委員である取締役４名選任の件
監査等委員である取締役として、伊藤正敏、岡橋輝和、佐々木敏夫、増田健一を選任するものであります。",佐々木敏夫,可決,98.47
73470,73470_20250327.htm,第４号議案,"監査等委員である取締役４名選任の件
監査等委員である取締役として、伊藤正敏、岡橋輝和、佐々木敏夫、増田健一を選任するものであります。",増田健一,可決,98.58
73470,73470_20250327.htm,第５号議案,"取締役（監査等委員である取締役を除く。）の報酬額設定の件
取締役（監査等委員である取締役を除く。）の報酬額につきまして、年額500百万円以内（うち社外取締役分は年額100百万円以内）と定めるものであります。",,可決,98.4
73470,73470_20250327.htm,第６号議案,"監査等委員である取締役の報酬額設定の件
監査等委員である取締役の報酬額につきまして、総額を年額100百万円以内と定めるものであります。",,可決,98.39
73470,73470_20250327.htm,第７号議案,"取締役（監査等委員である取締役及び社外取締役を除く。）に対する株式報酬制度の額及び内容決定の件
監査等委員会設置会社へ移行することに伴い、当社取締役（監査等委員である取締役及び社外取締役を除く。）を対象に当社株式の給付を行う株式報酬制度の額及びその内容の決定を改めて定めるものであります。",,可決,98.38
73470,73470_20250327.htm,第８号議案,"会計監査人選任の件
会計監査人として、EY新日本有限責任監査法人を選任するものであります。",,可決,98.69
97040,97040_20250401.htm,第１号議案,取締役７名選任の件,ウイニー・チュウ・ウイン・クワン,可決,97.0
97040,97040_20250401.htm,第１号議案,取締役７名選任の件,シャン・チューピン,可決,96.99
97040,97040_20250401.htm,第１号議案,取締役７名選任の件,浅生浩,可決,98.19
97040,97040_20250401.htm,第１号議案,取締役７名選任の件,北村隆則,可決,96.91
97040,97040_20250401.htm,第１号議案,取締役７名選任の件,クラレンス・ウォン・カン・イェン,可決,97.87
97040,97040_20250401.htm,第１号議案,取締役７名選任の件,アンジェリーニ・ジョバンニ,可決,98.15
97040,97040_20250401.htm,第１号議案,取締役７名選任の件,シ・フェイティン,可決,98.27
97040,97040_20250401.htm,第２号議案の修正動議,監査役３名選任の件,杉戸壽一郎,可決,98.39
97040,97040_20250401.htm,第２号議案の修正動議,監査役３名選任の件,澁谷慎志,可決,98.39
97040,97040_20250401.htm,第２号議案の修正動議,監査役３名選任の件,チェン・ワイ・ハン・ボズウェル,可決,77.06
97040,97040_20250401.htm,第３号議案,取締役および監査役の報酬等の額改定の件,N/A,可決,96.38
97040,97040_20250401.htm,第４号議案,ストックオプションとして新株予約権を発行する件,N/A,可決,95.84
46270,46270_20250130.htm,第１号議案,"剰余金処分の件。①　期末配当に関する事項：当社普通株式１株につき金26円。②　その他の剰余金の処分に関する事項：(1）増加する剰余金の項目及びその額：別途積立金　　　　200,000,000円。(2）減少する剰余金の項目及びその額：繰越利益剰余金　　200,000,000円",,可決,99.65
46270,46270_20250130.htm,第２号議案,取締役８名選任の件,粕谷太一,可決,98.69
46270,46270_20250130.htm,第２号議案,取締役８名選任の件,山本　豊,可決,99.91
46270,46270_20250130.htm,第２号議案,取締役８名選任の件,粕谷　英史,可決,99.92
46270,46270_20250130.htm,第２号議案,取締役８名選任の件,大野　富久,可決,99.92
46270,46270_20250130.htm,第２号議案,取締役８名選任の件,水野　和義,可決,99.92
46270,46270_20250130.htm,第２号議案,取締役８名選任の件,原　昌弘,可決,99.93
46270,46270_20250130.htm,第２号議案,取締役８名選任の件,脇田　政美,可決,99.92
46270,46270_20250130.htm,第２号議案,取締役８名選任の件,林　克行,可決,99.44
286A0,286A0_20250328.htm,第１号議案,取締役(監査等委員であるものを除く)３名選任の件。取締役(監査等委員であるものを除く)として、古川淳、三沢英生、西村祥一の各氏を選任する,古川淳,可決,90.97
286A0,286A0_20250328.htm,第１号議案,取締役(監査等委員であるものを除く)３名選任の件。取締役(監査等委員であるものを除く)として、古川淳、三沢英生、西村祥一の各氏を選任する,三沢英生,可決,90.98
286A0,286A0_20250328.htm,第１号議案,取締役(監査等委員であるものを除く)３名選任の件。取締役(監査等委員であるものを除く)として、古川淳、三沢英生、西村祥一の各氏を選任する,西村祥一,可決,99.1
286A0,286A0_20250328.htm,第２号議案,監査等委員である取締役３名選任の件。監査等委員である取締役として、須藤修司、杉山文野、池尻志保の各氏を選任する,須藤修司,可決,99.11
286A0,286A0_20250328.htm,第２号議案,監査等委員である取締役３名選任の件。監査等委員である取締役として、須藤修司、杉山文野、池尻志保の各氏を選任する,杉山文野,可決,99.11
286A0,286A0_20250328.htm,第２号議案,監査等委員である取締役３名選任の件。監査等委員である取締役として、須藤修司、杉山文野、池尻志保の各氏を選任する,池尻志保,可決,99.4
286A0,286A0_20250328.htm,第３号議案,"資本金の額の減少の件。①減少する資本金の額：資本金の額2,022,558,040円を1,922,558,040円減少して100,000,000円とする。②資本金の額の減少の方法：発行済株式総数の変更は行わず、減少する資本金の額の全額をその他資本剰余金に振り替える。③資本金の額の減少が効力を生ずる日：2025年３月28日",null,可決,99.65
66940,66940_20250328.htm,第１号議案,"剰余金の処分の件。当社普通株式１株につき金31円　　総額134,947,991円。効力発生日2025年３月28日",,可決,99.17
66940,66940_20250328.htm,第２号議案,取締役（監査等委員である取締役を除く。）４名選任の件,飯島雅宏,可決,97.68
66940,66940_20250328.htm,第２号議案,取締役（監査等委員である取締役を除く。）４名選任の件,工藤俊介,可決,97.8
66940,66940_20250328.htm,第２号議案,取締役（監査等委員である取締役を除く。）４名選任の件,河野達哉,可決,97.57
66940,66940_20250328.htm,第２号議案,取締役（監査等委員である取締役を除く。）４名選任の件,山田達三,可決,97.54
66940,66940_20250328.htm,第３号議案,監査等委員である取締役３名選任の件,横山和樹,可決,98.11
66940,66940_20250328.htm,第３号議案,監査等委員である取締役３名選任の件,山根深,可決,97.92
66940,66940_20250328.htm,第３号議案,監査等委員である取締役３名選任の件,伊藤勝彦,可決,98.02
46310,46310_20250328.htm,第１号議案,剰余金の処分の件。期末配当金：当社普通株式１株につき金50円,null,可決,99.09
46310,46310_20250328.htm,第２号議案,取締役９名選任の件,猪野薫,可決,67.51
46310,46310_20250328.htm,第２号議案,取締役９名選任の件,池田尚志,可決,83.14
46310,46310_20250328.htm,第２号議案,取締役９名選任の件,古田修司,可決,80.72
46310,46310_20250328.htm,第２号議案,取締役９名選任の件,浅井健,可決,80.58
46310,46310_20250328.htm,第２号議案,取締役９名選任の件,中藤正哉,可決,83.22
46310,46310_20250328.htm,第２号議案,取締役９名選任の件,藤田正美,可決,82.1
46310,46310_20250328.htm,第２号議案,取締役９名選任の件,齊藤史郎,可決,84.09
46310,46310_20250328.htm,第２号議案,取締役９名選任の件,Donna Costa,可決,84.12
46310,46310_20250328.htm,第２号議案,取締役９名選任の件,ランドバーグ史枝,可決,84.72
46310,46310_20250328.htm,第３号議案,監査役１名選任の件,名倉啓太,可決,84.65
46310,46310_20250328.htm,第４号議案,定款一部変更の件。関連当事者取引の報告及び監視に関する規定を新設する。,null,否決,22.45
64810,64810_20250317.htm,第1号議案,剰余金の処分の件,null,可決,98.71
64810,64810_20250317.htm,第2号議案,取締役（監査等委員である取締役を除く。）8名選任の件,寺町彰博,可決,83.44
64810,64810_20250317.htm,第2号議案,取締役（監査等委員である取締役を除く。）8名選任の件,寺町崇史,可決,84.02
64810,64810_20250317.htm,第2号議案,取締役（監査等委員である取締役を除く。）8名選任の件,今野宏,可決,95.61
64810,64810_20250317.htm,第2号議案,取締役（監査等委員である取締役を除く。）8名選任の件,槇信之,可決,95.6
64810,64810_20250317.htm,第2号議案,取締役（監査等委員である取締役を除く。）8名選任の件,木下直樹,可決,97.65
64810,64810_20250317.htm,第2号議案,取締役（監査等委員である取締役を除く。）8名選任の件,中根建治,可決,97.81
64810,64810_20250317.htm,第2号議案,取締役（監査等委員である取締役を除く。）8名選任の件,甲斐順子,可決,96.57
64810,64810_20250317.htm,第2号議案,取締役（監査等委員である取締役を除く。）8名選任の件,川﨑博子,可決,99.31
77160,77160_20250325.htm,第１号議案,"剰余金処分の件
期末配当に関する事項
当社普通株式１株につき金26円",,可決,97.63
77160,77160_20250325.htm,第２号議案,"監査役１名選任の件
播田仁を監査役に選任するものであります。",播田　仁,可決,94.11
43560,43560_20250327.htm,議案,監査等委員である取締役以外の取締役6名選任の件,船橋俊郎,可決,99.67
43560,43560_20250327.htm,議案,監査等委員である取締役以外の取締役6名選任の件,小西貴裕,可決,99.81
43560,43560_20250327.htm,議案,監査等委員である取締役以外の取締役6名選任の件,岩越弘行,可決,99.83
43560,43560_20250327.htm,議案,監査等委員である取締役以外の取締役6名選任の件,門松美枝,可決,99.63
43560,43560_20250327.htm,議案,監査等委員である取締役以外の取締役6名選任の件,古原広行,可決,99.62
43560,43560_20250327.htm,議案,監査等委員である取締役以外の取締役6名選任の件,梶浦正人,可決,99.63
32660,32660_20250306.htm,第１号議案　剰余金の処分の件,"イ　株主に対する剰余金の配当に関する事項及びその総額
当社普通株式１株につき金１円　　総額37,653,070円
ロ　効力発生日
2025年２月28日",,可決,98.97
32660,32660_20250306.htm,第２号議案　定款一部変更の件,監査役会設置会社から監査等委員会設置へ移行するために必要な規程の新設、削除、変更などを行うものであります。加えて、剰余金の配当等を取締役会の決議により行うことができる旨の変更を行うものであります。,,可決,99.16
32660,32660_20250306.htm,第３号議案　取締役（監査等委員である取締役を除く）５名選任の件,取締役（監査等委員である取締役を除く）に田島克洋、吉田隆、内海嘉一、辻敏樹及び斉木愛子を選任する,田島克洋,可決,87.31
32660,32660_20250306.htm,第３号議案　取締役（監査等委員である取締役を除く）５名選任の件,取締役（監査等委員である取締役を除く）に田島克洋、吉田隆、内海嘉一、辻敏樹及び斉木愛子を選任する,吉田隆,可決,97.75
32660,32660_20250306.htm,第３号議案　取締役（監査等委員である取締役を除く）５名選任の件,取締役（監査等委員である取締役を除く）に田島克洋、吉田隆、内海嘉一、辻敏樹及び斉木愛子を選任する,内海嘉一,可決,97.68
32660,32660_20250306.htm,第３号議案　取締役（監査等委員である取締役を除く）５名選任の件,取締役（監査等委員である取締役を除く）に田島克洋、吉田隆、内海嘉一、辻敏樹及び斉木愛子を選任する,辻敏樹,可決,97.68
32660,32660_20250306.htm,第３号議案　取締役（監査等委員である取締役を除く）５名選任の件,取締役（監査等委員である取締役を除く）に田島克洋、吉田隆、内海嘉一、辻敏樹及び斉木愛子を選任する,斉木愛子,可決,97.53
32660,32660_20250306.htm,第４号議案　監査等委員である取締役３名選任の件,取締役に阪本浩司、佐藤貴夫及び神谷有子を選任する,阪本浩司,可決,97.73
32660,32660_20250306.htm,第４号議案　監査等委員である取締役３名選任の件,取締役に阪本浩司、佐藤貴夫及び神谷有子を選任する,佐藤貴夫,可決,97.74
32660,32660_20250306.htm,第４号議案　監査等委員である取締役３名選任の件,取締役に阪本浩司、佐藤貴夫及び神谷有子を選任する,神谷有子,可決,97.61
32660,32660_20250306.htm,第５号議案　補欠の監査等委員である取締役１名選任の件,補欠の監査等委員である取締役に石垣敦朗を選任する,石垣敦朗,可決,97.38
32660,32660_20250306.htm,第６号議案　取締役（監査等委員である取締役を除く）の報酬額設定の件,取締役（監査等委員である取締役を除く）の報酬額を年額500百万円以内（うち社外取締役分は50百万円以内）と設定する,,可決,98.18
32660,32660_20250306.htm,第７号議案　監査等委員である取締役の報酬額設定の件,監査等委員である取締役の報酬額を年額50百万円以内と設定する,,可決,98.12
65370,65370_20250327.htm,第１号議案,取締役６名選任の件,児玉康孝,可決,94.94
65370,65370_20250327.htm,第１号議案,取締役６名選任の件,阿久津浩,可決,94.95
65370,65370_20250327.htm,第１号議案,取締役６名選任の件,德田俊行,可決,94.95
65370,65370_20250327.htm,第１号議案,取締役６名選任の件,児玉ユミ子,可決,94.81
65370,65370_20250327.htm,第１号議案,取締役６名選任の件,古川一樹,可決,94.96
65370,65370_20250327.htm,第１号議案,取締役６名選任の件,山渋幸德,可決,94.92
65370,65370_20250327.htm,第２号議案,補欠監査役１名選任の件,中崎千夏,可決,95.03
146A0,146A0_20250403.htm,第１号議案　取締役（監査等委員である取締役を除く）５名選任の件,取締役（監査等委員である取締役を除く）として、中内準、水山直也、魚住剛、小俣学、および田代尚子を選任する。,中内準,可決,96.67
146A0,146A0_20250403.htm,第１号議案　取締役（監査等委員である取締役を除く）５名選任の件,取締役（監査等委員である取締役を除く）として、中内準、水山直也、魚住剛、小俣学、および田代尚子を選任する。,水山直也,可決,96.67
146A0,146A0_20250403.htm,第１号議案　取締役（監査等委員である取締役を除く）５名選任の件,取締役（監査等委員である取締役を除く）として、中内準、水山直也、魚住剛、小俣学、および田代尚子を選任する。,魚住剛,可決,96.56
146A0,146A0_20250403.htm,第１号議案　取締役（監査等委員である取締役を除く）５名選任の件,取締役（監査等委員である取締役を除く）として、中内準、水山直也、魚住剛、小俣学、および田代尚子を選任する。,小俣学,可決,96.55
146A0,146A0_20250403.htm,第１号議案　取締役（監査等委員である取締役を除く）５名選任の件,取締役（監査等委員である取締役を除く）として、中内準、水山直也、魚住剛、小俣学、および田代尚子を選任する。,田代尚子,可決,96.52
146A0,146A0_20250403.htm,第２号議案　取締役（監査等委員である取締役を除く）の報酬額改定の件,取締役（監査等委員である取締役を除く）の報酬額を年額150百万円以内（うち、社外取締役分年額10百万円以内）と改める。,該当なし,可決,99.82
43610,43610_20250221.htm,第１号議案,剰余金処分の件,,可決,97.57
43610,43610_20250221.htm,第２号議案,取締役（監査等委員であるものを除く。）５名選任の件,山田秀行,可決,96.94
43610,43610_20250221.htm,第２号議案,取締役（監査等委員であるものを除く。）５名選任の件,萱野高志,可決,96.75
43610,43610_20250221.htm,第２号議案,取締役（監査等委員であるものを除く。）５名選任の件,泉本　勝,可決,96.77
43610,43610_20250221.htm,第２号議案,取締役（監査等委員であるものを除く。）５名選任の件,安藤博之,可決,96.75
43610,43610_20250221.htm,第２号議案,取締役（監査等委員であるものを除く。）５名選任の件,本間義隆,可決,96.75
96750,96750_20250131.htm,第１号議案,"株式併合の件。当社の普通株式552,891株を１株に併合する。効力発生日は2025年２月21日。効力発生日における発行可能株式総数は60株",null,可決,99.63
96750,96750_20250131.htm,第２号議案,定款一部変更の件。株式併合の効力が発生することを条件として、定款第６条（発行可能株式総数）を変更、定款第７条（単元株式数）及び第８条（単元未満株式についての権利）の全文を削除、定款第13条（定時株主総会の基準日）の全文を削除、定款第16条（電子提供措置等）の全文を削除,null,可決,99.63
96750,96750_20250131.htm,第３号議案,"資本金の額の減少の件。資本金の額2,141,000,000円のうち2,041,000,000円減少して、100,000,000円とする。資本金の減少額2,041,000,000円は「その他資本剰余金」へ振り替える。資本金の額の減少の効力発生日は2025年３月21日",null,可決,99.64
40250,40250_20250402.htm,第１号議案,剰余金の処分の件,期末配当,可決,94.26
40250,40250_20250402.htm,第２号議案,取締役（監査等委員である取締役を除く。）６名選任の件,多木隆元,可決,89.63
40250,40250_20250402.htm,第２号議案,取締役（監査等委員である取締役を除く。）６名選任の件,多木勝彦,可決,89.32
40250,40250_20250402.htm,第２号議案,取締役（監査等委員である取締役を除く。）６名選任の件,正木貴久,可決,97.07
40250,40250_20250402.htm,第２号議案,取締役（監査等委員である取締役を除く。）６名選任の件,泉一成,可決,97.33
40250,40250_20250402.htm,第２号議案,取締役（監査等委員である取締役を除く。）６名選任の件,井筒裕之,可決,97.26
40250,40250_20250402.htm,第２号議案,取締役（監査等委員である取締役を除く。）６名選任の件,鈴木吾郎,可決,97.25
40250,40250_20250402.htm,第３号議案,監査等委員である取締役５名選任の件,下山昌彦,可決,97.11
40250,40250_20250402.htm,第３号議案,監査等委員である取締役５名選任の件,岩木達郎,可決,98.09
40250,40250_20250402.htm,第３号議案,監査等委員である取締役５名選任の件,重田昇三,可決,96.64
40250,40250_20250402.htm,第３号議案,監査等委員である取締役５名選任の件,北嶋紀子,可決,98.37
40250,40250_20250402.htm,第３号議案,監査等委員である取締役５名選任の件,水野久美子,可決,98.83
40250,40250_20250402.htm,第４号議案,補欠の監査等委員である取締役１名選任の件,松井由美,可決,97.56
53010,53010_20250331.htm,第１号議案,"剰余金処分の件。期末配当金は１株につき15円とする。総額3,202,088,670円。効力発生日2025年３月28日",,可決,99.37
53010,53010_20250331.htm,第２号議案,取締役９名選任の件,長坂一,可決,85.73
53010,53010_20250331.htm,第２号議案,取締役９名選任の件,辻雅史,可決,94.71
53010,53010_20250331.htm,第２号議案,取締役９名選任の件,山口勝之,可決,94.74
53010,53010_20250331.htm,第２号議案,取締役９名選任の件,山本俊二,可決,94.71
53010,53010_20250331.htm,第２号議案,取締役９名選任の件,山崎辰彦,可決,98.34
53010,53010_20250331.htm,第２号議案,取締役９名選任の件,真先隆史,可決,98.35
53010,53010_20250331.htm,第２号議案,取締役９名選任の件,神林伸光,可決,94.57
53010,53010_20250331.htm,第２号議案,取締役９名選任の件,浅田眞弓,可決,95.22
53010,53010_20250331.htm,第２号議案,取締役９名選任の件,宮﨑俊郎,可決,94.99
53010,53010_20250331.htm,第３号議案,補欠監査役１名選任の件,小沼俊哉,可決,99.18
63830,63830_20250331.htm,第１号議案,取締役11名選任の件,下代博,可決,93.642
63830,63830_20250331.htm,第１号議案,取締役11名選任の件,寺井友章,可決,97.474
63830,63830_20250331.htm,第１号議案,取締役11名選任の件,佐藤誠治,可決,97.473
63830,63830_20250331.htm,第１号議案,取締役11名選任の件,田久保秀明,可決,97.47
63830,63830_20250331.htm,第１号議案,取締役11名選任の件,日比徹也,可決,97.351
63830,63830_20250331.htm,第１号議案,取締役11名選任の件,小澤義昭,可決,87.159
63830,63830_20250331.htm,第１号議案,取締役11名選任の件,加藤格,可決,98.667
63830,63830_20250331.htm,第１号議案,取締役11名選任の件,金子圭子,可決,91.152
63830,63830_20250331.htm,第１号議案,取締役11名選任の件,ギディオン・フランクリン,可決,98.597
63830,63830_20250331.htm,第１号議案,取締役11名選任の件,吉田晴行,可決,98.785
63830,63830_20250331.htm,第１号議案,取締役11名選任の件,神崎夕紀,可決,99.166
63830,63830_20250331.htm,第２号議案,取締役に対する業績連動型株式報酬制度改定の件,N/A,可決,96.215
92360,92360_20250129.htm,第１号議案,定款一部変更の件,null,可決,98.73
92360,92360_20250129.htm,第２号議案,取締役(監査等委員である取締役を除く。）２名選任の件,三橋　透,可決,98.45
92360,92360_20250129.htm,第２号議案,取締役(監査等委員である取締役を除く。）２名選任の件,今﨑　恭生,可決,98.44
92360,92360_20250129.htm,第３号議案,監査等委員である取締役３名選任の件,大山　亨,可決,98.73
92360,92360_20250129.htm,第３号議案,監査等委員である取締役３名選任の件,阿部　慎史,可決,98.72
92360,92360_20250129.htm,第３号議案,監査等委員である取締役３名選任の件,酒井	奈緒,可決,98.57
92360,92360_20250129.htm,第４号議案,取締役（監査等委員である取締役を除く。）の報酬等の額決定の件,null,可決,98.07
92360,92360_20250129.htm,第５号議案,監査等委員である取締役の報酬等の額決定の件,null,可決,98.12
92360,92360_20250129.htm,第６号議案,取締役（監査等委員である取締役を除く。）に対するストック・オプションとしての新株予約権に関する報酬等の額及び内容決定の件,null,可決,97.33
92360,92360_20250129.htm,第７号議案,監査等委員である取締役に対するストック・オプションとしての新株予約権に関する報酬等の額及び内容決定の件,null,可決,97.38
92360,92360_20250129.htm,第８号議案,従業員に対するストック・オプションとして新株予約権の募集事項の決定を当社取締役会に委任する件,null,可決,97.5
14490,14490_20250328.htm,取締役４名選任の件,佐々木忠幸氏の選任,佐々木忠幸,可決,87.35
14490,14490_20250328.htm,取締役４名選任の件,矢崎洋司氏の選任,矢崎洋司,可決,87.35
14490,14490_20250328.htm,取締役４名選任の件,山内将之氏の選任,山内将之,可決,87.35
14490,14490_20250328.htm,取締役４名選任の件,清水祥行氏の選任,清水祥行,可決,87.34
23840,23840_20250331.htm,第１号議案　監査等委員でない取締役９名選任の件,監査等委員でない取締役として、鎌田正彦、星秀一、泰地正人、田中康仁、五味夏樹、若松勝久、岩﨑二郎、小杉善信及び関根千津を選任する。,鎌田正彦、星秀一、泰地正人、田中康仁、五味夏樹、若松勝久、岩﨑二郎、小杉善信、関根千津,可決,84.16
23840,23840_20250331.htm,第１号議案　監査等委員でない取締役９名選任の件,監査等委員でない取締役として、鎌田正彦、星秀一、泰地正人、田中康仁、五味夏樹、若松勝久、岩﨑二郎、小杉善信及び関根千津を選任する。,星　　秀一,可決,95.0
23840,23840_20250331.htm,第１号議案　監査等委員でない取締役９名選任の件,監査等委員でない取締役として、鎌田正彦、星秀一、泰地正人、田中康仁、五味夏樹、若松勝久、岩﨑二郎、小杉善信及び関根千津を選任する。,泰地　正人,可決,95.0
23840,23840_20250331.htm,第１号議案　監査等委員でない取締役９名選任の件,監査等委員でない取締役として、鎌田正彦、星秀一、泰地正人、田中康仁、五味夏樹、若松勝久、岩﨑二郎、小杉善信及び関根千津を選任する。,田中　康仁,可決,95.0
23840,23840_20250331.htm,第１号議案　監査等委員でない取締役９名選任の件,監査等委員でない取締役として、鎌田正彦、星秀一、泰地正人、田中康仁、五味夏樹、若松勝久、岩﨑二郎、小杉善信及び関根千津を選任する。,五味　夏樹,可決,95.0
23840,23840_20250331.htm,第１号議案　監査等委員でない取締役９名選任の件,監査等委員でない取締役として、鎌田正彦、星秀一、泰地正人、田中康仁、五味夏樹、若松勝久、岩﨑二郎、小杉善信及び関根千津を選任する。,若松　勝久,可決,95.0
23840,23840_20250331.htm,第１号議案　監査等委員でない取締役９名選任の件,監査等委員でない取締役として、鎌田正彦、星秀一、泰地正人、田中康仁、五味夏樹、若松勝久、岩﨑二郎、小杉善信及び関根千津を選任する。,岩﨑　二郎,可決,85.42
23840,23840_20250331.htm,第１号議案　監査等委員でない取締役９名選任の件,監査等委員でない取締役として、鎌田正彦、星秀一、泰地正人、田中康仁、五味夏樹、若松勝久、岩﨑二郎、小杉善信及び関根千津を選任する。,小杉　善信,可決,95.72
23840,23840_20250331.htm,第１号議案　監査等委員でない取締役９名選任の件,監査等委員でない取締役として、鎌田正彦、星秀一、泰地正人、田中康仁、五味夏樹、若松勝久、岩﨑二郎、小杉善信及び関根千津を選任する。,関根　千津,可決,97.21
23840,23840_20250331.htm,第２号議案　監査等委員である取締役３名選任の件,監査等委員である取締役として、川井裕也、辻さちえ及び鷲尾英一郎を選任する。,川井　裕也,可決,96.02
23840,23840_20250331.htm,第２号議案　監査等委員である取締役３名選任の件,監査等委員である取締役として、川井裕也、辻さちえ及び鷲尾英一郎を選任する。,辻　さちえ,可決,95.72
23840,23840_20250331.htm,第２号議案　監査等委員である取締役３名選任の件,監査等委員である取締役として、川井裕也、辻さちえ及び鷲尾英一郎を選任する。,鷲尾　英一郎,可決,97.21
23840,23840_20250331.htm,第３号議案　補欠の監査等委員である取締役１名選任の件,補欠の監査等委員である取締役として、鈴木知幸を選任する。,鈴木　知幸,可決,97.21
96120,96120_20250331.htm,取締役（監査等委員である取締役を除く。）６名選任の件,取締役（監査等委員である取締役を除く。）として、笠原弘和、錦織正人、磯部伸弘、大濱尚、若林要、重田秀豪の６氏を選任する。,笠原弘和,可決,83.78
96120,96120_20250331.htm,取締役（監査等委員である取締役を除く。）６名選任の件,取締役（監査等委員である取締役を除く。）として、笠原弘和、錦織正人、磯部伸弘、大濱尚、若林要、重田秀豪の６氏を選任する。,錦織正人,可決,94.68
96120,96120_20250331.htm,取締役（監査等委員である取締役を除く。）６名選任の件,取締役（監査等委員である取締役を除く。）として、笠原弘和、錦織正人、磯部伸弘、大濱尚、若林要、重田秀豪の６氏を選任する。,磯部伸弘,可決,94.72
96120,96120_20250331.htm,取締役（監査等委員である取締役を除く。）６名選任の件,取締役（監査等委員である取締役を除く。）として、笠原弘和、錦織正人、磯部伸弘、大濱尚、若林要、重田秀豪の６氏を選任する。,大濱尚,可決,94.6
96120,96120_20250331.htm,取締役（監査等委員である取締役を除く。）６名選任の件,取締役（監査等委員である取締役を除く。）として、笠原弘和、錦織正人、磯部伸弘、大濱尚、若林要、重田秀豪の６氏を選任する。,若林要,可決,94.6
96120,96120_20250331.htm,取締役（監査等委員である取締役を除く。）６名選任の件,取締役（監査等委員である取締役を除く。）として、笠原弘和、錦織正人、磯部伸弘、大濱尚、若林要、重田秀豪の６氏を選任する。,重田秀豪,可決,94.56
58360,58360_20250328.htm,第１号議案　取締役（監査等委員である取締役を除く。）４名選任の件,唐津　敏徳、一戸　敏、栗原　喜子及び渡邊　徳人を取締役（監査等委員である取締役を除く。）に選任する,唐津　敏徳,可決,96.95
58360,58360_20250328.htm,第１号議案　取締役（監査等委員である取締役を除く。）４名選任の件,唐津　敏徳、一戸　敏、栗原　喜子及び渡邊　徳人を取締役（監査等委員である取締役を除く。）に選任する,一戸　敏,可決,97.0
58360,58360_20250328.htm,第１号議案　取締役（監査等委員である取締役を除く。）４名選任の件,唐津　敏徳、一戸　敏、栗原　喜子及び渡邊　徳人を取締役（監査等委員である取締役を除く。）に選任する,栗原　喜子,可決,97.0
58360,58360_20250328.htm,第１号議案　取締役（監査等委員である取締役を除く。）４名選任の件,唐津　敏徳、一戸　敏、栗原　喜子及び渡邊　徳人を取締役（監査等委員である取締役を除く。）に選任する,渡邊　徳人,可決,97.0
58360,58360_20250328.htm,第２号議案　株式移転計画承認の件,2025年７月１日を効力発生日（予定）として、当社を株式移転完全子会社とする単独株式移転により、持株会社（完全親会社）である「株式会社エージェントＩＧホールディングス」を設立することについて、本株式移転に関する株式移転計画を承認する,,可決,97.0
42610,42610_20250331.htm,第１号議案　定款一部変更の件,オフィス移転に伴い、現行定款第３条に所要の変更を行う,null,可決,98.65
42610,42610_20250331.htm,第２号議案　取締役４名選任の件,取締役４名選任,桃井 純,可決,98.8
42610,42610_20250331.htm,第２号議案　取締役４名選任の件,取締役４名選任,藤田 義崇,可決,98.61
42610,42610_20250331.htm,第２号議案　取締役４名選任の件,取締役４名選任,外谷 悠一郎,可決,98.61
42610,42610_20250331.htm,第２号議案　取締役４名選任の件,取締役４名選任,西野 伸一郎,可決,98.64
42610,42610_20250331.htm,第３号議案　監査役３名選任の件,監査役３名選任,早川 忠雄,可決,99.57
42610,42610_20250331.htm,第３号議案　監査役３名選任の件,監査役３名選任,岡田 雅史,可決,97.86
42610,42610_20250331.htm,第３号議案　監査役３名選任の件,監査役３名選任,飯谷 武士,可決,98.64
43040,43040_20250228.htm,子会社株式の譲渡契約承認の件,当社が保有する、当社の連結子会社である株式会社SHIFFONの株式の全部を、SHIFFONの取締役である西村健太氏が出資して設立された株式会社SFNへ譲渡することに係る株式譲渡契約を承認する。,西村健太,可決,98.15
48110,48110_20250328.htm,取締役７名選任の件,取締役７名選任,山本孝昭,可決,89.0
48110,48110_20250328.htm,取締役７名選任の件,取締役７名選任,牧山公彦,可決,98.67
48110,48110_20250328.htm,取締役７名選任の件,取締役７名選任,吉村厚司,可決,98.67
48110,48110_20250328.htm,取締役７名選任の件,取締役７名選任,前川賢治,可決,98.67
48110,48110_20250328.htm,取締役７名選任の件,取締役７名選任,石田健亮,可決,98.7
48110,48110_20250328.htm,取締役７名選任の件,取締役７名選任,遠藤功,可決,97.86
48110,48110_20250328.htm,取締役７名選任の件,取締役７名選任,金山藍子,可決,98.7
22120,22120_20250401.htm,第１号議案　剰余金の処分の件,"１．期末配当に関する事項：(1) 配当財産の種類：金銭、(2) 株主に対する配当財産の割当てに関する事項およびその総額：当社普通株式１株につき金45円、配当総額　8,949,660,210円、(3) 剰余金の配当が効力を生じる日：2025年３月31日。２．剰余金の処分に関する事項：(1) 減少する剰余金の項目およびその額：繰越利益剰余金　20,500,000,000円、(2) 増加する剰余金の項目およびその額：別途積立金　　　20,500,000,000円",null,可決,99.72
22120,22120_20250401.htm,第２号議案　取締役（監査等委員である取締役を除く。）11名選任の件,取締役（監査等委員である取締役を除く。）11名選任,飯島延浩,可決,82.57
22120,22120_20250401.htm,第２号議案　取締役（監査等委員である取締役を除く。）11名選任の件,取締役（監査等委員である取締役を除く。）11名選任,飯島幹雄,可決,96.39
22120,22120_20250401.htm,第２号議案　取締役（監査等委員である取締役を除く。）11名選任の件,取締役（監査等委員である取締役を除く。）11名選任,横濱通雄,可決,99.32
22120,22120_20250401.htm,第２号議案　取締役（監査等委員である取締役を除く。）11名選任の件,取締役（監査等委員である取締役を除く。）11名選任,会田正久,可決,99.2
22120,22120_20250401.htm,第２号議案　取締役（監査等委員である取締役を除く。）11名選任の件,取締役（監査等委員である取締役を除く。）11名選任,犬塚　勇,可決,99.35
22120,22120_20250401.htm,第２号議案　取締役（監査等委員である取締役を除く。）11名選任の件,取締役（監査等委員である取締役を除く。）11名選任,関根　治,可決,99.32
22120,22120_20250401.htm,第２号議案　取締役（監査等委員である取締役を除く。）11名選任の件,取締役（監査等委員である取締役を除く。）11名選任,吉田谷良一,可決,99.34
22120,22120_20250401.htm,第２号議案　取締役（監査等委員である取締役を除く。）11名選任の件,取締役（監査等委員である取締役を除く。）11名選任,酒井光政,可決,99.34
22120,22120_20250401.htm,第２号議案　取締役（監査等委員である取締役を除く。）11名選任の件,取締役（監査等委員である取締役を除く。）11名選任,吉田修康,可決,99.27
22120,22120_20250401.htm,第２号議案　取締役（監査等委員である取締役を除く。）11名選任の件,取締役（監査等委員である取締役を除く。）11名選任,島田秀男,可決,98.54
22120,22120_20250401.htm,第２号議案　取締役（監査等委員である取締役を除く。）11名選任の件,取締役（監査等委員である取締役を除く。）11名選任,畑江敬子,可決,99.56
22120,22120_20250401.htm,第３号議案　退任取締役に対し退職慰労金贈呈の件,退任取締役園田誠に対し、当社所定の基準に従い、相当額の範囲内で退職慰労金を贈呈することとし、その具体的金額、贈呈の時期および方法等は取締役会に一任する。,園田誠,可決,73.84
51360,51360_20250203.htm,第１号議案　定款一部変更の件,以下のとおり定款一部を変更するものであります。第21条　取締役会の決議をもって、取締役の中から、CEO（最高経営責任者）１名を選定し、必要に応じて、CTO（最高技術責任者）、CFO（最高財務責任者）、COO（最高執行責任者）各１名を選定することができる。→第21条　取締役会の決議をもって、取締役の中から、CEO（最高経営責任者）１名を選定し、必要に応じて、役付取締役若干名を選定することができる。,,可決,95.87
51360,51360_20250203.htm,第２号議案　取締役１名選任の件,取締役として、市橋景子氏を選任するものであります。,市橋景子,可決,95.63
43790,43790_20250328.htm,第１号議案,資本金及び資本準備金の額の減少並びに剰余金処分,null,可決,98.04
43790,43790_20250328.htm,第２号議案,定款一部変更,null,可決,98.41
43790,43790_20250328.htm,第３号議案,取締役５名選任,河瀬航大,可決,97.78
43790,43790_20250328.htm,第３号議案,取締役５名選任,渡邉宏明,可決,97.78
43790,43790_20250328.htm,第３号議案,取締役５名選任,熊谷悠哉,可決,97.78
43790,43790_20250328.htm,第３号議案,取締役５名選任,島田和衛,可決,97.77
43790,43790_20250328.htm,第３号議案,取締役５名選任,鈴木敦子,可決,97.77
43790,43790_20250328.htm,第４号議案,監査役３名選任,中嶋靖雄,可決,98.37
43790,43790_20250328.htm,第４号議案,監査役３名選任,矢澤昌史,可決,81.17
43790,43790_20250328.htm,第４号議案,監査役３名選任,西本俊介,可決,98.35
43790,43790_20250328.htm,第５号議案,補欠監査役１名選任,村上嘉奈子,可決,98.35
43790,43790_20250328.htm,第６号議案,会計監査人選任,仰星監査法人,可決,98.35
71310,71310_20250131.htm,第１号議案　取締役４名選任の件,清川悦男を取締役に選任する,清川悦男,可決,98.9
71310,71310_20250131.htm,第１号議案　取締役４名選任の件,西澤賢治を取締役に選任する,西澤賢治,可決,99.05
71310,71310_20250131.htm,第１号議案　取締役４名選任の件,松本博を取締役に選任する,松本博,可決,99.05
71310,71310_20250131.htm,第１号議案　取締役４名選任の件,松井敏行を取締役に選任する,松井敏行,可決,99.03
71310,71310_20250131.htm,第２号議案　監査役３名選任の件,堀田正仁を監査役に選任する,堀田正仁,可決,99.02
71310,71310_20250131.htm,第２号議案　監査役３名選任の件,堀公人を監査役に選任する,堀公人,可決,98.88
71310,71310_20250131.htm,第２号議案　監査役３名選任の件,杉山宏旨を監査役に選任する,杉山宏旨,可決,98.89
31210,31210_20250131.htm,第１号議案,取締役６名選任の件,髙﨑正年,可決,99.51
31210,31210_20250131.htm,第１号議案,取締役６名選任の件,加藤東司,可決,99.52
31210,31210_20250131.htm,第１号議案,取締役６名選任の件,サム・ガーボウ,可決,99.5
31210,31210_20250131.htm,第１号議案,取締役６名選任の件,山﨑佳奈子,可決,99.59
31210,31210_20250131.htm,第１号議案,取締役６名選任の件,西村豊一,可決,99.56
31210,31210_20250131.htm,第１号議案,取締役６名選任の件,川戸淳一郎,可決,99.53
31210,31210_20250131.htm,第２号議案,監査役１名選任の件,片山喜包,可決,99.59
31210,31210_20250131.htm,第３号議案,補欠監査役１名選任の件,サム・ガーボウ,可決,99.54
79630,79630_20250401.htm,第１号議案,"剰余金の処分の件。①期末配当：当社普通株式１株につき普通配当35円。②その他剰余金の処分：ａ．増加する剰余金の項目とその額　別途積立金　　　500,000,000円。ｂ．減少する剰余金の項目とその額　繰越利益剰余金　500,000,000円",null,可決,98.59
79630,79630_20250401.htm,第２号議案,監査役１名選任の件,田中文和,可決,98.68
79630,79630_20250401.htm,第３号議案,"役員賞与支給の件。取締役９名に対し、総額46,400千円（うち社外取締役１名に対し1,200千円）の役員賞与を支給する",null,可決,98.19
79630,79630_20250401.htm,第４号議案,退任取締役及び退任監査役に対し退職慰労金贈呈の件。退任取締役田中文和氏及び退任監査役伊藤善博氏に対し、当社の内規に従い相当額の範囲内で、退職慰労金を贈呈することとし、その具体的金額、贈呈の時期、方法については、退任取締役については取締役会に、退任監査役については監査役の協議に一任する,null,可決,97.92
77440,77440_20250404.htm,第１号議案,剰余金の処分の件,,可決,99.8
77440,77440_20250404.htm,第２号議案,取締役（監査等委員であるものを除く。）３名選任の件,岩切　隆吉,可決,99.7
77440,77440_20250404.htm,第２号議案,取締役（監査等委員であるものを除く。）３名選任の件,横張　亮輔,可決,99.5
77440,77440_20250404.htm,第２号議案,取締役（監査等委員であるものを除く。）３名選任の件,村瀨　和絵,可決,99.7
77440,77440_20250404.htm,第３号議案,監査等委員である取締役３名選任の件,太田　晶久,可決,99.8
77440,77440_20250404.htm,第３号議案,監査等委員である取締役３名選任の件,髙田　剛,可決,99.8
77440,77440_20250404.htm,第３号議案,監査等委員である取締役３名選任の件,町野　静,可決,99.8
77440,77440_20250404.htm,第４号議案,補欠の監査等委員である取締役１名選任の件,加藤　正憲,可決,98.1
33020,33020_20250402.htm,第１号議案,剰余金の処分の件,null,可決,96.2
33020,33020_20250402.htm,第２号議案,定款の一部変更の件,null,可決,99.8
33020,33020_20250402.htm,第３号議案,取締役７名選任の件,白岩　強,可決,77.3
33020,33020_20250402.htm,第３号議案,取締役７名選任の件,桝谷　徹,可決,74.5
33020,33020_20250402.htm,第３号議案,取締役７名選任の件,岡村　建,可決,99.2
33020,33020_20250402.htm,第３号議案,取締役７名選任の件,中尾　徹,可決,99.2
33020,33020_20250402.htm,第３号議案,取締役７名選任の件,髙木　裕康,可決,99.2
33020,33020_20250402.htm,第３号議案,取締役７名選任の件,深澤　正宏,可決,99.1
33020,33020_20250402.htm,第３号議案,取締役７名選任の件,成田　信子,可決,99.6
33020,33020_20250402.htm,第４号議案,監査役１名選任の件,木下　裕弘,可決,86.3
33020,33020_20250402.htm,第５号議案,譲渡制限付株式報酬制度に係る報酬額承認の件,null,否決,10.9
33020,33020_20250402.htm,第６号議案,自己株式取得の件,null,否決,22.2
33020,33020_20250402.htm,第７号議案,社外取締役の員数に関する定款変更の件,null,否決,15.4
68560,68560_20250331.htm,第１号議案,取締役９名選任の件,堀場厚、齊藤壽一、足立正之、小石秀之、George Gillespie、堀場弾、外山晴之、松田文彦、田邉智子,可決,91.0
68560,68560_20250331.htm,第１号議案,取締役９名選任の件,齊藤壽一,可決,94.5
68560,68560_20250331.htm,第１号議案,取締役９名選任の件,足立正之,可決,94.2
68560,68560_20250331.htm,第１号議案,取締役９名選任の件,小石秀之,可決,95.6
68560,68560_20250331.htm,第１号議案,取締役９名選任の件,George Gillespie,可決,95.5
68560,68560_20250331.htm,第１号議案,取締役９名選任の件,堀場弾,可決,94.2
68560,68560_20250331.htm,第１号議案,取締役９名選任の件,外山晴之,可決,96.3
68560,68560_20250331.htm,第１号議案,取締役９名選任の件,松田文彦,可決,96.3
68560,68560_20250331.htm,第１号議案,取締役９名選任の件,田邉智子,可決,96.3
68560,68560_20250331.htm,第２号議案,取締役の報酬額改定の件,,可決,96.5
63100,63100_20250331.htm,第１号議案,"剰余金処分の件
イ　株主に対する剰余金の配当に関する事項及びその総額
１株につき金30円　　総額686,211,270円
ロ　効力発生日
2025年３月28日",null,可决,98.1
63100,63100_20250331.htm,第２号議案,取締役７名選任の件,冨安司郎、小田切元、神野修一、谷一哉、岩﨑淳、木曽川栄子、岸本史子,可决,94.1
63100,63100_20250331.htm,第２号議案,取締役７名選任の件,冨安司郎、小田切元、神野修一、谷一哉、岩﨑淳、木曽川栄子、岸本史子,可决,94.6
63100,63100_20250331.htm,第２号議案,取締役７名選任の件,冨安司郎、小田切元、神野修一、谷一哉、岩﨑淳、木曽川栄子、岸本史子,可决,94.7
63100,63100_20250331.htm,第２号議案,取締役７名選任の件,冨安司郎、小田切元、神野修一、谷一哉、岩﨑淳、木曽川栄子、岸本史子,可决,94.6
63100,63100_20250331.htm,第２号議案,取締役７名選任の件,冨安司郎、小田切元、神野修一、谷一哉、岩﨑淳、木曽川栄子、岸本史子,可决,94.5
63100,63100_20250331.htm,第２号議案,取締役７名選任の件,冨安司郎、小田切元、神野修一、谷一哉、岩﨑淳、木曽川栄子、岸本史子,可决,97.1
63100,63100_20250331.htm,第２号議案,取締役７名選任の件,冨安司郎、小田切元、神野修一、谷一哉、岩﨑淳、木曽川栄子、岸本史子,可决,97.1
63100,63100_20250331.htm,第３号議案,監査役２名選任の件,高橋一真、山下泰子,可决,95.9
63100,63100_20250331.htm,第３号議案,監査役２名選任の件,高橋一真、山下泰子,可决,97.3
61710,61710_20250324.htm,第１号議案,"剰余金の処分の件
期末配当に関する事項
当社普通株式１株につき金６円00銭
総額85,322,964円",,可決,99.43
61710,61710_20250324.htm,第２号議案,取締役10名選任の件,下平雄二,可決,96.3
61710,61710_20250324.htm,第２号議案,取締役10名選任の件,松山雄紀,可決,98.89
61710,61710_20250324.htm,第２号議案,取締役10名選任の件,下平絵里加,可決,98.45
61710,61710_20250324.htm,第２号議案,取締役10名選任の件,笠原竜彦,可決,98.96
61710,61710_20250324.htm,第２号議案,取締役10名選任の件,八木澤一哉,可決,98.88
61710,61710_20250324.htm,第２号議案,取締役10名選任の件,中島壮弘,可決,98.88
61710,61710_20250324.htm,第２号議案,取締役10名選任の件,中澤健一,可決,98.87
61710,61710_20250324.htm,第２号議案,取締役10名選任の件,岡本俊也,可決,97.57
61710,61710_20250324.htm,第２号議案,取締役10名選任の件,飯島希,可決,98.76
61710,61710_20250324.htm,第２号議案,取締役10名選任の件,中澤悟,可決,98.73
65330,65330_20250327.htm,剰余金の処分の件,"(1)配当財産の種類：金銭 (2)配当財産の割当てに関する事項及びその総額：当社普通株式１株につき金11円、総額106,970,248円 (3)剰余金の配当が効力を生じる日：2025年３月27日",null,可決,97.91
25790,25790_20250331.htm,第１号議案,剰余金の処分の件,,可決,99.6
25790,25790_20250331.htm,第２号議案,取締役（監査等委員である取締役を除く。）５名選任の件,カリン・ドラガン,可決,69.6
25790,25790_20250331.htm,第２号議案,取締役（監査等委員である取締役を除く。）５名選任の件,ビヨン・イヴァル・ウルゲネス,可決,77.0
25790,25790_20250331.htm,第２号議案,取締役（監査等委員である取締役を除く。）５名選任の件,和田　浩子,可決,88.0
25790,25790_20250331.htm,第２号議案,取締役（監査等委員である取締役を除く。）５名選任の件,谷村　広和,可決,73.0
25790,25790_20250331.htm,第２号議案,取締役（監査等委員である取締役を除く。）５名選任の件,行徳　セルソ,可決,90.4
25790,25790_20250331.htm,第３号議案,監査等委員である取締役４名選任の件,濱田　奈巳,可決,90.5
25790,25790_20250331.htm,第３号議案,監査等委員である取締役４名選任の件,ステイシー・アプター,可決,58.8
25790,25790_20250331.htm,第３号議案,監査等委員である取締役４名選任の件,サンケット・レイ,可決,56.7
25790,25790_20250331.htm,第３号議案,監査等委員である取締役４名選任の件,佐伯　里歌,可決,93.2
24290,24290_20250331.htm,第１号議案,取締役15名選任の件,伊井田栄吉,可決,96.11
24290,24290_20250331.htm,第１号議案,取締役15名選任の件,中野繁,可決,95.27
24290,24290_20250331.htm,第１号議案,取締役15名選任の件,本多信二,可決,95.24
24290,24290_20250331.htm,第１号議案,取締役15名選任の件,栗山勝宏,可決,95.24
24290,24290_20250331.htm,第１号議案,取締役15名選任の件,塩見政明,可決,95.22
24290,24290_20250331.htm,第１号議案,取締役15名選任の件,桑原伸一郎,可決,95.27
24290,24290_20250331.htm,第１号議案,取締役15名選任の件,濱地知治,可決,94.9
24290,24290_20250331.htm,第１号議案,取締役15名選任の件,白川祐治,可決,84.33
24290,24290_20250331.htm,第１号議案,取締役15名選任の件,川本惣一,可決,84.32
24290,24290_20250331.htm,第１号議案,取締役15名選任の件,磯俣克平,可決,84.62
24290,24290_20250331.htm,第１号議案,取締役15名選任の件,木村一義,可決,95.25
24290,24290_20250331.htm,第１号議案,取締役15名選任の件,荻野浩三,可決,94.88
24290,24290_20250331.htm,第１号議案,取締役15名選任の件,小野和美,可決,99.53
24290,24290_20250331.htm,第１号議案,取締役15名選任の件,星野裕志,可決,99.56
24290,24290_20250331.htm,第１号議案,取締役15名選任の件,久保欣,可決,99.53
24290,24290_20250331.htm,第２号議案,補欠監査役１名選任の件,井川晃浩,可決,95.14
24290,24290_20250331.htm,第３号議案,税制適格ストックオプションとして新株予約権を発行する件,当社及び当社子会社の取締役（社外取締役を除く。）、当社及び当社子会社の従業員,可決,83.66
24290,24290_20250331.htm,第４号議案,税制非適格ストックオプションとして新株予約権を発行する件,当社取締役（社外取締役を除く。）,可決,83.51
70610,70610_20250327.htm,第１号議案　剰余金の配当の件,当社普通株式１株につき金15円00銭,null,可決,99.0
70610,70610_20250327.htm,第２号議案　監査役１名選任の件,小木曽善信を監査役に選任する,小木曽　善信,可決,98.79
43780,43780_20250130.htm,第１号議案,"定款一部変更の件, 「事業目的の追加」, 現行定款第2条（目的）につきまして、当社の事業の現状に即し、事業内容の明確化を図るため、事業目的の一部を削除するものであります。",,可決,99.2
43780,43780_20250130.htm,第２号議案,取締役４名選任の件,石松友典,可決,97.14
43780,43780_20250130.htm,第２号議案,取締役４名選任の件,雨越仁,可決,99.2
43780,43780_20250130.htm,第２号議案,取締役４名選任の件,山地竜太,可決,99.18
43780,43780_20250130.htm,第２号議案,取締役４名選任の件,武井章敏,可決,99.18
43780,43780_20250130.htm,第３号議案,監査役３名選任の件,外石正行,可決,99.18
43780,43780_20250130.htm,第３号議案,監査役３名選任の件,深野竜矢,可決,99.19
43780,43780_20250130.htm,第３号議案,監査役３名選任の件,木山二郎,可決,97.14
70630,70630_20250106.htm,第１号議案,定款の一部変更の件。第４号議案及び第５号議案の第三者割当増資による事業拡大および将来の機動的な資本政策の遂行を可能とするため、発行可能株式総数を増加させる,,可決,98.41
70630,70630_20250106.htm,第２号議案,取締役（監査等委員である取締役を除く）１名選任の件,安陪信,可決,98.57
70630,70630_20250106.htm,第３号議案,監査等委員である取締役２名選任の件,青木健一郎,可決,98.6
70630,70630_20250106.htm,第３号議案,監査等委員である取締役２名選任の件,石原一樹,可決,98.62
70630,70630_20250106.htm,第４号議案,第三者割当による募集株式発行の件。株式会社東京証券取引所の定める有価証券上場規定第432条の規定に従い、第三者割当による募集株式の発行の必要性及び相当性について、株主の皆様の意見確認をさせていただく手続きとして、より広範な株主の意思を踏まえて発行を決定,,可決,98.46
70630,70630_20250106.htm,第５号議案,第三者割当による第８回新株予約権発行の件。株式会社東京証券取引所の定める有価証券上場規定第432条の規定に従い、第三者割当による第８回新株予約権発行の必要性及び相当性について、株主の皆様の意見確認をさせていただく手続きとして、より広範な株主の意思を踏まえて発行を決定,,可決,98.39
45830,45830_20250328.htm,第１号議案,定款一部変更の件,null,可決,87.74
45830,45830_20250328.htm,第２号議案,取締役（監査等委員である取締役を除く。）４名選任の件,小池　正道,可決,91.49
45830,45830_20250328.htm,第２号議案,取締役（監査等委員である取締役を除く。）４名選任の件,美女平　在彦,可決,91.51
45830,45830_20250328.htm,第２号議案,取締役（監査等委員である取締役を除く。）４名選任の件,田岡　照世,可決,91.5
45830,45830_20250328.htm,第２号議案,取締役（監査等委員である取締役を除く。）４名選任の件,河合　弘行,可決,91.0
45830,45830_20250328.htm,第３号議案,監査等委員である取締役３名選任の件,降矢　朗行,可決,91.15
45830,45830_20250328.htm,第３号議案,監査等委員である取締役３名選任の件,山川　善之,可決,91.2
45830,45830_20250328.htm,第３号議案,監査等委員である取締役３名選任の件,坂本　二朗,可決,91.36
45830,45830_20250328.htm,第４号議案,取締役（監査等委員である取締役を除く。）の報酬額設定の件,null,可決,88.38
45830,45830_20250328.htm,第５号議案,取締役（監査等委員である取締役及び社外取締役を除く。）に対する譲渡制限付株式の割当てのための報酬決定の件,null,可決,88.66
45830,45830_20250328.htm,第６号議案,監査等委員である取締役の報酬額設定の件,null,可決,88.69
45830,45830_20250328.htm,第７号議案,会計監査人選任の件,null,可決,91.5
61360,61360_20250225.htm,第１号議案,剰余金の処分の件,null,可決,97.31
61360,61360_20250225.htm,第２号議案,取締役（監査等委員である取締役を除く。）２名選任の件,石川　則男,可決,96.13
61360,61360_20250225.htm,第２号議案,取締役（監査等委員である取締役を除く。）２名選任の件,大沢　伸朗,可決,96.56
61360,61360_20250225.htm,第３号議案,役員賞与の支給の件,null,可決,96.96
70480,70480_20250327.htm,第１号議案,取締役（監査等委員である取締役を除く。）４名選任の件,二木渉,可決,84.87
70480,70480_20250327.htm,第１号議案,取締役（監査等委員である取締役を除く。）４名選任の件,倉上智晴,可決,88.68
70480,70480_20250327.htm,第１号議案,取締役（監査等委員である取締役を除く。）４名選任の件,皆嶋純平,可決,86.79
70480,70480_20250327.htm,第１号議案,取締役（監査等委員である取締役を除く。）４名選任の件,カスバート ロドニー,可決,88.72
70480,70480_20250327.htm,第２号議案,監査等委員である取締役３名選任の件,池田哲司,可決,97.54
70480,70480_20250327.htm,第２号議案,監査等委員である取締役３名選任の件,毛利正人,可決,97.54
70480,70480_20250327.htm,第２号議案,監査等委員である取締役３名選任の件,鈴木学,可決,85.04
70480,70480_20250327.htm,第３号議案,補欠の監査等委員である取締役２名選任の件,金井暁,可決,95.64
70480,70480_20250327.htm,第３号議案,補欠の監査等委員である取締役２名選任の件,田中行雄,可決,97.58
70480,70480_20250327.htm,第４号議案,取締役（監査等委員である取締役及び社外取締役を除く。）に対する業績連動型株式報酬に関する件,N/A,可決,93.61
45820,45820_20250326.htm,第１号議案,取締役（監査等委員である取締役を除く。）７名選任の件,吉田　文紀,可決,88.69
45820,45820_20250326.htm,第１号議案,取締役（監査等委員である取締役を除く。）７名選任の件,松本　茂外志,可決,89.03
45820,45820_20250326.htm,第１号議案,取締役（監査等委員である取締役を除く。）７名選任の件,ブルース・デビッド・チェソン,可決,88.95
45820,45820_20250326.htm,第１号議案,取締役（監査等委員である取締役を除く。）７名選任の件,海老沼　英次,可決,88.84
45820,45820_20250326.htm,第１号議案,取締役（監査等委員である取締役を除く。）７名選任の件,今別府　敏雄,可決,88.89
45820,45820_20250326.htm,第１号議案,取締役（監査等委員である取締役を除く。）７名選任の件,ジョージ・モースティン,可決,89.23
45820,45820_20250326.htm,第１号議案,取締役（監査等委員である取締役を除く。）７名選任の件,ラルフ・スモーリング,可決,88.91
45820,45820_20250326.htm,第２号議案,監査等委員である取締役１名選任の件,下村　恒一,可決,89.54
45820,45820_20250326.htm,第３号議案,補欠の監査等委員である取締役１名選任の件,渡辺　隆,可決,89.1
40130,40130_20250321.htm,第１号議案,剰余金処分の件,,可決,99.31
40130,40130_20250321.htm,第２号議案,定款一部変更の件（監査等委員会設置会社への移行）,,可決,99.67
40130,40130_20250321.htm,第３号議案,取締役（監査等委員である取締役を除く。）７名選任の件,加村　稔,可決,99.62
40130,40130_20250321.htm,第３号議案,取締役（監査等委員である取締役を除く。）７名選任の件,加村　光造,可決,99.64
40130,40130_20250321.htm,第３号議案,取締役（監査等委員である取締役を除く。）７名選任の件,平田　英之,可決,99.63
40130,40130_20250321.htm,第３号議案,取締役（監査等委員である取締役を除く。）７名選任の件,加村　建史,可決,99.63
40130,40130_20250321.htm,第３号議案,取締役（監査等委員である取締役を除く。）７名選任の件,木下　隆之,可決,99.63
40130,40130_20250321.htm,第３号議案,取締役（監査等委員である取締役を除く。）７名選任の件,前畑　岳史,可決,99.65
40130,40130_20250321.htm,第３号議案,取締役（監査等委員である取締役を除く。）７名選任の件,石田　淳子,可決,99.62
40130,40130_20250321.htm,第４号議案,監査等委員である取締役３名選任の件,藤岡　旭,可決,99.63
40130,40130_20250321.htm,第４号議案,監査等委員である取締役３名選任の件,加藤　厚,可決,99.65
40130,40130_20250321.htm,第４号議案,監査等委員である取締役３名選任の件,岡野　英生,可決,99.66
40130,40130_20250321.htm,第５号議案,補欠の監査等委員である取締役１名選任の件,小椋　邦彦,可決,99.64
40130,40130_20250321.htm,第６号議案,取締役（監査等委員である取締役を除く。）の報酬額設定の件,,可決,99.43
40130,40130_20250321.htm,第７号議案,監査等委員である取締役の報酬額設定の件,,可決,99.47
40130,40130_20250321.htm,第８号議案,取締役（監査等委員である取締役及び社外取締役を除く。）に対する株式報酬制度の改定の件,,可決,99.26
79650,79650_20250221.htm,第１号議案,"剰余金処分の件

　　　　　イ　株主に対する剰余金の配当に関する事項及びその総額

　　　　　　　　　　１株につき金23円　　総額1,508,765,109円

　　　　　ロ　効力発生日

　　　　　　　　　　2025年２月20日",,可決,98.87
79650,79650_20250221.htm,第２号議案,取締役（監査等委員である取締役を除く。）10名選任の件,市川典男,可決,98.65
79650,79650_20250221.htm,第２号議案,取締役（監査等委員である取締役を除く。）10名選任の件,松本龍範,可決,98.81
79650,79650_20250221.htm,第２号議案,取締役（監査等委員である取締役を除く。）10名選任の件,宮越芳彦,可決,98.81
79650,79650_20250221.htm,第２号議案,取締役（監査等委員である取締役を除く。）10名選任の件,真田修,可決,98.81
79650,79650_20250221.htm,第２号議案,取締役（監査等委員である取締役を除く。）10名選任の件,造田英治,可決,98.81
79650,79650_20250221.htm,第２号議案,取締役（監査等委員である取締役を除く。）10名選任の件,大上純,可決,98.81
79650,79650_20250221.htm,第２号議案,取締役（監査等委員である取締役を除く。）10名選任の件,山根博志,可決,98.81
79650,79650_20250221.htm,第２号議案,取締役（監査等委員である取締役を除く。）10名選任の件,伊住弘美,可決,98.84
79650,79650_20250221.htm,第２号議案,取締役（監査等委員である取締役を除く。）10名選任の件,戸田奨,可決,98.84
79650,79650_20250221.htm,第２号議案,取締役（監査等委員である取締役を除く。）10名選任の件,金井宏彰,可決,98.84
79650,79650_20250221.htm,第３号議案,監査等委員である取締役１名選任の件,西村智子,可決,98.85
52140,52140_20250401.htm,第１号議案,剰余金の配当の件,,可決,99.9
52140,52140_20250401.htm,第２号議案,取締役７名選任の件,松本元春,可決,91.8
52140,52140_20250401.htm,第２号議案,取締役７名選任の件,岸本暁,可決,95.9
52140,52140_20250401.htm,第２号議案,取締役７名選任の件,森井守,可決,95.5
52140,52140_20250401.htm,第２号議案,取締役７名選任の件,裏出令子,可決,95.4
52140,52140_20250401.htm,第２号議案,取締役７名選任の件,伊藤博之,可決,95.5
52140,52140_20250401.htm,第２号議案,取締役７名選任の件,伊藤好生,可決,95.4
52140,52140_20250401.htm,第２号議案,取締役７名選任の件,青砥なほみ,可決,99.7
52140,52140_20250401.htm,第３号議案,監査役１名選任の件,成田利治,可決,96.2
52140,52140_20250401.htm,第４号議案,補欠監査役１名選任の件,大石歌織,可決,99.8
52140,52140_20250401.htm,第５号議案,取締役賞与の支給の件,,可決,99.3
52140,52140_20250401.htm,第６号議案,取締役の賞与限度額設定の件,,可決,99.3
95430,95430_20250327.htm,第１号議案,剰余金の処分の件,,可決,95.62
95430,95430_20250327.htm,第２号議案,定款一部変更の件,,可決,95.62
95430,95430_20250327.htm,第３号議案,取締役７名選任の件,岸田 裕之,可決,91.51
95430,95430_20250327.htm,第３号議案,取締役７名選任の件,松本 尚武,可決,95.18
95430,95430_20250327.htm,第３号議案,取締役７名選任の件,杉山 武靖,可決,95.49
95430,95430_20250327.htm,第３号議案,取締役７名選任の件,中西 勝則,可決,94.9
95430,95430_20250327.htm,第３号議案,取締役７名選任の件,平野　肇,可決,93.92
95430,95430_20250327.htm,第３号議案,取締役７名選任の件,丸野　孝一,可決,95.22
95430,95430_20250327.htm,第３号議案,取締役７名選任の件,平川　理恵,可決,95.52
95430,95430_20250327.htm,第４号議案,監査役１名選任の件,小林 英文,可決,87.86
77760,77760_20250327.htm,第１号議案,資本金及び資本準備金の額の減少並びに剰余金の処分の件,,可決,88.9
77760,77760_20250327.htm,第２号議案,取締役（監査等委員である取締役を除く。）３名選任の件,橋本　せつ子,可決,83.44
77760,77760_20250327.htm,第２号議案,取締役（監査等委員である取締役を除く。）３名選任の件,前田　敏宏,可決,86.28
77760,77760_20250327.htm,第２号議案,取締役（監査等委員である取締役を除く。）３名選任の件,中岡　圭一郎,可決,86.47
77760,77760_20250327.htm,第３号議案,監査等委員である取締役３名選任の件,大江田　憲治,可決,89.3
77760,77760_20250327.htm,第３号議案,監査等委員である取締役３名選任の件,遠藤　幸子,可決,89.14
77760,77760_20250327.htm,第３号議案,監査等委員である取締役３名選任の件,間野　哲臣,可決,89.13
48800,48800_20250131.htm,第１号議案,取締役（監査等委員である取締役を除く。）４名選任の件,澤田貴司,可決,93.99
48800,48800_20250131.htm,第１号議案,取締役（監査等委員である取締役を除く。）４名選任の件,裙本理人,可決,98.46
48800,48800_20250131.htm,第１号議案,取締役（監査等委員である取締役を除く。）４名選任の件,山川雅之,可決,97.6
48800,48800_20250131.htm,第１号議案,取締役（監査等委員である取締役を除く。）４名選任の件,島田由香,可決,98.31
48800,48800_20250131.htm,第２号議案,監査等委員である取締役３名選任の件,雨宮猛,可決,97.74
48800,48800_20250131.htm,第２号議案,監査等委員である取締役３名選任の件,尾﨑恒康,可決,98.33
48800,48800_20250131.htm,第２号議案,監査等委員である取締役３名選任の件,藤沢久美,可決,98.29
48800,48800_20250131.htm,第３号議案,業務執行取締役（監査等委員である取締役及び社外取締役を除く。）に対する業績連動型譲渡制限付株式報酬の付与のための報酬決定の件,,可決,90.1
79970,79970_20250228.htm,第１号議案,剰余金処分の件,null,可決,98.7
79970,79970_20250228.htm,第２号議案,定款一部変更の件,null,可決,99.07
79970,79970_20250228.htm,第３号議案,取締役（監査等委員である取締役を除く。）２名選任の件,田中　成典,可決,97.28
79970,79970_20250228.htm,第３号議案,取締役（監査等委員である取締役を除く。）２名選任の件,森　吉武,可決,97.36
79970,79970_20250228.htm,第４号議案,監査等委員である取締役４名選任の件,大和　資郎,可決,97.44
79970,79970_20250228.htm,第４号議案,監査等委員である取締役４名選任の件,岩嵜　理致,可決,97.37
79970,79970_20250228.htm,第４号議案,監査等委員である取締役４名選任の件,太田　克実,可決,97.38
79970,79970_20250228.htm,第４号議案,監査等委員である取締役４名選任の件,中礒　亜由美,可決,97.45
79970,79970_20250228.htm,第５号議案,取締役（監査等委員である取締役を除く。）の報酬額設定の件,null,可決,97.09
79970,79970_20250228.htm,第６号議案,監査等委員である取締役の報酬額設定の件,null,可決,96.22
49670,49670_20250220.htm,第１号議案,会社法316条2項に定める当社の業務及び財産の状況を調査する者の選任の件,牛島信,否決,73.77
49670,49670_20250220.htm,第２号議案,取締役3名選任の件,中村芳生,否決,73.08
49670,49670_20250220.htm,第２号議案,取締役3名選任の件,Richard Dols Young,否決,74.3
49670,49670_20250220.htm,第２号議案,取締役3名選任の件,Tomoko Chubachi,否決,71.67
31030,31030_20250212.htm,第１号議案,定款一部変更の件（１）,,可決,95.08
31030,31030_20250212.htm,第２号議案,第三者割当によるC種種類株式発行の件,,可決,94.76
31030,31030_20250212.htm,第３号議案,定款一部変更の件（２）,,可決,94.95
31030,31030_20250212.htm,第４号議案,資本金の額、資本準備金の額の減少の件,,可決,95.0
31030,31030_20250212.htm,第５号議案,取締役７名選任の件,藤井　実,可決,94.27
31030,31030_20250212.htm,第５号議案,取締役７名選任の件,柏木　寿深,可決,93.82
31030,31030_20250212.htm,第５号議案,取締役７名選任の件,三須　修一,可決,93.93
31030,31030_20250212.htm,第５号議案,取締役７名選任の件,小林　瑛二,可決,93.81
31030,31030_20250212.htm,第５号議案,取締役７名選任の件,藤本　慎司,可決,93.79
31030,31030_20250212.htm,第５号議案,取締役７名選任の件,奥　大和,可決,93.44
31030,31030_20250212.htm,第５号議案,取締役７名選任の件,堀野　桂子,可決,93.87
31030,31030_20250212.htm,第６号議案,監査役１名選任の件,中野　信介,可決,94.88
31030,31030_20250212.htm,第１号議案,定款一部変更の件（１）,,可決,95.0
31030,31030_20250212.htm,第２号議案,定款一部変更の件（２）,,可決,94.89
33500,33500_20250326.htm,第１号議案,取締役９名選任の件。サイモン・ゲロヴィッチ、阿部　好見、ドリュー・エドワーズ、桑島　浩彰、マーク・ユスコ、タイラー・エヴァンス、ベンジャミン・ツァイ、衛藤　バタラ及びリチャード・キンケイドを取締役に選任する。,サイモン・ゲロヴィッチ,可決,77.25
33500,33500_20250326.htm,第１号議案,取締役９名選任の件。サイモン・ゲロヴィッチ、阿部　好見、ドリュー・エドワーズ、桑島　浩彰、マーク・ユスコ、タイラー・エヴァンス、ベンジャミン・ツァイ、衛藤　バタラ及びリチャード・キンケイドを取締役に選任する。,阿部　好見,可決,80.59
33500,33500_20250326.htm,第１号議案,取締役９名選任の件。サイモン・ゲロヴィッチ、阿部　好見、ドリュー・エドワーズ、桑島　浩彰、マーク・ユスコ、タイラー・エヴァンス、ベンジャミン・ツァイ、衛藤　バタラ及びリチャード・キンケイドを取締役に選任する。,ドリュー・エドワーズ,可決,80.6
33500,33500_20250326.htm,第１号議案,取締役９名選任の件。サイモン・ゲロヴィッチ、阿部　好見、ドリュー・エドワーズ、桑島　浩彰、マーク・ユスコ、タイラー・エヴァンス、ベンジャミン・ツァイ、衛藤　バタラ及びリチャード・キンケイドを取締役に選任する。,桑島　浩彰,可決,80.59
33500,33500_20250326.htm,第１号議案,取締役９名選任の件。サイモン・ゲロヴィッチ、阿部　好見、ドリュー・エドワーズ、桑島　浩彰、マーク・ユスコ、タイラー・エヴァンス、ベンジャミン・ツァイ、衛藤　バタラ及びリチャード・キンケイドを取締役に選任する。,マーク・ユスコ,可決,80.62
33500,33500_20250326.htm,第１号議案,取締役９名選任の件。サイモン・ゲロヴィッチ、阿部　好見、ドリュー・エドワーズ、桑島　浩彰、マーク・ユスコ、タイラー・エヴァンス、ベンジャミン・ツァイ、衛藤　バタラ及びリチャード・キンケイドを取締役に選任する。,タイラー・エヴァンス,可決,80.6
33500,33500_20250326.htm,第１号議案,取締役９名選任の件。サイモン・ゲロヴィッチ、阿部　好見、ドリュー・エドワーズ、桑島　浩彰、マーク・ユスコ、タイラー・エヴァンス、ベンジャミン・ツァイ、衛藤　バタラ及びリチャード・キンケイドを取締役に選任する。,ベンジャミン・ツァイ,可決,80.6
33500,33500_20250326.htm,第１号議案,取締役９名選任の件。サイモン・ゲロヴィッチ、阿部　好見、ドリュー・エドワーズ、桑島　浩彰、マーク・ユスコ、タイラー・エヴァンス、ベンジャミン・ツァイ、衛藤　バタラ及びリチャード・キンケイドを取締役に選任する。,衛藤　バタラ,可決,77.25
33500,33500_20250326.htm,第１号議案,取締役９名選任の件。サイモン・ゲロヴィッチ、阿部　好見、ドリュー・エドワーズ、桑島　浩彰、マーク・ユスコ、タイラー・エヴァンス、ベンジャミン・ツァイ、衛藤　バタラ及びリチャード・キンケイドを取締役に選任する。,リチャード・キンケイド,可決,80.6
33500,33500_20250326.htm,第２号議案,"定款一部変更の件。発行済株式総数の４倍となるように161,000,000株へ変更する。",なし,可決,76.96
268A0,268A0_20250402.htm,第１号議案,取締役７名選任の件,川上 潤,可決,98.01
268A0,268A0_20250402.htm,第１号議案,取締役７名選任の件,尾形 潔,可決,98.83
268A0,268A0_20250402.htm,第１号議案,取締役７名選任の件,富岡 隆臣,可決,88.02
268A0,268A0_20250402.htm,第１号議案,取締役７名選任の件,廣瀬 光雄,可決,82.93
268A0,268A0_20250402.htm,第１号議案,取締役７名選任の件,ANDREA KNOBLICH,可決,98.94
268A0,268A0_20250402.htm,第１号議案,取締役７名選任の件,田口 倫彰,可決,98.94
268A0,268A0_20250402.htm,第１号議案,取締役７名選任の件,江端 貴子,可決,84.8
268A0,268A0_20250402.htm,第2号議案,補欠監査役1名選任の件,宇野　総一郎,可決,98.96
268A0,268A0_20250402.htm,第3号議案,退任取締役に対し退職慰労金贈呈の件,渡邉 好章,可決,87.41
44410,44410_20250130.htm,取締役選任の件,明田　篤氏を選任する,明田　篤,可決,95.85
44410,44410_20250130.htm,取締役選任の件,松原　治雄氏を選任する,松原　治雄,可決,97.71
44410,44410_20250130.htm,取締役選任の件,金町　憲優氏を選任する,金町　憲優,可決,98.43
79570,79570_20250328.htm,第１号議案　取締役(監査等委員である取締役を除く。)５名選任の件,取締役(監査等委員である取締役を除く。)として、佐々木敏樹、上田正隆、赤城貫太郎、赤城耕太郎、金城宜秀の５名を選任する。,佐々木敏樹、上田正隆、赤城貫太郎、赤城耕太郎、金城宜秀,可決,98.15
79570,79570_20250328.htm,第１号議案　取締役(監査等委員である取締役を除く。)５名選任の件,取締役(監査等委員である取締役を除く。)として、佐々木敏樹、上田正隆、赤城貫太郎、赤城耕太郎、金城宜秀の５名を選任する。,上田正隆,可決,95.89
79570,79570_20250328.htm,第１号議案　取締役(監査等委員である取締役を除く。)５名選任の件,取締役(監査等委員である取締役を除く。)として、佐々木敏樹、上田正隆、赤城貫太郎、赤城耕太郎、金城宜秀の５名を選任する。,赤城貫太郎,可決,95.8
79570,79570_20250328.htm,第１号議案　取締役(監査等委員である取締役を除く。)５名選任の件,取締役(監査等委員である取締役を除く。)として、佐々木敏樹、上田正隆、赤城貫太郎、赤城耕太郎、金城宜秀の５名を選任する。,赤城耕太郎,可決,95.89
79570,79570_20250328.htm,第１号議案　取締役(監査等委員である取締役を除く。)５名選任の件,取締役(監査等委員である取締役を除く。)として、佐々木敏樹、上田正隆、赤城貫太郎、赤城耕太郎、金城宜秀の５名を選任する。,金城宜秀,可決,96.79
79570,79570_20250328.htm,第２号議案　補欠の監査等委員である取締役１名選任の件,補欠の監査等委員である取締役として、礒川剛志を選任する。,礒川剛志,可決,98.12
79570,79570_20250328.htm,第３号議案　退任取締役(監査等委員である取締役を除く。)に対し退職慰労金贈呈の件,本総会終結の時をもって取締役を退任する光本明、志波博幸に対し、その在任中の労に報いるため退職慰労金を当社所定の基準に従い相当額の範囲内でを贈呈することとし、その具体的金額、贈呈の時期、方法等は、取締役会に一任する。,光本明、志波博幸,可決,96.29
51050,51050_20250328.htm,第１号議案,剰余金処分の件,null,可決,99.7
51050,51050_20250328.htm,第２号議案,取締役８名選任の件,山田保裕,可決,96.36
51050,51050_20250328.htm,第２号議案,取締役８名選任の件,清水隆史,可決,96.9
51050,51050_20250328.htm,第２号議案,取締役８名選任の件,守屋学,可決,97.36
51050,51050_20250328.htm,第２号議案,取締役８名選任の件,蓮見清仁,可決,97.36
51050,51050_20250328.htm,第２号議案,取締役８名選任の件,森田研,可決,97.38
51050,51050_20250328.htm,第２号議案,取締役８名選任の件,武田厚,可決,97.39
51050,51050_20250328.htm,第２号議案,取締役８名選任の件,米田道生,可決,96.78
51050,51050_20250328.htm,第２号議案,取締役８名選任の件,荒木由季子,可決,97.18
51050,51050_20250328.htm,第３号議案,監査役１名選任の件,福田健次,可決,99.73
51050,51050_20250328.htm,第４号議案,取締役の報酬額改定の件,null,可決,99.48
51050,51050_20250328.htm,第５号議案,取締役（社外取締役を除く）に対する譲渡制限付株式の付与のための報酬額改定の件,null,可決,98.98
51050,51050_20250328.htm,第６号議案,監査役の報酬額改定の件,null,可決,99.47
34860,34860_20250402.htm,第１号議案,取締役（監査等委員である取締役を除く。）２名選任の件,金大仲,可決,98.4
34860,34860_20250402.htm,第１号議案,取締役（監査等委員である取締役を除く。）２名選任の件,笠原一郎,可決,98.35
34860,34860_20250402.htm,第２号議案,監査等委員である取締役１名選任の件,板倉麻貴,可決,98.39
46660,46660_20250204.htm,第１号議案,剰余金の処分の件,,可決,99.61
46660,46660_20250204.htm,第２号議案,取締役（監査等委員である取締役を除く）５名選任の件,西川　光一,可決,95.56
46660,46660_20250204.htm,第２号議案,取締役（監査等委員である取締役を除く）５名選任の件,川上　紀文,可決,98.89
46660,46660_20250204.htm,第２号議案,取締役（監査等委員である取締役を除く）５名選任の件,實貴　孝夫,可決,98.94
46660,46660_20250204.htm,第２号議案,取締役（監査等委員である取締役を除く）５名選任の件,大浦　善光,可決,97.62
46660,46660_20250204.htm,第２号議案,取締役（監査等委員である取締役を除く）５名選任の件,黒木　彰子,可決,99.32
46660,46660_20250204.htm,第３号議案,監査等委員である取締役１名選任の件,長坂　隆,可決,81.81
33220,33220_20250110.htm,第１号議案,"株式併合の件。当社の普通株式について、1,205,500株を１株に併合。2025年２月13日に効力発生。効力発生日における発行可能株式総数は12株。",,可決,99.91
33220,33220_20250110.htm,第２号議案,定款一部変更の件。本株式併合の効力が発生することを条件として、単元株式数の定めを廃止、発行可能株式総数を変更、株主総会資料の電子提供制度に係る規定を削除。2025年２月13日に効力発生。,,可決,99.91
64650,64650_20250328.htm,第１号議案,取締役（監査等委員である取締役を除く）８名選任の件,坂本　精志,可決,97.488
64650,64650_20250328.htm,第１号議案,取締役（監査等委員である取締役を除く）８名選任の件,小林　靖浩,可決,95.944
64650,64650_20250328.htm,第１号議案,取締役（監査等委員である取締役を除く）８名選任の件,友添　雅直,可決,98.986
64650,64650_20250328.htm,第１号議案,取締役（監査等委員である取締役を除く）８名選任の件,後藤　昌彦,可決,99.285
64650,64650_20250328.htm,第１号議案,取締役（監査等委員である取締役を除く）８名選任の件,家田　康嗣,可決,98.506
64650,64650_20250328.htm,第１号議案,取締役（監査等委員である取締役を除く）８名選任の件,西口　史郎,可決,98.502
64650,64650_20250328.htm,第１号議案,取締役（監査等委員である取締役を除く）８名選任の件,関　隆一郎,可決,95.595
64650,64650_20250328.htm,第１号議案,取締役（監査等委員である取締役を除く）８名選任の件,丹嶌　俊一,可決,98.226
64650,64650_20250328.htm,第２号議案,監査等委員である取締役１名選任の件,柘植　里恵,可決,99.27
41860,41860_20250401.htm,第1号議案,"剰余金処分の件
期末配当に関する事項
当社普通株式１株につき金34円",null,可決,99.81
41860,41860_20250401.htm,第２号議案,"取締役（監査等委員である取締役を除く。）６名選任の件
取締役（監査等委員である取締役を除く。）として、種市順昭、佐藤晴俊、土井宏介、山本浩貴、大森克実および安藤尚の各氏を選任する。",種市順昭,可決,95.63
41860,41860_20250401.htm,第２号議案,"取締役（監査等委員である取締役を除く。）６名選任の件
取締役（監査等委員である取締役を除く。）として、種市順昭、佐藤晴俊、土井宏介、山本浩貴、大森克実および安藤尚の各氏を選任する。",佐藤晴俊,可決,98.88
41860,41860_20250401.htm,第２号議案,"取締役（監査等委員である取締役を除く。）６名選任の件
取締役（監査等委員である取締役を除く。）として、種市順昭、佐藤晴俊、土井宏介、山本浩貴、大森克実および安藤尚の各氏を選任する。",土井宏介,可決,99.16
41860,41860_20250401.htm,第２号議案,"取締役（監査等委員である取締役を除く。）６名選任の件
取締役（監査等委員である取締役を除く。）として、種市順昭、佐藤晴俊、土井宏介、山本浩貴、大森克実および安藤尚の各氏を選任する。",山本浩貴,可決,99.17
41860,41860_20250401.htm,第２号議案,"取締役（監査等委員である取締役を除く。）６名選任の件
取締役（監査等委員である取締役を除く。）として、種市順昭、佐藤晴俊、土井宏介、山本浩貴、大森克実および安藤尚の各氏を選任する。",大森克実,可決,99.16
41860,41860_20250401.htm,第２号議案,"取締役（監査等委員である取締役を除く。）６名選任の件
取締役（監査等委員である取締役を除く。）として、種市順昭、佐藤晴俊、土井宏介、山本浩貴、大森克実および安藤尚の各氏を選任する。",安藤尚,可決,99.6
41860,41860_20250401.htm,第３号議案,"監査等委員である取締役４名選任の件
監査等委員である取締役として、鳴海裕介、一柳和夫、池田綾子および中島功の各氏を選任する。",鳴海裕介,可決,96.1
41860,41860_20250401.htm,第３号議案,"監査等委員である取締役４名選任の件
監査等委員である取締役として、鳴海裕介、一柳和夫、池田綾子および中島功の各氏を選任する。",一柳和夫,可決,99.66
41860,41860_20250401.htm,第３号議案,"監査等委員である取締役４名選任の件
監査等委員である取締役として、鳴海裕介、一柳和夫、池田綾子および中島功の各氏を選任する。",池田綾子,可決,99.69
41860,41860_20250401.htm,第３号議案,"監査等委員である取締役４名選任の件
監査等委員である取締役として、鳴海裕介、一柳和夫、池田綾子および中島功の各氏を選任する。",中島功,可決,99.78
48120,48120_20250328.htm,第１号議案,当期末の剰余金の配当は、１株につき金54円とする。,,可決,99.88
48120,48120_20250328.htm,第２号議案,監査等委員でない取締役に岩本　浩久、大金　慎一、髙岡　美緒、和田　知子、安江　令子、松本　千里の６氏を選任する。,岩本　浩久,可決,95.86
48120,48120_20250328.htm,第２号議案,監査等委員でない取締役に岩本　浩久、大金　慎一、髙岡　美緒、和田　知子、安江　令子、松本　千里の６氏を選任する。,大金　慎一,可決,98.87
48120,48120_20250328.htm,第２号議案,監査等委員でない取締役に岩本　浩久、大金　慎一、髙岡　美緒、和田　知子、安江　令子、松本　千里の６氏を選任する。,髙岡　美緒,可決,98.35
48120,48120_20250328.htm,第２号議案,監査等委員でない取締役に岩本　浩久、大金　慎一、髙岡　美緒、和田　知子、安江　令子、松本　千里の６氏を選任する。,和田　知子,可決,98.5
48120,48120_20250328.htm,第２号議案,監査等委員でない取締役に岩本　浩久、大金　慎一、髙岡　美緒、和田　知子、安江　令子、松本　千里の６氏を選任する。,安江　令子,可決,99.86
48120,48120_20250328.htm,第２号議案,監査等委員でない取締役に岩本　浩久、大金　慎一、髙岡　美緒、和田　知子、安江　令子、松本　千里の６氏を選任する。,松本　千里,可決,98.85
48120,48120_20250328.htm,第３号議案,監査等委員である取締役に関口　厚裕、村山　由香里、笹村　正彦の３氏を選任する。,関口　厚裕,可決,79.35
48120,48120_20250328.htm,第３号議案,監査等委員である取締役に関口　厚裕、村山　由香里、笹村　正彦の３氏を選任する。,村山　由香里,可決,98.58
48120,48120_20250328.htm,第３号議案,監査等委員である取締役に関口　厚裕、村山　由香里、笹村　正彦の３氏を選任する。,笹村　正彦,可決,95.43
48120,48120_20250328.htm,第４号議案,補欠の監査等委員である取締役に田中　耕一郎氏を選任する。,田中　耕一郎,可決,99.12
48120,48120_20250328.htm,第５号議案,監査等委員でない取締役（非業務執行取締役、社外取締役および国内非居住者を除く。）および執行役員（フェローを含み、受入出向者および国内非居住者を除く。）を対象とした業績連動型株式報酬の一部を改定する。,,可決,99.79
64640,64640_20250326.htm,第１号議案,"剰余金の処分の件。①当社普通株式１株につき金10円　総額398,649,890円。②2025年３月26日",,可決,94.89
64640,64640_20250326.htm,第２号議案,取締役７名選任の件,松山達,可決,90.55
64640,64640_20250326.htm,第２号議案,取締役７名選任の件,上田洋一,可決,93.39
64640,64640_20250326.htm,第２号議案,取締役７名選任の件,アンナ・ドルギーフ,可決,93.44
64640,64640_20250326.htm,第２号議案,取締役７名選任の件,淡輪敬三,可決,85.6
64640,64640_20250326.htm,第２号議案,取締役７名選任の件,山本昇,可決,85.96
64640,64640_20250326.htm,第２号議案,取締役７名選任の件,加藤忠智,可決,92.84
64640,64640_20250326.htm,第２号議案,取締役７名選任の件,加藤ゆう里,可決,93.4
60260,60260_20250319.htm,第１号議案,定款一部変更の件,,可決,99.83
60260,60260_20250319.htm,第２号議案,取締役（監査等委員であるものを除く）６名選任の件,鈴木　明人,可決,99.78
60260,60260_20250319.htm,第２号議案,取締役（監査等委員であるものを除く）６名選任の件,熊谷　正寿,可決,99.81
60260,60260_20250319.htm,第２号議案,取締役（監査等委員であるものを除く）６名選任の件,児林　秀一,可決,99.81
60260,60260_20250319.htm,第２号議案,取締役（監査等委員であるものを除く）６名選任の件,大澤　健人,可決,99.81
60260,60260_20250319.htm,第２号議案,取締役（監査等委員であるものを除く）６名選任の件,沖殿　潤,可決,99.81
60260,60260_20250319.htm,第２号議案,取締役（監査等委員であるものを除く）６名選任の件,安田　昌史,可決,99.81
60260,60260_20250319.htm,議案,定款一部変更の件,,可決,99.89
60260,60260_20250319.htm,議案,定款一部変更の件,,可決,100.0
31860,31860_20250221.htm,第１号議案,剰余金処分の件,,可決,99.35
31860,31860_20250221.htm,第２号議案,取締役４名選任の件,広田靖治,可決,73.99
31860,31860_20250221.htm,第２号議案,取締役４名選任の件,野村昌史,可決,98.17
31860,31860_20250221.htm,第２号議案,取締役４名選任の件,松井忠三,可決,98.24
31860,31860_20250221.htm,第２号議案,取締役４名選任の件,遠藤功,可決,98.25
31860,31860_20250221.htm,第３号議案,監査役３名選任の件,磯貝哲也,可決,99.34
31860,31860_20250221.htm,第３号議案,監査役３名選任の件,春馬学,可決,85.85
31860,31860_20250221.htm,第３号議案,監査役３名選任の件,村田育生,可決,85.76
30530,30530_20250401.htm,第１号議案,定款一部変更の件,null,可決,94.87
30530,30530_20250401.htm,第２号議案,取締役（監査等委員である取締役を除く。）５名選任の件,一瀬　健作,可決,83.7
30530,30530_20250401.htm,第２号議案,取締役（監査等委員である取締役を除く。）５名選任の件,猿山　博人,可決,86.34
30530,30530_20250401.htm,第２号議案,取締役（監査等委員である取締役を除く。）５名選任の件,佐野　雄太,可決,86.37
30530,30530_20250401.htm,第２号議案,取締役（監査等委員である取締役を除く。）５名選任の件,立川　康弘,可決,92.46
30530,30530_20250401.htm,第２号議案,取締役（監査等委員である取締役を除く。）５名選任の件,稲田　将人,可決,87.74
30530,30530_20250401.htm,第３号議案,監査等委員である取締役３名選任の件,太田　行信,可決,97.9
30530,30530_20250401.htm,第３号議案,監査等委員である取締役３名選任の件,横田　響子,可決,96.24
30530,30530_20250401.htm,第３号議案,監査等委員である取締役３名選任の件,三木　亮介,可決,97.59
30530,30530_20250401.htm,第４号議案,補欠の監査等委員である取締役１名選任の件,稲田　将人,可決,97.49
30530,30530_20250401.htm,第５号議案,取締役（監査等委員である取締役を除く。）の報酬等の額決定の件,null,可決,95.1
30530,30530_20250401.htm,第６号議案,監査等委員である取締役の報酬等の額決定の件,null,可決,96.43
49330,49330_20250331.htm,取締役３名選任の件,取締役（監査等委員である取締役を除く。）として、大西洋平、原義典、笹俣弘志の３名を選任するもの,大西洋平,可決,99.67
49330,49330_20250331.htm,取締役３名選任の件,取締役（監査等委員である取締役を除く。）として、大西洋平、原義典、笹俣弘志の３名を選任するもの,原　　義典,可決,99.71
49330,49330_20250331.htm,取締役３名選任の件,取締役（監査等委員である取締役を除く。）として、大西洋平、原義典、笹俣弘志の３名を選任するもの,笹俣　弘志,可決,99.71
29860,29860_20250331.htm,第１号議案,資本金の額の減少の件,,可決,94.99
29860,29860_20250331.htm,第２号議案,資本準備金の額の減少の件,,可決,94.94
29860,29860_20250331.htm,第３号議案,剰余金の処分の件,,可決,95.02
29860,29860_20250331.htm,第４号議案,定款一部変更の件,,可決,95.0
29860,29860_20250331.htm,第５号議案　取締役５名選任の件,取締役として、脇田栄一、自見信也、栗原一成、福田大助及び秋元二郎を選任する。,脇田　栄一,可決,92.01
29860,29860_20250331.htm,第５号議案　取締役５名選任の件,取締役として、脇田栄一、自見信也、栗原一成、福田大助及び秋元二郎を選任する。,自見　信也,可決,95.0
29860,29860_20250331.htm,第５号議案　取締役５名選任の件,取締役として、脇田栄一、自見信也、栗原一成、福田大助及び秋元二郎を選任する。,栗原　一成,可決,95.0
29860,29860_20250331.htm,第５号議案　取締役５名選任の件,取締役として、脇田栄一、自見信也、栗原一成、福田大助及び秋元二郎を選任する。,福田　大助,可決,94.77
29860,29860_20250331.htm,第５号議案　取締役５名選任の件,取締役として、脇田栄一、自見信也、栗原一成、福田大助及び秋元二郎を選任する。,秋元　二郎,可決,94.78
60310,60310_20250331.htm,取締役６名選任の件,取締役６名選任,山崎　徳之,可決,95.9
60310,60310_20250331.htm,取締役６名選任の件,取締役６名選任,吉井　伸一郎,可決,95.9
60310,60310_20250331.htm,取締役６名選任の件,取締役６名選任,森川　和之,可決,95.9
60310,60310_20250331.htm,取締役６名選任の件,取締役６名選任,伊藤　健吾,可決,95.9
60310,60310_20250331.htm,取締役６名選任の件,取締役６名選任,渡辺　英治,可決,94.5
60310,60310_20250331.htm,取締役６名選任の件,取締役６名選任,松園　詩織,可決,95.7
77820,77820_20250331.htm,第１号議案,"剰余金処分の件
期末配当に関する事項
当社普通株式１株につき金19円",null,可決,99.81
77820,77820_20250331.htm,第２号議案,取締役（監査等委員である取締役を除く。）２名選任の件,中村　研,可決,99.44
77820,77820_20250331.htm,第２号議案,取締役（監査等委員である取締役を除く。）２名選任の件,荒井　慎一,可決,99.65
45870,45870_20250328.htm,第１号議案,取締役（監査等委員である取締役を除く。）２名選任の件,リード・パトリック、金城聖文,可決,93.5
45870,45870_20250328.htm,第１号議案,取締役（監査等委員である取締役を除く。）２名選任の件,金城聖文,可決,96.74
45870,45870_20250328.htm,第２号議案,監査等委員である取締役４名選任の件,神谷紀一郎,可決,99.31
45870,45870_20250328.htm,第２号議案,監査等委員である取締役４名選任の件,花房幸範,可決,96.78
45870,45870_20250328.htm,第２号議案,監査等委員である取締役４名選任の件,宇都宮純子,可決,96.78
45870,45870_20250328.htm,第２号議案,監査等委員である取締役４名選任の件,西山潤子,可決,99.32
78060,78060_20250327.htm,第４号議案　会計監査人選任の件,当社の会計監査人であるPwC Japan有限責任監査法人は、本定時株主総会終結の時をもって任期満了により退任されますので、監査等委員会の決定に基づき、新たにｍｃ２１監査法人を会計監査人に選任することにつき、ご承認をお願いするものであります。,ｍｃ２１監査法人,可決,98.65
26950,26950_20250130.htm,第１号議案,取締役（監査等委員である取締役を除く。）８名選任の件,田中　邦彦,可決,80.6
26950,26950_20250130.htm,第１号議案,取締役（監査等委員である取締役を除く。）８名選任の件,田中　信,可決,92.9
26950,26950_20250130.htm,第１号議案,取締役（監査等委員である取締役を除く。）８名選任の件,尾越　健二,可決,94.6
26950,26950_20250130.htm,第１号議案,取締役（監査等委員である取締役を除く。）８名選任の件,田中　節子,可決,92.9
26950,26950_20250130.htm,第１号議案,取締役（監査等委員である取締役を除く。）８名選任の件,岡本　浩之,可決,92.9
26950,26950_20250130.htm,第１号議案,取締役（監査等委員である取締役を除く。）８名選任の件,藪内　薫,可決,94.6
26950,26950_20250130.htm,第１号議案,取締役（監査等委員である取締役を除く。）８名選任の件,勝見　哲平,可決,96.2
26950,26950_20250130.htm,第１号議案,取締役（監査等委員である取締役を除く。）８名選任の件,榎本　弘一,可決,94.6
26950,26950_20250130.htm,第２号議案,監査等委員である取締役３名選任の件,山本　保,可決,93.8
26950,26950_20250130.htm,第２号議案,監査等委員である取締役３名選任の件,大田口　宏,可決,82.4
26950,26950_20250130.htm,第２号議案,監査等委員である取締役３名選任の件,北川　洋士,可決,90.6
62910,62910_20250404.htm,第１号議案,"剰余金の処分の件
期末配当に関する事項
当社普通株式１株につき金50.0円",,可決,95.586
62910,62910_20250404.htm,第２号議案,取締役（監査等委員である取締役を除く。）６名選任の件,平沢真也,可決,94.773
62910,62910_20250404.htm,第２号議案,取締役（監査等委員である取締役を除く。）６名選任の件,渡辺直樹,可決,94.906
62910,62910_20250404.htm,第２号議案,取締役（監査等委員である取締役を除く。）６名選任の件,高木顕二,可決,94.912
62910,62910_20250404.htm,第２号議案,取締役（監査等委員である取締役を除く。）６名選任の件,東海林泰三,可決,94.751
62910,62910_20250404.htm,第２号議案,取締役（監査等委員である取締役を除く。）６名選任の件,北野雅之,可決,94.74
62910,62910_20250404.htm,第２号議案,取締役（監査等委員である取締役を除く。）６名選任の件,前川統一郎,可決,95.111
62910,62910_20250404.htm,第３号議案,補欠の監査等委員である取締役１名選任の件,岡部浩章,可決,78.866
98720,98720_20250220.htm,議案,剰余金の処分の件,,可決,99.4
23730,23730_20250130.htm,第１号議案,剰余金処分の件,,可決,99.22
23730,23730_20250130.htm,第２号議案,定款一部変更の件,,可決,99.17
23730,23730_20250130.htm,第３号議案,取締役４名選任の件,依田　平,可決,99.1
23730,23730_20250130.htm,第３号議案,取締役４名選任の件,山田　耕嗣,可決,99.12
23730,23730_20250130.htm,第３号議案,取締役４名選任の件,深貝　亨,可決,99.09
23730,23730_20250130.htm,第３号議案,取締役４名選任の件,手代木　啓,可決,99.12
23730,23730_20250130.htm,第４号議案,補欠監査役１名選任の件,小西　華子,可決,99.16
39680,39680_20250327.htm,第１号議案,"剰余金処分の件
期末配当に関する事項
当社普通株式１株につき金６円",,可決,92.42
39680,39680_20250327.htm,第２号議案,"定款一部変更の件
当社グループの事業活動の現状に即し、事業内容の明確化を図り、また、今後の事業展開、事業内容の多様化に対応するため、現行定款第２条（目的）につきまして、事業目的を追加するものであります。",,可決,92.39
39680,39680_20250327.htm,第３号議案,"取締役（監査等委員である取締役を除く）３名選任の件
取締役（監査等委員である取締役を除く）として、愛須康之、福田泰福、渡邉辰夫の３名を選任するものであります。",愛須　康之,可決,91.51
39680,39680_20250327.htm,第３号議案,"取締役（監査等委員である取締役を除く）３名選任の件
取締役（監査等委員である取締役を除く）として、愛須康之、福田泰福、渡邉辰夫の３名を選任するものであります。",福田　泰福,可決,91.54
39680,39680_20250327.htm,第３号議案,"取締役（監査等委員である取締役を除く）３名選任の件
取締役（監査等委員である取締役を除く）として、愛須康之、福田泰福、渡邉辰夫の３名を選任するものであります。",渡邉　辰夫,可決,91.48
39680,39680_20250327.htm,第４号議案,"監査等委員である取締役１名選任の件
監査等委員である取締役として、髙田隆太郎を選任するものであります。",髙田　隆太郎,可決,91.98
39680,39680_20250327.htm,第５号議案,"補欠の監査等委員である取締役１名選任の件
補欠の監査等委員である取締役として、須崎宏一を選任するものであります。",須崎　宏一,可決,91.61
93860,93860_20250328.htm,第１号議案,剰余金処分の件,null,可決,99.49
93860,93860_20250328.htm,第２号議案,取締役（監査等委員である取締役を除く。）９名選任の件,松元　孝義,可決,79.55
93860,93860_20250328.htm,第２号議案,取締役（監査等委員である取締役を除く。）９名選任の件,若園　三記生,可決,96.95
93860,93860_20250328.htm,第２号議案,取締役（監査等委員である取締役を除く。）９名選任の件,岩崎　祐世,可決,96.97
93860,93860_20250328.htm,第２号議案,取締役（監査等委員である取締役を除く。）９名選任の件,幸地　秀樹,可決,96.97
93860,93860_20250328.htm,第２号議案,取締役（監査等委員である取締役を除く。）９名選任の件,中村　友,可決,96.97
93860,93860_20250328.htm,第２号議案,取締役（監査等委員である取締役を除く。）９名選任の件,国松　明,可決,96.93
93860,93860_20250328.htm,第２号議案,取締役（監査等委員である取締役を除く。）９名選任の件,北原　義晴,可決,97.94
93860,93860_20250328.htm,第２号議案,取締役（監査等委員である取締役を除く。）９名選任の件,齊藤　秀和,可決,97.91
93860,93860_20250328.htm,第２号議案,取締役（監査等委員である取締役を除く。）９名選任の件,桜田　治,可決,88.11
73530,73530_20250326.htm,第１号議案,取締役４名選任の件,綾部貴淑,可決,85.55
73530,73530_20250326.htm,第１号議案,取締役４名選任の件,星野真幸,可決,99.82
73530,73530_20250326.htm,第１号議案,取締役４名選任の件,植野和宏,可決,99.81
73530,73530_20250326.htm,第１号議案,取締役４名選任の件,赤松平太,可決,99.81
73530,73530_20250326.htm,第２号議案,補欠監査役１名選任の件,中西麻理,可決,99.75
48960,48960_20250328.htm,第１号議案,資本金の額の減少並びに剰余金処分の件,null,可決,99.74
48960,48960_20250328.htm,第２号議案,取締役５名選任の件,福島弘明,可決,99.8
48960,48960_20250328.htm,第２号議案,取締役５名選任の件,松本真佐人,可決,99.79
48960,48960_20250328.htm,第２号議案,取締役５名選任の件,岡野栄之,可決,99.8
48960,48960_20250328.htm,第２号議案,取締役５名選任の件,中村雅也,可決,99.8
48960,48960_20250328.htm,第２号議案,取締役５名選任の件,山田美穂,可決,99.79
97220,97220_20250327.htm,第１号議案,剰余金の処分の件,,可決,98.7
97220,97220_20250327.htm,第２号議案,取締役８名の選任の件,山下信典、小宮泰、岡田哲、吉井出、浅井紀久子、山田政雄、西田計治、家長千恵子,可決,92.3
97220,97220_20250327.htm,第２号議案,取締役８名の選任の件,山下信典、小宮泰、岡田哲、吉井出、浅井紀久子、山田政雄、西田計治、家長千恵子,可決,94.3
97220,97220_20250327.htm,第２号議案,取締役８名の選任の件,山下信典、小宮泰、岡田哲、吉井出、浅井紀久子、山田政雄、西田計治、家長千恵子,可決,94.3
97220,97220_20250327.htm,第２号議案,取締役８名の選任の件,山下信典、小宮泰、岡田哲、吉井出、浅井紀久子、山田政雄、西田計治、家長千恵子,可決,94.3
97220,97220_20250327.htm,第２号議案,取締役８名の選任の件,山下信典、小宮泰、岡田哲、吉井出、浅井紀久子、山田政雄、西田計治、家長千恵子,可決,94.3
97220,97220_20250327.htm,第２号議案,取締役８名の選任の件,山下信典、小宮泰、岡田哲、吉井出、浅井紀久子、山田政雄、西田計治、家長千恵子,可決,80.9
97220,97220_20250327.htm,第２号議案,取締役８名の選任の件,山下信典、小宮泰、岡田哲、吉井出、浅井紀久子、山田政雄、西田計治、家長千恵子,可決,98.5
97220,97220_20250327.htm,第２号議案,取締役８名の選任の件,山下信典、小宮泰、岡田哲、吉井出、浅井紀久子、山田政雄、西田計治、家長千恵子,可決,98.5
97220,97220_20250327.htm,第３号議案,補欠監査役１名の選任の件,市村陽典,可決,98.6
97220,97220_20250327.htm,第４号議案,会計監査人の選任の件,三優監査法人,可決,98.6
96720,96720_20250327.htm,第１号議案,剰余金の処分の件,null,可決,97.74
96720,96720_20250327.htm,第２号議案,取締役９名選任の件 多羅尾光睦,多羅尾光睦,可決,86.3
96720,96720_20250327.htm,第２号議案,取締役９名選任の件 伊藤昌宏,伊藤昌宏,可決,97.64
96720,96720_20250327.htm,第２号議案,取締役９名選任の件 髙倉和仁,髙倉和仁,可決,97.65
96720,96720_20250327.htm,第２号議案,取締役９名選任の件 佐藤浩二,佐藤浩二,可決,97.55
96720,96720_20250327.htm,第２号議案,取締役９名選任の件 森﨑純成,森﨑純成,可決,97.59
96720,96720_20250327.htm,第２号議案,取締役９名選任の件 田中秀司,田中秀司,可決,88.91
96720,96720_20250327.htm,第２号議案,取締役９名選任の件 筧悦子,筧悦子,可決,97.64
96720,96720_20250327.htm,第２号議案,取締役９名選任の件 小山哲司,小山哲司,可決,97.57
96720,96720_20250327.htm,第２号議案,取締役９名選任の件 村田順子,村田順子,可決,97.63
96720,96720_20250327.htm,第３号議案,監査役１名選任の件,石島辰太郎,可決,87.6
78140,78140_20250328.htm,第１号議案,取締役（監査等委員であるものを除く）４名選任の件,藤田一郎,可決,99.87
78140,78140_20250328.htm,第１号議案,取締役（監査等委員であるものを除く）４名選任の件,鈴木隆一,可決,99.91
78140,78140_20250328.htm,第１号議案,取締役（監査等委員であるものを除く）４名選任の件,坂下　　毅,可決,99.86
78140,78140_20250328.htm,第１号議案,取締役（監査等委員であるものを除く）４名選任の件,井戸　　剛,可決,99.91
78140,78140_20250328.htm,第２号議案,監査等委員である取締役１名選任の件,菅波　希衣子,可決,99.9
40600,40600_20250326.htm,第１号議案　剰余金の処分の件,"①配当財産の種類:金銭 ②株主に対する配当財産の割当てに関する事項及び総額: 当社普通株式１株につき金６円、総額34,856,886円 ③剰余金の配当が効力を生じる日:2025年３月26日",null,可決,99.36
40600,40600_20250326.htm,第２号議案　取締役１名選任の件,清水　孝治を取締役に選任する,清水　孝治,可決,96.36
94490,94490_20250324.htm,第１号議案,定款一部変更の件,,可決,99.96
94490,94490_20250324.htm,第２号議案,取締役（監査等委員であるものを除く。）５名選任の件,熊谷正寿,可決,58.56
94490,94490_20250324.htm,第２号議案,取締役（監査等委員であるものを除く。）５名選任の件,安田昌史,可決,90.62
94490,94490_20250324.htm,第２号議案,取締役（監査等委員であるものを除く。）５名選任の件,西山裕之,可決,91.43
94490,94490_20250324.htm,第２号議案,取締役（監査等委員であるものを除く。）５名選任の件,相浦一成,可決,91.43
94490,94490_20250324.htm,第２号議案,取締役（監査等委員であるものを除く。）５名選任の件,伊藤正,可決,91.43
94490,94490_20250324.htm,第３号議案,監査等委員である取締役１名選任の件,松井秀行,可決,78.17
51010,51010_20250328.htm,第１号議案,剰余金処分の件,,可決,97.6
51010,51010_20250328.htm,第２号議案,取締役（監査等委員である取締役を除く。）９名選任の件,山石　昌孝,可決,89.5
51010,51010_20250328.htm,第２号議案,取締役（監査等委員である取締役を除く。）９名選任の件,清宮　眞二,可決,88.9
51010,51010_20250328.htm,第２号議案,取締役（監査等委員である取締役を除く。）９名選任の件,Nitin　Mantri,可決,98.0
51010,51010_20250328.htm,第２号議案,取締役（監査等委員である取締役を除く。）９名選任の件,宮本　知昭,可決,98.0
51010,51010_20250328.htm,第２号議案,取締役（監査等委員である取締役を除く。）９名選任の件,結城　正博,可決,98.0
51010,51010_20250328.htm,第２号議案,取締役（監査等委員である取締役を除く。）９名選任の件,清水　　恵,可決,98.1
51010,51010_20250328.htm,第２号議案,取締役（監査等委員である取締役を除く。）９名選任の件,古河　潤一,可決,94.6
51010,51010_20250328.htm,第２号議案,取締役（監査等委員である取締役を除く。）９名選任の件,高田　寿子,可決,99.6
51010,51010_20250328.htm,第２号議案,取締役（監査等委員である取締役を除く。）９名選任の件,佐々木伸彦,可決,96.4
51010,51010_20250328.htm,第３号議案,監査等委員である取締役３名選任の件,松尾　剛太,可決,90.8
51010,51010_20250328.htm,第３号議案,監査等委員である取締役３名選任の件,河野　宏和,可決,98.8
51010,51010_20250328.htm,第３号議案,監査等委員である取締役３名選任の件,木村　博紀,可決,81.7
51010,51010_20250328.htm,第４号議案,補欠の監査等委員である取締役１名選任の件,古河潤一,可決,87.7
67210,67210_20250331.htm,第１号議案,監査等委員ではない取締役４名選任の件,姜　　　輝,可決,99.42
67210,67210_20250331.htm,第１号議案,監査等委員ではない取締役４名選任の件,樋口　真康,可決,99.42
67210,67210_20250331.htm,第１号議案,監査等委員ではない取締役４名選任の件,彭　　　騫,可決,99.41
67210,67210_20250331.htm,第１号議案,監査等委員ではない取締役４名選任の件,袁　　樹風,可決,99.41
67210,67210_20250331.htm,第２号議案,監査等委員である取締役３名選任の件,木名瀬　昭一,可決,99.47
67210,67210_20250331.htm,第２号議案,監査等委員である取締役３名選任の件,伊達　雄介,可決,99.49
67210,67210_20250331.htm,第２号議案,監査等委員である取締役３名選任の件,大堀　　浩,可決,99.48
21930,21930_20250328.htm,第１号議案　取締役５名選任の件,取締役として、佐野陽光、犬飼茂利男、茂田井純一、Trang Diep Kieu Le、及び今井松兼の５名を選任する,佐野陽光、犬飼茂利男、茂田井純一、Trang Diep Kieu Le、今井松兼,可決,95.52
21930,21930_20250328.htm,第１号議案　取締役５名選任の件,取締役として、佐野陽光、犬飼茂利男、茂田井純一、Trang Diep Kieu Le、及び今井松兼の５名を選任する,佐野陽光、犬飼茂利男、茂田井純一、Trang Diep Kieu Le、今井松兼,可決,96.1
21930,21930_20250328.htm,第１号議案　取締役５名選任の件,取締役として、佐野陽光、犬飼茂利男、茂田井純一、Trang Diep Kieu Le、及び今井松兼の５名を選任する,佐野陽光、犬飼茂利男、茂田井純一、Trang Diep Kieu Le、今井松兼,可決,92.45
21930,21930_20250328.htm,第１号議案　取締役５名選任の件,取締役として、佐野陽光、犬飼茂利男、茂田井純一、Trang Diep Kieu Le、及び今井松兼の５名を選任する,佐野陽光、犬飼茂利男、茂田井純一、Trang Diep Kieu Le、今井松兼,可決,93.88
21930,21930_20250328.htm,第１号議案　取締役５名選任の件,取締役として、佐野陽光、犬飼茂利男、茂田井純一、Trang Diep Kieu Le、及び今井松兼の５名を選任する,佐野陽光、犬飼茂利男、茂田井純一、Trang Diep Kieu Le、今井松兼,可決,93.85
21930,21930_20250328.htm,第２号議案　ストック・オプションとして新株予約権を発行する件,会社法第236条、第238条及び第239条の規定に基づき、当社の執行役及び従業員、並びに当社子会社の取締役及び従業員を対象とするストック・オプションとして発行する新株予約権の募集事項の決定を取締役会に委任する。なお、取締役会は、会社法第416条第4項に基づき、代表執行役に本新株予約権の募集事項の決定を委任する,該当無,可決,97.65
21930,21930_20250328.htm,第３号議案　当社株式等の大規模買付行為等に関する対応策（買収への対応方針）の更新承認の件,2022年３月25日開催の当社第18回定時株主総会において承認され導入した「当社株式等の大規模買付行為等に関する対応策（買収防衛策）」について、本定時株主総会の終結の時をもって有効期間の満了となることから、2025年２月14日開催の取締役会において、引き続き、「当社株式等の大規模買付行為等に関する対応策（買収への対応方針）」として更新することを決議した。そのため、更新後の「当社株式等の大規模買付行為等に関する対応策（買収への対応方針）」につき、承認をお願いする,該当無,可決,86.03
72650,72650_20250129.htm,第１号議案,剰余金処分の件,null,可決,99.8
72650,72650_20250129.htm,第２号議案,監査役１名選任の件,渥美　博,可決,99.8
36800,36800_20250213.htm,連結子会社であるEffyis社に対するのれんの減損損失,連結子会社であるEffyis社に対するのれんについて、国際会計基準（IFRS）に基づく減損テストを実施し現在の事業環境を踏まえて将来の回収可能性を検討した結果、その公正価値が帳簿価額を下回ることとなったため、減損損失を計上,該当なし,可決,100.0
59420,59420_20250228.htm,第１号議案,"剰余金処分の件 ①配当財産の種類 金銭 ②配当財産の割当てに関する事項およびその総額 当社普通株式１株につき金15円、配当金総額299,697,240円 ③剰余金の配当が効力を生じる日 2025年２月27日",null,可決,98.69
59420,59420_20250228.htm,第２号議案,取締役（監査等委員である取締役を除く。）７名選任の件,名倉宏之,可決,96.58
59420,59420_20250228.htm,第２号議案,取締役（監査等委員である取締役を除く。）７名選任の件,齋藤芳治,可決,98.24
59420,59420_20250228.htm,第２号議案,取締役（監査等委員である取締役を除く。）７名選任の件,佐野明宣,可決,98.27
59420,59420_20250228.htm,第２号議案,取締役（監査等委員である取締役を除く。）７名選任の件,野村国大,可決,98.28
59420,59420_20250228.htm,第２号議案,取締役（監査等委員である取締役を除く。）７名選任の件,久慈健仁,可決,98.43
59420,59420_20250228.htm,第２号議案,取締役（監査等委員である取締役を除く。）７名選任の件,阿部稔,可決,98.31
59420,59420_20250228.htm,第２号議案,取締役（監査等委員である取締役を除く。）７名選任の件,伊能優子,可決,98.37
37500,37500_20250210.htm,取締役（監査等委員である取締役を除く。）３名選任の件,井上尚之を取締役に選任する,井上尚之,可決,99.56
37500,37500_20250210.htm,取締役（監査等委員である取締役を除く。）３名選任の件,Mohamed Abdelhakimを取締役に選任する,Mohamed Abdelhakim,可決,99.59
37500,37500_20250210.htm,取締役（監査等委員である取締役を除く。）３名選任の件,橋本征道を取締役に選任する,橋本征道,可決,99.62
76400,76400_20250117.htm,第１号議案,取締役７名選任の件,清水大輔、清水秀雄、吉田勝一、笹川菜央、中村　崇、平田竹男、渡部弘之,可決,97.62
76400,76400_20250117.htm,第１号議案,取締役７名選任の件,清水大輔、清水秀雄、吉田勝一、笹川菜央、中村　崇、平田竹男、渡部弘之,可決,98.08
76400,76400_20250117.htm,第１号議案,取締役７名選任の件,清水大輔、清水秀雄、吉田勝一、笹川菜央、中村　崇、平田竹男、渡部弘之,可決,98.6
76400,76400_20250117.htm,第１号議案,取締役７名選任の件,清水大輔、清水秀雄、吉田勝一、笹川菜央、中村　崇、平田竹男、渡部弘之,可決,98.71
76400,76400_20250117.htm,第１号議案,取締役７名選任の件,清水大輔、清水秀雄、吉田勝一、笹川菜央、中村　崇、平田竹男、渡部弘之,可決,98.85
76400,76400_20250117.htm,第１号議案,取締役７名選任の件,清水大輔、清水秀雄、吉田勝一、笹川菜央、中村　崇、平田竹男、渡部弘之,可決,99.04
76400,76400_20250117.htm,第１号議案,取締役７名選任の件,清水大輔、清水秀雄、吉田勝一、笹川菜央、中村　崇、平田竹男、渡部弘之,可決,98.14
76400,76400_20250117.htm,第２号議案,監査役２名選任の件,伊藤正義、西村　裕,可決,99.15
76400,76400_20250117.htm,第２号議案,監査役２名選任の件,伊藤正義、西村　裕,可決,99.24
76400,76400_20250117.htm,第３号議案,補欠監査役1名選任の件,徳本好彦,可決,99.18
46330,46330_20250331.htm,第１号議案,"剰余金処分の件。当社普通株式１株につき金45円の配当。配当総額2,237,995,080円。剰余金の配当が効力を生じる日：2025年３月28日",null,可決,95.96
46330,46330_20250331.htm,第２号議案,取締役８名選任の件,上野吉昭,可決,87.47
46330,46330_20250331.htm,第２号議案,取締役８名選任の件,福永俊彦,可決,92.81
46330,46330_20250331.htm,第２号議案,取締役８名選任の件,森田博,可決,92.81
46330,46330_20250331.htm,第２号議案,取締役８名選任の件,建入実,可決,92.81
46330,46330_20250331.htm,第２号議案,取締役８名選任の件,白藤貴幸,可決,92.79
46330,46330_20250331.htm,第２号議案,取締役８名選任の件,佐藤義雄,可決,91.98
46330,46330_20250331.htm,第２号議案,取締役８名選任の件,辻本由起子,可決,95.71
46330,46330_20250331.htm,第２号議案,取締役８名選任の件,大槻和子,可決,95.71
39970,39970_20250401.htm,第１号議案　剰余金の処分の件,"期末配当に関する事項 (1)当社普通株式１株につき金20円　総額68,906,600円 (2)効力発生日　2025年３月31日",,可決,90.92
39970,39970_20250401.htm,第２号議案　定款一部変更の件,当社事業内容の拡大及び多様化に対応するため、当社定款第2条に事業の目的事項を追加するものであります。,,可決,90.9
39970,39970_20250401.htm,第３号議案　取締役３名選任の件,浅見勝弘、徳島直哉、森田宗男を取締役に選任するものであります。,浅見　勝弘,可決,90.62
39970,39970_20250401.htm,第３号議案　取締役３名選任の件,浅見勝弘、徳島直哉、森田宗男を取締役に選任するものであります。,徳島　直哉,可決,90.53
39970,39970_20250401.htm,第３号議案　取締役３名選任の件,浅見勝弘、徳島直哉、森田宗男を取締役に選任するものであります。,森田　宗男,可決,90.42
39970,39970_20250401.htm,第４号議案　監査役３名選任の件,森田賢司、松島秀也、志賀こず江を監査役に選任するものであります。,森田　賢司,可決,90.42
39970,39970_20250401.htm,第４号議案　監査役３名選任の件,森田賢司、松島秀也、志賀こず江を監査役に選任するものであります。,松島　秀也,可決,90.41
39970,39970_20250401.htm,第４号議案　監査役３名選任の件,森田賢司、松島秀也、志賀こず江を監査役に選任するものであります。,志賀　こず江,可決,90.39
39970,39970_20250401.htm,第５号議案　補欠監査役１名選任の件,高橋雅之を補欠監査役に選任するものであります。,高橋　雅之,可決,90.49
39970,39970_20250401.htm,第６号議案　監査役の報酬額改定の件,"監査役の報酬額を年額4,000万円以内に改めるものであります。",,可決,90.09
44520,44520_20250324.htm,第1号議案,"剰余金処分の件。当社普通株式1株につき金76円。配当総額 35,401,615,632円。2025年3月24日に効力発生",,可決,93.94
44520,44520_20250324.htm,第2号議案,取締役9名選任の件,長谷部佳宏,可決,89.7
44520,44520_20250324.htm,第2号議案,取締役9名選任の件,根来昌一,可決,90.19
44520,44520_20250324.htm,第2号議案,取締役9名選任の件,西口徹,可決,91.22
44520,44520_20250324.htm,第2号議案,取締役9名選任の件,リサ・マッカラン,可決,90.87
44520,44520_20250324.htm,第2号議案,取締役9名選任の件,篠辺修,可決,91.84
44520,44520_20250324.htm,第2号議案,取締役9名選任の件,桜井恵理子,可決,91.9
44520,44520_20250324.htm,第2号議案,取締役9名選任の件,西井孝明,可決,91.94
44520,44520_20250324.htm,第2号議案,取締役9名選任の件,髙島誠,可決,87.27
44520,44520_20250324.htm,第2号議案,取締役9名選任の件,サラ・カサノバ,可決,93.53
44520,44520_20250324.htm,第3号議案,監査役2名選任の件,村田真実,可決,91.38
44520,44520_20250324.htm,第3号議案,監査役2名選任の件,内藤順也,可決,93.83
44520,44520_20250324.htm,第4号議案,社外取締役5名選任の件,Yannis Skoufalos,否決,27.34
44520,44520_20250324.htm,第4号議案,社外取締役5名選任の件,Martha Velando,否決,24.12
44520,44520_20250324.htm,第4号議案,社外取締役5名選任の件,Lanchi Venator,否決,17.93
44520,44520_20250324.htm,第4号議案,社外取締役5名選任の件,Hugh G. Dineen,否決,11.25
44520,44520_20250324.htm,第4号議案,社外取締役5名選任の件,Anja Lagodny,否決,23.52
44520,44520_20250324.htm,第5号議案,社外取締役に対する報酬額改訂の件,,否決,28.96
44520,44520_20250324.htm,第6号議案,社外取締役に対する事後交付型株式報酬付与の件,,否決,29.19
44520,44520_20250324.htm,第7号議案,社外取締役を除く取締役に対する株式報酬制度承認の件,,否決,24.22
14290,14290_20250328.htm,第１号議案,剰余金処分の件,,可決,99.89
14290,14290_20250328.htm,第２号議案,取締役（監査等委員である取締役を除く。）７名選任の件,中村　文隆,可決,99.69
14290,14290_20250328.htm,第２号議案,取締役（監査等委員である取締役を除く。）７名選任の件,村上　友香,可決,99.7
14290,14290_20250328.htm,第２号議案,取締役（監査等委員である取締役を除く。）７名選任の件,永田　和久,可決,99.71
14290,14290_20250328.htm,第２号議案,取締役（監査等委員である取締役を除く。）７名選任の件,藤井　豪二,可決,99.7
14290,14290_20250328.htm,第２号議案,取締役（監査等委員である取締役を除く。）７名選任の件,宇佐美　計史,可決,99.73
14290,14290_20250328.htm,第２号議案,取締役（監査等委員である取締役を除く。）７名選任の件,剱持　健,可決,99.7
14290,14290_20250328.htm,第２号議案,取締役（監査等委員である取締役を除く。）７名選任の件,小松　健次,可決,99.65
14290,14290_20250328.htm,第３号議案,監査等委員である取締役４名選任の件,内海　統之,可決,99.8
14290,14290_20250328.htm,第３号議案,監査等委員である取締役４名選任の件,&#26583;田　由貴,可決,99.82
14290,14290_20250328.htm,第３号議案,監査等委員である取締役４名選任の件,樋口　尚文,可決,99.81
14290,14290_20250328.htm,第３号議案,監査等委員である取締役４名選任の件,仁科　秀隆,可決,99.79
77900,77900_20250328.htm,第１号議案,当社および子会社の事業活動の現状に即し、事業内容の明確化を図るため、事業目的について変更を行うものであります。,,可決,100.0
77900,77900_20250328.htm,第２号議案,取締役として、山本敬、田子知、髙田真由子を、社外取締役として高橋克典を選任するものであります。,山本敬,可決,100.0
77900,77900_20250328.htm,第２号議案,取締役として、山本敬、田子知、髙田真由子を、社外取締役として高橋克典を選任するものであります。,田子知,可決,100.0
77900,77900_20250328.htm,第２号議案,取締役として、山本敬、田子知、髙田真由子を、社外取締役として高橋克典を選任するものであります。,髙田真由子,可決,100.0
77900,77900_20250328.htm,第２号議案,取締役として、山本敬、田子知、髙田真由子を、社外取締役として高橋克典を選任するものであります。,高橋克典,可決,100.0
77900,77900_20250328.htm,第３号議案,監査役として伊藤教史を、社外監査役として村中剛士を選任するものであります。,伊藤教史,可決,100.0
77900,77900_20250328.htm,第３号議案,監査役として伊藤教史を、社外監査役として村中剛士を選任するものであります。,村中剛士,可決,100.0
77900,77900_20250328.htm,第４号議案,会計監査人として監査法人ハイビスカスを選任するものであります。,,可決,100.0
43510,43510_20250331.htm,第１号議案,"剰余金処分の件
期末配当に関する事項
当社普通株式１株につき金10円00銭",,可決,93.14
43510,43510_20250331.htm,第２号議案,"定款一部変更の件
「再生系サービサー」の理念を反映した商号変更を行うため、当社定款を変更する",,可決,93.09
43510,43510_20250331.htm,第３号議案,取締役５名選任の件,山田　晃久,可決,92.62
43510,43510_20250331.htm,第３号議案,取締役５名選任の件,田中　光行,可決,92.65
43510,43510_20250331.htm,第３号議案,取締役５名選任の件,新川　洋司,可決,92.64
43510,43510_20250331.htm,第３号議案,取締役５名選任の件,権田　修一,可決,92.63
43510,43510_20250331.htm,第３号議案,取締役５名選任の件,小池　和正,可決,93.01
43510,43510_20250331.htm,第４号議案,補欠監査役１名選任の件,谷北　知巳,可決,93.02
43510,43510_20250331.htm,第５号議案,"取締役の報酬額決定の件
取締役５名の本年度の各報酬額の上限（総額は年額210百万円以内）を決定する",,可決,91.99
96470,96470_20250228.htm,"議案
剰余金処分の件","イ　株主に対する剰余金の配当に関する事項及びその総額
１株につき金30円　　総額17,542,710円
ロ　効力発生日
　2025年２月28日",,可決,92.53
33770,33770_20250227.htm,第１号議案,第27期剰余金処分の件,,可決,99.71
33770,33770_20250227.htm,第２号議案,取締役（監査等委員である取締役を除く。）４名選任の件,澤篤史,可決,98.42
33770,33770_20250227.htm,第２号議案,取締役（監査等委員である取締役を除く。）４名選任の件,加藤義博,可決,98.42
33770,33770_20250227.htm,第２号議案,取締役（監査等委員である取締役を除く。）４名選任の件,小宮謙一,可決,98.01
33770,33770_20250227.htm,第２号議案,取締役（監査等委員である取締役を除く。）４名選任の件,大谷真樹,可決,98.05
33770,33770_20250227.htm,第３号議案,監査等委員である取締役３名選任の件,上沢徹二,可決,98.12
33770,33770_20250227.htm,第３号議案,監査等委員である取締役３名選任の件,三上純昭,可決,98.1
33770,33770_20250227.htm,第３号議案,監査等委員である取締役３名選任の件,森順子,可決,99.23
33770,33770_20250227.htm,第４号議案,補欠の監査等委員である取締役１名選任の件,久保田征良,可決,99.28
73780,73780_20250129.htm,第１号議案,"監査等委員でない取締役１名選任の件
中山博登を監査等委員でない取締役に選任する",中山博登,可決,97.89
73780,73780_20250129.htm,第２号議案,"会計監査人選任の件
太陽有限責任監査法人を会計監査人に選任する",太陽有限責任監査法人,可決,97.63
262A0,262A0_20250328.htm,第１号議案,"剰余金の処分の件。１株につき金40円20銭、総額金1,230,120,000円。効力発生日2025年３月28日",null,可決,98.95
262A0,262A0_20250328.htm,第２号議案,取締役６名選任の件,上野博史,可決,84.25
262A0,262A0_20250328.htm,第２号議案,取締役６名選任の件,上野照博,可決,94.25
262A0,262A0_20250328.htm,第２号議案,取締役６名選任の件,香川雅哉,可決,98.17
262A0,262A0_20250328.htm,第２号議案,取締役６名選任の件,遠藤和宏,可決,98.17
262A0,262A0_20250328.htm,第２号議案,取締役６名選任の件,長谷川仁,可決,97.77
262A0,262A0_20250328.htm,第２号議案,取締役６名選任の件,御簾納美紀,可決,92.36
46420,46420_20250328.htm,剰余金処分の件,期末配当に関する事項 当社普通株式１株につき金32円,,可決,99.8
24710,24710_20250303.htm,第１号議案,"剰余金の処分の件
期末配当に関する事項
当社普通株式１株につき金10.0円　配当総額790,036,450円",,可決,99.54
24710,24710_20250303.htm,第２号議案,取締役６名選任の件,浦上壮平,可決,87.58
24710,24710_20250303.htm,第２号議案,取締役６名選任の件,佐藤英朗,可決,94.02
24710,24710_20250303.htm,第２号議案,取締役６名選任の件,荒井直,可決,94.61
24710,24710_20250303.htm,第２号議案,取締役６名選任の件,赤浦徹,可決,76.36
24710,24710_20250303.htm,第２号議案,取締役６名選任の件,宮沢奈央,可決,94.67
24710,24710_20250303.htm,第２号議案,取締役６名選任の件,仲井一彦,可決,94.61
37750,37750_20250331.htm,第１号議案,資本金及び資本準備金の額の減少並びに剰余金の処分,,可決,74.38
37750,37750_20250331.htm,第２号議案,取締役６名選任の件,上田祐司,可決,70.0
37750,37750_20250331.htm,第２号議案,取締役６名選任の件,野澤直人,可決,70.67
37750,37750_20250331.htm,第２号議案,取締役６名選任の件,藤田隆久,可決,70.69
37750,37750_20250331.htm,第２号議案,取締役６名選任の件,黒崎守峰,可決,70.7
37750,37750_20250331.htm,第２号議案,取締役６名選任の件,石川善樹,可決,70.7
37750,37750_20250331.htm,第２号議案,取締役６名選任の件,正能茉優,可決,70.73
25330,25330_20250324.htm,第１号議案,剰余金の処分の件,null,可決,95.44
25330,25330_20250324.htm,第２号議案,取締役５名選任の件,西永裕司,可決,93.89
25330,25330_20250324.htm,第２号議案,取締役５名選任の件,岡田英明,可決,95.3
25330,25330_20250324.htm,第２号議案,取締役５名選任の件,田中直子,可決,95.39
25330,25330_20250324.htm,第２号議案,取締役５名選任の件,尾崎行正,可決,95.3
25330,25330_20250324.htm,第２号議案,取締役５名選任の件,大鹿麗子,可決,95.32
25330,25330_20250324.htm,第３号議案,監査役１名選任の件,西廣陽子,可決,95.44
25330,25330_20250324.htm,第４号議案,補欠監査役１名選任の件,石川純夫,可決,95.16
42480,42480_20250326.htm,第１号議案,剰余金処分の件,null,可決,99.59
42480,42480_20250326.htm,第２号議案,取締役５名選任の件,竹本　笑子,可決,95.7
42480,42480_20250326.htm,第２号議案,取締役５名選任の件,深澤　隆弘,可決,99.42
42480,42480_20250326.htm,第２号議案,取締役５名選任の件,柳原　光浩,可決,99.49
42480,42480_20250326.htm,第２号議案,取締役５名選任の件,中川　正人,可決,99.5
42480,42480_20250326.htm,第２号議案,取締役５名選任の件,北内　和久,可決,98.56
66400,66400_20250217.htm,第１号議案　株式併合の件,"当社の普通株式1,831,275株を１株に併合",null,可決,99.47
66400,66400_20250217.htm,第２号議案　定款一部変更の件,定款第６条（発行可能株式総数）を変更、定款第８条（単元株式数）及び第9条（単元未満株式についての権利制限）の全文を削除、定款第15条（電子提供措置等）の全文を削除、定款第13条（定時株主総会の基準日）の全文を削除,null,可決,99.47
70800,70800_20250328.htm,第１号議案,剰余金の処分の件,,可決,99.79
70800,70800_20250328.htm,第２号議案,取締役６名選任の件,篠﨑　克志,可決,88.03
70800,70800_20250328.htm,第２号議案,取締役６名選任の件,伊地知　和義,可決,98.61
70800,70800_20250328.htm,第２号議案,取締役６名選任の件,加地　正,可決,98.62
70800,70800_20250328.htm,第２号議案,取締役６名選任の件,森本　翔太,可決,98.63
70800,70800_20250328.htm,第２号議案,取締役６名選任の件,小林　明彦,可決,98.62
70800,70800_20250328.htm,第２号議案,取締役６名選任の件,河村　直人,可決,98.63
68360,68360_20250331.htm,議案,資本金及び資本準備金の額の減少の件,,可決,99.71
45760,45760_20250326.htm,第１号議案,"定款一部変更の件
将来の事業拡大に備えた機動的な資本政策の遂行を可能にするため、現行定款第６条（発行可能株式総数）について、発行可能株式総数を現行の48,442,000株から166,000,000株に変更する",,可決,86.37
45760,45760_20250326.htm,第２号議案,"資本金および資本準備金の額の減少ならびに剰余金の処分の件
①　資本金および資本準備金の額の減少の内容
会社法第447条第１項および第448条第１項の規定に基づき、資本金および資本準備金の額を減少させ、その他資本剰余金に振り替える
（1）減少する資本金および資本準備金の額
資本金　　　1,203,277,316円のうち、1,173,277,316円
資本準備金　3,302,619,471円のうち、2,647,923,505円
（2）増加するその他資本剰余金の額
その他資本剰余金　　　　　　　　　 3,821,200,821円
②　剰余金の処分の内容
会社法第452条の規定に基づき、資本金および資本準備金の額の減少の効力発生を条件に、増加したその他資本剰余金3,821,200,821円を全額減少させ、繰越利益剰余金に振り替え、欠損填補に充当する
（1）減少する剰余金の項目およびその額
その他資本剰余金　　　　　　　　　 3,821,200,821円
（2）増加する剰余金の項目およびその額
繰越利益剰余金　　　　　　　　　　 3,821,200,821円
③　資本金および資本準備金の額の減少ならびに剰余金の処分が効力を生ずる日
2025年５月１日（予定）",,可決,87.98
45760,45760_20250326.htm,第３号議案,取締役（監査等委員である取締役を除く。）２名選任の件,日高　有一、松原　さや子,可決,92.64
45760,45760_20250326.htm,第３号議案,取締役（監査等委員である取締役を除く。）２名選任の件,日高　有一、松原　さや子,可決,92.66
45760,45760_20250326.htm,第４号議案,監査等委員である取締役４名選任の件,山田　富士雄、山川　善之、中村　栄作、中村　和史,可決,92.92
45760,45760_20250326.htm,第４号議案,監査等委員である取締役４名選任の件,山田　富士雄、山川　善之、中村　栄作、中村　和史,可決,92.87
45760,45760_20250326.htm,第４号議案,監査等委員である取締役４名選任の件,山田　富士雄、山川　善之、中村　栄作、中村　和史,可決,92.89
45760,45760_20250326.htm,第４号議案,監査等委員である取締役４名選任の件,山田　富士雄、山川　善之、中村　栄作、中村　和史,可決,92.87
80400,80400_20250401.htm,第１号議案,剰余金の処分の件,null,可決,76.5
80400,80400_20250401.htm,第２号議案,取締役(監査等委員である取締役を除く。）５名選任の件,小泉純一,可決,76.06
80400,80400_20250401.htm,第２号議案,取締役(監査等委員である取締役を除く。）５名選任の件,小林義和,可決,76.06
80400,80400_20250401.htm,第２号議案,取締役(監査等委員である取締役を除く。）５名選任の件,大島和俊,可決,76.05
80400,80400_20250401.htm,第２号議案,取締役(監査等委員である取締役を除く。）５名選任の件,齊藤兼文,可決,76.06
80400,80400_20250401.htm,第２号議案,取締役(監査等委員である取締役を除く。）５名選任の件,牧武彦,可決,76.06
80400,80400_20250401.htm,第３号議案,監査等委員である取締役４名選任の件,山田倫司,可決,76.07
80400,80400_20250401.htm,第３号議案,監査等委員である取締役４名選任の件,野村浩子,可決,76.1
80400,80400_20250401.htm,第３号議案,監査等委員である取締役４名選任の件,岡本雅弘,可決,76.09
80400,80400_20250401.htm,第３号議案,監査等委員である取締役４名選任の件,瀧村竜介,可決,76.09
80400,80400_20250401.htm,第４号議案,フリージア・マクロス株式会社及びその関係者による大規模買付行為等の対応策（買収防衛策）継続の件,null,可決,75.47
80400,80400_20250401.htm,第５号議案,フリージア・マクロス社が当社の買収防衛策に違反して、大規模買付行為等を行った場合において、当社の取締役会が、当社の独立委員会から対抗措置の発動の勧告を受けた場合、買収防衛策上の対抗措置の発動を行うことを承認する件,null,可決,75.47
80400,80400_20250401.htm,第６号議案,フリージア・マクロス社に買収防衛策の廃止に関する議案のための臨時株主総会を招集請求しないことを要請する件,null,可決,75.45
24920,24920_20250328.htm,第１号議案,剰余金の処分の件,null,可決,99.77
24920,24920_20250328.htm,第２号議案,定款一部変更の件,null,可決,99.78
24920,24920_20250328.htm,第３号議案,取締役９名選任の件,中島 健,可決,83.63
24920,24920_20250328.htm,第３号議案,取締役９名選任の件,藤田 尚武,可決,95.09
24920,24920_20250328.htm,第３号議案,取締役９名選任の件,長尾 收,可決,95.08
24920,24920_20250328.htm,第３号議案,取締役９名選任の件,村上 肇,可決,95.08
24920,24920_20250328.htm,第３号議案,取締役９名選任の件,木村 慎,可決,95.08
24920,24920_20250328.htm,第３号議案,取締役９名選任の件,加藤 一隆,可決,78.85
24920,24920_20250328.htm,第３号議案,取締役９名選任の件,岡橋 輝和,可決,79.16
24920,24920_20250328.htm,第３号議案,取締役９名選任の件,兼川 真紀,可決,95.26
24920,24920_20250328.htm,第３号議案,取締役９名選任の件,李 成一,可決,97.61
24920,24920_20250328.htm,第４号議案,監査役１名選任の件,瀧野 良夫,可決,99.7
30910,30910_20250326.htm,第１号議案,取締役（監査等委員である取締役を除く。）６名選任の件,竹市　克弘,可決,98.9
30910,30910_20250326.htm,第１号議案,取締役（監査等委員である取締役を除く。）６名選任の件,阪口　信貴,可決,99.0
30910,30910_20250326.htm,第１号議案,取締役（監査等委員である取締役を除く。）６名選任の件,出口　有二,可決,99.0
30910,30910_20250326.htm,第１号議案,取締役（監査等委員である取締役を除く。）６名選任の件,宮本　卓,可決,99.0
30910,30910_20250326.htm,第１号議案,取締役（監査等委員である取締役を除く。）６名選任の件,林　俊輔,可決,99.0
30910,30910_20250326.htm,第１号議案,取締役（監査等委員である取締役を除く。）６名選任の件,野村　美紀,可決,98.9
30910,30910_20250326.htm,第２号議案,補欠の監査等委員である取締役２名選任の件,林　俊輔,可決,95.4
30910,30910_20250326.htm,第２号議案,補欠の監査等委員である取締役２名選任の件,野村　美紀,可決,95.3
30910,30910_20250326.htm,第３号議案,会計監査人選任の件,太陽有限責任監査法人,可決,98.0
40160,40160_20250304.htm,第１号議案,"剰余金処分の件。当社普通株式１株につき金19円　総額37,744,450円。効力発生日2025年２月28日",,可決,99.33
40160,40160_20250304.htm,第２号議案,取締役１名選任の件,菅千恵,可決,99.31
98370,98370_20250305.htm,第１号議案,剰余金の配当の件,,可決,95.27
98370,98370_20250305.htm,第２号議案,取締役５名選任の件,一坪　隆紀,可決,92.77
98370,98370_20250305.htm,第２号議案,取締役５名選任の件,矢野　文基,可決,95.16
98370,98370_20250305.htm,第２号議案,取締役５名選任の件,阿久井　聖美,可決,95.15
98370,98370_20250305.htm,第２号議案,取締役５名選任の件,石原　真弓,可決,95.08
98370,98370_20250305.htm,第２号議案,取締役５名選任の件,松澤　元雄,可決,95.1
37760,37760_20250321.htm,第１号議案,取締役（監査等委員である取締役を除く。）10名選任の件,藤原　洋,可決,85.02
37760,37760_20250321.htm,第１号議案,取締役（監査等委員である取締役を除く。）10名選任の件,中川　美恵子,可決,91.87
37760,37760_20250321.htm,第１号議案,取締役（監査等委員である取締役を除く。）10名選任の件,及川　茂,可決,91.78
37760,37760_20250321.htm,第１号議案,取締役（監査等委員である取締役を除く。）10名選任の件,李　秀元,可決,91.96
37760,37760_20250321.htm,第１号議案,取締役（監査等委員である取締役を除く。）10名選任の件,樋山　洋介,可決,91.97
37760,37760_20250321.htm,第１号議案,取締役（監査等委員である取締役を除く。）10名選任の件,樺澤　宏紀,可決,91.93
37760,37760_20250321.htm,第１号議案,取締役（監査等委員である取締役を除く。）10名選任の件,村井　純,可決,87.1
37760,37760_20250321.htm,第１号議案,取締役（監査等委員である取締役を除く。）10名選任の件,西本　逸郎,可決,92.23
37760,37760_20250321.htm,第１号議案,取締役（監査等委員である取締役を除く。）10名選任の件,村口　和孝,可決,92.22
37760,37760_20250321.htm,第１号議案,取締役（監査等委員である取締役を除く。）10名選任の件,今井　英次郎,可決,92.46
37760,37760_20250321.htm,第２号議案,監査等委員である取締役３名選任の件,井上　隆司,可決,93.14
37760,37760_20250321.htm,第２号議案,監査等委員である取締役３名選任の件,濱田　邦夫,可決,92.25
37760,37760_20250321.htm,第２号議案,監査等委員である取締役３名選任の件,大賀　公子,可決,87.89
88040,88040_20250328.htm,第１号議案,剰余金の処分の件,,可決,99.8
88040,88040_20250328.htm,第２号議案,定款一部変更の件,,可決,99.8
88040,88040_20250328.htm,第３号議案,取締役12名選任の件,種橋牧夫,可決,93.8
88040,88040_20250328.htm,第３号議案,取締役12名選任の件,野村均,可決,92.8
88040,88040_20250328.htm,第３号議案,取締役12名選任の件,小澤克人,可決,93.5
88040,88040_20250328.htm,第３号議案,取締役12名選任の件,和泉晃,可決,94.1
88040,88040_20250328.htm,第３号議案,取締役12名選任の件,秋田秀士,可決,94.1
88040,88040_20250328.htm,第３号議案,取締役12名選任の件,神保健,可決,94.1
88040,88040_20250328.htm,第３号議案,取締役12名選任の件,古林慎二郎,可決,94.1
88040,88040_20250328.htm,第３号議案,取締役12名選任の件,服部秀一,可決,98.5
88040,88040_20250328.htm,第３号議案,取締役12名選任の件,恩地祥光,可決,98.9
88040,88040_20250328.htm,第３号議案,取締役12名選任の件,木下由美子,可決,99.6
88040,88040_20250328.htm,第３号議案,取締役12名選任の件,西澤順一,可決,91.1
88040,88040_20250328.htm,第３号議案,取締役12名選任の件,田内直子,可決,99.8
74250,74250_20250328.htm,第１号議案,"剰余金処分の件
期末配当に関する事項
当社普通株式１株につき68円",null,可決,92.9
74250,74250_20250328.htm,第２号議案,取締役（監査等委員であるものを除く。）６名選任の件,斎藤　　悟,可決,93.7
74250,74250_20250328.htm,第２号議案,取締役（監査等委員であるものを除く。）６名選任の件,志岐　義幸,可決,93.7
74250,74250_20250328.htm,第２号議案,取締役（監査等委員であるものを除く。）６名選任の件,月東　達也,可決,93.7
74250,74250_20250328.htm,第２号議案,取締役（監査等委員であるものを除く。）６名選任の件,渋川　信幸,可決,93.7
74250,74250_20250328.htm,第２号議案,取締役（監査等委員であるものを除く。）６名選任の件,成田　哲人,可決,93.7
74250,74250_20250328.htm,第２号議案,取締役（監査等委員であるものを除く。）６名選任の件,磯部　隆英,可決,93.7
45860,45860_20250331.htm,第１号議案,資本金及び資本準備金の額の減少並びに剰余金の処分の件,,可決,95.3
45860,45860_20250331.htm,第２号議案,取締役（監査等委員である取締役を除く）５名選任の件,松村眞良,可決,91.6
45860,45860_20250331.htm,第２号議案,取締役（監査等委員である取締役を除く）５名選任の件,松村米浩,可決,91.4
45860,45860_20250331.htm,第２号議案,取締役（監査等委員である取締役を除く）５名選任の件,秋友比呂志,可決,93.9
45860,45860_20250331.htm,第２号議案,取締役（監査等委員である取締役を除く）５名選任の件,濱本英利,可決,94.0
45860,45860_20250331.htm,第２号議案,取締役（監査等委員である取締役を除く）５名選任の件,藤岡健,可決,94.0
92110,92110_20250401.htm,取締役（監査等委員である取締役を除く。）４名選任の件,取締役（監査等委員である取締役を除く。）として、工藤勉、荒井裕希、平井隆仁、衣笠槙吾の４名の選任をお願いする,工藤勉,可決,99.7
92110,92110_20250401.htm,取締役（監査等委員である取締役を除く。）４名選任の件,取締役（監査等委員である取締役を除く。）として、工藤勉、荒井裕希、平井隆仁、衣笠槙吾の４名の選任をお願いする,荒井裕希,可決,99.7
92110,92110_20250401.htm,取締役（監査等委員である取締役を除く。）４名選任の件,取締役（監査等委員である取締役を除く。）として、工藤勉、荒井裕希、平井隆仁、衣笠槙吾の４名の選任をお願いする,平井隆仁,可決,99.7
92110,92110_20250401.htm,取締役（監査等委員である取締役を除く。）４名選任の件,取締役（監査等委員である取締役を除く。）として、工藤勉、荒井裕希、平井隆仁、衣笠槙吾の４名の選任をお願いする,衣笠槙吾,可決,99.7
64920,64920_20250305.htm,第１号議案,剰余金の処分の件,,可決,79.2
64920,64920_20250305.htm,第２号議案,定款一部変更の件,,可決,99.7
64920,64920_20250305.htm,第３号議案,取締役（監査等委員である取締役を除く。）6名選任の件,岡野　武治,可決,98.3
64920,64920_20250305.htm,第３号議案,取締役（監査等委員である取締役を除く。）6名選任の件,木村　浩一,可決,99.5
64920,64920_20250305.htm,第３号議案,取締役（監査等委員である取締役を除く。）6名選任の件,丹野　信康,可決,99.4
64920,64920_20250305.htm,第３号議案,取締役（監査等委員である取締役を除く。）6名選任の件,石田　仁,可決,99.5
64920,64920_20250305.htm,第３号議案,取締役（監査等委員である取締役を除く。）6名選任の件,菊池　勇太,可決,99.4
64920,64920_20250305.htm,第３号議案,取締役（監査等委員である取締役を除く。）6名選任の件,常盤木　龍治,可決,99.3
64920,64920_20250305.htm,第４号議案,配当金の増額および配当性向引き上げに関する提案,,否決,81.2
30660,30660_20250321.htm,資本金の額の減少の件,"資本金の額1,453,986,802円のうち、1,423,986,802円を減少して、その減少額全額をその他資本剰余金に振り替え、減少後の資本金の額を30,000,000円とする",該当なし,可決,86.05
33190,33190_20250327.htm,第１号議案　取締役６名選任の件,取締役として、石坂信也、吉川雄大、岩澤俊典、木村玄一、水戸重之、高橋真木子を選任する,石坂信也,可決,94.03
33190,33190_20250327.htm,第１号議案　取締役６名選任の件,取締役として、石坂信也、吉川雄大、岩澤俊典、木村玄一、水戸重之、高橋真木子を選任する,吉川雄大,可決,94.3
33190,33190_20250327.htm,第１号議案　取締役６名選任の件,取締役として、石坂信也、吉川雄大、岩澤俊典、木村玄一、水戸重之、高橋真木子を選任する,岩澤俊典,可決,93.97
33190,33190_20250327.htm,第１号議案　取締役６名選任の件,取締役として、石坂信也、吉川雄大、岩澤俊典、木村玄一、水戸重之、高橋真木子を選任する,木村玄一,可決,90.33
33190,33190_20250327.htm,第１号議案　取締役６名選任の件,取締役として、石坂信也、吉川雄大、岩澤俊典、木村玄一、水戸重之、高橋真木子を選任する,水戸重之,可決,95.84
33190,33190_20250327.htm,第１号議案　取締役６名選任の件,取締役として、石坂信也、吉川雄大、岩澤俊典、木村玄一、水戸重之、高橋真木子を選任する,高橋真木子,可決,95.81
33190,33190_20250327.htm,第２号議案　監査役１名選任の件,監査役として、上住敬一を選任する,上住敬一,可決,89.23
70390,70390_20250328.htm,第１号議案,剰余金処分の件,null,可決,99.52
70390,70390_20250328.htm,第２号議案,定款一部変更の件,null,可決,99.74
70390,70390_20250328.htm,第３号議案,取締役６名選任の件,吉田融正,可決,94.58
70390,70390_20250328.htm,第３号議案,取締役６名選任の件,八木敏英,可決,99.3
70390,70390_20250328.htm,第３号議案,取締役６名選任の件,塩澤正枝,可決,99.3
70390,70390_20250328.htm,第３号議案,取締役６名選任の件,髙橋慎介,可決,99.3
70390,70390_20250328.htm,第３号議案,取締役６名選任の件,岡村典,可決,99.29
70390,70390_20250328.htm,第３号議案,取締役６名選任の件,郡のぶ,可決,98.78
70390,70390_20250328.htm,第４号議案,監査役１名選任の件,髙橋知洋,可決,97.99
36630,36630_20250401.htm,第１号議案,"剰余金処分の件、１株につき金　12円　　総額　370,629,588円、効力発生日2025年３月31日",null,可決,99.0
36630,36630_20250401.htm,第２号議案,取締役（監査等委員である取締役を除く。）８名選任の件,成島啓氏,可決,82.6
36630,36630_20250401.htm,第２号議案,取締役（監査等委員である取締役を除く。）８名選任の件,川上陽介氏,可決,90.0
36630,36630_20250401.htm,第２号議案,取締役（監査等委員である取締役を除く。）８名選任の件,稲葉遼氏,可決,93.0
36630,36630_20250401.htm,第２号議案,取締役（監査等委員である取締役を除く。）８名選任の件,髙橋雅道氏,可決,92.9
36630,36630_20250401.htm,第２号議案,取締役（監査等委員である取締役を除く。）８名選任の件,伊藤賢氏,可決,93.2
36630,36630_20250401.htm,第２号議案,取締役（監査等委員である取締役を除く。）８名選任の件,池田真樹氏,可決,93.4
36630,36630_20250401.htm,第２号議案,取締役（監査等委員である取締役を除く。）８名選任の件,木下耕太氏,可決,93.3
36630,36630_20250401.htm,第２号議案,取締役（監査等委員である取締役を除く。）８名選任の件,髙橋将峰氏,可決,78.2
36630,36630_20250401.htm,第３号議案,監査等委員である取締役３名選任の件,野﨑愼也氏,可決,92.8
36630,36630_20250401.htm,第３号議案,監査等委員である取締役３名選任の件,鈴木伸佳氏,可決,93.4
36630,36630_20250401.htm,第３号議案,監査等委員である取締役３名選任の件,宮原孝行氏,可決,93.4
36630,36630_20250401.htm,第４号議案,退任監査等委員である取締役に対する退職慰労金贈呈の件,null,可決,69.3
80600,80600_20250328.htm,第１号議案,剰余金の配当の件,,可決,99.74
80600,80600_20250328.htm,第２号議案,取締役８名選任の件,足立　正親,可決,82.05
80600,80600_20250328.htm,第２号議案,取締役８名選任の件,溝口　稔,可決,94.53
80600,80600_20250328.htm,第２号議案,取締役８名選任の件,蛭川　初巳,可決,94.53
80600,80600_20250328.htm,第２号議案,取締役８名選任の件,大里　剛,可決,94.21
80600,80600_20250328.htm,第２号議案,取締役８名選任の件,大澤　善雄,可決,94.6
80600,80600_20250328.htm,第２号議案,取締役８名選任の件,長谷部　敏治,可決,94.62
80600,80600_20250328.htm,第２号議案,取締役８名選任の件,河本　宏子,可決,94.88
80600,80600_20250328.htm,第２号議案,取締役８名選任の件,宮原　さつき,可決,97.96
80600,80600_20250328.htm,第３号議案,取締役賞与支給の件,,可決,98.1
45650,45650_20250326.htm,第１号議案,資本準備金の額の減少及び剰余金の処分の件,null,可決,97.56
45650,45650_20250326.htm,第２号議案,定款一部変更の件,null,可決,80.92
45650,45650_20250326.htm,第３号議案,取締役８名選任の件,クリストファー・カーギル,可決,65.41
45650,45650_20250326.htm,第３号議案,取締役８名選任の件,デビッド・ロブリン,可決,75.96
45650,45650_20250326.htm,第３号議案,取締役８名選任の件,永井　智亮,可決,83.09
45650,45650_20250326.htm,第３号議案,取締役８名選任の件,ロルフ・ソダストロム,可決,86.1
45650,45650_20250326.htm,第３号議案,取締役８名選任の件,関　美和,可決,83.19
45650,45650_20250326.htm,第３号議案,取締役８名選任の件,富田　英子,可決,91.17
45650,45650_20250326.htm,第３号議案,取締役８名選任の件,志村　直子,可決,85.35
45650,45650_20250326.htm,第３号議案,取締役８名選任の件,ニコラ・ラブソン,可決,92.16
65400,65400_20250327.htm,第１号議案,取締役（監査等委員である取締役を除く）４名選任の件,小田切潤、栗山浩一、栗山茂、秋山弘明,可決,99.82
65400,65400_20250327.htm,第２号議案,監査等委員である取締役２名選任の件,甲斐太、清水一身,可決,99.85
29820,29820_20250327.htm,第１号議案,取締役（監査等委員である取締役を除く。）７名選任の件,田中秀夫、鈴木俊也、金子幸司、後藤英夫、山下晴康、室谷泰蔵、関山護,可決,97.31
29820,29820_20250327.htm,第１号議案,取締役（監査等委員である取締役を除く。）７名選任の件,田中秀夫、鈴木俊也、金子幸司、後藤英夫、山下晴康、室谷泰蔵、関山護,可決,97.6
29820,29820_20250327.htm,第１号議案,取締役（監査等委員である取締役を除く。）７名選任の件,田中秀夫、鈴木俊也、金子幸司、後藤英夫、山下晴康、室谷泰蔵、関山護,可決,97.64
29820,29820_20250327.htm,第１号議案,取締役（監査等委員である取締役を除く。）７名選任の件,田中秀夫、鈴木俊也、金子幸司、後藤英夫、山下晴康、室谷泰蔵、関山護,可決,97.57
29820,29820_20250327.htm,第１号議案,取締役（監査等委員である取締役を除く。）７名選任の件,田中秀夫、鈴木俊也、金子幸司、後藤英夫、山下晴康、室谷泰蔵、関山護,可決,97.66
29820,29820_20250327.htm,第１号議案,取締役（監査等委員である取締役を除く。）７名選任の件,田中秀夫、鈴木俊也、金子幸司、後藤英夫、山下晴康、室谷泰蔵、関山護,可決,97.7
29820,29820_20250327.htm,第１号議案,取締役（監査等委員である取締役を除く。）７名選任の件,田中秀夫、鈴木俊也、金子幸司、後藤英夫、山下晴康、室谷泰蔵、関山護,可決,97.24
29820,29820_20250327.htm,第２号議案,取締役（監査等委員である取締役、社外取締役及び国外居住者を除く。）に対する株式報酬制度の継続及び内容改定の件,null,可決,93.05
85940,85940_20250327.htm,第１号議案,剰余金処分の件,null,可決,98.19
85940,85940_20250327.htm,第２号議案,定款一部変更の件,null,可決,98.2
85940,85940_20250327.htm,第３号議案,監査役１名選任の件,増田　仁志,可決,98.26
47070,47070_20250120.htm,第１号議案,取締役（監査等委員である取締役を除く。）10名選任の件,中山正子、平野吉彦、金子敏哉、上原信司、佐藤豊、大塚秀行、外川忠利、遠藤雄治、門口健吾、中村崇,可決,99.38
47070,47070_20250120.htm,中山　正子,第１号議案,中山正子,可決,98.29
47070,47070_20250120.htm,平野　吉彦,第１号議案,平野吉彦,可決,99.38
47070,47070_20250120.htm,金子　敏哉,第１号議案,金子敏哉,可決,99.38
47070,47070_20250120.htm,上原　信司,第１号議案,上原信司,可決,99.38
47070,47070_20250120.htm,佐藤　豊,第１号議案,佐藤豊,可決,99.38
47070,47070_20250120.htm,大塚　秀行,第１号議案,大塚秀行,可決,99.38
47070,47070_20250120.htm,外川　忠利,第１号議案,外川忠利,可決,99.38
47070,47070_20250120.htm,遠藤　雄治,第１号議案,遠藤雄治,可決,99.37
47070,47070_20250120.htm,門口　健吾,第１号議案,門口健吾,可決,99.37
47070,47070_20250120.htm,中村　崇,第１号議案,中村崇,可決,99.37
47070,47070_20250120.htm,第２号議案,監査等委員である取締役１名選任の件,高橋純子,可決,99.69
47070,47070_20250120.htm,高橋　純子,第２号議案,高橋純子,可決,99.69
16630,16630_20250327.htm,第１号議案,剰余金処分の件,,可決,89.07
16630,16630_20250327.htm,第２号議案,取締役９名選任の件,緑川昭夫,可決,90.15
16630,16630_20250327.htm,第２号議案,取締役９名選任の件,森　武,可決,91.09
16630,16630_20250327.htm,第２号議案,取締役９名選任の件,八代伸彦,可決,91.1
16630,16630_20250327.htm,第２号議案,取締役９名選任の件,城久尚,可決,91.09
16630,16630_20250327.htm,第２号議案,取締役９名選任の件,菊池節,可決,83.84
16630,16630_20250327.htm,第２号議案,取締役９名選任の件,石塚達郎,可決,91.09
16630,16630_20250327.htm,第２号議案,取締役９名選任の件,小林貞代,可決,91.07
16630,16630_20250327.htm,第２号議案,取締役９名選任の件,森本芳之,可決,91.07
16630,16630_20250327.htm,第２号議案,取締役９名選任の件,増田由美子,可決,92.85
16630,16630_20250327.htm,第３号議案,監査役１名選任の件,内田晴喜,可決,75.64
32040,32040_20250331.htm,第１号議案,"剰余金処分の件、（1）配当財産の種類：金銭、（2）配当財産の割当てに関する事項及びその総額：当社普通株式１株につき金13円、配当総額 113,969,466円、（3）剰余金の配当が効力を生じる日（支払開始日）：令和７年３月31日",,可決,97.3
32040,32040_20250331.htm,第２号議案,取締役（監査等委員である取締役を除く。）８名選任の件,長井渡,可決,95.01
32040,32040_20250331.htm,第２号議案,取締役（監査等委員である取締役を除く。）８名選任の件,久保徹,可決,97.22
32040,32040_20250331.htm,第２号議案,取締役（監査等委員である取締役を除く。）８名選任の件,戸口雄吾,可決,97.35
32040,32040_20250331.htm,第２号議案,取締役（監査等委員である取締役を除く。）８名選任の件,戸川崇光,可決,97.34
32040,32040_20250331.htm,第２号議案,取締役（監査等委員である取締役を除く。）８名選任の件,堀口泰夫,可決,97.35
32040,32040_20250331.htm,第２号議案,取締役（監査等委員である取締役を除く。）８名選任の件,玉田暢生,可決,97.45
32040,32040_20250331.htm,第２号議案,取締役（監査等委員である取締役を除く。）８名選任の件,坂下清信,可決,96.99
32040,32040_20250331.htm,第２号議案,取締役（監査等委員である取締役を除く。）８名選任の件,髙島志郎,可決,94.72
32040,32040_20250331.htm,第３号議案,監査等委員である取締役３名選任の件,近江学,可決,97.92
32040,32040_20250331.htm,第３号議案,監査等委員である取締役３名選任の件,辻村美樹,可決,97.76
32040,32040_20250331.htm,第３号議案,監査等委員である取締役３名選任の件,師井勝也,可決,97.86
32040,32040_20250331.htm,第４号議案,補欠の監査等委員である取締役１名選任の件,谷口誠良,可決,97.74
40110,40110_20250328.htm,第１号議案　取締役（監査等委員である取締役を除く。）６名選任の件,篠田庸介、石澤直樹、原島一隆、松崎神都、疋田正人、西間木将矢を取締役（監査等委員である取締役を除く。）に選任する,篠田庸介、石澤直樹、原島一隆、松崎神都、疋田正人、西間木将矢,可決,99.1
40110,40110_20250328.htm,第２号議案　監査等委員である取締役３名選任の件,竹内道忠、白川篤典、大野雅樹を監査等委員である取締役に選任する,竹内道忠、白川篤典、大野雅樹,可決,95.34
40110,40110_20250328.htm,第３号議案　会計監査人選任の件,新たに興亜監査法人を会計監査人に選任する,興亜監査法人,可決,99.16
49850,49850_20250328.htm,第１号議案,取締役９名選任の件,大塚達也,可決,96.5
49850,49850_20250328.htm,第１号議案,取締役９名選任の件,川端克宜,可決,96.6
49850,49850_20250328.htm,第１号議案,取締役９名選任の件,降矢良幸,可決,96.6
49850,49850_20250328.htm,第１号議案,取締役９名選任の件,唐瀧久明,可決,96.5
49850,49850_20250328.htm,第１号議案,取締役９名選任の件,社方　雄,可決,96.7
49850,49850_20250328.htm,第１号議案,取締役９名選任の件,ハロルド・ジョージ・メイ,可決,97.2
49850,49850_20250328.htm,第１号議案,取締役９名選任の件,三上直子,可決,97.2
49850,49850_20250328.htm,第１号議案,取締役９名選任の件,ジャーマン・ルース マリー,可決,97.2
49850,49850_20250328.htm,第１号議案,取締役９名選任の件,岡　俊子,可決,97.0
49850,49850_20250328.htm,第２号議案,監査役１名選任の件,林　達郎,可決,80.0
33550,33550_20250402.htm,第１号議案,剰余金処分の件,null,可決,99.62
33550,33550_20250402.htm,第２号議案,取締役（監査等委員である取締役を除く）４名選任の件,小貫　成彦,可決,99.16
33550,33550_20250402.htm,第２号議案,取締役（監査等委員である取締役を除く）４名選任の件,大村　暢彦,可決,99.39
33550,33550_20250402.htm,第２号議案,取締役（監査等委員である取締役を除く）４名選任の件,元木　雄三,可決,98.54
33550,33550_20250402.htm,第２号議案,取締役（監査等委員である取締役を除く）４名選任の件,Brian　Dutton,可決,99.52
33550,33550_20250402.htm,第３号議案,監査等委員である取締役１名選任の件,小林　恵,可決,98.67
27020,27020_20250326.htm,第１号議案　剰余金処分の件,"１株につき金49円　総額6,514,982,523円、効力発生日2025年３月26日",null,可決,99.22
27020,27020_20250326.htm,第２号議案　取締役５名選任の件,取締役としてズナイデン房子氏を選任,ズナイデン房子,可決,98.0
27020,27020_20250326.htm,第２号議案　取締役５名選任の件,取締役として斎藤由希子氏を選任,斎藤由希子,可決,98.06
27020,27020_20250326.htm,第２号議案　取締役５名選任の件,取締役としてアンドリュー・グレゴリー氏を選任,アンドリュー・グレゴリー,可決,98.02
27020,27020_20250326.htm,第２号議案　取締役５名選任の件,取締役としてニコラス・ピザ氏を選任,ニコラス・ピザ,可決,98.0
27020,27020_20250326.htm,第２号議案　取締役５名選任の件,取締役として田代祐子氏を選任,田代祐子,可決,99.14
27020,27020_20250326.htm,第３号議案　退任取締役に対する退職慰労金贈呈の件,退任取締役サラ Ｌ．カサノバ氏及び日色保氏に退職慰労金を贈呈,サラ Ｌ．カサノバ、日色保,可決,83.19
44860,44860_20250327.htm,第１号議案,剰余金処分の件,null,可決,96.76
44860,44860_20250327.htm,第２号議案,取締役５名選任の件,須田　騎一朗,可決,89.99
44860,44860_20250327.htm,第２号議案,取締役５名選任の件,髙井　庸一,可決,96.31
44860,44860_20250327.htm,第２号議案,取締役５名選任の件,岡　美恵子,可決,96.31
44860,44860_20250327.htm,第２号議案,取締役５名選任の件,齋藤　智芳,可決,96.34
44860,44860_20250327.htm,第２号議案,取締役５名選任の件,平林　由義,可決,96.33
79890,79890_20250401.htm,第１号議案,剰余金の処分の件,,可決,99.58
79890,79890_20250401.htm,第２号議案,取締役７名選任の件,池崎　久也,可決,88.32
79890,79890_20250401.htm,第２号議案,取締役７名選任の件,小野　寿也,可決,97.7
79890,79890_20250401.htm,第２号議案,取締役７名選任の件,立川　孟視,可決,97.62
79890,79890_20250401.htm,第２号議案,取締役７名選任の件,佐藤　弘,可決,97.71
79890,79890_20250401.htm,第２号議案,取締役７名選任の件,田中　久晶,可決,97.69
79890,79890_20250401.htm,第２号議案,取締役７名選任の件,加藤　昌子,可決,97.67
79890,79890_20250401.htm,第２号議案,取締役７名選任の件,後藤　英夫,可決,95.85
79890,79890_20250401.htm,第３号議案,退任取締役に対し退職慰労金贈呈の件,,可決,61.97
28110,28110_20250331.htm,取締役(監査等委員である取締役を除く)６名選任の件,取締役(監査等委員である取締役を除く)として、山口聡、葉色義久、奥谷晴信、佐伯健、荒金久美、粂川滋を選任する。,山口聡,可決,98.62
28110,28110_20250331.htm,取締役(監査等委員である取締役を除く)６名選任の件,取締役(監査等委員である取締役を除く)として、山口聡、葉色義久、奥谷晴信、佐伯健、荒金久美、粂川滋を選任する。,葉色 義久,可決,99.23
28110,28110_20250331.htm,取締役(監査等委員である取締役を除く)６名選任の件,取締役(監査等委員である取締役を除く)として、山口聡、葉色義久、奥谷晴信、佐伯健、荒金久美、粂川滋を選任する。,奥谷 晴信,可決,99.23
28110,28110_20250331.htm,取締役(監査等委員である取締役を除く)６名選任の件,取締役(監査等委員である取締役を除く)として、山口聡、葉色義久、奥谷晴信、佐伯健、荒金久美、粂川滋を選任する。,佐伯 健,可決,99.11
28110,28110_20250331.htm,取締役(監査等委員である取締役を除く)６名選任の件,取締役(監査等委員である取締役を除く)として、山口聡、葉色義久、奥谷晴信、佐伯健、荒金久美、粂川滋を選任する。,荒金 久美,可決,99.43
28110,28110_20250331.htm,取締役(監査等委員である取締役を除く)６名選任の件,取締役(監査等委員である取締役を除く)として、山口聡、葉色義久、奥谷晴信、佐伯健、荒金久美、粂川滋を選任する。,粂川 滋,可決,99.6
85180,85180_20250304.htm,議案,資本金及び資本準備金の額の減少並びに剰余金の処分,null,可決,98.95
34820,34820_20250328.htm,第１号議案,剰余金処分の件,,可決,97.48
34820,34820_20250328.htm,第２号議案,定款一部変更の件,,可決,97.97
34820,34820_20250328.htm,第３号議案,取締役4名選任の件,久保　直之,可決,97.79
34820,34820_20250328.htm,第３号議案,取締役4名選任の件,川畑　拓也,可決,97.58
34820,34820_20250328.htm,第３号議案,取締役4名選任の件,大西　純,可決,97.66
34820,34820_20250328.htm,第３号議案,取締役4名選任の件,舩木　真由美,可決,97.52
34820,34820_20250328.htm,第４号議案,会計監査人選任の件,,可決,91.97
34820,34820_20250328.htm,第５号議案,取締役（社外取締役を除く）に対する譲渡制限付株式の付与のための報酬内容の改定の件,,可決,96.78
42550,42550_20250327.htm,第１号議案,定款の一部変更の件。取締役の任期を２年から１年に変更するため、現行定款第20条（任期）の変更を行う,null,可決,99.6
42550,42550_20250327.htm,第２号議案,取締役６名選任の件,平良真人,可決,99.45
42550,42550_20250327.htm,第２号議案,取締役６名選任の件,下川弘樹,可決,99.45
42550,42550_20250327.htm,第２号議案,取締役６名選任の件,野澤俊通,可決,99.44
42550,42550_20250327.htm,第２号議案,取締役６名選任の件,滝島知樹,可決,99.43
42550,42550_20250327.htm,第２号議案,取締役６名選任の件,会田容弘,可決,99.44
42550,42550_20250327.htm,第２号議案,取締役６名選任の件,久保田雅也,可決,99.43
42550,42550_20250327.htm,第３号議案,監査役３名選任の件,市川昇,可決,99.57
42550,42550_20250327.htm,第３号議案,監査役３名選任の件,佐藤大輔,可決,99.58
42550,42550_20250327.htm,第３号議案,監査役３名選任の件,五十嵐沙織,可決,99.58
42550,42550_20250327.htm,第４号議案,補欠監査役１名選任の件,飯田花織,可決,99.57
42550,42550_20250327.htm,第５号議案,取締役に対する譲渡制限付株式の付与のための報酬決定の件,null,可決,99.5
42550,42550_20250327.htm,第６号議案,資本金及び資本準備金の額の減少並びに剰余金の処分の件,null,可決,99.57
78560,78560_20250124.htm,第１号議案,剰余金の処分の件,,可決,93.77
78560,78560_20250124.htm,第２号議案,取締役８名選任の件,浅野　和志,可決,78.03
78560,78560_20250124.htm,第２号議案,取締役８名選任の件,飯山　辰彦,可決,86.2
78560,78560_20250124.htm,第２号議案,取締役８名選任の件,犬飼　正樹,可決,89.13
78560,78560_20250124.htm,第２号議案,取締役８名選任の件,藤田　学,可決,89.1
78560,78560_20250124.htm,第２号議案,取締役８名選任の件,笹木　真尚,可決,90.93
78560,78560_20250124.htm,第２号議案,取締役８名選任の件,萩原　佳明,可決,90.84
78560,78560_20250124.htm,第２号議案,取締役８名選任の件,大原　あかね,可決,86.04
78560,78560_20250124.htm,第２号議案,取締役８名選任の件,西田　陽介,可決,88.96
88870,88870_20250217.htm,第１号議案,株式交換契約承認の件,,可決,91.3
88870,88870_20250217.htm,第２号議案,定款一部変更の件,,可決,91.4
88870,88870_20250217.htm,第３号議案,取締役（監査等委員である取締役を除く。）３名選任の件,杉　本　宏　之,可決,91.6
88870,88870_20250217.htm,第３号議案,取締役（監査等委員である取締役を除く。）３名選任の件,湯　島　善　行,可決,91.6
88870,88870_20250217.htm,第３号議案,取締役（監査等委員である取締役を除く。）３名選任の件,浦　西　友　義,可決,91.0
88870,88870_20250217.htm,第４号議案,監査等委員である取締役１名選任の件,横　山　敬　子,可決,92.5
39010,39010_20250326.htm,第１号議案,剰余金の処分の件,,可決,98.11
39010,39010_20250326.htm,第２号議案,役員賞与支給の件,当期末時点の取締役６名（うち社外取締役２名）及び監査役３名,可決,70.9
43240,43240_20250401.htm,取締役選任の件,取締役として、松井巖、五十嵐博、曽我有信、ポール・キャンドランド、アンドリュー・ハウス、佐川恵一、曽我辺美保子、松田結花、河村芳彦、高嶋智光及び市川奈緒子の各氏を選任する。,松井巖,可決,82.02
43240,43240_20250401.htm,取締役選任の件,取締役として、松井巖、五十嵐博、曽我有信、ポール・キャンドランド、アンドリュー・ハウス、佐川恵一、曽我辺美保子、松田結花、河村芳彦、高嶋智光及び市川奈緒子の各氏を選任する。,五十嵐博,可決,81.85
43240,43240_20250401.htm,取締役選任の件,取締役として、松井巖、五十嵐博、曽我有信、ポール・キャンドランド、アンドリュー・ハウス、佐川恵一、曽我辺美保子、松田結花、河村芳彦、高嶋智光及び市川奈緒子の各氏を選任する。,曽我有信,可決,85.49
43240,43240_20250401.htm,取締役選任の件,取締役として、松井巖、五十嵐博、曽我有信、ポール・キャンドランド、アンドリュー・ハウス、佐川恵一、曽我辺美保子、松田結花、河村芳彦、高嶋智光及び市川奈緒子の各氏を選任する。,ポール・キャンドランド,可決,87.72
43240,43240_20250401.htm,取締役選任の件,取締役として、松井巖、五十嵐博、曽我有信、ポール・キャンドランド、アンドリュー・ハウス、佐川恵一、曽我辺美保子、松田結花、河村芳彦、高嶋智光及び市川奈緒子の各氏を選任する。,アンドリュー・ハウス,可決,87.41
43240,43240_20250401.htm,取締役選任の件,取締役として、松井巖、五十嵐博、曽我有信、ポール・キャンドランド、アンドリュー・ハウス、佐川恵一、曽我辺美保子、松田結花、河村芳彦、高嶋智光及び市川奈緒子の各氏を選任する。,佐川恵一,可決,85.13
43240,43240_20250401.htm,取締役選任の件,取締役として、松井巖、五十嵐博、曽我有信、ポール・キャンドランド、アンドリュー・ハウス、佐川恵一、曽我辺美保子、松田結花、河村芳彦、高嶋智光及び市川奈緒子の各氏を選任する。,曽我辺美保子,可決,85.55
43240,43240_20250401.htm,取締役選任の件,取締役として、松井巖、五十嵐博、曽我有信、ポール・キャンドランド、アンドリュー・ハウス、佐川恵一、曽我辺美保子、松田結花、河村芳彦、高嶋智光及び市川奈緒子の各氏を選任する。,松田結花,可決,88.48
43240,43240_20250401.htm,取締役選任の件,取締役として、松井巖、五十嵐博、曽我有信、ポール・キャンドランド、アンドリュー・ハウス、佐川恵一、曽我辺美保子、松田結花、河村芳彦、高嶋智光及び市川奈緒子の各氏を選任する。,河村芳彦,可決,99.26
43240,43240_20250401.htm,取締役選任の件,取締役として、松井巖、五十嵐博、曽我有信、ポール・キャンドランド、アンドリュー・ハウス、佐川恵一、曽我辺美保子、松田結花、河村芳彦、高嶋智光及び市川奈緒子の各氏を選任する。,高嶋智光,可決,99.25
43240,43240_20250401.htm,取締役選任の件,取締役として、松井巖、五十嵐博、曽我有信、ポール・キャンドランド、アンドリュー・ハウス、佐川恵一、曽我辺美保子、松田結花、河村芳彦、高嶋智光及び市川奈緒子の各氏を選任する。,市川奈緒子,可決,99.15
49950,49950_20250304.htm,取締役（監査等委員である取締役を除く）５名選任の件,取締役（監査等委員である取締役を除く）として、福谷明、福谷理、畑中正博、牧司及び新村哲夫を選任する,福谷明,可決,99.34
49950,49950_20250304.htm,取締役（監査等委員である取締役を除く）５名選任の件,取締役（監査等委員である取締役を除く）として、福谷明、福谷理、畑中正博、牧司及び新村哲夫を選任する,福谷理,可決,99.34
49950,49950_20250304.htm,取締役（監査等委員である取締役を除く）５名選任の件,取締役（監査等委員である取締役を除く）として、福谷明、福谷理、畑中正博、牧司及び新村哲夫を選任する,畑中正博,可決,99.47
49950,49950_20250304.htm,取締役（監査等委員である取締役を除く）５名選任の件,取締役（監査等委員である取締役を除く）として、福谷明、福谷理、畑中正博、牧司及び新村哲夫を選任する,牧司,可決,99.49
49950,49950_20250304.htm,取締役（監査等委員である取締役を除く）５名選任の件,取締役（監査等委員である取締役を除く）として、福谷明、福谷理、畑中正博、牧司及び新村哲夫を選任する,新村哲夫,可決,99.53
24360,24360_20250328.htm,第１号議案,取締役（監査等委員である取締役を除く。）９名選任の件,古賀尚文,可決,97.85
24360,24360_20250328.htm,第１号議案,取締役（監査等委員である取締役を除く。）９名選任の件,谷鉄也,可決,97.86
24360,24360_20250328.htm,第１号議案,取締役（監査等委員である取締役を除く。）９名選任の件,石栗正崇,可決,95.02
24360,24360_20250328.htm,第１号議案,取締役（監査等委員である取締役を除く。）９名選任の件,信澤勝之,可決,97.96
24360,24360_20250328.htm,第１号議案,取締役（監査等委員である取締役を除く。）９名選任の件,松川和正,可決,97.96
24360,24360_20250328.htm,第１号議案,取締役（監査等委員である取締役を除く。）９名選任の件,沼田英之,可決,97.97
24360,24360_20250328.htm,第１号議案,取締役（監査等委員である取締役を除く。）９名選任の件,木村忠久,可決,97.96
24360,24360_20250328.htm,第１号議案,取締役（監査等委員である取締役を除く。）９名選任の件,立花圭亮,可決,97.96
24360,24360_20250328.htm,第１号議案,取締役（監査等委員である取締役を除く。）９名選任の件,尼崎勝司,可決,97.85
24360,24360_20250328.htm,第２号議案,監査等委員である取締役４名選任の件,髙橋千秋,可決,97.19
24360,24360_20250328.htm,第２号議案,監査等委員である取締役４名選任の件,安藤教嗣,可決,97.87
24360,24360_20250328.htm,第２号議案,監査等委員である取締役４名選任の件,早川明宏,可決,97.87
24360,24360_20250328.htm,第２号議案,監査等委員である取締役４名選任の件,金泉俊輔,可決,95.01
89960,89960_20250324.htm,第１号議案　剰余金の処分の件,普通株式１株につき金45円00銭（普通配当40円00銭・記念配当５円00銭）,,可決,99.81
89960,89960_20250324.htm,第２号議案　取締役（監査等委員である取締役を除く。）３名選任の件,取締役（監査等委員である取締役を除く。）として、小島賢二、河辺豊、森光哲也氏を選任,小島　賢二,可決,99.71
89960,89960_20250324.htm,第２号議案　取締役（監査等委員である取締役を除く。）３名選任の件,取締役（監査等委員である取締役を除く。）として、小島賢二、河辺豊、森光哲也氏を選任,河辺　豊,可決,99.7
89960,89960_20250324.htm,第２号議案　取締役（監査等委員である取締役を除く。）３名選任の件,取締役（監査等委員である取締役を除く。）として、小島賢二、河辺豊、森光哲也氏を選任,森光　哲也,可決,99.7
89960,89960_20250324.htm,第３号議案　監査等委員である取締役３名選任の件,監査等委員である取締役として、樫根達也、伊藤誠英、松岡宏治氏を選任,樫根　達也,可決,99.69
89960,89960_20250324.htm,第３号議案　監査等委員である取締役３名選任の件,監査等委員である取締役として、樫根達也、伊藤誠英、松岡宏治氏を選任,伊藤　誠英,可決,99.66
89960,89960_20250324.htm,第３号議案　監査等委員である取締役３名選任の件,監査等委員である取締役として、樫根達也、伊藤誠英、松岡宏治氏を選任,松岡　宏治,可決,99.71
49670,49670_20250331.htm,第1号議案,取締役会の招集権者及び議長を社外取締役とすることに関して、現行定款第26条について所要の変更を行う。,,否決,47.64
49670,49670_20250331.htm,第2号議案,取締役として、大田嘉仁、豊田賀一、松嶋雄司、小林章浩、片江善郎、髙橋昭夫、毛利正人、松本真輔、楠本美砂及び門川俊明の10名を選任する。,大田嘉仁,可決,86.42
49670,49670_20250331.htm,第2号議案,取締役として、大田嘉仁、豊田賀一、松嶋雄司、小林章浩、片江善郎、髙橋昭夫、毛利正人、松本真輔、楠本美砂及び門川俊明の10名を選任する。,豊田賀一,可決,86.51
49670,49670_20250331.htm,第2号議案,取締役として、大田嘉仁、豊田賀一、松嶋雄司、小林章浩、片江善郎、髙橋昭夫、毛利正人、松本真輔、楠本美砂及び門川俊明の10名を選任する。,松嶋雄司,可決,86.65
49670,49670_20250331.htm,第2号議案,取締役として、大田嘉仁、豊田賀一、松嶋雄司、小林章浩、片江善郎、髙橋昭夫、毛利正人、松本真輔、楠本美砂及び門川俊明の10名を選任する。,小林章浩,可決,72.07
49670,49670_20250331.htm,第2号議案,取締役として、大田嘉仁、豊田賀一、松嶋雄司、小林章浩、片江善郎、髙橋昭夫、毛利正人、松本真輔、楠本美砂及び門川俊明の10名を選任する。,片江善郎,可決,84.29
49670,49670_20250331.htm,第2号議案,取締役として、大田嘉仁、豊田賀一、松嶋雄司、小林章浩、片江善郎、髙橋昭夫、毛利正人、松本真輔、楠本美砂及び門川俊明の10名を選任する。,髙橋昭夫,可決,86.62
49670,49670_20250331.htm,第2号議案,取締役として、大田嘉仁、豊田賀一、松嶋雄司、小林章浩、片江善郎、髙橋昭夫、毛利正人、松本真輔、楠本美砂及び門川俊明の10名を選任する。,毛利正人,可決,86.63
49670,49670_20250331.htm,第2号議案,取締役として、大田嘉仁、豊田賀一、松嶋雄司、小林章浩、片江善郎、髙橋昭夫、毛利正人、松本真輔、楠本美砂及び門川俊明の10名を選任する。,松本真輔,可決,86.64
49670,49670_20250331.htm,第2号議案,取締役として、大田嘉仁、豊田賀一、松嶋雄司、小林章浩、片江善郎、髙橋昭夫、毛利正人、松本真輔、楠本美砂及び門川俊明の10名を選任する。,楠本美砂,可決,86.62
49670,49670_20250331.htm,第2号議案,取締役として、大田嘉仁、豊田賀一、松嶋雄司、小林章浩、片江善郎、髙橋昭夫、毛利正人、松本真輔、楠本美砂及び門川俊明の10名を選任する。,門川俊明,可決,86.64
49670,49670_20250331.htm,第3号議案,補欠監査役として、高井伸太郎を選任する。,高井伸太郎,可決,98.65
97020,97020_20250331.htm,第１号議案,剰余金処分の件,null,可決,93.3
97020,97020_20250331.htm,第２号議案,定款一部変更の件,null,可決,97.56
97020,97020_20250331.htm,第３号議案,取締役（監査等委員である取締役を除く。）６名選任の件,若尾　一史,可決,92.25
97020,97020_20250331.htm,第３号議案,取締役（監査等委員である取締役を除く。）６名選任の件,小笠原　芳市,可決,96.54
97020,97020_20250331.htm,第３号議案,取締役（監査等委員である取締役を除く。）６名選任の件,関本　祥文,可決,96.56
97020,97020_20250331.htm,第３号議案,取締役（監査等委員である取締役を除く。）６名選任の件,牧田　甲希,可決,96.56
97020,97020_20250331.htm,第３号議案,取締役（監査等委員である取締役を除く。）６名選任の件,廣瀬　雅也,可決,96.52
97020,97020_20250331.htm,第３号議案,取締役（監査等委員である取締役を除く。）６名選任の件,山本　年朗,可決,96.56
65600,65600_20250326.htm,第１号議案,剰余金処分の件,null,可決,98.95
65600,65600_20250326.htm,第２号議案,取締役(監査等委員である取締役を除く。)４名選任の件,樺島弘明,可決,98.373
65600,65600_20250326.htm,第２号議案,取締役(監査等委員である取締役を除く。)４名選任の件,李成一,可決,98.385
65600,65600_20250326.htm,第２号議案,取締役(監査等委員である取締役を除く。)４名選任の件,亀本悠,可決,98.385
65600,65600_20250326.htm,第２号議案,取締役(監査等委員である取締役を除く。)４名選任の件,上野亮祐,可決,98.385
65600,65600_20250326.htm,第３号議案,監査等委員である取締役３名選任の件,武村文雄,可決,98.394
65600,65600_20250326.htm,第３号議案,監査等委員である取締役３名選任の件,高橋直樹,可決,98.397
65600,65600_20250326.htm,第３号議案,監査等委員である取締役３名選任の件,川添晶子,可決,98.411
65600,65600_20250326.htm,第４号議案,会計監査人選任の件,null,可決,98.663
92600,92600_20250331.htm,第１号議案,株式併合の件,null,可決,99.96
92600,92600_20250331.htm,第２号議案,定款一部変更の件,null,可決,99.97
92600,92600_20250331.htm,第３号議案,監査等委員でない取締役４名選任の件,洲崎　良朗,可決,98.85
92600,92600_20250331.htm,第３号議案,監査等委員でない取締役４名選任の件,佐々　祐史,可決,99.41
92600,92600_20250331.htm,第３号議案,監査等委員でない取締役４名選任の件,新開　裕之,可決,99.78
92600,92600_20250331.htm,第３号議案,監査等委員でない取締役４名選任の件,新井　一,可決,99.78
92600,92600_20250331.htm,第４号議案,監査等委員である取締役に対する事後交付型株式報酬の額改定の件,null,可決,99.02
42510,42510_20250326.htm,第１号議案,剰余金処分の件,,可決,97.38
42510,42510_20250326.htm,第２号議案,取締役11名選任の件,長村惠弌,可決,90.56
42510,42510_20250326.htm,第２号議案,取締役11名選任の件,藤井一将,可決,95.76
42510,42510_20250326.htm,第２号議案,取締役11名選任の件,野口順次郎,可決,95.87
42510,42510_20250326.htm,第２号議案,取締役11名選任の件,川島直子,可決,92.4
42510,42510_20250326.htm,第２号議案,取締役11名選任の件,吉岡佑樹,可決,92.39
42510,42510_20250326.htm,第２号議案,取締役11名選任の件,上地聡,可決,95.86
42510,42510_20250326.htm,第２号議案,取締役11名選任の件,梅村俊和,可決,95.54
42510,42510_20250326.htm,第２号議案,取締役11名選任の件,米田紀子,可決,95.78
42510,42510_20250326.htm,第２号議案,取締役11名選任の件,太田俊介,可決,95.82
42510,42510_20250326.htm,第２号議案,取締役11名選任の件,南野歌子,可決,95.71
42510,42510_20250326.htm,第２号議案,取締役11名選任の件,山本美愛,可決,95.58
42510,42510_20250326.htm,第３号議案,監査役２名選任の件,青山英一,可決,96.96
42510,42510_20250326.htm,第３号議案,監査役２名選任の件,大保政二,可決,95.96
42510,42510_20250326.htm,第４号議案,補欠監査役１名選任の件,劉玲,可決,95.76
97200,97200_20250228.htm,第１号議案,取締役（監査等委員である取締役を除く。）10名選任の件,原信造、岸晴記、上野孝、岡崎真雄、川本守彦、勝治雄、関口真司、山本修二、山﨑明、木曽博文,可決,98.66
97200,97200_20250228.htm,第１号議案,取締役（監査等委員である取締役を除く。）10名選任の件,岸晴記,可決,99.28
97200,97200_20250228.htm,第１号議案,取締役（監査等委員である取締役を除く。）10名選任の件,上野孝,可決,99.26
97200,97200_20250228.htm,第１号議案,取締役（監査等委員である取締役を除く。）10名選任の件,岡崎真雄,可決,98.32
97200,97200_20250228.htm,第１号議案,取締役（監査等委員である取締役を除く。）10名選任の件,川本守彦,可決,99.28
97200,97200_20250228.htm,第１号議案,取締役（監査等委員である取締役を除く。）10名選任の件,勝治雄,可決,99.29
97200,97200_20250228.htm,第１号議案,取締役（監査等委員である取締役を除く。）10名選任の件,関口真司,可決,99.29
97200,97200_20250228.htm,第１号議案,取締役（監査等委員である取締役を除く。）10名選任の件,山本修二,可決,99.29
97200,97200_20250228.htm,第１号議案,取締役（監査等委員である取締役を除く。）10名選任の件,山﨑明,可決,99.29
97200,97200_20250228.htm,第１号議案,取締役（監査等委員である取締役を除く。）10名選任の件,木曽博文,可決,99.29
97200,97200_20250228.htm,第２号議案,監査等委員である取締役１名選任の件,矢野精一,可決,99.29
98240,98240_20250203.htm,第１号議案,剰余金の処分の件,null,可决,99.75
98240,98240_20250203.htm,第２号議案,取締役（監査等委員である取締役を除く。）10名選任の件,西村元秀,可决,97.61
98240,98240_20250203.htm,第２号議案,取締役（監査等委員である取締役を除く。）10名選任の件,田原隆男,可决,97.77
98240,98240_20250203.htm,第２号議案,取締役（監査等委員である取締役を除く。）10名選任の件,成田和人,可决,97.79
98240,98240_20250203.htm,第２号議案,取締役（監査等委員である取締役を除く。）10名選任の件,宇正鬪曜,可决,97.8
98240,98240_20250203.htm,第２号議案,取締役（監査等委員である取締役を除く。）10名選任の件,西村元一,可决,97.79
98240,98240_20250203.htm,第２号議案,取締役（監査等委員である取締役を除く。）10名選任の件,島岡修子,可决,97.78
98240,98240_20250203.htm,第２号議案,取締役（監査等委員である取締役を除く。）10名選任の件,花山昌典,可决,97.78
98240,98240_20250203.htm,第２号議案,取締役（監査等委員である取締役を除く。）10名選任の件,福田　勇,可决,97.8
98240,98240_20250203.htm,第２号議案,取締役（監査等委員である取締役を除く。）10名選任の件,宗岡　徹,可决,99.67
98240,98240_20250203.htm,第２号議案,取締役（監査等委員である取締役を除く。）10名選任の件,近藤剛史,可决,99.67
98240,98240_20250203.htm,第３号議案,監査等委員である取締役３名選任の件,山條博通,可决,99.67
98240,98240_20250203.htm,第３号議案,監査等委員である取締役３名選任の件,森脇　朗,可决,99.66
98240,98240_20250203.htm,第３号議案,監査等委員である取締役３名選任の件,森本千晶,可决,99.67
98240,98240_20250203.htm,第４号議案,補欠の監査等委員である取締役１名選任の件,平田真基,可决,99.66
70330,70330_20250328.htm,第１号議案　取締役５名選任の件,取締役として金子啓、髙橋信也、玉井邦昌、赤羽具永、田矢徹司の５氏を選任する。,金子啓,可決,81.42
70330,70330_20250328.htm,第１号議案　取締役５名選任の件,取締役として金子啓、髙橋信也、玉井邦昌、赤羽具永、田矢徹司の５氏を選任する。,髙橋信也,可決,83.34
70330,70330_20250328.htm,第１号議案　取締役５名選任の件,取締役として金子啓、髙橋信也、玉井邦昌、赤羽具永、田矢徹司の５氏を選任する。,玉井邦昌,可決,96.3
70330,70330_20250328.htm,第１号議案　取締役５名選任の件,取締役として金子啓、髙橋信也、玉井邦昌、赤羽具永、田矢徹司の５氏を選任する。,赤羽具永,可決,86.35
70330,70330_20250328.htm,第１号議案　取締役５名選任の件,取締役として金子啓、髙橋信也、玉井邦昌、赤羽具永、田矢徹司の５氏を選任する。,田矢徹司,可決,96.48
70330,70330_20250328.htm,第２号議案　社外取締役に対する譲渡制限付株式の付与のための報酬決定の件,当社の社外取締役に対して、従来の譲渡制限付株式報酬制度を導入する。なお、本議案に基づき、対象社外取締役に対して譲渡制限付株式の付与のために支給する金銭報酬債権の総額及び当社が発行又は処分する当社普通株式の総数は、年額3千万円以内及び年1.5万株以内とする。,null,可決,90.0
48200,48200_20250331.htm,第１号議案,当社第42期期末配当は当社普通株式１株につき金26円とする。,,可決,99.76
48200,48200_20250331.htm,第２号議案,取締役（監査等委員である取締役を除く。）として、國光浩三、大石憲司、國光宏昌、関めぐみ及び宮田武志を選任する。,國光浩三,可決,99.55
48200,48200_20250331.htm,第２号議案,取締役（監査等委員である取締役を除く。）として、國光浩三、大石憲司、國光宏昌、関めぐみ及び宮田武志を選任する。,大石憲司,可決,99.63
48200,48200_20250331.htm,第２号議案,取締役（監査等委員である取締役を除く。）として、國光浩三、大石憲司、國光宏昌、関めぐみ及び宮田武志を選任する。,國光宏昌,可決,98.45
48200,48200_20250331.htm,第２号議案,取締役（監査等委員である取締役を除く。）として、國光浩三、大石憲司、國光宏昌、関めぐみ及び宮田武志を選任する。,関めぐみ,可決,99.65
48200,48200_20250331.htm,第２号議案,取締役（監査等委員である取締役を除く。）として、國光浩三、大石憲司、國光宏昌、関めぐみ及び宮田武志を選任する。,宮田武志,可決,99.69
48200,48200_20250331.htm,第３号議案,監査等委員である取締役として、青田玄及び赤羽根秀宜を選任する。,青田玄,可決,99.54
48200,48200_20250331.htm,第３号議案,監査等委員である取締役として、青田玄及び赤羽根秀宜を選任する。,赤羽根秀宜,可決,99.67
48200,48200_20250331.htm,第４号議案,監査等委員である取締役の報酬額を、月額４百万円以内と定める。,,可決,99.53
48200,48200_20250331.htm,第５号議案,"取締役（社外取締役及び監査等委員である取締役を除く。）に対して、当社における一定期間の継続した勤務を譲渡制限解除の条件とする従来の「勤務継続型」に加え、勤務継続のうえで当社取締役会が予め設定した経営評価指標達成を譲渡制限解除の条件とする「経営指標要件型」の譲渡制限付株式報酬を新たに導入する。
本議案に基づき対象の取締役に対して譲渡制限付株式の付与のために支給する金銭報酬債権の総額は、「勤務継続型」と「経営指標要件型」を合わせ、年額140百万円以内、これにより発行または処分される当社の普通株式の総数は、年100,000株以内とする。",,可決,99.55
48200,48200_20250331.htm,第６号議案,"監査等委員である取締役（社外取締役を除く。）に対する譲渡制限付株式の付与のための報酬を改定し、本議案に基づき対象の監査等委員である取締役に対して譲渡制限付株式の付与のために支給する金銭報酬債権の総額は、年額14百万円以内、これにより発行または処分される当社の普通株式の総数は、年10,000株以内とする。",,可決,93.52
47250,47250_20250328.htm,第１号議案,剰余金処分の件,null,可決,99.93
47250,47250_20250328.htm,第２号議案,取締役７名選任の件,西森 良太,可決,88.84
47250,47250_20250328.htm,第２号議案,取締役７名選任の件,酒匂 明彦,可決,88.23
47250,47250_20250328.htm,第２号議案,取締役７名選任の件,佐別當 宏友,可決,98.57
47250,47250_20250328.htm,第２号議案,取締役７名選任の件,松尾 美香,可決,98.43
47250,47250_20250328.htm,第２号議案,取締役７名選任の件,大槻 友紀,可決,98.61
47250,47250_20250328.htm,第２号議案,取締役７名選任の件,渡邊 龍男,可決,94.57
47250,47250_20250328.htm,第２号議案,取締役７名選任の件,原田 達也,可決,98.48
47250,47250_20250328.htm,第３号議案,監査役２名選任の件,丹野 伸寿,可決,92.73
47250,47250_20250328.htm,第３号議案,監査役２名選任の件,本多 広和,可決,99.73
32990,32990_20250331.htm,第１号議案,剰余金処分の件,null,可決,99.06
32990,32990_20250331.htm,第２号議案,定款一部変更の件,null,可決,98.85
32990,32990_20250331.htm,第３号議案,取締役１名選任の件,富所　幸子,可決,98.93
32990,32990_20250331.htm,第４号議案,取締役に対する譲渡制限付株式報酬限度額改定の件,null,可決,98.54
60290,60290_20250328.htm,第１号議案,資本金及び資本準備金の額の減少の件。資本政策上の柔軟性及び機動性を確保することを目的とし、資本金の額及び資本準備金の額を減少させる。,,可決,97.03
60290,60290_20250328.htm,第２号議案,取締役（監査等委員である取締役を除く）４名選任の件。取締役（監査等委員である取締役を除く）として、久世博之、田中克典、片田徹、荒谷宗弘を選任する。,久世博之,可決,94.82
60290,60290_20250328.htm,第２号議案,取締役（監査等委員である取締役を除く）４名選任の件。取締役（監査等委員である取締役を除く）として、久世博之、田中克典、片田徹、荒谷宗弘を選任する。,田中克典,可決,96.73
60290,60290_20250328.htm,第２号議案,取締役（監査等委員である取締役を除く）４名選任の件。取締役（監査等委員である取締役を除く）として、久世博之、田中克典、片田徹、荒谷宗弘を選任する。,片田徹,可決,96.72
60290,60290_20250328.htm,第２号議案,取締役（監査等委員である取締役を除く）４名選任の件。取締役（監査等委員である取締役を除く）として、久世博之、田中克典、片田徹、荒谷宗弘を選任する。,荒谷宗弘,可決,97.06
60290,60290_20250328.htm,第３号議案,監査等委員である取締役３名選任の件。監査等委員である取締役として、髙田明夫、岩田潤、奥村佳文を選任する。,髙田明夫,可決,96.99
60290,60290_20250328.htm,第３号議案,監査等委員である取締役３名選任の件。監査等委員である取締役として、髙田明夫、岩田潤、奥村佳文を選任する。,岩田潤,可決,95.09
60290,60290_20250328.htm,第３号議案,監査等委員である取締役３名選任の件。監査等委員である取締役として、髙田明夫、岩田潤、奥村佳文を選任する。,奥村佳文,可決,95.08
39040,39040_20250328.htm,第１号議案,剰余金処分の件,,可決,97.9
39040,39040_20250328.htm,第２号議案,取締役（監査等委員である取締役を除く。）４名選任の件,柳澤　大輔,可決,97.87
39040,39040_20250328.htm,第２号議案,取締役（監査等委員である取締役を除く。）４名選任の件,貝畑　政徳,可決,97.87
39040,39040_20250328.htm,第２号議案,取締役（監査等委員である取締役を除く。）４名選任の件,久場　智喜,可決,97.87
39040,39040_20250328.htm,第２号議案,取締役（監査等委員である取締役を除く。）４名選任の件,森川　徹治,可決,97.87
39040,39040_20250328.htm,第３号議案,監査等委員である取締役１名選任の件,佐渡島　庸平,可決,98.04
39040,39040_20250328.htm,第４号議案,会計監査人選任の件,監査法人A&Aパートナーズ,可決,98.03
39040,39040_20250328.htm,第５号議案,ストック・オプションとして新株予約権を発行する件,,可決,97.89
59650,59650_20250403.htm,第１号議案,剰余金処分の件,null,可決,95.32
59650,59650_20250403.htm,第２号議案,取締役(監査等委員である取締役を除く。)７名選任の件,熊谷　俊範,可決,92.22
59650,59650_20250403.htm,第２号議案,取締役(監査等委員である取締役を除く。)７名選任の件,熊谷　光治,可決,92.68
59650,59650_20250403.htm,第２号議案,取締役(監査等委員である取締役を除く。)７名選任の件,力丸　大成,可決,94.76
59650,59650_20250403.htm,第２号議案,取締役(監査等委員である取締役を除く。)７名選任の件,熊谷　勇人,可決,94.76
59650,59650_20250403.htm,第２号議案,取締役(監査等委員である取締役を除く。)７名選任の件,八田　幸,可決,94.76
59650,59650_20250403.htm,第２号議案,取締役(監査等委員である取締役を除く。)７名選任の件,村岡　哲,可決,94.77
59650,59650_20250403.htm,第２号議案,取締役(監査等委員である取締役を除く。)７名選任の件,蜂谷　勝,可決,95.2
59650,59650_20250403.htm,第３号議案,監査等委員である取締役３名選任の件,久富　正明,可決,94.69
59650,59650_20250403.htm,第３号議案,監査等委員である取締役３名選任の件,若海　和明,可決,94.69
59650,59650_20250403.htm,第３号議案,監査等委員である取締役３名選任の件,香川　希理,可決,95.17
59650,59650_20250403.htm,第４号議案,役員賞与支給の件,null,可決,94.4
44150,44150_20250326.htm,第１号議案　取締役10名選任の件,中西良祐、中西美津代、上田大介、金子俊二、山口哲央、畑江一生、山本和生、渡邊宗義、井上北斗、木村俊雄の各氏を取締役に選任する,中西良祐、中西美津代、上田大介、金子俊二、山口哲央、畑江一生、山本和生、渡邊宗義、井上北斗、木村俊雄,可決,97.34
44150,44150_20250326.htm,第１号議案　取締役10名選任の件,中西良祐、中西美津代、上田大介、金子俊二、山口哲央、畑江一生、山本和生、渡邊宗義、井上北斗、木村俊雄の各氏を取締役に選任する,中西美津代,可決,98.24
44150,44150_20250326.htm,第１号議案　取締役10名選任の件,中西良祐、中西美津代、上田大介、金子俊二、山口哲央、畑江一生、山本和生、渡邊宗義、井上北斗、木村俊雄の各氏を取締役に選任する,上田大介,可決,98.24
44150,44150_20250326.htm,第１号議案　取締役10名選任の件,中西良祐、中西美津代、上田大介、金子俊二、山口哲央、畑江一生、山本和生、渡邊宗義、井上北斗、木村俊雄の各氏を取締役に選任する,金子俊二,可決,98.24
44150,44150_20250326.htm,第１号議案　取締役10名選任の件,中西良祐、中西美津代、上田大介、金子俊二、山口哲央、畑江一生、山本和生、渡邊宗義、井上北斗、木村俊雄の各氏を取締役に選任する,山口哲央,可決,98.24
44150,44150_20250326.htm,第１号議案　取締役10名選任の件,中西良祐、中西美津代、上田大介、金子俊二、山口哲央、畑江一生、山本和生、渡邊宗義、井上北斗、木村俊雄の各氏を取締役に選任する,畑江一生,可決,98.24
44150,44150_20250326.htm,第１号議案　取締役10名選任の件,中西良祐、中西美津代、上田大介、金子俊二、山口哲央、畑江一生、山本和生、渡邊宗義、井上北斗、木村俊雄の各氏を取締役に選任する,山本和生,可決,98.24
44150,44150_20250326.htm,第１号議案　取締役10名選任の件,中西良祐、中西美津代、上田大介、金子俊二、山口哲央、畑江一生、山本和生、渡邊宗義、井上北斗、木村俊雄の各氏を取締役に選任する,渡邊宗義,可決,98.24
44150,44150_20250326.htm,第１号議案　取締役10名選任の件,中西良祐、中西美津代、上田大介、金子俊二、山口哲央、畑江一生、山本和生、渡邊宗義、井上北斗、木村俊雄の各氏を取締役に選任する,井上北斗,可決,98.23
44150,44150_20250326.htm,第１号議案　取締役10名選任の件,中西良祐、中西美津代、上田大介、金子俊二、山口哲央、畑江一生、山本和生、渡邊宗義、井上北斗、木村俊雄の各氏を取締役に選任する,木村俊雄,可決,98.21
44150,44150_20250326.htm,第２号議案　監査役３名選任の件,占部裕二、長井完文、村島雅弘の各氏を監査役に選任する,占部裕二,可決,99.78
44150,44150_20250326.htm,第２号議案　監査役３名選任の件,占部裕二、長井完文、村島雅弘の各氏を監査役に選任する,長井完文,可決,99.8
44150,44150_20250326.htm,第２号議案　監査役３名選任の件,占部裕二、長井完文、村島雅弘の各氏を監査役に選任する,村島雅弘,可決,99.79
45880,45880_20250331.htm,第１号議案,取締役４名選任の件,浦田　泰生,可決,98.18
45880,45880_20250331.htm,第１号議案,取締役４名選任の件,樫原　康成,可決,98.227
45880,45880_20250331.htm,第１号議案,取締役４名選任の件,斎藤　泰,可決,98.25
45880,45880_20250331.htm,第１号議案,取締役４名選任の件,飯野　直子,可決,98.131
45880,45880_20250331.htm,第２号議案,監査役３名選任の件,久世　愼一,可決,98.541
45880,45880_20250331.htm,第２号議案,監査役３名選任の件,栁澤　崇仁,可決,98.432
45880,45880_20250331.htm,第２号議案,監査役３名選任の件,永末　真也,可決,98.425
45880,45880_20250331.htm,第３号議案,補欠監査役１名選任の件,田村彰浩,可決,98.362
45880,45880_20250331.htm,第４号議案,資本金及び資本準備金の額の減少並びに剰余金の処分の件,null,可決,98.385
66340,66340_20250312.htm,第１号議案,取締役７名選任の件,石原直樹,可決,99.6
66340,66340_20250312.htm,第１号議案,取締役７名選任の件,秋山司,可決,99.61
66340,66340_20250312.htm,第１号議案,取締役７名選任の件,深見修,可決,99.6
66340,66340_20250312.htm,第１号議案,取締役７名選任の件,齊藤洋介,可決,99.6
66340,66340_20250312.htm,第１号議案,取締役７名選任の件,張偉,可決,99.6
66340,66340_20250312.htm,第１号議案,取締役７名選任の件,駒田一央,可決,99.59
66340,66340_20250312.htm,第１号議案,取締役７名選任の件,北村克己,可決,99.6
66340,66340_20250312.htm,第２号議案,監査役１名選任の件,佐々木弘,可決,99.6
66340,66340_20250312.htm,第３号議案,ストック・オプションとしての新株予約権を発行する件,該当なし,可決,99.43
47660,47660_20250403.htm,第１号議案,取締役５名選任の件,加藤　博敏,可決,99.3
47660,47660_20250403.htm,第１号議案,取締役５名選任の件,垣内　康晴,可決,99.3
47660,47660_20250403.htm,第１号議案,取締役５名選任の件,桂川　梢,可決,99.3
47660,47660_20250403.htm,第１号議案,取締役５名選任の件,深谷　弦希,可決,99.3
47660,47660_20250403.htm,第１号議案,取締役５名選任の件,丹波　史紀,可決,99.3
47660,47660_20250403.htm,第２号議案,補欠監査役１名選任の件,朝妻　義孝,可決,99.3
39120,39120_20250326.htm,第１号議案,剰余金処分の件,,可決,95.15
39120,39120_20250326.htm,第２号議案,定款一部変更の件,,可決,90.02
39120,39120_20250326.htm,第３号議案,取締役（監査等委員である取締役を除く。）３名選任の件,宮嶌　裕二,可決,92.02
39120,39120_20250326.htm,第３号議案,取締役（監査等委員である取締役を除く。）３名選任の件,成沢　理恵,可決,94.92
39120,39120_20250326.htm,第３号議案,取締役（監査等委員である取締役を除く。）３名選任の件,山口　周,可決,94.81
61730,61730_20250401.htm,第１号議案　定款一部変更の件,"当社の発行可能株式総数を6,400,000株から12,000,000株に増加",null,可決,98.84
61730,61730_20250401.htm,第２号議案　第三者割当による募集株式発行の件,会社法第199条に基づき、特に有利な払込金額での募集株式を発行,綿引 一、ＩＴＪ株式会社、勝俣 篤志、金田 卓也、大垣内 剛、株式会社T・Kホールディングス、榊原 暢宏、寒川 登代志、株式会社イースマイル,可決,98.83
61730,61730_20250401.htm,第３号議案　第三者割当による新株予約権発行の件,東京証券取引所の定める有価証券上場規程第432条の規定に従い、第三者割り当てによる第１回新株予約権の発行,ITJ株式会社、寒川登代志、加藤　伸克、田中　克明、楯　広長、工藤　正尚,可決,98.57
21500,21500_20250328.htm,第１号議案,"剰余金処分の件
期末配当に関する事項
当社普通株式１株につき金12円",,可決,95.57
21500,21500_20250328.htm,第２号議案,"定款一部変更の件
今後の事業内容の多角化に備え、また、グループ会社との連携を推進するため、事業目的の追加及び一部表現の変更等を行うものであります。",,可決,99.63
21500,21500_20250328.htm,第３号議案,"取締役６名選任の件
取締役に大野元泰、藤井勝博、藤井寛治、山田恵子、遠山峰輝及び鹿目泰を選任するものであります。",大野元泰,可決,95.23
21500,21500_20250328.htm,第３号議案,"取締役６名選任の件
取締役に大野元泰、藤井勝博、藤井寛治、山田恵子、遠山峰輝及び鹿目泰を選任するものであります。",藤井勝博,可決,93.96
21500,21500_20250328.htm,第３号議案,"取締役６名選任の件
取締役に大野元泰、藤井勝博、藤井寛治、山田恵子、遠山峰輝及び鹿目泰を選任するものであります。",藤井寛治,可決,98.9
21500,21500_20250328.htm,第３号議案,"取締役６名選任の件
取締役に大野元泰、藤井勝博、藤井寛治、山田恵子、遠山峰輝及び鹿目泰を選任するものであります。",山田恵子,可決,98.96
21500,21500_20250328.htm,第３号議案,"取締役６名選任の件
取締役に大野元泰、藤井勝博、藤井寛治、山田恵子、遠山峰輝及び鹿目泰を選任するものであります。",遠山峰輝,可決,99.0
21500,21500_20250328.htm,第３号議案,"取締役６名選任の件
取締役に大野元泰、藤井勝博、藤井寛治、山田恵子、遠山峰輝及び鹿目泰を選任するものであります。",鹿目泰,可決,99.05
98270,98270_20250401.htm,第１号議案　剰余金処分の件,"期末配当として、普通株式１株につき金36円、総額443,446,056円を2025年３月31日に効力発生",,可決,96.27
98270,98270_20250401.htm,第２号議案　定款一部変更の件,事業目的に「倉庫業」を追加,,可決,96.27
98270,98270_20250401.htm,第３号議案　取締役（監査等委員である取締役を除く。）６名選任の件,取締役（監査等委員である取締役を除く。）６名選任,山田俊之,可決,96.15
98270,98270_20250401.htm,第３号議案　取締役（監査等委員である取締役を除く。）６名選任の件,取締役（監査等委員である取締役を除く。）６名選任,末松博貴,可決,96.17
98270,98270_20250401.htm,第３号議案　取締役（監査等委員である取締役を除く。）６名選任の件,取締役（監査等委員である取締役を除く。）６名選任,平山雅也,可決,96.09
98270,98270_20250401.htm,第３号議案　取締役（監査等委員である取締役を除く。）６名選任の件,取締役（監査等委員である取締役を除く。）６名選任,髙木寛,可決,96.06
98270,98270_20250401.htm,第３号議案　取締役（監査等委員である取締役を除く。）６名選任の件,取締役（監査等委員である取締役を除く。）６名選任,岡田卓哉,可決,96.06
98270,98270_20250401.htm,第３号議案　取締役（監査等委員である取締役を除く。）６名選任の件,取締役（監査等委員である取締役を除く。）６名選任,渋谷守浩,可決,96.08
98270,98270_20250401.htm,第４号議案　監査等委員である取締役３名選任および補欠の監査等委員である取締役１名選任の件,監査等委員である取締役３名選任および補欠の監査等委員である取締役１名選任,原井武志,可決,96.15
98270,98270_20250401.htm,第４号議案　監査等委員である取締役３名選任および補欠の監査等委員である取締役１名選任の件,監査等委員である取締役３名選任および補欠の監査等委員である取締役１名選任,坂本晋,可決,96.14
98270,98270_20250401.htm,第４号議案　監査等委員である取締役３名選任および補欠の監査等委員である取締役１名選任の件,監査等委員である取締役３名選任および補欠の監査等委員である取締役１名選任,内田るみ子,可決,96.16
98270,98270_20250401.htm,第４号議案　監査等委員である取締役３名選任および補欠の監査等委員である取締役１名選任の件,監査等委員である取締役３名選任および補欠の監査等委員である取締役１名選任,菅弘一,可決,96.15
98270,98270_20250401.htm,第５号議案　会計監査人選任の件,会計監査人に有限責任監査法人トーマツを選任,,可決,96.26
53100,53100_20250401.htm,第１号議案,"剰余金の処分の件
　期末配当に関する事項
　当社普通株式１株につき金145円",,可決,92.88
53100,53100_20250401.htm,第２号議案,取締役５名選任の件,近藤　尚孝,可決,95.4
53100,53100_20250401.htm,第２号議案,取締役５名選任の件,濱田　達郎,可決,95.44
53100,53100_20250401.htm,第２号議案,取締役５名選任の件,松尾　修介,可決,95.51
53100,53100_20250401.htm,第２号議案,取締役５名選任の件,高坂　佳郁子,可決,95.57
53100,53100_20250401.htm,第２号議案,取締役５名選任の件,内藤　牧男,可決,95.46
50380,50380_20250328.htm,剰余金処分の件,期末配当に関する事項,,可決,99.05
96560,96560_20250331.htm,第１号議案,剰余金処分の件,,可決,99.9
96560,96560_20250331.htm,第２号議案,取締役７名選任の件,松野隆徳,可決,97.2
96560,96560_20250331.htm,第２号議案,取締役７名選任の件,寺田尚文,可決,98.3
96560,96560_20250331.htm,第２号議案,取締役７名選任の件,佐伯賢二,可決,98.3
96560,96560_20250331.htm,第２号議案,取締役７名選任の件,田中宏昌,可決,98.3
96560,96560_20250331.htm,第２号議案,取締役７名選任の件,冨山裕人,可決,98.3
96560,96560_20250331.htm,第２号議案,取締役７名選任の件,山下秋史,可決,98.3
96560,96560_20250331.htm,第２号議案,取締役７名選任の件,大塚晶子,可決,98.2
64440,64440_20250331.htm,第1号議案,取締役8名選任の件,高　玉玲,可決,98.91
64440,64440_20250331.htm,第1号議案,取締役8名選任の件,朱　&#32835;,可決,98.26
64440,64440_20250331.htm,第1号議案,取締役8名選任の件,于　芝涛,可決,98.73
64440,64440_20250331.htm,第1号議案,取締役8名選任の件,王　志剛,可決,99.02
64440,64440_20250331.htm,第1号議案,取締役8名選任の件,小林　英幸,可決,98.69
64440,64440_20250331.htm,第1号議案,取締役8名選任の件,趙　福全,可決,94.9
64440,64440_20250331.htm,第1号議案,取締役8名選任の件,巨　東英,可決,98.75
64440,64440_20250331.htm,第1号議案,取締役8名選任の件,王　震坡,可決,98.74
64440,64440_20250331.htm,第2号議案,監査役4名選任の件,金子　昭一,可決,99.18
64440,64440_20250331.htm,第2号議案,監査役4名選任の件,孫　佳慧,可決,99.12
64440,64440_20250331.htm,第2号議案,監査役4名選任の件,井村　正彦,可決,98.77
64440,64440_20250331.htm,第2号議案,監査役4名選任の件,遠山　高英,可決,99.09
36490,36490_20250328.htm,第１号議案,剰余金処分の件,,可決,94.83
36490,36490_20250328.htm,第２号議案,取締役（監査等委員である取締役を除く。）６名選任の件,相原　輝夫,可決,81.01
36490,36490_20250328.htm,第２号議案,取締役（監査等委員である取締役を除く。）６名選任の件,近藤　功治,可決,91.09
36490,36490_20250328.htm,第２号議案,取締役（監査等委員である取締役を除く。）６名選任の件,長谷川　裕明,可決,91.09
36490,36490_20250328.htm,第２号議案,取締役（監査等委員である取締役を除く。）６名選任の件,宮川　力,可決,91.07
36490,36490_20250328.htm,第２号議案,取締役（監査等委員である取締役を除く。）６名選任の件,垣内　圭介,可決,94.39
36490,36490_20250328.htm,第２号議案,取締役（監査等委員である取締役を除く。）６名選任の件,小野　明,可決,91.06
44870,44870_20250328.htm,第１号議案,取締役（監査等委員である取締役を除く。）３名選任の件,重松大輔,可決,99.58
44870,44870_20250328.htm,第１号議案,取締役（監査等委員である取締役を除く。）３名選任の件,佐々木正将,可決,99.58
44870,44870_20250328.htm,第１号議案,取締役（監査等委員である取締役を除く。）３名選任の件,田中優子,可決,99.58
44870,44870_20250328.htm,第２号議案,監査等委員である取締役３名選任の件,石原遥平,可決,99.72
44870,44870_20250328.htm,第２号議案,監査等委員である取締役３名選任の件,青野瑞穂,可決,99.72
44870,44870_20250328.htm,第２号議案,監査等委員である取締役３名選任の件,藤川祐一,可決,99.71
40450,40450_20250328.htm,第１号議案,剰余金の処分の件,null,可決,99.72
40450,40450_20250328.htm,第２号議案,取締役（監査等委員である取締役を除く。）８名選任の件,髙村美己志,可決,98.44
40450,40450_20250328.htm,第２号議案,取締役（監査等委員である取締役を除く。）８名選任の件,小淵秀範,可決,98.3
40450,40450_20250328.htm,第２号議案,取締役（監査等委員である取締役を除く。）８名選任の件,丸本悦造,可決,98.83
40450,40450_20250328.htm,第２号議案,取締役（監査等委員である取締役を除く。）８名選任の件,髙山昭二,可決,98.8
40450,40450_20250328.htm,第２号議案,取締役（監査等委員である取締役を除く。）８名選任の件,加藤隆史,可決,99.08
40450,40450_20250328.htm,第２号議案,取締役（監査等委員である取締役を除く。）８名選任の件,伊藤雅彦,可決,99.08
40450,40450_20250328.htm,第２号議案,取締役（監査等委員である取締役を除く。）８名選任の件,松田明彦,可決,98.79
40450,40450_20250328.htm,第２号議案,取締役（監査等委員である取締役を除く。）８名選任の件,石山麗子,可決,99.13
40450,40450_20250328.htm,第３号議案,監査等委員である取締役１名選任の件,小町谷育子,可決,99.14
40450,40450_20250328.htm,第４号議案,取締役（監査等委員である取締役を除く。）の報酬額の改定の件,null,可決,99.42
40450,40450_20250328.htm,第５号議案,監査等委員である取締役の報酬額の改定の件,null,可決,99.43
48810,48810_20250401.htm,第１号議案,取締役５名選任の件,三好稔美,可決,98.16
48810,48810_20250401.htm,第１号議案,取締役５名選任の件,冨岡英樹,可決,98.22
48810,48810_20250401.htm,第１号議案,取締役５名選任の件,林毅俊,可決,98.15
48810,48810_20250401.htm,第１号議案,取締役５名選任の件,栄木憲和,可決,98.04
48810,48810_20250401.htm,第１号議案,取締役５名選任の件,原誠,可決,98.09
48810,48810_20250401.htm,第２号議案,補欠監査役選任の件,樋口尚文,可決,98.35
29310,29310_20250331.htm,議案,取締役（監査等委員である取締役を除く。）５名選任の件,出雲　充,可決,85.86
29310,29310_20250331.htm,議案,取締役（監査等委員である取締役を除く。）５名選任の件,若原　智広,可決,95.32
29310,29310_20250331.htm,議案,取締役（監査等委員である取締役を除く。）５名選任の件,植村　弘子,可決,95.33
29310,29310_20250331.htm,議案,取締役（監査等委員である取締役を除く。）５名選任の件,岡島　悦子,可決,90.17
29310,29310_20250331.htm,議案,取締役（監査等委員である取締役を除く。）５名選任の件,琴坂　将広,可決,91.04
44760,44760_20250326.htm,第１号議案,取締役（監査等委員である取締役を除く。）２名選任の件,原田典子,可決,99.21
44760,44760_20250326.htm,第１号議案,取締役（監査等委員である取締役を除く。）２名選任の件,菅野智也,可決,99.21
44760,44760_20250326.htm,第２号議案,監査等委員である取締役１名選任の件,仙谷実,可決,99.04
29750,29750_20250225.htm,第１号議案,取締役（監査等委員である取締役を除く。）１名選任の件,水永政志,可決,96.48
29750,29750_20250225.htm,第２号議案,監査等委員である取締役３名選任の件,小滝一彦,可決,98.43
29750,29750_20250225.htm,第２号議案,監査等委員である取締役３名選任の件,矢野裕史,可決,99.9
29750,29750_20250225.htm,第２号議案,監査等委員である取締役３名選任の件,和田哲夫,可決,99.85
29750,29750_20250225.htm,第３号議案,会計監査人選任の件,太陽有限責任監査法人,可決,93.8
44770,44770_20250328.htm,第１号議案,定款一部変更の件,,可決,98.97
44770,44770_20250328.htm,第２号議案,取締役５名選任の件,鶴岡裕太,可決,91.84
44770,44770_20250328.htm,第２号議案,取締役５名選任の件,原田健,可決,97.68
44770,44770_20250328.htm,第２号議案,取締役５名選任の件,志村正之,可決,97.56
44770,44770_20250328.htm,第２号議案,取締役５名選任の件,松崎みさ,可決,97.61
44770,44770_20250328.htm,第２号議案,取締役５名選任の件,鈴木順子,可決,97.26
44770,44770_20250328.htm,第３号議案,補欠監査役１名選任の件,松原香織,可決,98.89
44770,44770_20250328.htm,第４号議案,取締役に対する譲渡制限付株式の付与のための報酬改定の件,,可決,91.27
57070,57070_20250324.htm,第１号議案,第２号議案及び第３号議案に係る第三者割当増資に基づくA種優先株式（第２号議案において定義し、以下同様とする。）及びB種劣後株式（第３号議案において定義し、以下同様とする。）の発行のためA種優先株式及びB種劣後株式に関する規定を新設するとともに、発行可能株式総数の増加を目的として、現行定款に所要の変更を行う。,null,可決,96.05
57070,57070_20250324.htm,第２号議案,会社法第199条の規定に基づき、株式会社アドバンテッジパートナーズ（以下「AP」という。）がサービスを提供するファンド（以下「APファンド」という。）に対する第三者割当によるA種優先株式（以下「本A種優先株式」という。）を発行する。なお、本A種優先株式の発行条件は当社のおかれた事業環境及び財務状況を考慮したうえで、APファンドとの間で慎重に交渉・協議を重ねて決定されていること等を総合的に勘案し、当社は、本A種優先株式の発行について有利発行に該当しないと判断している。しかしながら、市場価格のない種類株式の価値評価については様々な考え方があり得ること等から、会社法第199条第２項及び第３項並びに第309条第２項の規定に基づき、本議案について株主の皆様の承認をお願いするものである。また、本A種優先株式がAPファンドに対して割り当てられ、かつ本A種優先株式の全部について転換価額の下限である520円をもって当社普通株式に転換された場合、希薄化率は約170.4％となるため、東京証券取引所の定める有価証券上場規程第432条第２号に従い、本臨時株主総会において株主の皆様の意思確認を併せてお願いするものである。,null,可決,95.31
57070,57070_20250324.htm,第３号議案,"会社法第199条の規定に基づき、APファンド及び辰巳商会に対する第三者割当によるB種劣後株式（以下「本B種劣後株式」という。）を発行する。なお、本B種劣後株式の発行条件は当社のおかれた事業環境及び財務状況を考慮したうえで、APファンド及び辰巳商会との間で慎重に交渉・協議を重ねて決定されていること等を総合的に勘案し、当社は、本B種劣後株式の発行について有利発行に該当しないと判断している。しかしながら、市場価格のない種類株式の価値評価については様々な考え方があり得ること等から、会社法第199条第２項及び第３項並びに第309条第２項の規定に基づき、本議案について株主の皆様の承認をお願いするものである。また、本B種劣後株式について、2024年９月30日現在の当社の総議決権数135,449個を分母とする希薄化率は約129.5％に相当することから、東京証券取引所の定める有価証券上場規程第432条第２号に従い、本臨時株主総会において株主の皆様の意思確認を併せてお願いするものである。",null,可決,95.71
57070,57070_20250324.htm,第４号議案,本A種優先株式及び本B種劣後株式に係る普通株式を対価とする取得請求権の行使による普通株式の新規発行を可能とするため、現行定款に所要の変更を行う。,null,可決,95.47
57070,57070_20250324.htm,第５号議案,取締役（監査等委員である取締役を除く。）として、印東徹、田中耕路、宮本洋之の３名を選任する。なお、本議案に係る取締役の選任の効力は、本A種優先株式及び本B種劣後株式の発行が完了することを条件とする。,印東　徹,可決,83.63
57070,57070_20250324.htm,第５号議案,取締役（監査等委員である取締役を除く。）として、印東徹、田中耕路、宮本洋之の３名を選任する。なお、本議案に係る取締役の選任の効力は、本A種優先株式及び本B種劣後株式の発行が完了することを条件とする。,田中　耕路,可決,83.49
57070,57070_20250324.htm,第５号議案,取締役（監査等委員である取締役を除く。）として、印東徹、田中耕路、宮本洋之の３名を選任する。なお、本議案に係る取締役の選任の効力は、本A種優先株式及び本B種劣後株式の発行が完了することを条件とする。,宮本　洋之,可決,83.86
70830,70830_20250228.htm,第１号議案,剰余金の処分の件,,可決,99.58
70830,70830_20250228.htm,第２号議案,定款の一部変更の件,,可決,99.58
70830,70830_20250228.htm,第３号議案,取締役６名選任の件,荒木喜貴,可決,99.53
70830,70830_20250228.htm,第３号議案,取締役６名選任の件,土山茂太,可決,99.53
70830,70830_20250228.htm,第３号議案,取締役６名選任の件,吉元幸次郎,可決,99.53
70830,70830_20250228.htm,第３号議案,取締役６名選任の件,濵田友則,可決,99.53
70830,70830_20250228.htm,第３号議案,取締役６名選任の件,武藤輝一,可決,99.53
70830,70830_20250228.htm,第３号議案,取締役６名選任の件,寺部達朗,可決,99.53
97570,97570_20250402.htm,第１号議案,"剰余金処分の件。イ　株主に対する剰余金の配当に関する事項及びその総額：１株につき金38円　　総額1,761,685,966円。ロ　効力発生日：2025年３月31日",,可決,99.93
97570,97570_20250402.htm,第２号議案,定款一部変更の件。イ　当社グループの事業の多様化に対応するため、定款第２条（目的）を変更するもの。ロ　定款第３条（本店の所在地）に定める本店所在地を大阪市より東京都中央区に変更するもの。この変更は2025年４月１日から効力を生ずるものとし、その旨の附則を設け、当該附則は、本店移転の効力発生日後削除するもの,,可決,99.66
97570,97570_20250402.htm,第３号議案,取締役（監査等委員である取締役を除く。）　６名選任の件,中谷貴之,可決,98.88
97570,97570_20250402.htm,第３号議案,取締役（監査等委員である取締役を除く。）　６名選任の件,小野達郎,可決,98.73
97570,97570_20250402.htm,第３号議案,取締役（監査等委員である取締役を除く。）　６名選任の件,春田基樹,可決,99.56
97570,97570_20250402.htm,第３号議案,取締役（監査等委員である取締役を除く。）　６名選任の件,砂川伸幸,可決,99.55
97570,97570_20250402.htm,第３号議案,取締役（監査等委員である取締役を除く。）　６名選任の件,山本多絵子,可決,99.55
97570,97570_20250402.htm,第３号議案,取締役（監査等委員である取締役を除く。）　６名選任の件,村上智美,可決,99.56
97570,97570_20250402.htm,第４号議案,監査等委員である取締役１名選任の件,中嶋乃扶子,可決,99.66
21240,21240_20250328.htm,第１号議案,剰余金処分の件,null,可決,99.72
21240,21240_20250328.htm,第２号議案,監査等委員でない取締役９名選任の件,田崎ひろみ,可決,98.74
21240,21240_20250328.htm,第２号議案,監査等委員でない取締役９名選任の件,田崎忠良,可決,99.59
21240,21240_20250328.htm,第２号議案,監査等委員でない取締役９名選任の件,山田広記,可決,99.6
21240,21240_20250328.htm,第２号議案,監査等委員でない取締役９名選任の件,沖野俊彦,可決,99.57
21240,21240_20250328.htm,第２号議案,監査等委員でない取締役９名選任の件,スティーブン・ブランデル,可決,99.59
21240,21240_20250328.htm,第２号議案,監査等委員でない取締役９名選任の件,加瀬豊,可決,99.6
21240,21240_20250328.htm,第２号議案,監査等委員でない取締役９名選任の件,ギュンター・ツォーン,可決,99.61
21240,21240_20250328.htm,第２号議案,監査等委員でない取締役９名選任の件,中井戸信英,可決,99.59
21240,21240_20250328.htm,第２号議案,監査等委員でない取締役９名選任の件,豊田明子,可決,99.66
21240,21240_20250328.htm,第３号議案,取締役（社外取締役及び監査等委員である取締役を除く。）に対する業績連動型株式報酬付与のための報酬決定の件,null,可決,97.65
21240,21240_20250328.htm,第４号議案,補欠の監査等委員である取締役１名選任の件,小林多希子,可決,99.68
35400,35400_20250331.htm,第１号議案,剰余金処分の件,null,可決,94.11
35400,35400_20250331.htm,第２号議案,取締役７名選任の件,清水清人,可決,92.14
35400,35400_20250331.htm,第２号議案,取締役７名選任の件,小林良充,可決,99.17
35400,35400_20250331.htm,第２号議案,取締役７名選任の件,山内昌晴,可決,99.16
35400,35400_20250331.htm,第２号議案,取締役７名選任の件,河端直典,可決,99.16
35400,35400_20250331.htm,第２号議案,取締役７名選任の件,田島大輔,可決,94.09
35400,35400_20250331.htm,第２号議案,取締役７名選任の件,奥澤明,可決,94.09
35400,35400_20250331.htm,第２号議案,取締役７名選任の件,平野茂樹,可決,94.09
35400,35400_20250331.htm,第３号議案,監査役２名選任の件,園部敏之,可決,97.87
35400,35400_20250331.htm,第３号議案,監査役２名選任の件,本多将吾,可決,97.21
36960,36960_20250326.htm,第１号議案　剰余金配当の件,当社普通株式１株につき金60円（うち、上場10周年記念配当20円を含む）,,可決,99.17
36960,36960_20250326.htm,第２号議案　取締役（監査等委員である取締役を除く）６名選任の件,都木　聡を取締役（監査等委員である取締役を除く）に選任,都木　聡,可決,96.67
36960,36960_20250326.htm,第２号議案　取締役（監査等委員である取締役を除く）６名選任の件,野﨑　哲也を取締役（監査等委員である取締役を除く）に選任,野﨑　哲也,可決,99.08
36960,36960_20250326.htm,第２号議案　取締役（監査等委員である取締役を除く）６名選任の件,小林　保裕を取締役（監査等委員である取締役を除く）に選任,小林　保裕,可決,99.09
36960,36960_20250326.htm,第２号議案　取締役（監査等委員である取締役を除く）６名選任の件,志賀　勇佑を取締役（監査等委員である取締役を除く）に選任,志賀　勇佑,可決,99.07
36960,36960_20250326.htm,第２号議案　取締役（監査等委員である取締役を除く）６名選任の件,多田　斎を取締役（監査等委員である取締役を除く）に選任,多田　斎,可決,93.51
36960,36960_20250326.htm,第２号議案　取締役（監査等委員である取締役を除く）６名選任の件,佐藤　祥子を取締役（監査等委員である取締役を除く）に選任,佐藤　祥子,可決,99.02
36960,36960_20250326.htm,第３号議案　監査等委員である取締役３名選任の件,千歳　香奈を監査等委員である取締役に選任,千歳　香奈,可決,99.15
36960,36960_20250326.htm,第３号議案　監査等委員である取締役３名選任の件,髙橋　由人を監査等委員である取締役に選任,髙橋　由人,可決,73.59
36960,36960_20250326.htm,第３号議案　監査等委員である取締役３名選任の件,上杉　昌隆を監査等委員である取締役に選任,上杉　昌隆,可決,92.69
95390,95390_20250331.htm,第１号議案,剰余金の処分の件　１　期末配当に関する事項　当社普通株式１株につき金35円,,可決,99.637
95390,95390_20250331.htm,第２号議案,定款一部変更の件　定款第３条に定める事業目的について、次のとおり変更する。(1) 今後の事業展開に備えるため、事業目的を追加する。(2) 事業の現状に即して事業内容の明確化をはかるため、事業目的を追加及び変更する。,,可決,99.642
95390,95390_20250331.htm,第３号議案,取締役７名選任の件,菊池　節,可決,99.372
95390,95390_20250331.htm,第３号議案,取締役７名選任の件,江口　孝,可決,99.432
95390,95390_20250331.htm,第３号議案,取締役７名選任の件,久能　剛一,可決,99.517
95390,95390_20250331.htm,第３号議案,取締役７名選任の件,大石　昇,可決,99.518
95390,95390_20250331.htm,第３号議案,取締役７名選任の件,三浦　一棋,可決,99.517
95390,95390_20250331.htm,第３号議案,取締役７名選任の件,前川　渡,可決,99.525
95390,95390_20250331.htm,第３号議案,取締役７名選任の件,森　隆男,可決,99.581
95390,95390_20250331.htm,第４号議案,監査役２名選任の件,青柳　俊一,可決,99.38
95390,95390_20250331.htm,第４号議案,監査役２名選任の件,稲垣　浩一,可決,99.484
76090,76090_20250401.htm,第１号議案,剰余金の処分の件,null,可決,98.53
76090,76090_20250401.htm,第２号議案,定款一部変更の件,null,可決,98.41
76090,76090_20250401.htm,第３号議案,取締役（監査等委員である取締役を除く。）５名選任の件,土屋　伸介,可決,98.45
76090,76090_20250401.htm,第３号議案,取締役（監査等委員である取締役を除く。）５名選任の件,毛利　肇,可決,98.46
76090,76090_20250401.htm,第３号議案,取締役（監査等委員である取締役を除く。）５名選任の件,和田　徹,可決,85.28
76090,76090_20250401.htm,第３号議案,取締役（監査等委員である取締役を除く。）５名選任の件,今矢　明彦,可決,98.27
76090,76090_20250401.htm,第３号議案,取締役（監査等委員である取締役を除く。）５名選任の件,細谷　和俊,可決,98.42
76090,76090_20250401.htm,第４号議案,監査等委員である取締役４名選任の件,氏原　稔,可決,98.33
76090,76090_20250401.htm,第４号議案,監査等委員である取締役４名選任の件,北嶋　紀子,可決,98.4
76090,76090_20250401.htm,第４号議案,監査等委員である取締役４名選任の件,中山　聡,可決,91.36
76090,76090_20250401.htm,第４号議案,監査等委員である取締役４名選任の件,南　　葉子,可決,98.42
76090,76090_20250401.htm,第５号議案,取締役（監査等委員である取締役を除く。）の報酬額決定の件,null,可決,94.94
76090,76090_20250401.htm,第６号議案,監査等委員である取締役の報酬額決定の件,null,可決,95.24
76090,76090_20250401.htm,第７号議案,取締役（監査等委員である取締役及び社外取締役を含む非業務執行取締役を除く。）に対する株式報酬制度決定の件,null,可決,85.44
95630,95630_20250327.htm,第１号議案,取締役３名選任の件,山本浩司,可決,99.01
95630,95630_20250327.htm,第１号議案,取締役３名選任の件,石川豊明,可決,98.89
95630,95630_20250327.htm,第１号議案,取締役３名選任の件,松尾茂,可決,99.1
95630,95630_20250327.htm,第２号議案,監査役１名選任の件,坂爪紀之,可決,99.41
44820,44820_20250331.htm,第１号議案,剰余金処分の件,,可決,97.34
44820,44820_20250331.htm,第２号議案,取締役７名選任の件,杉本　光生,可決,96.21
44820,44820_20250331.htm,第２号議案,取締役７名選任の件,蓮本　奏之,可決,97.11
44820,44820_20250331.htm,第２号議案,取締役７名選任の件,加藤　正明,可決,96.28
44820,44820_20250331.htm,第２号議案,取締役７名選任の件,山本　章代,可決,97.17
44820,44820_20250331.htm,第２号議案,取締役７名選任の件,貝田　敏明,可決,96.04
44820,44820_20250331.htm,第２号議案,取締役７名選任の件,青山　洋一,可決,97.06
44820,44820_20250331.htm,第２号議案,取締役７名選任の件,鈴木　行生,可決,96.82
36800,36800_20250328.htm,第１号議案,取締役４名選任の件,檜野 安弘,可決,96.9
36800,36800_20250328.htm,第１号議案,取締役４名選任の件,安宅 和人,可決,97.4
36800,36800_20250328.htm,第１号議案,取締役４名選任の件,椎名 茂,可決,96.2
36800,36800_20250328.htm,第２号議案,監査役３名選任の件,山岡 篤実,可決,97.6
36800,36800_20250328.htm,第２号議案,監査役３名選任の件,外山 卓夫,可決,97.6
36800,36800_20250328.htm,第２号議案,監査役３名選任の件,白坂 守,可決,97.6
36800,36800_20250328.htm,第３号議案,補欠監査役１名選任の件,補欠監査役,可決,97.6
36800,36800_20250328.htm,第４号議案,資本金及び資本準備金の額の減少の件,資本金及び資本準備金,可決,97.2
72790,72790_20250127.htm,第１号議案,剰余金の処分の件,null,可決,95.25
72790,72790_20250127.htm,第２号議案,取締役４名選任の件,寺浦　太郎,可決,77.4
72790,72790_20250127.htm,第２号議案,取締役４名選任の件,正木　靖子,可決,81.98
72790,72790_20250127.htm,第２号議案,取締役４名選任の件,吉川　博巳,可決,83.53
72790,72790_20250127.htm,第２号議案,取締役４名選任の件,UENISHI KENJI,可決,83.99
72790,72790_20250127.htm,第３号議案,補欠監査役１名選任の件,島尾　恵理,可決,95.27
72790,72790_20250127.htm,第４号議案,当社株式の大規模買付等に関する対応方針（買収防衛策）廃止の件,null,否決,27.52
72790,72790_20250127.htm,第５号議案,定款一部変更（資本コストの開示）の件,null,否決,27.01
72790,72790_20250127.htm,第６号議案,定款一部変更（取締役報酬の個別開示）の件,null,否決,26.74
72790,72790_20250127.htm,第７号議案,定款一部変更（政策保有株式の売却）の件,null,否決,15.98
72790,72790_20250127.htm,第８号議案,剰余金の処分の件,null,否決,14.45
72790,72790_20250127.htm,第９号議案,自己株式の取得の件,null,否決,21.14
72790,72790_20250127.htm,第10号議案,剰余金処分の件,null,否決,21.12
94190,94190_20250326.htm,第１号議案,定款一部変更の件。今後の事業の多角化に対応するため、定款第２条（目的）につきまして、事業目的を追加する。,,可決,96.26
94190,94190_20250326.htm,第２号議案,取締役（監査等委員である取締役を除く。）２名選任の件,成田　徹,可決,94.62
94190,94190_20250326.htm,第２号議案,取締役（監査等委員である取締役を除く。）２名選任の件,原田　実,可決,95.55
94190,94190_20250326.htm,第３号議案,監査等委員である取締役１名選任の件,江口　真理恵,可決,94.96
46120,46120_20250328.htm,第１号議案　剰余金処分の件,"期末配当に関する事項。①株主に対する配当財産の割当てに関する事項およびその総額：当社普通株式１株につき金８円　総額　18,790,014,464円。②剰余金の配当が効力を生じる日：2025年３月28日",,可決,98.78
46120,46120_20250328.htm,第２号議案　取締役９名選任の件,取締役としてゴー・ハップジンを選任する,ゴー・ハップジン,可決,96.12
46120,46120_20250328.htm,第２号議案　取締役９名選任の件,取締役として原　壽を選任する,原　壽,可決,96.3
46120,46120_20250328.htm,第２号議案　取締役９名選任の件,取締役としてアンドリュー・ラークを選任する,アンドリュー・ラーク,可決,99.26
46120,46120_20250328.htm,第２号議案　取締役９名選任の件,取締役としてリム・フィーホアを選任する,リム・フィーホア,可決,98.11
46120,46120_20250328.htm,第２号議案　取締役９名選任の件,取締役として三橋　優隆を選任する,三橋　優隆,可決,98.1
46120,46120_20250328.htm,第２号議案　取締役９名選任の件,取締役として諸星　俊男を選任する,諸星　俊男,可決,97.66
46120,46120_20250328.htm,第２号議案　取締役９名選任の件,取締役として中村　昌義を選任する,中村　昌義,可決,96.53
46120,46120_20250328.htm,第２号議案　取締役９名選任の件,取締役として若月　雄一郎を選任する,若月　雄一郎,可決,97.17
46120,46120_20250328.htm,第２号議案　取締役９名選任の件,取締役としてウィー・シューキムを選任する,ウィー・シューキム,可決,97.0
79150,79150_20250325.htm,第1号議案,取締役9名選任の件,鈴木順也,可決,99.03
79150,79150_20250325.htm,第1号議案,取締役9名選任の件,渡邉　　亘,可決,99.46
79150,79150_20250325.htm,第1号議案,取締役9名選任の件,礒　　　尚,可決,99.47
79150,79150_20250325.htm,第1号議案,取締役9名選任の件,井ノ上大輔,可決,99.46
79150,79150_20250325.htm,第1号議案,取締役9名選任の件,西本　　裕,可決,99.46
79150,79150_20250325.htm,第1号議案,取締役9名選任の件,大杉　和人,可決,99.4
79150,79150_20250325.htm,第1号議案,取締役9名選任の件,松木　和道,可決,99.59
79150,79150_20250325.htm,第1号議案,取締役9名選任の件,竹内　寿一,可決,99.61
79150,79150_20250325.htm,第1号議案,取締役9名選任の件,橋寺由紀子,可決,99.6
79150,79150_20250325.htm,第2号議案,取締役および監査役の報酬等の額改定の件,,可決,98.73
79150,79150_20250325.htm,第3号議案,取締役に対する株式報酬等の内容一部改定の件,,可決,99.12
79720,79720_20250326.htm,第１号議案　剰余金の処分の件,"１株につき金55円　　総額2,706,227,260円、効力発生日2025年３月27日",,可決,99.85
79720,79720_20250326.htm,第２号議案　取締役８名選任の件,取締役として、山田　匡通,山田　匡通,可決,94.11
79720,79720_20250326.htm,第２号議案　取締役８名選任の件,取締役として、湊　宏司,湊　宏司,可決,94.58
79720,79720_20250326.htm,第２号議案　取締役８名選任の件,取締役として、品田　潤生,品田　潤生,可決,99.63
79720,79720_20250326.htm,第２号議案　取締役８名選任の件,取締役として、山村　善仁,山村　善仁,可決,99.6
79720,79720_20250326.htm,第２号議案　取締役８名選任の件,取締役として、似内　志朗,似内　志朗,可決,99.6
79720,79720_20250326.htm,第２号議案　取締役８名選任の件,取締役として、坂東　眞理子,坂東　眞理子,可決,99.33
79720,79720_20250326.htm,第２号議案　取締役８名選任の件,取締役として、川嵜　靖之,川嵜　靖之,可決,96.86
79720,79720_20250326.htm,第２号議案　取締役８名選任の件,取締役として、田中　俊恵,田中　俊恵,可決,99.73
79720,79720_20250326.htm,第３号議案　監査役１名選任の件,監査役として、森谷　仁昭を選任する。,森谷　仁昭,可決,94.49
79720,79720_20250326.htm,第４号議案　補欠監査役１名選任の件,補欠監査役として、小山　充義を選任する。,小山　充義,可決,99.75
79720,79720_20250326.htm,第５号議案　取締役の報酬額改定の件,取締役の報酬限度額を「月額50百万円以内」（うち社外取締役分は月額10百万円以内）とする。,,可決,94.78
79720,79720_20250326.htm,第６号議案　取締役に対する譲渡制限付株式の付与のための報酬改定の件,"取締役に対し、譲渡制限付株式の付与のための報酬として支給する金銭債権の総額を年額500百万円以内（うち社外取締役分は年額20百万円以内）、本制度により発行又は処分される当社の普通株式の総数を年484,000株以内（うち社外取締役分は年19,000株以内）として支給する。",,可決,76.73
26860,26860_20250221.htm,第１号議案,定款一部変更の件（１）Ｂ種種類株式の発行に備え、現行定款第６条の発行可能株式総数を増加するとともに、Ｂ種種類株式の発行可能種類株式総数の規定を新設。（２）現行定款第７条にＢ種種類株式の単元株式数の規定を新設。（３）下記（４）に伴い、現行定款第２章の２の文言を調整。（４）新たに第２章の３としてＢ種種類株式の章を設け、種類株式の要項について規定。（５）新たに第２章の４として種類株式の共通事項の章を設け、Ａ種種類株式とＢ種種類株式に共通の事項について規定。,,可決,95.71
26860,26860_20250221.htm,第２号議案,Ｂ種種類株式発行の件。イオン株式会社に、第三者割当によりＢ種種類株式65株を発行する。,イオン株式会社,可決,95.71
26860,26860_20250221.htm,議案,定款一部変更の件。上記「Ⅰ.臨時株主総会」（２）第１号議案のとおりです。,,可決,95.51
26860,26860_20250221.htm,議案,定款一部変更の件。上記「Ⅰ.臨時株主総会」（２）第１号議案のとおりです。,,可決,100.0
40560,40560_20250328.htm,第１号議案　取締役（監査等委員である取締役を除く。）３名選任の件,取締役（監査等委員である取締役を除く。）として、重松路威、山本正晃、蓮見麻衣子の３名を選任する,重松路威、山本正晃、蓮見麻衣子,可決,98.86
40560,40560_20250328.htm,第１号議案　取締役（監査等委員である取締役を除く。）３名選任の件,取締役（監査等委員である取締役を除く。）として、重松路威、山本正晃、蓮見麻衣子の３名を選任する,重松路威、山本正晃、蓮見麻衣子,可決,99.53
40560,40560_20250328.htm,第１号議案　取締役（監査等委員である取締役を除く。）３名選任の件,取締役（監査等委員である取締役を除く。）として、重松路威、山本正晃、蓮見麻衣子の３名を選任する,重松路威、山本正晃、蓮見麻衣子,可決,98.85
40560,40560_20250328.htm,第２号議案　会計監査人選任の件,会計監査人としてESネクスト監査法人を選任する,ESネクスト監査法人,可決,99.57
25970,25970_20250326.htm,第１号議案,"剰余金の処分の件
期末配当に関する事項
(1)配当財産の種類
金銭
(2)配当財産の割当てに関する事項及びその総額
当社普通株式　1株につき金 8円  配当総額　　　107,042,160円
(3)剰余金の配当が効力を生じる日
2025年3月27日",,可決,86.14
25970,25970_20250326.htm,第２号議案,取締役6名選任の件,塩澤博紀,可決,85.45
25970,25970_20250326.htm,第２号議案,取締役6名選任の件,相澤基,可決,85.9
25970,25970_20250326.htm,第２号議案,取締役6名選任の件,上島昌佐郎,可決,85.88
25970,25970_20250326.htm,第２号議案,取締役6名選任の件,新述孝祐,可決,85.84
25970,25970_20250326.htm,第２号議案,取締役6名選任の件,吉武一郎,可決,85.71
25970,25970_20250326.htm,第２号議案,取締役6名選任の件,近藤正樹,可決,85.81
25970,25970_20250326.htm,第３号議案,補欠監査役1名選任の件,松山秀樹,可決,85.41
77400,77400_20250328.htm,第１号議案,"剰余金の処分の件
１．配当財産の種類
金銭とする。
２．配当財産の割当てに関する事項及びその総額
当社普通株式１株につき105円、配当総額4,383,632,820円とする。
３．剰余金の配当が効力を生じる日
2025年３月27日とする。",,可決,99.14
77400,77400_20250328.htm,第２号議案,"取締役（監査等委員である取締役を除く。）７名選任の件
取締役（監査等委員である取締役を除く。）として、桜庭省吾氏、岡安朋英氏、張勝海氏、大谷真人氏、片桐春美氏、石井絵梨子氏、白川靖浩氏の７名を選任する。",桜庭　省吾,可決,97.13
77400,77400_20250328.htm,第２号議案,"取締役（監査等委員である取締役を除く。）７名選任の件
取締役（監査等委員である取締役を除く。）として、桜庭省吾氏、岡安朋英氏、張勝海氏、大谷真人氏、片桐春美氏、石井絵梨子氏、白川靖浩氏の７名を選任する。",岡安　朋英,可決,97.47
77400,77400_20250328.htm,第２号議案,"取締役（監査等委員である取締役を除く。）７名選任の件
取締役（監査等委員である取締役を除く。）として、桜庭省吾氏、岡安朋英氏、張勝海氏、大谷真人氏、片桐春美氏、石井絵梨子氏、白川靖浩氏の７名を選任する。",張　勝海,可決,97.45
77400,77400_20250328.htm,第２号議案,"取締役（監査等委員である取締役を除く。）７名選任の件
取締役（監査等委員である取締役を除く。）として、桜庭省吾氏、岡安朋英氏、張勝海氏、大谷真人氏、片桐春美氏、石井絵梨子氏、白川靖浩氏の７名を選任する。",大谷　真人,可決,97.46
77400,77400_20250328.htm,第２号議案,"取締役（監査等委員である取締役を除く。）７名選任の件
取締役（監査等委員である取締役を除く。）として、桜庭省吾氏、岡安朋英氏、張勝海氏、大谷真人氏、片桐春美氏、石井絵梨子氏、白川靖浩氏の７名を選任する。",片桐　春美,可決,84.24
77400,77400_20250328.htm,第２号議案,"取締役（監査等委員である取締役を除く。）７名選任の件
取締役（監査等委員である取締役を除く。）として、桜庭省吾氏、岡安朋英氏、張勝海氏、大谷真人氏、片桐春美氏、石井絵梨子氏、白川靖浩氏の７名を選任する。",石井　絵梨子,可決,78.38
77400,77400_20250328.htm,第２号議案,"取締役（監査等委員である取締役を除く。）７名選任の件
取締役（監査等委員である取締役を除く。）として、桜庭省吾氏、岡安朋英氏、張勝海氏、大谷真人氏、片桐春美氏、石井絵梨子氏、白川靖浩氏の７名を選任する。",白川　靖浩,可決,97.82
66640,66640_20250228.htm,監査等委員でない取締役２名選任の件,取締役（監査等委員である取締役を除く）として、俵政美及び丑木崇の両氏を選任する。,俵政美,可決,96.11
66640,66640_20250228.htm,監査等委員でない取締役２名選任の件,取締役（監査等委員である取締役を除く）として、俵政美及び丑木崇の両氏を選任する。,丑木　崇,可決,96.92
42210,42210_20250327.htm,第１号議案,"剰余金の処分の件
イ　株主に対する剰余金の配当に関する事項及びその総額
１株につき金105円
総額1,221,326,925円
ロ　効力発生日
2025年３月27日",,可決,98.73
42210,42210_20250327.htm,第２号議案,取締役５名選任の件,神田進,可決,93.57
42210,42210_20250327.htm,第２号議案,取締役５名選任の件,福田英司,可決,94.89
42210,42210_20250327.htm,第２号議案,取締役５名選任の件,田中祥友,可決,98.37
42210,42210_20250327.htm,第２号議案,取締役５名選任の件,植田智生,可決,98.49
42210,42210_20250327.htm,第２号議案,取締役５名選任の件,香川清造,可決,98.46
42210,42210_20250327.htm,第３号議案,監査等委員である取締役１名選任の件,齋藤伸,可決,83.82
55850,55850_20250131.htm,第１号議案,定款一部変更の件,該当なし,可決,92.99
55850,55850_20250131.htm,第２号議案,取締役９名選任の件,渡邉君人,可決,78.9
55850,55850_20250131.htm,第２号議案,取締役９名選任の件,梶本修身,可決,92.87
55850,55850_20250131.htm,第２号議案,取締役９名選任の件,野村和弘,可決,99.6
55850,55850_20250131.htm,第２号議案,取締役９名選任の件,安田輝訓,可決,99.64
55850,55850_20250131.htm,第２号議案,取締役９名選任の件,杉嵜将茂,可決,99.59
55850,55850_20250131.htm,第２号議案,取締役９名選任の件,川又大祐,可決,99.6
55850,55850_20250131.htm,第２号議案,取締役９名選任の件,木戸岡大輔,可決,99.64
55850,55850_20250131.htm,第２号議案,取締役９名選任の件,奥野素平,可決,77.99
55850,55850_20250131.htm,第２号議案,取締役９名選任の件,土井一真,可決,99.64
55850,55850_20250131.htm,第３号議案,監査役１名選任の件,神山俊一,可決,96.56
64400,64400_20250327.htm,第１号議案,取締役６名選任の件,成川敦,可決,93.3
64400,64400_20250327.htm,第１号議案,取締役６名選任の件,安西洋,可決,96.7
64400,64400_20250327.htm,第１号議案,取締役６名選任の件,橋本圭一,可決,96.5
64400,64400_20250327.htm,第１号議案,取締役６名選任の件,堀裕,可決,87.2
64400,64400_20250327.htm,第１号議案,取締役６名選任の件,渡辺淳子,可決,95.9
64400,64400_20250327.htm,第１号議案,取締役６名選任の件,二瓶ひろ子,可決,96.2
64400,64400_20250327.htm,第２号議案,監査役１名選任の件,寒川倫成,可決,96.5
64400,64400_20250327.htm,第３号議案,補欠監査役１名選任の件,鈴木正彦,可決,96.6
23230,23230_20250325.htm,資本金の額の減少の件,"①　減少する資本金の額：資本金の額174,972,600円のうち164,972,600円を減少して、10,000,000円といたします
②　資本金の額の減少の方法：会社法第447号第1項の規定に基づき、発行済株式総数を変更することなく、資本金の額のみを減少し、減少額164,972,600円を資本準備金に振り替えます。",,可決,99.75
96780,96780_20250124.htm,取締役選任の件,取締役として、金本寛中を選任する。,金本寛中,可決,81.91
96780,96780_20250124.htm,取締役選任の件,取締役として、金本哲男を選任する。,金本哲男,可決,85.07
96780,96780_20250124.htm,取締役選任の件,取締役として、金本龍男を選任する。,金本龍男,可決,95.68
96780,96780_20250124.htm,取締役選任の件,取締役として、橋口和典を選任する。,橋口和典,可決,95.57
96780,96780_20250124.htm,取締役選任の件,取締役として、三野宮朗を選任する。,三野宮朗,可決,95.67
96780,96780_20250124.htm,取締役選任の件,取締役として、渡部純を選任する。,渡部純,可決,95.67
96780,96780_20250124.htm,取締役選任の件,取締役として、廣瀨俊を選任する。,廣瀨俊,可決,95.57
96780,96780_20250124.htm,取締役選任の件,取締役として、山下英明を選任する。,山下英明,可決,95.67
96780,96780_20250124.htm,取締役選任の件,取締役として、有田英司を選任する。,有田英司,可決,89.32
96780,96780_20250124.htm,取締役選任の件,取締役として、米川元樹を選任する。,米川元樹,可決,92.49
96780,96780_20250124.htm,取締役選任の件,取締役として、田端綾子を選任する。,田端綾子,可決,96.63
96780,96780_20250124.htm,取締役選任の件,取締役として、大川哲也を選任する。,大川哲也,可決,85.1
96780,96780_20250124.htm,取締役選任の件,取締役として、澁谷直美を選任する。,澁谷直美,可決,95.34
80770,80770_20250205.htm,第１号議案,剰余金の処分の件,null,可決,99.18
80770,80770_20250205.htm,第２号議案,取締役（監査等委員である取締役を除く。）５名選任の件,檜垣俊行,可決,97.83
80770,80770_20250205.htm,第２号議案,取締役（監査等委員である取締役を除く。）５名選任の件,榎原永二郎,可決,99.18
80770,80770_20250205.htm,第２号議案,取締役（監査等委員である取締役を除く。）５名選任の件,濵中重信,可決,99.06
80770,80770_20250205.htm,第２号議案,取締役（監査等委員である取締役を除く。）５名選任の件,岡田真季,可決,99.06
80770,80770_20250205.htm,第２号議案,取締役（監査等委員である取締役を除く。）５名選任の件,政元竜彦,可決,99.25
80770,80770_20250205.htm,第３号議案,監査等委員である取締役３名選任の件,芝田誠,可決,99.32
80770,80770_20250205.htm,第３号議案,監査等委員である取締役３名選任の件,福田太一,可決,99.3
80770,80770_20250205.htm,第３号議案,監査等委員である取締役３名選任の件,平林恭明,可決,99.28
80770,80770_20250205.htm,第４号議案,補欠の監査等委員である取締役１名選任の件,松本康之,可決,99.32
39810,39810_20250331.htm,第１号議案,剰余金の処分の件,,可決,99.54
39810,39810_20250331.htm,第２号議案,定款一部変更の件,,可決,99.33
39810,39810_20250331.htm,第３号議案,取締役（監査等委員である取締役を除く。）３名選任の件,吉田　仁平,可決,96.66
39810,39810_20250331.htm,第３号議案,取締役（監査等委員である取締役を除く。）３名選任の件,佐藤　俊介,可決,99.17
39810,39810_20250331.htm,第３号議案,取締役（監査等委員である取締役を除く。）３名選任の件,久保　真一郎,可決,98.18
47460,47460_20250328.htm,第１号議案,"剰余金処分の件
期末配当に関する事項
当社普通株式１株につき金70円とする",,可決,99.93
47460,47460_20250328.htm,第２号議案,取締役（監査等委員である取締役を除く）６名選任の件,甲田英毅,可決,92.32
47460,47460_20250328.htm,第２号議案,取締役（監査等委員である取締役を除く）６名選任の件,古閑祐二,可決,92.34
47460,47460_20250328.htm,第２号議案,取締役（監査等委員である取締役を除く）６名選任の件,長沼哲夫,可決,98.34
47460,47460_20250328.htm,第２号議案,取締役（監査等委員である取締役を除く）６名選任の件,岩月直人,可決,98.37
47460,47460_20250328.htm,第２号議案,取締役（監査等委員である取締役を除く）６名選任の件,田﨑滋樹,可決,94.48
47460,47460_20250328.htm,第２号議案,取締役（監査等委員である取締役を除く）６名選任の件,角谷明洋,可決,94.49
47460,47460_20250328.htm,第３号議案,監査等委員である取締役３名選任の件,今西行雄,可決,98.35
47460,47460_20250328.htm,第３号議案,監査等委員である取締役３名選任の件,山口俊明,可決,98.33
47460,47460_20250328.htm,第３号議案,監査等委員である取締役３名選任の件,菅谷雄一,可決,95.59
47460,47460_20250328.htm,第４号議案,補欠の監査等委員である取締役１名選任の件,礒﨑奈保子,可決,92.96
47460,47460_20250328.htm,第５号議案,"ストックオプションとして新株予約権を発行する件
当社の取締役及び従業員に対し、ストックオプションとして発行する新株予約権の募集事項の決定を当社取締役会に委任する",,可決,96.72
59350,59350_20250303.htm,第１号議案,株式併合の件,,可決,96.43
59350,59350_20250303.htm,第２号議案,定款一部変更の件,,可決,96.65
61410,61410_20250331.htm,第１号議案,"剰余金処分の件
期末配当に関する事項
当社普通株式１株につき金50円、総額7,078,726,300円",,可決,98.65
61410,61410_20250331.htm,第２号議案,"定款一部変更の件
実際の本店業務に合わせて、定款第３条に定める本店の所在地を変更する。",,可決,98.66
61410,61410_20250331.htm,第３号議案,取締役12名選任の件,森雅彦,可決,89.09
61410,61410_20250331.htm,第３号議案,取締役12名選任の件,玉井宏明,可決,94.97
61410,61410_20250331.htm,第３号議案,取締役12名選任の件,小林弘武,可決,94.23
61410,61410_20250331.htm,第３号議案,取締役12名選任の件,藤嶋誠,可決,96.9
61410,61410_20250331.htm,第３号議案,取締役12名選任の件,ジェームス ヌド,可決,96.88
61410,61410_20250331.htm,第３号議案,取締役12名選任の件,アルフレッド ガイスラー,可決,96.9
61410,61410_20250331.htm,第３号議案,取締役12名選任の件,イレーネ バーダー,可決,97.0
61410,61410_20250331.htm,第３号議案,取締役12名選任の件,御立尚資,可決,97.75
61410,61410_20250331.htm,第３号議案,取締役12名選任の件,中嶋誠,可決,98.32
61410,61410_20250331.htm,第３号議案,取締役12名選任の件,渡邊弘子,可決,97.1
61410,61410_20250331.htm,第３号議案,取締役12名選任の件,光石衛,可決,97.19
61410,61410_20250331.htm,第３号議案,取締役12名選任の件,河合江理子,可決,97.86
61410,61410_20250331.htm,第４号議案,監査役１名選任の件,岩瀬隆広,可決,98.37
56100,56100_20250220.htm,第１号議案　株式併合の件,"当社の普通株式145,346株を１株に併合。効力発生日：2025年３月13日。効力発生日における発行可能株式総数：36株",,可決,97.71
56100,56100_20250220.htm,第２号議案　定款一部変更の件,第１号議案が原案どおり承認可決され、本株式併合の効力が発生した場合には、会社法第182条第２項の定めに従って、当社株式の発行可能株式総数は36株に減少。本株式併合の効力が発生することを条件として、当社定款第６条（発行可能株式総数）を変更。本株式併合の効力が発生することを条件として、現在１単元100株となっている当社株式の単元株式数の定めを廃止するため、当社定款第８条（単元株式数）及び第９条（単元未満株式についての権利）の全文を削除し、当該変更に伴う条数の繰上げ等所要の変更。,,可決,97.71
65730,65730_20250331.htm,第１号議案,定款の一部変更の件①,,可決,97.39
65730,65730_20250331.htm,第２号議案,定款の一部変更の件②,,可決,97.01
65730,65730_20250331.htm,第３号議案,取締役（監査等委員である取締役を除く。）３名選任の件,野口　敦司,可決,97.1
65730,65730_20250331.htm,第３号議案,取締役（監査等委員である取締役を除く。）３名選任の件,藤原　宏樹,可決,97.08
65730,65730_20250331.htm,第３号議案,取締役（監査等委員である取締役を除く。）３名選任の件,早川　麻依子,可決,96.23
155A0,155A0_20250328.htm,第１号議案　定款一部変更の件,"①当社グループにおける今後の事業内容の多様化に対応するため、定款第２条（目的）に「有価証券の売買、保有及び運用並びにその他投資事業」を追加するものであります。
②場所の定めのない株主総会（いわゆる「バーチャルオンリー株主総会」）を開催することができるよう、定款第12条（招集）に第４項を追加するものであります。
③取締役の任期を２年から１年に短縮することとし、定款第21条（取締役の任期）につき所要の変更を行うものであります。",null,可決,99.67
155A0,155A0_20250328.htm,第２号議案　取締役３名選任の件,取締役として、髙井淳、金井一正及び飯田耕造を選任するものであります。,髙井　淳,可決,99.65
155A0,155A0_20250328.htm,第２号議案　取締役３名選任の件,取締役として、髙井淳、金井一正及び飯田耕造を選任するものであります。,金井　一正,可決,99.66
155A0,155A0_20250328.htm,第２号議案　取締役３名選任の件,取締役として、髙井淳、金井一正及び飯田耕造を選任するものであります。,飯田　耕造,可決,99.67
92140,92140_20250331.htm,第１号議案,取締役４名選任の件,柴田　旬也,可決,97.628
92140,92140_20250331.htm,第１号議案,取締役４名選任の件,大河原　峻,可決,97.828
92140,92140_20250331.htm,第１号議案,取締役４名選任の件,若田　　真,可決,97.828
92140,92140_20250331.htm,第１号議案,取締役４名選任の件,沼田　　功,可決,97.774
92140,92140_20250331.htm,第２号議案,監査役３名選任の件,伊藤　敬子,可決,97.761
92140,92140_20250331.htm,第２号議案,監査役３名選任の件,宮崎　雅俊,可決,97.761
92140,92140_20250331.htm,第２号議案,監査役３名選任の件,伊藤　広樹,可決,97.694
92140,92140_20250331.htm,第３号議案,取締役(社外取締役を除く。)に対する譲渡制限付株式報酬に係る報酬決定の件,,可決,94.297
92140,92140_20250331.htm,第４号議案,取締役(社外取締役を除く。)に対するストック・オプションとしての新株予約権付与のための報酬決定の件,,可決,94.323
31890,31890_20250401.htm,第１号議案,定款一部変更の件,null,可決,99.88
31890,31890_20250401.htm,第２号議案,新設分割計画承認の件,null,可決,99.87
31890,31890_20250401.htm,第３号議案,取締役４名選任の件,川合　林太郎,可決,99.86
31890,31890_20250401.htm,第３号議案,取締役４名選任の件,山本　和弘,可決,99.86
31890,31890_20250401.htm,第３号議案,取締役４名選任の件,宮橋　一郎,可決,99.86
31890,31890_20250401.htm,第３号議案,取締役４名選任の件,柚木　庸輔,可決,99.86
31770,31770_20250115.htm,第１号議案　監査役１名選任の件,監査役として、沙々木睦氏１名を選任する,沙々木睦,可決,99.79
31770,31770_20250115.htm,第２号議案　退任監査役に対する退職慰労金贈呈の件,辞任により監査役を退任いたします安永義昭氏に対し、当社所定の基準に伴い相当額の範囲で退職慰労金を贈呈することとし、その具体的金額、贈呈の時期及び方法等は、監査役の協議に一任する,安永義昭,可決,97.49
37330,37330_20250128.htm,第１号議案,"剰余金処分の件
イ　株主に対する剰余金の配当に関する事項及びその総額
１株につき140円　　総額732,327,400円
ロ　効力発生日
2025年１月27日",null,可決,99.61
37330,37330_20250128.htm,第２号議案,"取締役６名選任の件
取締役として、宮崎勝、大谷明広、松本泰明、田村光、菅野真弘及び石黒訓を選任する",宮崎勝,可決,71.0
37330,37330_20250128.htm,第２号議案,"取締役６名選任の件
取締役として、宮崎勝、大谷明広、松本泰明、田村光、菅野真弘及び石黒訓を選任する",大谷明広,可決,93.64
37330,37330_20250128.htm,第２号議案,"取締役６名選任の件
取締役として、宮崎勝、大谷明広、松本泰明、田村光、菅野真弘及び石黒訓を選任する",松本泰明,可決,98.91
37330,37330_20250128.htm,第２号議案,"取締役６名選任の件
取締役として、宮崎勝、大谷明広、松本泰明、田村光、菅野真弘及び石黒訓を選任する",田村光,可決,98.91
37330,37330_20250128.htm,第２号議案,"取締役６名選任の件
取締役として、宮崎勝、大谷明広、松本泰明、田村光、菅野真弘及び石黒訓を選任する",菅野真弘,可決,98.91
37330,37330_20250128.htm,第２号議案,"取締役６名選任の件
取締役として、宮崎勝、大谷明広、松本泰明、田村光、菅野真弘及び石黒訓を選任する",石黒訓,可決,99.57
37330,37330_20250128.htm,第３号議案,"監査役１名選任の件
監査役として、前川宗夫を選任する",前川宗夫,可決,98.56
37330,37330_20250128.htm,第４号議案,"補欠監査役１名選任の件
補欠監査役として、松尾吉洋を選任する",松尾吉洋,可決,99.67
52500,52500_20250228.htm,取締役（監査等委員である取締役を除く。）５名選任の件,取締役（監査等委員である取締役を除く。）として、吉政忠志、池宮紀昭、城塚紘行、小舘亮之、大﨑理乃の５名を選任する,吉政忠志,可決,99.57
52500,52500_20250228.htm,取締役（監査等委員である取締役を除く。）５名選任の件,取締役（監査等委員である取締役を除く。）として、吉政忠志、池宮紀昭、城塚紘行、小舘亮之、大﨑理乃の５名を選任する,池宮紀昭,可決,99.56
52500,52500_20250228.htm,取締役（監査等委員である取締役を除く。）５名選任の件,取締役（監査等委員である取締役を除く。）として、吉政忠志、池宮紀昭、城塚紘行、小舘亮之、大﨑理乃の５名を選任する,城塚紘行,可決,99.62
52500,52500_20250228.htm,取締役（監査等委員である取締役を除く。）５名選任の件,取締役（監査等委員である取締役を除く。）として、吉政忠志、池宮紀昭、城塚紘行、小舘亮之、大﨑理乃の５名を選任する,小舘亮之,可決,99.59
52500,52500_20250228.htm,取締役（監査等委員である取締役を除く。）５名選任の件,取締役（監査等委員である取締役を除く。）として、吉政忠志、池宮紀昭、城塚紘行、小舘亮之、大﨑理乃の５名を選任する,大﨑理乃,可決,99.56
52160,52160_20250327.htm,第１号議案,取締役６名選任の件,渡邉敏行,可決,99.54
52160,52160_20250327.htm,第１号議案,取締役６名選任の件,小峰衛,可決,99.5
52160,52160_20250327.htm,第１号議案,取締役６名選任の件,星彰治,可決,99.5
52160,52160_20250327.htm,第１号議案,取締役６名選任の件,久保田徹,可決,99.53
52160,52160_20250327.htm,第１号議案,取締役６名選任の件,王馳,可決,99.53
52160,52160_20250327.htm,第１号議案,取締役６名選任の件,本郷邦夫,可決,99.49
52160,52160_20250327.htm,第２号議案,監査役２名選任の件,浦勇和也,可決,99.42
52160,52160_20250327.htm,第２号議案,監査役２名選任の件,菊池紀子,可決,99.58
50100,50100_20250331.htm,取締役選任の件,取締役として、瀧本丈平を選任する,瀧本丈平,可決,90.8
50100,50100_20250331.htm,取締役選任の件,取締役として、伊藤宜広を選任する,伊藤宜広,可決,93.6
50100,50100_20250331.htm,取締役選任の件,取締役として、玉井裕人を選任する,玉井裕人,可決,92.8
50100,50100_20250331.htm,取締役選任の件,取締役として、関端進を選任する,関端進,可決,93.6
50100,50100_20250331.htm,取締役選任の件,取締役として、武内秀明を選任する,武内秀明,可決,93.6
62320,62320_20250404.htm,第１号議案,現在生じている繰越利益剰余金の欠損金を補填し、財務体質の健全化を図るとともに、今後の資本政策の柔軟性と機動性を確保することを目的として、会社法第447条第１項及び第448条第１項の規定に基づき、資本金の額を減少し、これをその他資本剰余金に振り替えるとともに、会社法第452条に基づき、増加後のその他資本剰余金の全額を繰越利益剰余金に振り替える,null,可決,96.13
62320,62320_20250404.htm,第２号議案,当社の会計監査人である有限責任監査法人トーマツは、本株主総会終結の時をもって任期満了により退任されますので、監査等委員会の決定に基づき、新たに会計監査人として監査法人アヴァンティアを選任する,null,可決,96.66
62320,62320_20250404.htm,第３号議案,取締役（監査等委員である取締役を除く。）に鷲谷聡之、早川研介、寺山昇志の各氏を選任する,鷲谷聡之,可決,96.02
62320,62320_20250404.htm,第３号議案,取締役（監査等委員である取締役を除く。）に鷲谷聡之、早川研介、寺山昇志の各氏を選任する,早川研介,可決,95.96
62320,62320_20250404.htm,第３号議案,取締役（監査等委員である取締役を除く。）に鷲谷聡之、早川研介、寺山昇志の各氏を選任する,寺山昇志,可決,95.97
62320,62320_20250404.htm,第４号議案,監査等委員である取締役に静健太郎、香月由嘉、島津忠美の各氏を選任する,静健太郎,可決,95.43
62320,62320_20250404.htm,第４号議案,監査等委員である取締役に静健太郎、香月由嘉、島津忠美の各氏を選任する,香月由嘉,可決,95.38
62320,62320_20250404.htm,第４号議案,監査等委員である取締役に静健太郎、香月由嘉、島津忠美の各氏を選任する,島津忠美,可決,96.56
97490,97490_20250317.htm,第１号議案,取締役12名選任の件,坂下智保氏,可決,99.3
97490,97490_20250317.htm,第１号議案,取締役12名選任の件,大迫館行氏,可決,99.89
97490,97490_20250317.htm,第１号議案,取締役12名選任の件,筒井正氏,可決,99.89
97490,97490_20250317.htm,第１号議案,取締役12名選任の件,森本真里氏,可決,99.89
97490,97490_20250317.htm,第１号議案,取締役12名選任の件,梅津雅史氏,可決,99.87
97490,97490_20250317.htm,第１号議案,取締役12名選任の件,大石健樹氏,可決,99.92
97490,97490_20250317.htm,第１号議案,取締役12名選任の件,荒牧知子氏,可決,99.65
97490,97490_20250317.htm,第１号議案,取締役12名選任の件,辻孝夫氏,可決,99.64
97490,97490_20250317.htm,第１号議案,取締役12名選任の件,仁科秀隆氏,可決,99.64
97490,97490_20250317.htm,第１号議案,取締役12名選任の件,今井光氏,可決,99.64
97490,97490_20250317.htm,第１号議案,取締役12名選任の件,清水雄也氏,可決,99.64
97490,97490_20250317.htm,第１号議案,取締役12名選任の件,石丸慎太郎氏,可決,99.64
97490,97490_20250317.htm,第２号議案,監査役１名選任の件,木村宏之氏,可決,99.82
44480,44480_20250327.htm,第１号議案,事業目的の追加及び変更を行う。,,可決,99.56
44480,44480_20250327.htm,第２号議案,取締役（監査等委員である取締役を除く。）４名選任の件,山本正喜,可決,96.54
44480,44480_20250327.htm,第２号議案,取締役（監査等委員である取締役を除く。）４名選任の件,井上直樹,可決,99.54
44480,44480_20250327.htm,第２号議案,取締役（監査等委員である取締役を除く。）４名選任の件,福田升二,可決,99.5
44480,44480_20250327.htm,第２号議案,取締役（監査等委員である取締役を除く。）４名選任の件,宮坂友大,可決,99.56
44480,44480_20250327.htm,第３号議案,監査等委員である取締役３名選任の件,村田雅幸,可決,99.58
44480,44480_20250327.htm,第３号議案,監査等委員である取締役３名選任の件,早川明伸,可決,99.59
44480,44480_20250327.htm,第３号議案,監査等委員である取締役３名選任の件,福島史之,可決,99.59
130A0,130A0_20250328.htm,第１号議案,資本金の額の減少の件,,可決,88.71
130A0,130A0_20250328.htm,第２号議案,定款一部変更の件,,可決,88.73
130A0,130A0_20250328.htm,第３号議案,取締役４名選任の件,中村慎吾,可決,86.13
130A0,130A0_20250328.htm,第３号議案,取締役４名選任の件,萩原宏昭,可決,88.72
130A0,130A0_20250328.htm,第３号議案,取締役４名選任の件,甲田伊佐男,可決,88.72
130A0,130A0_20250328.htm,第３号議案,取締役４名選任の件,小南欽一郎,可決,88.63
130A0,130A0_20250328.htm,第４号議案,補欠監査役１名選任の件,合田潤,可決,88.72
41700,41700_20250331.htm,取締役選任の件,須藤憲司を取締役に選任する,須藤憲司,可決,91.14
41700,41700_20250331.htm,取締役選任の件,高﨑一を取締役に選任する,高﨑一,可決,91.3
41700,41700_20250331.htm,取締役選任の件,杉山全功を取締役に選任する,杉山全功,可決,91.23
41700,41700_20250331.htm,取締役選任の件,杉之原明子を取締役に選任する,杉之原明子,可決,91.34
40200,40200_20250331.htm,第１号議案,本社を移転することに伴い、定款第３条の規定に定める本店の所在地を東京都千代田区から東京都品川区に変更するものであります。なお、本変更については、2025年６月30日までに開催される取締役会において決定する本店移転日をもって効力を生じる旨の附則を設け、効力発生日経過後、この附則を削除することといたします。,,可決,96.78
40200,40200_20250331.htm,第２号議案,井上英昭、澤田瑞樹、宮下省吾、永山隆昭及び雨宮雄一を取締役に選任するものであります。,井上　英昭,可決,95.52
40200,40200_20250331.htm,第２号議案,井上英昭、澤田瑞樹、宮下省吾、永山隆昭及び雨宮雄一を取締役に選任するものであります。,澤田　瑞樹,可決,95.52
40200,40200_20250331.htm,第２号議案,井上英昭、澤田瑞樹、宮下省吾、永山隆昭及び雨宮雄一を取締役に選任するものであります。,宮下　省吾,可決,95.53
40200,40200_20250331.htm,第２号議案,井上英昭、澤田瑞樹、宮下省吾、永山隆昭及び雨宮雄一を取締役に選任するものであります。,永山　隆昭,可決,95.53
40200,40200_20250331.htm,第２号議案,井上英昭、澤田瑞樹、宮下省吾、永山隆昭及び雨宮雄一を取締役に選任するものであります。,雨宮　雄一,可決,95.53
40200,40200_20250331.htm,第３号議案,壽原友樹を監査役に選任するものであります。,壽原　友樹,可決,97.79
248A0,248A0_20250327.htm,第1号議案,取締役（監査等委員である取締役を除く）4名選任の件,平田 全広、松本 健太郎、金城 永典、細田 正志,可決,98.62
248A0,248A0_20250327.htm,第2号議案,監査等委員である取締役3名選任の件,村田 吉隆、谷内 進、細川 紀子,可決,98.63
248A0,248A0_20250327.htm,第3号議案,資本金の額の減少（減資）の件,null,可決,98.37
69770,69770_20250401.htm,第１号議案,"剰余金処分の件
期末配当に関する事項
当社普通株式１株につき15円",,可決,95.87
69770,69770_20250401.htm,第２号議案,取締役７名選任の件,木村　　準,可決,92.48
69770,69770_20250401.htm,第２号議案,取締役７名選任の件,今井　　治,可決,92.59
69770,69770_20250401.htm,第２号議案,取締役７名選任の件,今井　芳範,可決,92.59
69770,69770_20250401.htm,第２号議案,取締役７名選任の件,愛山　良信,可決,92.51
69770,69770_20250401.htm,第２号議案,取締役７名選任の件,森　　悦夫,可決,92.74
69770,69770_20250401.htm,第２号議案,取締役７名選任の件,橋爪　道也,可決,92.74
69770,69770_20250401.htm,第２号議案,取締役７名選任の件,魚　　孝浩,可決,92.74
69770,69770_20250401.htm,第３号議案,監査役３名選任の件,堀井　　進,可決,92.65
69770,69770_20250401.htm,第３号議案,監査役３名選任の件,堀越　直子,可決,92.44
69770,69770_20250401.htm,第３号議案,監査役３名選任の件,白田　幸春,可決,94.62
69770,69770_20250401.htm,第４号議案,補欠監査役１名選任の件,荒井　眞一,可決,92.57
44630,44630_20250328.htm,第１号議案,"剰余金の処分の件
期末配当に関する事項
当社普通株式１株につき金27円",null,可決,99.1
44630,44630_20250328.htm,第２号議案,取締役10名選任の件,江守康昌,可決,98.91
44630,44630_20250328.htm,第２号議案,取締役10名選任の件,龍村和久,可決,98.97
44630,44630_20250328.htm,第２号議案,取締役10名選任の件,児島大司,可決,98.98
44630,44630_20250328.htm,第２号議案,取締役10名選任の件,澤崎祥也,可決,98.99
44630,44630_20250328.htm,第２号議案,取締役10名選任の件,李晶日,可決,98.96
44630,44630_20250328.htm,第２号議案,取締役10名選任の件,稲継崇宏,可決,98.99
44630,44630_20250328.htm,第２号議案,取締役10名選任の件,相澤馨,可決,98.73
44630,44630_20250328.htm,第２号議案,取締役10名選任の件,山岡美奈子,可決,98.94
44630,44630_20250328.htm,第２号議案,取締役10名選任の件,坂本修一,可決,98.93
44630,44630_20250328.htm,第２号議案,取締役10名選任の件,朝倉浩一,可決,98.96
44630,44630_20250328.htm,第３号議案,監査役１名選任の件,森口功一,可決,99.0
44630,44630_20250328.htm,第４号議案,補欠監査役１名選任の件,野波俊光,可決,98.97
66270,66270_20250328.htm,取締役８名選任の件,取締役として、横山　毅、黒木　陽一、蔡篤恭、謝永達、沈俊宏、岩間　耕二、森　直樹、河野　通有を選任する。,横山　毅,可決,95.868
66270,66270_20250328.htm,取締役８名選任の件,取締役として、横山　毅、黒木　陽一、蔡篤恭、謝永達、沈俊宏、岩間　耕二、森　直樹、河野　通有を選任する。,黒木　陽一,可決,99.688
66270,66270_20250328.htm,取締役８名選任の件,取締役として、横山　毅、黒木　陽一、蔡篤恭、謝永達、沈俊宏、岩間　耕二、森　直樹、河野　通有を選任する。,蔡篤恭,可決,96.594
66270,66270_20250328.htm,取締役８名選任の件,取締役として、横山　毅、黒木　陽一、蔡篤恭、謝永達、沈俊宏、岩間　耕二、森　直樹、河野　通有を選任する。,謝永達,可決,99.654
66270,66270_20250328.htm,取締役８名選任の件,取締役として、横山　毅、黒木　陽一、蔡篤恭、謝永達、沈俊宏、岩間　耕二、森　直樹、河野　通有を選任する。,沈俊宏,可決,99.691
66270,66270_20250328.htm,取締役８名選任の件,取締役として、横山　毅、黒木　陽一、蔡篤恭、謝永達、沈俊宏、岩間　耕二、森　直樹、河野　通有を選任する。,岩間　耕二,可決,95.404
66270,66270_20250328.htm,取締役８名選任の件,取締役として、横山　毅、黒木　陽一、蔡篤恭、謝永達、沈俊宏、岩間　耕二、森　直樹、河野　通有を選任する。,森　直樹,可決,96.294
66270,66270_20250328.htm,取締役８名選任の件,取締役として、横山　毅、黒木　陽一、蔡篤恭、謝永達、沈俊宏、岩間　耕二、森　直樹、河野　通有を選任する。,河野　通有,可決,99.66
71150,71150_20250327.htm,第１号議案,"剰余金処分の件。①配当財産の種類：金銭。②配当財産の割当てに関する事項およびその総額：当社普通株式１株につき金27円、総額　261,696,177円。③効力発生日：2025年３月27日",,可決,99.82
71150,71150_20250327.htm,第２号議案,定款変更の件。①商号の英語表記の変更を行う。②目的の表記の一部変更を行う。③取締役会の招集権者、議長となるものの選定方法の変更を行う。④補欠として選任される取締役、監査役の任期の定めを削除する変更を行う。⑤補欠監査役を予選するための条項を新設する変更を行う。,,可決,99.81
71150,71150_20250327.htm,第３号議案,取締役６名選任の件,多田雅之,可決,99.81
71150,71150_20250327.htm,第３号議案,取締役６名選任の件,田辺孝夫,可決,99.8
71150,71150_20250327.htm,第３号議案,取締役６名選任の件,齋藤正弘,可決,99.8
71150,71150_20250327.htm,第３号議案,取締役６名選任の件,玉井継尋,可決,99.8
71150,71150_20250327.htm,第３号議案,取締役６名選任の件,江端貴子,可決,99.79
71150,71150_20250327.htm,第３号議案,取締役６名選任の件,小串記代,可決,99.79
71150,71150_20250327.htm,第４号議案,補欠監査役１名選任の件,鈴木久三郎,可決,99.77
71150,71150_20250327.htm,第５号議案,取締役に対する株式報酬制度導入の件,,可決,99.75
37880,37880_20250324.htm,第１号議案,企業理念を明確にするため、定款の一部を変更する。,null,可決,99.52
37880,37880_20250324.htm,第２号議案,"株主に対する剰余金の配当に関する事項及びその総額。１株につき金37.22円、総額427,346,715円。効力発生日：2024年３月24日",null,可決,99.57
37880,37880_20250324.htm,第３号議案,取締役（監査等委員である取締役を除く。）６名選任,青山満,可決,87.37
37880,37880_20250324.htm,第３号議案,取締役（監査等委員である取締役を除く。）６名選任,熊谷正寿,可決,91.82
37880,37880_20250324.htm,第３号議案,取締役（監査等委員である取締役を除く。）６名選任,中條一郎,可決,94.67
37880,37880_20250324.htm,第３号議案,取締役（監査等委員である取締役を除く。）６名選任,池谷進,可決,95.97
37880,37880_20250324.htm,第３号議案,取締役（監査等委員である取締役を除く。）６名選任,安田昌史,可決,94.66
37880,37880_20250324.htm,第３号議案,取締役（監査等委員である取締役を除く。）６名選任,秋山ゆかり,可決,96.1
77180,77180_20250331.htm,第１号議案,定款一部変更の件。一部の役付取締役を除き、役付取締役を廃止し、執行役員制度に基づく役位にて役付を行うことに伴う所要の変更を行う,null,可決,99.92
77180,77180_20250331.htm,第２号議案,取締役(監査等委員である取締役を除く。)４名選任の件,佐藤 衛,可決,95.46
77180,77180_20250331.htm,第２号議案,取締役(監査等委員である取締役を除く。)４名選任の件,笹井 康直,可決,99.66
77180,77180_20250331.htm,第２号議案,取締役(監査等委員である取締役を除く。)４名選任の件,佐藤 誠悟,可決,99.61
77180,77180_20250331.htm,第２号議案,取締役(監査等委員である取締役を除く。)４名選任の件,片山 幹雄,可決,99.8
77180,77180_20250331.htm,第３号議案,取締役(監査等委員である取締役および社外取締役を除く。)に対する株式報酬制度の改定の件。ストック・オプション付与のための報酬枠を廃止し、譲渡制限付株式報酬制度の上限額を改定するとともに、新たに業績連動型譲渡制限付株式報酬制度を導入する,null,可決,99.42
42450,42450_20250331.htm,第１号議案　剰余金の処分の件,"①　配当財産の種類:金銭。②　株主に対する配当財産の割当てに関する事項及びその総額:当社普通株式１株につき　12円,総額　164,062,824円。③　剰余金の配当が効力を生じる日:2025年３月31日",,可決,98.64
42450,42450_20250331.htm,第２号議案　定款の一部変更の件,今後の事業展開に備えるため、現行定款第２条につきまして事業の目的を追加,,可決,98.45
42450,42450_20250331.htm,第３号議案　取締役(監査等委員である取締役を除く。)10名選任の件,取締役(監査等委員である取締役を除く。)に大亀裕を選任,大亀裕,可決,97.3
42450,42450_20250331.htm,第３号議案　取締役(監査等委員である取締役を除く。)10名選任の件,取締役(監査等委員である取締役を除く。)に大亀裕貴を選任,大亀裕貴,可決,97.2
42450,42450_20250331.htm,第３号議案　取締役(監査等委員である取締役を除く。)10名選任の件,取締役(監査等委員である取締役を除く。)に堀淵昭洋を選任,堀淵昭洋,可決,97.46
42450,42450_20250331.htm,第３号議案　取締役(監査等委員である取締役を除く。)10名選任の件,取締役(監査等委員である取締役を除く。)に髙岡慎也を選任,髙岡慎也,可決,97.52
42450,42450_20250331.htm,第３号議案　取締役(監査等委員である取締役を除く。)10名選任の件,取締役(監査等委員である取締役を除く。)に本田和博を選任,本田和博,可決,97.57
42450,42450_20250331.htm,第３号議案　取締役(監査等委員である取締役を除く。)10名選任の件,取締役(監査等委員である取締役を除く。)に松本浩二を選任,松本浩二,可決,97.69
42450,42450_20250331.htm,第３号議案　取締役(監査等委員である取締役を除く。)10名選任の件,取締役(監査等委員である取締役を除く。)に山下崇文を選任,山下崇文,可決,97.31
42450,42450_20250331.htm,第３号議案　取締役(監査等委員である取締役を除く。)10名選任の件,取締役(監査等委員である取締役を除く。)に奥田早希子(現姓：安倍)を選任,奥田早希子,可決,97.37
42450,42450_20250331.htm,第３号議案　取締役(監査等委員である取締役を除く。)10名選任の件,取締役(監査等委員である取締役を除く。)に樋口志朗を選任,樋口志朗,可決,97.56
42450,42450_20250331.htm,第３号議案　取締役(監査等委員である取締役を除く。)10名選任の件,取締役(監査等委員である取締役を除く。)に目細実を選任,目細実,可決,96.33
42450,42450_20250331.htm,第４号議案　監査等委員である取締役３名選任の件,監査等委員である取締役に三好年久を選任,三好年久,可決,97.72
42450,42450_20250331.htm,第４号議案　監査等委員である取締役３名選任の件,監査等委員である取締役に髙橋祥子を選任,髙橋祥子,可決,98.25
42450,42450_20250331.htm,第４号議案　監査等委員である取締役３名選任の件,監査等委員である取締役に宇佐美孝を選任,宇佐美孝,可決,98.13
42450,42450_20250331.htm,第５号議案　定款の一部変更の件(1),定款１条にある「株式会社ダイキアクシス」の商号を改め「株式会社大亀・子亀商店」とする,,否決,3.8
42450,42450_20250331.htm,第６号議案　定款の一部変更の件(2),定款　第８章　計算　第40条にある「剰余金の配当等の取締役会の決議」によって定めることができるとなっている。これを定時株主総会にて「剰余金の処分」は決議するに変更,,否決,4.77
42450,42450_20250331.htm,第７号議案　定款の一部変更の件(3),人的資本の開示を義務化することを定款に新設,,否決,4.94
42450,42450_20250331.htm,第８号議案　定款の一部変更の件(4),取締役の報酬額を個別に開示する定款の一部変更,,否決,5.44
42450,42450_20250331.htm,第９号議案　定款の一部変更の件(5),特損を計上した時は、株主に対して取締役会は経営陣執行役員として「報酬額の減俸」をすべきである。その意思表示を示さず、主たる役員全員昇格している。その無様な行為を戒める為、役員を除く「減損処理等特別委員会の設置」の定款一部変更を求める,,否決,5.08
42450,42450_20250331.htm,第10号議案　取締役(監査等委員である取締役を除く)５名解任の件,代表取締役会長 大亀 裕氏を解任,大亀裕,否決,4.7
42450,42450_20250331.htm,第10号議案　取締役(監査等委員である取締役を除く)５名解任の件,代表取締役社長 大亀 裕貴氏を解任,大亀裕貴,否決,4.64
42450,42450_20250331.htm,第10号議案　取締役(監査等委員である取締役を除く)５名解任の件,社外取締役 樋口 志郎を解任,樋口志朗,否決,4.69
42450,42450_20250331.htm,第10号議案　取締役(監査等委員である取締役を除く)５名解任の件,社外取締役 山下 崇文氏を解任,山下崇文,否決,4.66
42450,42450_20250331.htm,第10号議案　取締役(監査等委員である取締役を除く)５名解任の件,社外取締役 奥田 早希子氏(現姓・安倍)を解任,奥田早希子,否決,4.67
42450,42450_20250331.htm,第11号議案　監査等委員である取締役１名解任の件,監査等委員である三好年久氏を解任,三好年久,否決,4.8
51080,51080_20250328.htm,第１号議案,剰余金の処分,null,可決,99.3
51080,51080_20250328.htm,第２号議案,取締役12名選任,石橋秀一,可決,98.9
51080,51080_20250328.htm,第２号議案,取締役12名選任,坂野真人,可決,99.0
51080,51080_20250328.htm,第２号議案,取締役12名選任,デイヴィス・スコット (Scott Trevor Davis),可決,70.5
51080,51080_20250328.htm,第２号議案,取締役12名選任,増田健一,可決,75.1
51080,51080_20250328.htm,第２号議案,取締役12名選任,山本謙三,可決,97.9
51080,51080_20250328.htm,第２号議案,取締役12名選任,鈴木洋子,可決,98.7
51080,51080_20250328.htm,第２号議案,取締役12名選任,小林柚香里,可決,99.1
51080,51080_20250328.htm,第２号議案,取締役12名選任,中嶋康博,可決,99.0
51080,51080_20250328.htm,第２号議案,取締役12名選任,森川典子,可決,99.2
51080,51080_20250328.htm,第２号議案,取締役12名選任,板垣利明,可決,99.1
51080,51080_20250328.htm,第２号議案,取締役12名選任,松田明,可決,96.1
51080,51080_20250328.htm,第２号議案,取締役12名選任,吉見剛志,可決,96.2
92130,92130_20250331.htm,第１号議案,剰余金の処分の件,期末配当,可決,92.92
92130,92130_20250331.htm,第２号議案,取締役５名選任の件,長谷川高志,可決,70.83
92130,92130_20250331.htm,第２号議案,取締役５名選任の件,藤本宏志,可決,70.74
92130,92130_20250331.htm,第２号議案,取締役５名選任の件,鹿島修司,可決,70.57
92130,92130_20250331.htm,第２号議案,取締役５名選任の件,村瀬慶祐,可決,70.56
92130,92130_20250331.htm,第２号議案,取締役５名選任の件,柳堀泰志,可決,70.58
92130,92130_20250331.htm,第３号議案,監査役３名選任の件,髙木貴美子,可決,91.46
92130,92130_20250331.htm,第３号議案,監査役３名選任の件,荻野忠彦,可決,91.46
92130,92130_20250331.htm,第３号議案,監査役３名選任の件,江木晋,可決,91.47
81790,81790_20250404.htm,第1号議案,剰余金の処分の件,null,可決,99.39
81790,81790_20250404.htm,第2号議案,定款一部変更の件,null,可決,99.37
81790,81790_20250404.htm,第3号議案,取締役（監査等委員である取締役を除く。）5名選任の件,菊地唯夫,可決,98.71
81790,81790_20250404.htm,第3号議案,取締役（監査等委員である取締役を除く。）5名選任の件,阿部正孝,可決,98.68
81790,81790_20250404.htm,第3号議案,取締役（監査等委員である取締役を除く。）5名選任の件,藤田敦子,可決,99.04
81790,81790_20250404.htm,第3号議案,取締役（監査等委員である取締役を除く。）5名選任の件,平井龍太郎,可決,90.8
81790,81790_20250404.htm,第3号議案,取締役（監査等委員である取締役を除く。）5名選任の件,三井田砂理,可決,91.02
76850,76850_20250326.htm,第１号議案,剰余金の配当,null,可決,99.96
76850,76850_20250326.htm,第２号議案,取締役８名選任,岩田匡平,可決,99.96
76850,76850_20250326.htm,第２号議案,取締役８名選任,徳重浩介,可決,99.96
76850,76850_20250326.htm,第２号議案,取締役８名選任,吉村英毅,可決,99.96
76850,76850_20250326.htm,第２号議案,取締役８名選任,小野晃嗣,可決,99.96
76850,76850_20250326.htm,第２号議案,取締役８名選任,今村雅幸,可決,99.96
76850,76850_20250326.htm,第２号議案,取締役８名選任,秋山友紀,可決,99.96
76850,76850_20250326.htm,第２号議案,取締役８名選任,我堂佳世,可決,99.96
76850,76850_20250326.htm,第２号議案,取締役８名選任,渡部恒郎,可決,99.96
63020,63020_20250403.htm,第１号議案,"剰余金の処分の件
期末配当に関する事項
当社普通株式１株につき金65円",null,可決,99.71
63020,63020_20250403.htm,第２号議案,"定款一部変更の件
取締役のみならず執行役員からも社長を選定できることとするとともに、これに関連して、株主総会の招集権者及び議長並びに取締役会の招集権者の変更、その他所要の変更を行う。",null,可決,99.77
63020,63020_20250403.htm,第３号議案,取締役11名選任の件,岡村哲也,可決,62.91
63020,63020_20250403.htm,第３号議案,取締役11名選任の件,下村真司,可決,62.31
63020,63020_20250403.htm,第３号議案,取締役11名選任の件,小島英嗣,可決,74.59
63020,63020_20250403.htm,第３号議案,取締役11名選任の件,平岡和夫,可決,74.77
63020,63020_20250403.htm,第３号議案,取締役11名選任の件,千々岩敏彦,可決,78.06
63020,63020_20250403.htm,第３号議案,取締役11名選任の件,渡部敏朗,可決,77.99
63020,63020_20250403.htm,第３号議案,取締役11名選任の件,荒木達朗,可決,80.81
63020,63020_20250403.htm,第３号議案,取締役11名選任の件,髙橋進,可決,76.31
63020,63020_20250403.htm,第３号議案,取締役11名選任の件,濵地昭男,可決,77.85
63020,63020_20250403.htm,第３号議案,取締役11名選任の件,森田純恵,可決,81.14
63020,63020_20250403.htm,第３号議案,取締役11名選任の件,穂高弥生子,可決,81.1
63020,63020_20250403.htm,第４号議案,監査役１名選任の件,渡辺肇,可決,99.75
43940,43940_20250303.htm,第１号議案,剰余金の処分の件,,可決,96.83
43940,43940_20250303.htm,第２号議案,取締役（監査等委員である取締役を除く。）６名選任の件,長尾　　章,可決,96.54
43940,43940_20250303.htm,第２号議案,取締役（監査等委員である取締役を除く。）６名選任の件,渡辺　博之,可決,96.53
43940,43940_20250303.htm,第２号議案,取締役（監査等委員である取締役を除く。）６名選任の件,芳村　美紀,可決,96.58
43940,43940_20250303.htm,第２号議案,取締役（監査等委員である取締役を除く。）６名選任の件,小濵　宗隆,可決,96.58
43940,43940_20250303.htm,第２号議案,取締役（監査等委員である取締役を除く。）６名選任の件,斎藤　賢一,可決,96.58
43940,43940_20250303.htm,第２号議案,取締役（監査等委員である取締役を除く。）６名選任の件,鷲﨑　弘宜,可決,96.58
43940,43940_20250303.htm,第３号議案,監査等委員である取締役２名選任の件,水谷　幸二,可決,96.6
43940,43940_20250303.htm,第３号議案,監査等委員である取締役２名選任の件,中村　　渡,可決,96.62
175A0,175A0_20250331.htm,第１号議案,取締役４名選任の件,石井康弘,可決,99.19
175A0,175A0_20250331.htm,第１号議案,取締役４名選任の件,布目章次,可決,99.2
175A0,175A0_20250331.htm,第１号議案,取締役４名選任の件,青木正太,可決,99.23
175A0,175A0_20250331.htm,第１号議案,取締役４名選任の件,安達俊彦,可決,99.22
175A0,175A0_20250331.htm,第２号議案,監査役３名選任の件,奥田浩三,可決,99.41
175A0,175A0_20250331.htm,第２号議案,監査役３名選任の件,田中裕幸,可決,99.41
175A0,175A0_20250331.htm,第２号議案,監査役３名選任の件,水澤良,可決,99.4
175A0,175A0_20250331.htm,第３号議案,会計監査人選任の件,かなで監査法人,可決,99.41
43950,43950_20250331.htm,取締役選任の件,取締役（監査等委員である取締役を除く。）として、株本幸二を選任する,株本幸二,可決,95.31
43950,43950_20250331.htm,取締役選任の件,取締役（監査等委員である取締役を除く。）として、田中優成を選任する,田中優成,可決,94.89
43950,43950_20250331.htm,取締役選任の件,取締役（監査等委員である取締役を除く。）として、高瀬真尚を選任する,高瀬真尚,可決,95.06
43950,43950_20250331.htm,取締役選任の件,取締役（監査等委員である取締役を除く。）として、山本敏晴を選任する,山本敏晴,可決,95.02
43950,43950_20250331.htm,取締役選任の件,取締役（監査等委員である取締役を除く。）として、飯島敬生を選任する,飯島敬生,可決,94.96
39440,39440_20250401.htm,第１号議案,"剰余金処分の件
　期末配当に関する事項
　当社普通株式１株につき金25円",,可決,97.73
39440,39440_20250401.htm,第２号議案,定款一部変更の件,,可決,97.71
39440,39440_20250401.htm,第３号議案,取締役６名選任の件,古林敬碩,可決,97.69
39440,39440_20250401.htm,第３号議案,取締役６名選任の件,古林雅敬,可決,97.7
39440,39440_20250401.htm,第３号議案,取締役６名選任の件,古林能敬,可決,97.69
39440,39440_20250401.htm,第３号議案,取締役６名選任の件,米島明,可決,97.73
39440,39440_20250401.htm,第３号議案,取締役６名選任の件,土堤内清嗣,可決,97.66
39440,39440_20250401.htm,第３号議案,取締役６名選任の件,中西克誠,可決,97.7
39440,39440_20250401.htm,第４号議案,補欠監査役２名選任の件,中尾昭彦,可決,94.41
39440,39440_20250401.htm,第４号議案,補欠監査役２名選任の件,吉田之計,可決,94.41
37440,37440_20250328.htm,第１号議案,取締役（監査等委員である取締役を除く。）５名選任の件,喜多伸夫,可決,96.43
37440,37440_20250328.htm,第１号議案,取締役（監査等委員である取締役を除く。）５名選任の件,森田昇,可決,96.48
37440,37440_20250328.htm,第１号議案,取締役（監査等委員である取締役を除く。）５名選任の件,山﨑靖之,可決,96.53
37440,37440_20250328.htm,第１号議案,取締役（監査等委員である取締役を除く。）５名選任の件,小林徳太郎,可決,96.52
37440,37440_20250328.htm,第１号議案,取締役（監査等委員である取締役を除く。）５名選任の件,小野未貴,可決,96.54
37440,37440_20250328.htm,第２号議案,監査等委員である取締役３名選任の件,平松祐樹,可決,96.78
37440,37440_20250328.htm,第２号議案,監査等委員である取締役３名選任の件,古畑克巳,可決,96.77
37440,37440_20250328.htm,第２号議案,監査等委員である取締役３名選任の件,長谷川紘之,可決,96.79
37440,37440_20250328.htm,第３号議案,補欠の監査等委員である取締役１名選任の件,小野未貴,可決,96.76
45510,45510_20250331.htm,第１号議案,剰余金の処分の件,null,可決,99.88
45510,45510_20250331.htm,第２号議案,取締役（監査等委員である取締役を除く。）２名選任の件,近藤紳雅,可決,90.22
45510,45510_20250331.htm,第２号議案,取締役（監査等委員である取締役を除く。）２名選任の件,藤原勝伸,可決,97.23
60710,60710_20250327.htm,第１号議案,"剰余金処分の件, 期末配当に関する事項（1）当社普通株式１株につき８円　総額302,302,352円（2）効力発生日　2025年３月28日",,可決,99.42
60710,60710_20250327.htm,第２号議案,取締役６名選任の件,石坂茂氏,可決,78.16
60710,60710_20250327.htm,第２号議案,取締役６名選任の件,土谷健次郎氏,可決,99.45
60710,60710_20250327.htm,第２号議案,取締役６名選任の件,横川泰之氏,可決,97.9
60710,60710_20250327.htm,第２号議案,取締役６名選任の件,梅津興三氏,可決,96.46
60710,60710_20250327.htm,第２号議案,取締役６名選任の件,村上芽氏,可決,98.03
60710,60710_20250327.htm,第２号議案,取締役６名選任の件,佐藤舞氏,可決,99.43
60710,60710_20250327.htm,第３号議案,監査役１名選任の件,米田耕一郎氏,可決,99.5
51340,51340_20250130.htm,取締役５名選任の件,栗原慎吾を取締役に選任する件,栗原慎吾,可決,99.91
51340,51340_20250130.htm,取締役５名選任の件,繆仁軍を取締役に選任する件,繆仁軍,可決,99.92
51340,51340_20250130.htm,取締役５名選任の件,林圭介を取締役に選任する件,林圭介,可決,99.91
51340,51340_20250130.htm,取締役５名選任の件,姚志鵬を取締役に選任する件,姚志鵬,可決,99.91
51340,51340_20250130.htm,取締役５名選任の件,和田圭史を取締役に選任する件,和田圭史,可決,99.91
76050,76050_20250130.htm,剰余金の処分の件,"イ　株主に対する剰余金の配当に関する事項及びその総額
１株につき金20円　　総額361,742,180円
ロ　効力発生日
2025年１月30日",,可決,99.84
149A0,149A0_20250328.htm,第１号議案　取締役５名選任の件,江尻高宏、笹田直紀、阿久津聡、三木聡及び田邉愛を取締役に選任する,江尻　高宏,可決,98.79
149A0,149A0_20250328.htm,第１号議案　取締役５名選任の件,江尻高宏、笹田直紀、阿久津聡、三木聡及び田邉愛を取締役に選任する,笹田　直樹,可決,98.77
149A0,149A0_20250328.htm,第１号議案　取締役５名選任の件,江尻高宏、笹田直紀、阿久津聡、三木聡及び田邉愛を取締役に選任する,阿久津　聡,可決,98.76
149A0,149A0_20250328.htm,第１号議案　取締役５名選任の件,江尻高宏、笹田直紀、阿久津聡、三木聡及び田邉愛を取締役に選任する,三木　聡,可決,98.77
149A0,149A0_20250328.htm,第１号議案　取締役５名選任の件,江尻高宏、笹田直紀、阿久津聡、三木聡及び田邉愛を取締役に選任する,田邉　愛,可決,98.71
149A0,149A0_20250328.htm,第２号議案　監査役１名選任の件,高橋京子を監査役に選任する,高橋　京子,可決,98.71
76130,76130_20250328.htm,第１号議案,剰余金処分の件,,可決,97.06
76130,76130_20250328.htm,第２号議案,定款一部変更の件,,可決,98.68
76130,76130_20250328.htm,第３号議案,取締役８名選任の件,平岡　和也,可決,98.41
76130,76130_20250328.htm,第３号議案,取締役８名選任の件,丸山　徹,可決,96.98
76130,76130_20250328.htm,第３号議案,取締役８名選任の件,高木　浩昭,可決,96.99
76130,76130_20250328.htm,第３号議案,取締役８名選任の件,蒲田　顕久,可決,98.43
76130,76130_20250328.htm,第３号議案,取締役８名選任の件,髙谷　晋介,可決,89.44
76130,76130_20250328.htm,第３号議案,取締役８名選任の件,大森　進,可決,96.91
76130,76130_20250328.htm,第３号議案,取締役８名選任の件,吉澤　尚,可決,96.98
76130,76130_20250328.htm,第３号議案,取締役８名選任の件,藤井　安子,可決,98.44
70390,70390_20250214.htm,吸収分割,プロセス・テクノロジー事業をClieXito株式会社に承継,ClieXito株式会社,可決,100.0
70390,70390_20250214.htm,新設分割,アウトソーシング事業を新設会社に承継,新設会社,可決,100.0
31380,31380_20250327.htm,第１号議案,剰余金処分の件,null,可決,99.4
31380,31380_20250327.htm,第２号議案,定款一部変更の件,null,可決,99.5
31380,31380_20250327.htm,第３号議案,取締役５名選任の件,西野　伸一郎,可決,98.1
31380,31380_20250327.htm,第３号議案,取締役５名選任の件,神谷　アントニオ,可決,98.1
31380,31380_20250327.htm,第３号議案,取締役５名選任の件,佐藤　鉄平,可決,99.4
31380,31380_20250327.htm,第３号議案,取締役５名選任の件,髙橋　誉則,可決,99.1
31380,31380_20250327.htm,第３号議案,取締役５名選任の件,松浦　道生,可決,99.3
60630,60630_20250328.htm,第１号議案,取締役（監査等委員である取締役を除く）４名選任の件,山本秀樹,可決,95.84
60630,60630_20250328.htm,第１号議案,取締役（監査等委員である取締役を除く）４名選任の件,吉井眞一,可決,95.87
60630,60630_20250328.htm,第１号議案,取締役（監査等委員である取締役を除く）４名選任の件,辛&#37995;,可決,95.91
60630,60630_20250328.htm,第１号議案,取締役（監査等委員である取締役を除く）４名選任の件,安原貴彦,可決,95.76
60630,60630_20250328.htm,第２号議案,監査等委員である取締役２名選任の件,井坂俊達,可決,95.92
60630,60630_20250328.htm,第２号議案,監査等委員である取締役２名選任の件,戸賀智子,可決,95.92
30540,30540_20250328.htm,第１号議案,剰余金処分の件,,可決,98.93
30540,30540_20250328.htm,第２号議案,定款一部変更の件,,可決,99.03
30540,30540_20250328.htm,第３号議案,取締役９名選任の件,玉田宏一,可決,97.85
30540,30540_20250328.htm,第３号議案,取締役９名選任の件,望月真貴子,可決,97.9
30540,30540_20250328.htm,第３号議案,取締役９名選任の件,田邉浩明,可決,98.09
30540,30540_20250328.htm,第３号議案,取締役９名選任の件,江守裕樹,可決,97.8
30540,30540_20250328.htm,第３号議案,取締役９名選任の件,髙瀬昇幸,可決,97.77
30540,30540_20250328.htm,第３号議案,取締役９名選任の件,遠藤孝,可決,97.62
30540,30540_20250328.htm,第３号議案,取締役９名選任の件,宮澤敏,可決,97.63
30540,30540_20250328.htm,第３号議案,取締役９名選任の件,桒原桂一,可決,97.7
30540,30540_20250328.htm,第３号議案,取締役９名選任の件,那須慎二,可決,97.63
32670,32670_20250227.htm,取締役（監査等委員である取締役を除く。）４名選任の件,取締役（監査等委員である取締役を除く。）として、外山晋吾、高橋伸彰、金子麻理及び柳澤大輔を選任する,外山晋吾,可決,98.14
32670,32670_20250227.htm,取締役（監査等委員である取締役を除く。）４名選任の件,取締役（監査等委員である取締役を除く。）として、外山晋吾、高橋伸彰、金子麻理及び柳澤大輔を選任する,高橋伸彰,可決,95.68
32670,32670_20250227.htm,取締役（監査等委員である取締役を除く。）４名選任の件,取締役（監査等委員である取締役を除く。）として、外山晋吾、高橋伸彰、金子麻理及び柳澤大輔を選任する,金子麻理,可決,95.64
32670,32670_20250227.htm,取締役（監査等委員である取締役を除く。）４名選任の件,取締役（監査等委員である取締役を除く。）として、外山晋吾、高橋伸彰、金子麻理及び柳澤大輔を選任する,柳澤大輔,可決,91.3
88900,88900_20250210.htm,第１号議案　株式併合の件,"ヒューリック株式会社による当社の普通株式に対する公開買付けの結果を受け、当社の株主を公開買付者及びRays Company（Hong Kong)Limitedのみとするため、2025年３月６日を効力発生日として、当社株式について4,591,075株を１株に併合する旨の当社株式の併合を行う。",,可決,99.99
88900,88900_20250210.htm,第２号議案　定款一部変更の件（１）,第１号議案「株式併合の件」が原案どおり承認可決され、本株式併合の効力が発生した場合には、当社の発行済株式総数は６株となり、会社法第182条第２項の定めに従って、当社株式の発行可能株式総数は24株に減少することとなります。かかる点を明確にするために、本株式併合の効力が発生することを条件として、現行定款第６条（発行可能株式総数）を変更する。②第１号議案「株式併合の件」が原案どおり承認可決され、本株式併合の効力が発生した場合には、当社の発行済株式総数は６株となり、単元株式数を定める必要がなくなります。そこで、本株式併合の効力が発生することを条件として、現在１単元100株となっている当社株式の単元株式数の定めを廃止するため、現行定款第６条の２（単元株式数）及び第６条の３（単元未満株式についての権利）の全文を削除する。③第１号議案「株式併合の件」が原案どおり承認可決された場合、本株式併合の実施に伴って、当社株式は上場廃止となるとともに当社の株主は公開買付者及びRays社のみとなるため、株主総会資料の電子提供制度に係る規定はその必要性を失うことになります。そこで、本株式併合の効力が生じることを条件として、現行定款第13条（電子提供措置等）の全文を削除し、当該変更に伴う条数の繰上げを行う。,,可決,99.99
88900,88900_20250210.htm,第３号議案　定款一部変更の件（２）,①当社の事業年度は、毎年４月１日から翌年３月31日までとしておりますが、当社の親会社となった公開買付者との間で、当社株式の非公開化を機に適切な決算期の在り方について協議を重ね、当社グループの事業管理等において効率的な業務執行を図るため、当社の事業年度を毎年10月１日から翌年９月30日までに変更する。これに伴い、定款第11条、第32条及び第34条に所要の変更を行う。②事業年度の変更により、第34期事業年度は2024年４月１日から2025年９月30日までの18ヶ月間となります。そのため、経過措置として新たに附則を設ける。,,可決,99.98
88900,88900_20250210.htm,第４号議案　取締役（監査等委員である取締役を除く。）７名選任の件,第３号議案「定款一部変更の件（２）」の件が承認可決されますと、第34期事業年度が18ヶ月となり、定款の一部変更の効力発生に伴って取締役全員（７名）の任期が満了することとなるため、小町剛、飯塚達也、磯貝清、染谷太郎、堀江和久、井上大輔、及び小澤信幸を取締役に選任する。,小町剛,可決,99.66
88900,88900_20250210.htm,第４号議案　取締役（監査等委員である取締役を除く。）７名選任の件,第３号議案「定款一部変更の件（２）」の件が承認可決されますと、第34期事業年度が18ヶ月となり、定款の一部変更の効力発生に伴って取締役全員（７名）の任期が満了することとなるため、小町剛、飯塚達也、磯貝清、染谷太郎、堀江和久、井上大輔、及び小澤信幸を取締役に選任する。,飯塚達也,可決,99.79
88900,88900_20250210.htm,第４号議案　取締役（監査等委員である取締役を除く。）７名選任の件,第３号議案「定款一部変更の件（２）」の件が承認可決されますと、第34期事業年度が18ヶ月となり、定款の一部変更の効力発生に伴って取締役全員（７名）の任期が満了することとなるため、小町剛、飯塚達也、磯貝清、染谷太郎、堀江和久、井上大輔、及び小澤信幸を取締役に選任する。,磯貝清,可決,99.86
88900,88900_20250210.htm,第４号議案　取締役（監査等委員である取締役を除く。）７名選任の件,第３号議案「定款一部変更の件（２）」の件が承認可決されますと、第34期事業年度が18ヶ月となり、定款の一部変更の効力発生に伴って取締役全員（７名）の任期が満了することとなるため、小町剛、飯塚達也、磯貝清、染谷太郎、堀江和久、井上大輔、及び小澤信幸を取締役に選任する。,染谷太郎,可決,99.86
88900,88900_20250210.htm,第４号議案　取締役（監査等委員である取締役を除く。）７名選任の件,第３号議案「定款一部変更の件（２）」の件が承認可決されますと、第34期事業年度が18ヶ月となり、定款の一部変更の効力発生に伴って取締役全員（７名）の任期が満了することとなるため、小町剛、飯塚達也、磯貝清、染谷太郎、堀江和久、井上大輔、及び小澤信幸を取締役に選任する。,堀江和久,可決,99.86
88900,88900_20250210.htm,第４号議案　取締役（監査等委員である取締役を除く。）７名選任の件,第３号議案「定款一部変更の件（２）」の件が承認可決されますと、第34期事業年度が18ヶ月となり、定款の一部変更の効力発生に伴って取締役全員（７名）の任期が満了することとなるため、小町剛、飯塚達也、磯貝清、染谷太郎、堀江和久、井上大輔、及び小澤信幸を取締役に選任する。,井上大輔,可決,99.86
88900,88900_20250210.htm,第４号議案　取締役（監査等委員である取締役を除く。）７名選任の件,第３号議案「定款一部変更の件（２）」の件が承認可決されますと、第34期事業年度が18ヶ月となり、定款の一部変更の効力発生に伴って取締役全員（７名）の任期が満了することとなるため、小町剛、飯塚達也、磯貝清、染谷太郎、堀江和久、井上大輔、及び小澤信幸を取締役に選任する。,小澤信幸,可決,99.86
88900,88900_20250210.htm,第５号議案　会計監査人選任の件,第３号議案「定款一部変更の件（２）」が原案どおり承認可決されますと、第34期事業年度が18ヶ月間となり、定款の一部変更の効力発生に伴って会計監査人の任期が満了することとなりますので、引き続き三優監査法人を会計監査人に選任する。,,可決,99.94
92150,92150_20250306.htm,第１号議案,定款一部変更の件。監査等委員会設置会社への移行に必要な監査等委員である取締役及び監査等委員会に関する規定の新設並びに監査役及び監査役会に関する規定の削除等の変更をする。,,可決,99.3
92150,92150_20250306.htm,第２号議案,取締役（監査等委員である取締役を除く。）４名選任の件,加茂雄一,可決,99.22
92150,92150_20250306.htm,第２号議案,取締役（監査等委員である取締役を除く。）４名選任の件,池田裕樹,可決,99.22
92150,92150_20250306.htm,第２号議案,取締役（監査等委員である取締役を除く。）４名選任の件,白坂ゆき,可決,99.25
92150,92150_20250306.htm,第２号議案,取締役（監査等委員である取締役を除く。）４名選任の件,加藤智久,可決,99.23
92150,92150_20250306.htm,第３号議案,監査等委員である取締役３名選任の件,平野圭二,可決,99.22
92150,92150_20250306.htm,第３号議案,監査等委員である取締役３名選任の件,中尾隆一郎,可決,99.25
92150,92150_20250306.htm,第３号議案,監査等委員である取締役３名選任の件,大森（伊田）愛久美,可決,99.27
92150,92150_20250306.htm,第４号議案,取締役（監査等委員である取締役を除く。）の報酬額設定の件。取締役（監査等委員である取締役を除く。）の報酬を、年額120百万円以内とする。,,可決,99.1
92150,92150_20250306.htm,第５号議案,監査等委員である取締役の報酬額設定の件。監査等委員である取締役の報酬を、年額15百万円以内とする。,,可決,99.12
49220,49220_20250402.htm,第１号議案,吸収分割契約承認の件,null,可決,99.79
49220,49220_20250402.htm,第２号議案,定款一部変更の件,null,可決,99.81
49220,49220_20250402.htm,第３号議案,剰余金処分の件,null,可決,99.82
49220,49220_20250402.htm,第４号議案,取締役12名選任の件,小林一俊,可決,94.33
49220,49220_20250402.htm,第４号議案,取締役12名選任の件,小林孝雄,可決,99.23
49220,49220_20250402.htm,第４号議案,取締役12名選任の件,小林正典,可決,99.24
49220,49220_20250402.htm,第４号議案,取締役12名選任の件,澁澤宏一,可決,99.23
49220,49220_20250402.htm,第４号議案,取締役12名選任の件,小林勇介,可決,99.24
49220,49220_20250402.htm,第４号議案,取締役12名選任の件,小椋敦子,可決,99.26
49220,49220_20250402.htm,第４号議案,取締役12名選任の件,原谷美典,可決,99.25
49220,49220_20250402.htm,第４号議案,取締役12名選任の件,田中慎二,可決,99.25
49220,49220_20250402.htm,第４号議案,取締役12名選任の件,菊間千乃,可決,99.48
49220,49220_20250402.htm,第４号議案,取締役12名選任の件,湯浅紀佳,可決,99.61
49220,49220_20250402.htm,第４号議案,取締役12名選任の件,須藤実和,可決,99.57
49220,49220_20250402.htm,第４号議案,取締役12名選任の件,小林久美,可決,99.61
58670,58670_20250325.htm,第１号議案,取締役（監査等委員である取締役を除く。）２名選任の件,高畠　義紀,可決,99.4
58670,58670_20250325.htm,第１号議案,取締役（監査等委員である取締役を除く。）２名選任の件,武林　　聡,可決,99.4
58670,58670_20250325.htm,第２号議案,補欠の監査等委員である取締役１名選任の件,矢崎　正江,可決,99.49
79920,79920_20250331.htm,第１号議案,取締役（監査等委員である取締役を除く。）５名選任の件,田村光,可決,98.49
79920,79920_20250331.htm,第１号議案,取締役（監査等委員である取締役を除く。）５名選任の件,木村孝,可決,97.87
79920,79920_20250331.htm,第１号議案,取締役（監査等委員である取締役を除く。）５名選任の件,和田直樹,可決,97.9
79920,79920_20250331.htm,第１号議案,取締役（監査等委員である取締役を除く。）５名選任の件,米澤章正,可決,97.87
79920,79920_20250331.htm,第１号議案,取締役（監査等委員である取締役を除く。）５名選任の件,佐山嘉一,可決,97.92
79920,79920_20250331.htm,第２号議案,補欠の監査等委員である取締役１名選任の件,篠田敏子,可決,98.78
24930,24930_20250227.htm,第１号議案,剰余金処分の件,null,可決,98.57
24930,24930_20250227.htm,第２号議案,取締役６名選任の件,堀内　信介,可決,95.74
24930,24930_20250227.htm,第２号議案,取締役６名選任の件,相原　徹,可決,95.85
24930,24930_20250227.htm,第２号議案,取締役６名選任の件,深津　弘行,可決,98.29
24930,24930_20250227.htm,第２号議案,取締役６名選任の件,細川　昌彦,可決,97.75
24930,24930_20250227.htm,第２号議案,取締役６名選任の件,豊島　正明,可決,97.7
24930,24930_20250227.htm,第２号議案,取締役６名選任の件,白石　真澄,可決,98.06
24930,24930_20250227.htm,第３号議案,監査役３名選任の件,鈴庄　一喜,可決,97.93
24930,24930_20250227.htm,第３号議案,監査役３名選任の件,大西　洋,可決,98.13
24930,24930_20250227.htm,第３号議案,監査役３名選任の件,平形　雄策,可決,98.25
24930,24930_20250227.htm,第４号議案,補欠監査役１名選任の件,宮入　康夫,可決,98.01
62280,62280_20250328.htm,第１号議案,剰余金処分の件,,可決,99.13
62280,62280_20250328.htm,第２号議案,取締役７名選任の件,房野　正幸,可決,96.12
62280,62280_20250328.htm,第２号議案,取締役７名選任の件,平井　洋行,可決,99.27
62280,62280_20250328.htm,第２号議案,取締役７名選任の件,増田　隆,可決,99.26
62280,62280_20250328.htm,第２号議案,取締役７名選任の件,伊藤　聡,可決,99.27
62280,62280_20250328.htm,第２号議案,取締役７名選任の件,田渕　裕久,可決,99.25
62280,62280_20250328.htm,第２号議案,取締役７名選任の件,奥田　哲也,可決,99.26
62280,62280_20250328.htm,第２号議案,取締役７名選任の件,深尾　稔,可決,99.24
62280,62280_20250328.htm,第３号議案,会計監査人選任の件,,可決,99.39
62280,62280_20250328.htm,第４号議案,退任取締役に対する退職慰労金贈呈の件,,可決,94.87
45190,45190_20250328.htm,第１号議案,剰余金の処分の件。期末配当に関する事項：当社普通株式１株につき金57円,,可決,99.53
45190,45190_20250328.htm,第２号議案,取締役９名選任の件,奥田修,可決,82.93
45190,45190_20250328.htm,第２号議案,取締役９名選任の件,谷口岩昭,可決,96.17
45190,45190_20250328.htm,第２号議案,取締役９名選任の件,飯倉仁,可決,96.17
45190,45190_20250328.htm,第２号議案,取締役９名選任の件,桃井眞里子,可決,96.67
45190,45190_20250328.htm,第２号議案,取締役９名選任の件,立石文雄,可決,96.22
45190,45190_20250328.htm,第２号議案,取締役９名選任の件,寺本秀雄,可決,96.57
45190,45190_20250328.htm,第２号議案,取締役９名選任の件,トーマス・シネッカー,可決,97.38
45190,45190_20250328.htm,第２号議案,取締役９名選任の件,テレッサ・エイ・グラハム,可決,96.27
45190,45190_20250328.htm,第２号議案,取締役９名選任の件,ボリス・エル・ザイトラ,可決,95.72
45190,45190_20250328.htm,第３号議案,監査役１名選任の件,樋口雅義,可決,99.7
73630,73630_20250331.htm,第１号議案,取締役５名選任の件。安田啓司、福島智晴、佐々木和幸、三宅英樹及び髙橋静代を取締役に選任する,安田啓司,可決,99.06
73630,73630_20250331.htm,第１号議案,取締役５名選任の件。安田啓司、福島智晴、佐々木和幸、三宅英樹及び髙橋静代を取締役に選任する,福島智晴,可決,99.2
73630,73630_20250331.htm,第１号議案,取締役５名選任の件。安田啓司、福島智晴、佐々木和幸、三宅英樹及び髙橋静代を取締役に選任する,佐々木和幸,可決,99.2
73630,73630_20250331.htm,第１号議案,取締役５名選任の件。安田啓司、福島智晴、佐々木和幸、三宅英樹及び髙橋静代を取締役に選任する,三宅英樹,可決,99.13
73630,73630_20250331.htm,第１号議案,取締役５名選任の件。安田啓司、福島智晴、佐々木和幸、三宅英樹及び髙橋静代を取締役に選任する,髙橋静代,可決,99.22
73630,73630_20250331.htm,第２号議案,会計監査人選任の件。東光監査法人を会計監査人に選任する,東光監査法人,可決,99.2
73630,73630_20250331.htm,第３号議案,取締役に対するストック・オプション報酬額及び内容決定の件,,可決,98.59
39020,39020_20250326.htm,第１号議案,"剰余金処分の件。当社普通株式１株につき金6円50銭 総額は246,069,057円。2025年３月26日に剰余金の配当が効力を生じる。",,可決,98.9
39020,39020_20250326.htm,第２号議案,取締役７名選任の件,岩崎博之,可決,93.3
39020,39020_20250326.htm,第２号議案,取締役７名選任の件,浅見修二,可決,94.9
39020,39020_20250326.htm,第２号議案,取締役７名選任の件,柳澤卓二,可決,94.9
39020,39020_20250326.htm,第２号議案,取締役７名選任の件,中村正樹,可決,94.9
39020,39020_20250326.htm,第２号議案,取締役７名選任の件,香月壯一,可決,94.9
39020,39020_20250326.htm,第２号議案,取締役７名選任の件,中村隆夫,可決,95.0
39020,39020_20250326.htm,第２号議案,取締役７名選任の件,加藤祐子,可決,97.0
47760,47760_20250403.htm,第１号議案　取締役６名選任の件,社内取締役として、西端 慶久（青野 慶久）、岡田 陸、田岡 朋弥、永岡 恵美子 を、社外取締役として、磯田 満梨（吉田 満梨）、熊平 美香 を選任する,西端 慶久（青野 慶久）、磯田 満梨（吉田 満梨）、岡田 陸、熊平 美香、田岡 朋弥、永岡 恵美子,可決,96.67
47760,47760_20250403.htm,第１号議案　取締役６名選任の件,社内取締役として、西端 慶久（青野 慶久）、岡田 陸、田岡 朋弥、永岡 恵美子 を、社外取締役として、磯田 満梨（吉田 満梨）、熊平 美香 を選任する,磯田 満梨（吉田 満梨）,可決,99.68
47760,47760_20250403.htm,第１号議案　取締役６名選任の件,社内取締役として、西端 慶久（青野 慶久）、岡田 陸、田岡 朋弥、永岡 恵美子 を、社外取締役として、磯田 満梨（吉田 満梨）、熊平 美香 を選任する,岡田 陸,可決,99.36
47760,47760_20250403.htm,第１号議案　取締役６名選任の件,社内取締役として、西端 慶久（青野 慶久）、岡田 陸、田岡 朋弥、永岡 恵美子 を、社外取締役として、磯田 満梨（吉田 満梨）、熊平 美香 を選任する,熊平 美香,可決,99.67
47760,47760_20250403.htm,第１号議案　取締役６名選任の件,社内取締役として、西端 慶久（青野 慶久）、岡田 陸、田岡 朋弥、永岡 恵美子 を、社外取締役として、磯田 満梨（吉田 満梨）、熊平 美香 を選任する,田岡 朋弥,可決,99.38
47760,47760_20250403.htm,第１号議案　取締役６名選任の件,社内取締役として、西端 慶久（青野 慶久）、岡田 陸、田岡 朋弥、永岡 恵美子 を、社外取締役として、磯田 満梨（吉田 満梨）、熊平 美香 を選任する,永岡 恵美子,可決,99.43
47760,47760_20250403.htm,第２号議案　監査役１名選任の件,社外監査役として、小川 義龍 を選任する,小川 義龍,可決,81.93
47760,47760_20250403.htm,第３号議案　剰余金処分の件,"① 配当財産の種類: 金銭。② 株主に対する剰余金の配当に関する事項及びその総額: １株につき金30.00円　　総額1,386,228,510円。③ 効力発生日: 2025年３月31日",,可決,99.87
47760,47760_20250403.htm,第４号議案　取締役のうち業務執行取締役に対する譲渡制限付株式の付与のための報酬決定の件,当社の取締役のうち業務執行取締役に対し、当社の企業理念を実現させ、長期的かつ持続的な企業成長へのコミットメントを期待する目的で、2006年４月20日開催の第９回定時株主総会において決議された報酬等の枠とは別枠にて、新たに譲渡制限付株式の付与のための報酬を支給することにつき、承認をおこなう,,可決,98.03
27430,27430_20250402.htm,第１号議案,定款一部変更の件,,可決,87.01
27430,27430_20250402.htm,第２号議案,監査等委員でない取締役４名選任の件,矢尾板裕介,可決,88.25
27430,27430_20250402.htm,第２号議案,監査等委員でない取締役４名選任の件,松田　元,可決,88.41
27430,27430_20250402.htm,第２号議案,監査等委員でない取締役４名選任の件,村上　泰基,可決,88.63
27430,27430_20250402.htm,第２号議案,監査等委員でない取締役４名選任の件,田中　紀行,可決,88.47
27430,27430_20250402.htm,第３号議案,監査当委員である取締役４名選任の件,櫻井　紀昌,可決,89.43
27430,27430_20250402.htm,第３号議案,監査当委員である取締役４名選任の件,藤田　博司,可決,89.77
27430,27430_20250402.htm,第３号議案,監査当委員である取締役４名選任の件,日笠真木哉,可決,89.45
27430,27430_20250402.htm,第３号議案,監査当委員である取締役４名選任の件,田中みちよ,可決,89.61
27430,27430_20250402.htm,第４号議案,監査当委員でない取締役の報酬額設定の件,,可決,84.08
27430,27430_20250402.htm,第５号議案,監査当委員である取締役の報酬額設定の件,,可決,84.73
95650,95650_20250129.htm,第１号議案　定款一部変更の件,事業内容の今後の多様化及び事業目的の明確化を図るため、現行定款第２条（目的）について事業目的の追加及び記載内容の一部変更を行うものであります。,,可決,98.41
95650,95650_20250129.htm,第２号議案　取締役４名選任の件,谷田優也、古澤明仁、村田光至朗及び田村征也を取締役に選任するものであります。,谷田優也,可決,97.8
95650,95650_20250129.htm,第２号議案　取締役４名選任の件,谷田優也、古澤明仁、村田光至朗及び田村征也を取締役に選任するものであります。,古澤明仁,可決,97.8
95650,95650_20250129.htm,第２号議案　取締役４名選任の件,谷田優也、古澤明仁、村田光至朗及び田村征也を取締役に選任するものであります。,村田光至朗,可決,97.8
95650,95650_20250129.htm,第２号議案　取締役４名選任の件,谷田優也、古澤明仁、村田光至朗及び田村征也を取締役に選任するものであります。,田村征也,可決,97.8
32520,32520_20250328.htm,第１号議案,剰余金の配当の件,null,可決,99.08
32520,32520_20250328.htm,第２号議案,取締役（監査等委員である取締役を除く。）３名選任の件,西羅　弘文,可決,98.03
32520,32520_20250328.htm,第２号議案,取締役（監査等委員である取締役を除く。）３名選任の件,松岡　哲也,可決,98.26
32520,32520_20250328.htm,第２号議案,取締役（監査等委員である取締役を除く。）３名選任の件,北川　雄哉,可決,98.21
50350,50350_20250401.htm,第1号议案,选举4名董事（不包括审计和监督委员会成员）,管祥红、石自力、羽入友则、多名贺淳,可决,99.53
50350,50350_20250401.htm,第1号议案,选举4名董事（不包括审计和监督委员会成员）,管祥红、石自力、羽入友则、多名贺淳,可决,99.53
50350,50350_20250401.htm,第1号议案,选举4名董事（不包括审计和监督委员会成员）,管祥红、石自力、羽入友则、多名贺淳,可决,99.51
50350,50350_20250401.htm,第1号议案,选举4名董事（不包括审计和监督委员会成员）,管祥红、石自力、羽入友则、多名贺淳,可决,99.5
50350,50350_20250401.htm,第2号议案,选举3名担任审计和监督委员会成员的董事,松村晶信、井上隆司、菊池武志,可决,99.65
50350,50350_20250401.htm,第2号议案,选举3名担任审计和监督委员会成员的董事,松村晶信、井上隆司、菊池武志,可决,99.65
50350,50350_20250401.htm,第2号议案,选举3名担任审计和监督委员会成员的董事,松村晶信、井上隆司、菊池武志,可决,99.65
39140,39140_20250328.htm,監査等委員でない取締役３名選任の件,監査等委員でない取締役として、山川真考、鈴木博道、志賀太生の３名を選任する,山川真考,可決,98.11
39140,39140_20250328.htm,監査等委員でない取締役３名選任の件,監査等委員でない取締役として、山川真考、鈴木博道、志賀太生の３名を選任する,鈴木博道,可決,98.65
39140,39140_20250328.htm,監査等委員でない取締役３名選任の件,監査等委員でない取締役として、山川真考、鈴木博道、志賀太生の３名を選任する,志賀太生,可決,98.62
41710,41710_20250328.htm,第１号議案,剰余金配当の件,,可決,99.63
41710,41710_20250328.htm,第２号議案,取締役（監査等委員である取締役を除く。）３名選任の件,小野　悟,可決,98.92
41710,41710_20250328.htm,第２号議案,取締役（監査等委員である取締役を除く。）３名選任の件,樋口　荘祐,可決,99.04
41710,41710_20250328.htm,第２号議案,取締役（監査等委員である取締役を除く。）３名選任の件,杜山　悦郎,可決,99.16
32010,32010_20250228.htm,第１号議案,取締役８名選任の件。取締役として、富田一弥、長岡豊、川村善朗、岡本雄博、金田至保、若松康裕、宮島青史および加藤之啓を選任する。なお、若松康裕、宮島青史および加藤之啓は、社外取締役である。,富田一弥、長岡豊、川村善朗、岡本雄博、金田至保、若松康裕、宮島青史、加藤之啓,可決,87.8
32010,32010_20250228.htm,第１号議案,取締役８名選任の件。取締役として、富田一弥、長岡豊、川村善朗、岡本雄博、金田至保、若松康裕、宮島青史および加藤之啓を選任する。なお、若松康裕、宮島青史および加藤之啓は、社外取締役である。,長岡　豊,可決,76.77
32010,32010_20250228.htm,第１号議案,取締役８名選任の件。取締役として、富田一弥、長岡豊、川村善朗、岡本雄博、金田至保、若松康裕、宮島青史および加藤之啓を選任する。なお、若松康裕、宮島青史および加藤之啓は、社外取締役である。,川村　善朗,可決,93.62
32010,32010_20250228.htm,第１号議案,取締役８名選任の件。取締役として、富田一弥、長岡豊、川村善朗、岡本雄博、金田至保、若松康裕、宮島青史および加藤之啓を選任する。なお、若松康裕、宮島青史および加藤之啓は、社外取締役である。,岡本　雄博,可決,93.61
32010,32010_20250228.htm,第１号議案,取締役８名選任の件。取締役として、富田一弥、長岡豊、川村善朗、岡本雄博、金田至保、若松康裕、宮島青史および加藤之啓を選任する。なお、若松康裕、宮島青史および加藤之啓は、社外取締役である。,金田　至保,可決,95.42
32010,32010_20250228.htm,第１号議案,取締役８名選任の件。取締役として、富田一弥、長岡豊、川村善朗、岡本雄博、金田至保、若松康裕、宮島青史および加藤之啓を選任する。なお、若松康裕、宮島青史および加藤之啓は、社外取締役である。,若松　康裕,可決,93.47
32010,32010_20250228.htm,第１号議案,取締役８名選任の件。取締役として、富田一弥、長岡豊、川村善朗、岡本雄博、金田至保、若松康裕、宮島青史および加藤之啓を選任する。なお、若松康裕、宮島青史および加藤之啓は、社外取締役である。,宮島　青史,可決,93.76
32010,32010_20250228.htm,第１号議案,取締役８名選任の件。取締役として、富田一弥、長岡豊、川村善朗、岡本雄博、金田至保、若松康裕、宮島青史および加藤之啓を選任する。なお、若松康裕、宮島青史および加藤之啓は、社外取締役である。,加藤　之啓,可決,93.76
32010,32010_20250228.htm,第２号議案,監査役１名選任の件。監査役として、松本義子を選任する。,松本　義子,可決,93.56
32010,32010_20250228.htm,第３号議案,補欠監査役１名選任の件。補欠監査役として、勝井映子を選任する。,勝井　映子,可決,99.29
77510,77510_20250331.htm,第１号議案,剰余金の配当の件,,可決,99.25
77510,77510_20250331.htm,第２号議案,取締役10名選任の件,御手洗冨士夫,可決,90.93
77510,77510_20250331.htm,第２号議案,取締役10名選任の件,田中稔三,可決,96.69
77510,77510_20250331.htm,第２号議案,取締役10名選任の件,本間利夫,可決,97.1
77510,77510_20250331.htm,第２号議案,取締役10名選任の件,小川一登,可決,97.28
77510,77510_20250331.htm,第２号議案,取締役10名選任の件,武石洋明,可決,97.3
77510,77510_20250331.htm,第２号議案,取締役10名選任の件,浅田稔,可決,97.27
77510,77510_20250331.htm,第２号議案,取締役10名選任の件,川村雄介,可決,98.39
77510,77510_20250331.htm,第２号議案,取締役10名選任の件,池上政幸,可決,98.36
77510,77510_20250331.htm,第２号議案,取締役10名選任の件,鈴木正規,可決,98.38
77510,77510_20250331.htm,第２号議案,取締役10名選任の件,伊藤明子,可決,98.62
77510,77510_20250331.htm,第３号議案,監査役２名選任の件,森川剛志,可決,92.2
77510,77510_20250331.htm,第３号議案,監査役２名選任の件,重富由香,可決,99.17
77510,77510_20250331.htm,第４号議案,取締役賞与支給の件,,可決,97.81
27000,27000_20250328.htm,第１号議案　剰余金処分の件,"１株につき金100円（うち、普通配当30円・特別配当70円）　　総額 163,329,400円",null,可決,89.98
27000,27000_20250328.htm,第２号議案　取締役８名選任の件,取締役として、鎌田慶彦、竹内伸夫、稲垣英樹、管　益成、山田智基、今野　稔、鈴木　平、柏原幸代を選任,鎌田　慶彦,可決,89.74
27000,27000_20250328.htm,第２号議案　取締役８名選任の件,取締役として、鎌田慶彦、竹内伸夫、稲垣英樹、管　益成、山田智基、今野　稔、鈴木　平、柏原幸代を選任,竹内　伸夫,可決,89.83
27000,27000_20250328.htm,第２号議案　取締役８名選任の件,取締役として、鎌田慶彦、竹内伸夫、稲垣英樹、管　益成、山田智基、今野　稔、鈴木　平、柏原幸代を選任,稲垣　英樹,可決,89.9
27000,27000_20250328.htm,第２号議案　取締役８名選任の件,取締役として、鎌田慶彦、竹内伸夫、稲垣英樹、管　益成、山田智基、今野　稔、鈴木　平、柏原幸代を選任,管　　益成,可決,89.83
27000,27000_20250328.htm,第２号議案　取締役８名選任の件,取締役として、鎌田慶彦、竹内伸夫、稲垣英樹、管　益成、山田智基、今野　稔、鈴木　平、柏原幸代を選任,山田　智基,可決,89.86
27000,27000_20250328.htm,第２号議案　取締役８名選任の件,取締役として、鎌田慶彦、竹内伸夫、稲垣英樹、管　益成、山田智基、今野　稔、鈴木　平、柏原幸代を選任,今野　　稔,可決,89.88
27000,27000_20250328.htm,第２号議案　取締役８名選任の件,取締役として、鎌田慶彦、竹内伸夫、稲垣英樹、管　益成、山田智基、今野　稔、鈴木　平、柏原幸代を選任,鈴木　　平,可決,89.86
27000,27000_20250328.htm,第２号議案　取締役８名選任の件,取締役として、鎌田慶彦、竹内伸夫、稲垣英樹、管　益成、山田智基、今野　稔、鈴木　平、柏原幸代を選任,柏原　幸代,可決,91.39
27000,27000_20250328.htm,第３号議案　補欠監査役１名選任の件,補欠監査役として伊藤浩一を選任,伊藤浩一,可決,91.47
27000,27000_20250328.htm,第４号議案　退任取締役に対し退職慰労金贈呈並びに役員退職慰労金制度の廃止に伴う打ち切り支給の件,取締役を退任する岩苔永人、石田俊幸、秋岡栄子に対し退職慰労金を贈呈,null,可決,89.4
71720,71720_20250327.htm,第１号議案,剰余金処分の件,,可決,98.05
71720,71720_20250327.htm,第２号議案,監査役１名選任の件,佐藤秀明,可決,98.44
99410,99410_20250109.htm,第１号議案,取締役（監査等委員である取締役を除く。）２名選任の件,松島伸介,可決,96.35
99410,99410_20250109.htm,第１号議案,取締役（監査等委員である取締役を除く。）２名選任の件,姜　偉（長崎旭倫）,可決,96.05
99410,99410_20250109.htm,第２号議案,監査等委員である取締役３名選任の件,横山　友之,可決,96.59
99410,99410_20250109.htm,第２号議案,監査等委員である取締役３名選任の件,大下　良仁,可決,96.27
99410,99410_20250109.htm,第２号議案,監査等委員である取締役３名選任の件,上楽　裕三,可決,96.57
30730,30730_20250228.htm,議案　資本金の額の減少の件,"適切な税制の適用を通じて財務内容の健全化を図るとともに、将来の資本政策の柔軟性及び機動性を確保することを目的として、会社法第447条第１項の規定に基づき、次のとおり資本金の額を減少し、その他資本剰余金へ振り替えるものであります。①減少する資本金の額　107,557,736円のうち67,557,736円②資本金の額の減少が効力を生ずる日　2025年２月27日",,可決,97.99
34050,34050_20250328.htm,第１号議案 剰余金処分の件,期末配当に関する事項,null,可決,99.61
34050,34050_20250328.htm,第２号議案 資本準備金の額の減少の件,"今後の資本政策の機動性、柔軟性を確保するため、会社法第448条第１項の規定に基づき、資本準備金の額を減少し、その全額をその他資本剰余金に振り替えるものです。
準備金の額の減少の内容
① 資本準備金の額の減少の要領
資本準備金の全額にあたる87,098,929,423円を減少し、同額をその他資本剰余金に振り替えます。
② 資本準備金の額の減少が効力を生ずる日
2025年６月30日",null,可決,99.55
34050,34050_20250328.htm,第３号議案 取締役11名選任の件,川原 仁、多賀 敬治、伊藤 正明、マティアス グトヴァイラー、髙井 信彦、渡邊 知行、池森 洋二、村田 啓子、田中 聡、三上 直子及び三箇山 俊文を取締役に選任するものです。,川原 仁,可決,94.63
34050,34050_20250328.htm,第３号議案 取締役11名選任の件,川原 仁、多賀 敬治、伊藤 正明、マティアス グトヴァイラー、髙井 信彦、渡邊 知行、池森 洋二、村田 啓子、田中 聡、三上 直子及び三箇山 俊文を取締役に選任するものです。,多賀 敬治,可決,96.51
34050,34050_20250328.htm,第３号議案 取締役11名選任の件,川原 仁、多賀 敬治、伊藤 正明、マティアス グトヴァイラー、髙井 信彦、渡邊 知行、池森 洋二、村田 啓子、田中 聡、三上 直子及び三箇山 俊文を取締役に選任するものです。,伊藤 正明,可決,95.51
34050,34050_20250328.htm,第３号議案 取締役11名選任の件,川原 仁、多賀 敬治、伊藤 正明、マティアス グトヴァイラー、髙井 信彦、渡邊 知行、池森 洋二、村田 啓子、田中 聡、三上 直子及び三箇山 俊文を取締役に選任するものです。,マティアス グトヴァイラー,可決,96.47
34050,34050_20250328.htm,第３号議案 取締役11名選任の件,川原 仁、多賀 敬治、伊藤 正明、マティアス グトヴァイラー、髙井 信彦、渡邊 知行、池森 洋二、村田 啓子、田中 聡、三上 直子及び三箇山 俊文を取締役に選任するものです。,髙井 信彦,可決,96.52
34050,34050_20250328.htm,第３号議案 取締役11名選任の件,川原 仁、多賀 敬治、伊藤 正明、マティアス グトヴァイラー、髙井 信彦、渡邊 知行、池森 洋二、村田 啓子、田中 聡、三上 直子及び三箇山 俊文を取締役に選任するものです。,渡邊 知行,可決,96.53
34050,34050_20250328.htm,第３号議案 取締役11名選任の件,川原 仁、多賀 敬治、伊藤 正明、マティアス グトヴァイラー、髙井 信彦、渡邊 知行、池森 洋二、村田 啓子、田中 聡、三上 直子及び三箇山 俊文を取締役に選任するものです。,池森 洋二,可決,96.52
34050,34050_20250328.htm,第３号議案 取締役11名選任の件,川原 仁、多賀 敬治、伊藤 正明、マティアス グトヴァイラー、髙井 信彦、渡邊 知行、池森 洋二、村田 啓子、田中 聡、三上 直子及び三箇山 俊文を取締役に選任するものです。,村田 啓子,可決,99.04
34050,34050_20250328.htm,第３号議案 取締役11名選任の件,川原 仁、多賀 敬治、伊藤 正明、マティアス グトヴァイラー、髙井 信彦、渡邊 知行、池森 洋二、村田 啓子、田中 聡、三上 直子及び三箇山 俊文を取締役に選任するものです。,田中 聡,可決,95.14
34050,34050_20250328.htm,第３号議案 取締役11名選任の件,川原 仁、多賀 敬治、伊藤 正明、マティアス グトヴァイラー、髙井 信彦、渡邊 知行、池森 洋二、村田 啓子、田中 聡、三上 直子及び三箇山 俊文を取締役に選任するものです。,三上 直子,可決,98.61
34050,34050_20250328.htm,第３号議案 取締役11名選任の件,川原 仁、多賀 敬治、伊藤 正明、マティアス グトヴァイラー、髙井 信彦、渡邊 知行、池森 洋二、村田 啓子、田中 聡、三上 直子及び三箇山 俊文を取締役に選任するものです。,三箇山 俊文,可決,99.14
34050,34050_20250328.htm,第４号議案 監査役１名選任の件,大井 秀雄を監査役に選任するものです。,大井 秀雄,可決,94.96
34050,34050_20250328.htm,第５号議案 取締役（社外取締役を除く）の譲渡制限付株式報酬額の上限改定の件,取締役（社外取締役を除く）に対する譲渡制限付株式の付与のために支給される金銭報酬総額を、年額180百万円以内に改定するものです。,null,可決,98.83
96210,96210_20250326.htm,第１号議案,"剰余金処分の件
イ　株主に対する剰余金の配当に関する事項及びその総額 １株につき金150円  総額2,082,034,200円
ロ　効力発生日 2025年３月26日",null,可決,99.4
96210,96210_20250326.htm,第２号議案,"取締役11名選任の件
取締役として、中村哲己、西村達也、鈴木直人、藤原直樹、松岡利一、江守昌弘、天野光歩、小棹ふみ子、園部芳久、小笠原敦子及び桑野徹を選任する",中村哲己,可決,96.4
96210,96210_20250326.htm,第２号議案,"取締役11名選任の件
取締役として、中村哲己、西村達也、鈴木直人、藤原直樹、松岡利一、江守昌弘、天野光歩、小棹ふみ子、園部芳久、小笠原敦子及び桑野徹を選任する",西村達也,可決,99.3
96210,96210_20250326.htm,第２号議案,"取締役11名選任の件
取締役として、中村哲己、西村達也、鈴木直人、藤原直樹、松岡利一、江守昌弘、天野光歩、小棹ふみ子、園部芳久、小笠原敦子及び桑野徹を選任する",鈴木直人,可決,99.3
96210,96210_20250326.htm,第２号議案,"取締役11名選任の件
取締役として、中村哲己、西村達也、鈴木直人、藤原直樹、松岡利一、江守昌弘、天野光歩、小棹ふみ子、園部芳久、小笠原敦子及び桑野徹を選任する",藤原直樹,可決,99.5
96210,96210_20250326.htm,第２号議案,"取締役11名選任の件
取締役として、中村哲己、西村達也、鈴木直人、藤原直樹、松岡利一、江守昌弘、天野光歩、小棹ふみ子、園部芳久、小笠原敦子及び桑野徹を選任する",松岡利一,可決,99.3
96210,96210_20250326.htm,第２号議案,"取締役11名選任の件
取締役として、中村哲己、西村達也、鈴木直人、藤原直樹、松岡利一、江守昌弘、天野光歩、小棹ふみ子、園部芳久、小笠原敦子及び桑野徹を選任する",江守昌弘,可決,99.5
96210,96210_20250326.htm,第２号議案,"取締役11名選任の件
取締役として、中村哲己、西村達也、鈴木直人、藤原直樹、松岡利一、江守昌弘、天野光歩、小棹ふみ子、園部芳久、小笠原敦子及び桑野徹を選任する",天野光歩,可決,99.5
96210,96210_20250326.htm,第２号議案,"取締役11名選任の件
取締役として、中村哲己、西村達也、鈴木直人、藤原直樹、松岡利一、江守昌弘、天野光歩、小棹ふみ子、園部芳久、小笠原敦子及び桑野徹を選任する",小棹ふみ子,可決,99.4
96210,96210_20250326.htm,第２号議案,"取締役11名選任の件
取締役として、中村哲己、西村達也、鈴木直人、藤原直樹、松岡利一、江守昌弘、天野光歩、小棹ふみ子、園部芳久、小笠原敦子及び桑野徹を選任する",園部芳久,可決,99.4
96210,96210_20250326.htm,第２号議案,"取締役11名選任の件
取締役として、中村哲己、西村達也、鈴木直人、藤原直樹、松岡利一、江守昌弘、天野光歩、小棹ふみ子、園部芳久、小笠原敦子及び桑野徹を選任する",小笠原敦子,可決,99.4
96210,96210_20250326.htm,第２号議案,"取締役11名選任の件
取締役として、中村哲己、西村達也、鈴木直人、藤原直樹、松岡利一、江守昌弘、天野光歩、小棹ふみ子、園部芳久、小笠原敦子及び桑野徹を選任する",桑野徹,可決,99.4
96210,96210_20250326.htm,第３号議案,監査役１名選任の件,立山晃,可決,94.8
28090,28090_20250228.htm,第１号議案,取締役９名選任の件,中島周,可決,96.0
28090,28090_20250228.htm,第１号議案,取締役９名選任の件,髙宮満,可決,97.2
28090,28090_20250228.htm,第１号議案,取締役９名選任の件,渡邊龍太,可決,97.4
28090,28090_20250228.htm,第１号議案,取締役９名選任の件,山本信一郎,可決,97.4
28090,28090_20250228.htm,第１号議案,取締役９名選任の件,濱崎伸也,可決,97.3
28090,28090_20250228.htm,第１号議案,取締役９名選任の件,柏木斉,可決,98.1
28090,28090_20250228.htm,第１号議案,取締役９名選任の件,福島敦子,可決,98.1
28090,28090_20250228.htm,第１号議案,取締役９名選任の件,西川久仁子,可決,98.1
28090,28090_20250228.htm,第１号議案,取締役９名選任の件,ハロルド・ジョージ・メイ,可決,95.8
28090,28090_20250228.htm,第２号議案,取締役（社外取締役を除く。）に対する譲渡制限付株式の割当てのための報酬決定の件,該当なし,可決,97.3
25030,25030_20250331.htm,第１号議案,剰余金の処分の件,null,可決,98.48
25030,25030_20250331.htm,第２号議案,取締役12名選任の件,磯崎　功典,可決,93.16
25030,25030_20250331.htm,第２号議案,取締役12名選任の件,南方　健志,可決,93.32
25030,25030_20250331.htm,第２号議案,取締役12名選任の件,坪井　純子,可決,98.05
25030,25030_20250331.htm,第２号議案,取締役12名選任の件,吉村　透留,可決,98.08
25030,25030_20250331.htm,第２号議案,取締役12名選任の件,秋枝　眞二郎,可決,94.22
25030,25030_20250331.htm,第２号議案,取締役12名選任の件,柳　弘之,可決,97.82
25030,25030_20250331.htm,第２号議案,取締役12名選任の件,塩野　紀子,可決,94.49
25030,25030_20250331.htm,第２号議案,取締役12名選任の件,ロッド・エディントン,可決,97.21
25030,25030_20250331.htm,第２号議案,取締役12名選任の件,片野坂　真哉,可決,94.46
25030,25030_20250331.htm,第２号議案,取締役12名選任の件,安藤　よし子,可決,94.46
25030,25030_20250331.htm,第２号議案,取締役12名選任の件,此本　臣吾,可決,98.34
25030,25030_20250331.htm,第２号議案,取締役12名選任の件,三上　直子,可決,98.21
25030,25030_20250331.htm,第３号議案,取締役等に対する信託型株式報酬制度等の内容の一部改定の件,null,可決,97.98
39110,39110_20250327.htm,取締役５名選任の件,取締役として、椎葉忠志、萩原和之、田村紀貴、武市智行及び許田周一の５氏を選任する,椎葉忠志,可決,94.04
39110,39110_20250327.htm,取締役５名選任の件,取締役として、椎葉忠志、萩原和之、田村紀貴、武市智行及び許田周一の５氏を選任する,萩原和之,可決,96.04
39110,39110_20250327.htm,取締役５名選任の件,取締役として、椎葉忠志、萩原和之、田村紀貴、武市智行及び許田周一の５氏を選任する,田村紀貴,可決,96.23
39110,39110_20250327.htm,取締役５名選任の件,取締役として、椎葉忠志、萩原和之、田村紀貴、武市智行及び許田周一の５氏を選任する,武市智行,可決,96.01
39110,39110_20250327.htm,取締役５名選任の件,取締役として、椎葉忠志、萩原和之、田村紀貴、武市智行及び許田周一の５氏を選任する,許田周一,可決,96.26
36950,36950_20250319.htm,第１号議案,剰余金処分の件,null,可決,99.78
36950,36950_20250319.htm,第２号議案,定款一部変更の件,null,可決,99.64
36950,36950_20250319.htm,第３号議案,ＧＭＯタウンＷｉＦｉ株式会社との株式交換契約承認の件,null,可決,99.68
36950,36950_20250319.htm,第４号議案,取締役８名選任の件,細川　慎一,可決,98.38
36950,36950_20250319.htm,第４号議案,取締役８名選任の件,荻田　剛大,可決,99.49
36950,36950_20250319.htm,第４号議案,取締役８名選任の件,熊谷　正寿,可決,98.38
36950,36950_20250319.htm,第４号議案,取締役８名選任の件,本郷　哲也,可決,99.49
36950,36950_20250319.htm,第４号議案,取締役８名選任の件,長田　幸也,可決,99.48
36950,36950_20250319.htm,第４号議案,取締役８名選任の件,森　勇憲,可決,99.49
36950,36950_20250319.htm,第４号議案,取締役８名選任の件,安田　昌史,可決,99.49
36950,36950_20250319.htm,第４号議案,取締役８名選任の件,橋本　昌司,可決,99.49
36950,36950_20250319.htm,第５号議案,補欠監査役１名選任の件,北川　琢巳,可決,99.53
75010,75010_20250228.htm,第１号議案,剰余金処分の件,,可決,99.13
75010,75010_20250228.htm,第２号議案,取締役４名選任の件,酒井 誠一,可決,93.52
75010,75010_20250228.htm,第２号議案,取締役４名選任の件,杉本 安信,可決,99.13
75010,75010_20250228.htm,第２号議案,取締役４名選任の件,瀬戸 昭則,可決,99.13
75010,75010_20250228.htm,第２号議案,取締役４名選任の件,荻原 浩二,可決,99.08
64980,64980_20250328.htm,取締役選任の件,取締役として、堀田康之を選任する,堀田康之,可決,98.6
64980,64980_20250328.htm,取締役選任の件,取締役として、河野誠を選任する,河野誠,可決,99.4
64980,64980_20250328.htm,取締役選任の件,取締役として、村澤俊之を選任する,村澤俊之,可決,98.7
64980,64980_20250328.htm,取締役選任の件,取締役として、天羽稔を選任する,天羽稔,可決,99.1
64980,64980_20250328.htm,取締役選任の件,取締役として、藤原裕を選任する,藤原裕,可決,99.3
64980,64980_20250328.htm,取締役選任の件,取締役として、菊間千乃を選任する,菊間千乃,可決,97.0
64980,64980_20250328.htm,取締役選任の件,取締役として、作野周平を選任する,作野周平,可決,99.4
64980,64980_20250328.htm,取締役選任の件,取締役として、小林彩子を選任する,小林彩子,可決,99.5
64980,64980_20250328.htm,取締役選任の件,取締役として、前田東一を選任する,前田東一,可決,99.4
64980,64980_20250328.htm,取締役選任の件,取締役として、鈴木康信を選任する,鈴木康信,可決,99.4
70740,70740_20250228.htm,第１号議案　吸収分割契約承認の件,当社を吸収分割会社、当社の完全子会社である株式会社トゥエンティーフォーセブン設立準備会社を吸収分割承継会社として、当社のパーソナルトレーニング事業に関する権利義務を承継させる内容の吸収分割に係る吸収分割契約について承認する,null,可決,97.37
70740,70740_20250228.htm,第２号議案　定款一部変更の件（１）,2025年６月１日を効力発生日として持株会社体制に移行する予定であることに伴い、現行定款第１条（商号）及び現行定款第２条（目的）を変更する,null,可決,97.39
70740,70740_20250228.htm,第３号議案　定款一部変更の件（２）,2025年３月１日に当社の本店所在地を東京都品川区に移転することを予定しているため、現行定款第３条（本店の所在地）を変更する。加えて、役付取締役として会長職を定めることができる旨を現行定款第21条第２項に追加する,null,可決,97.43
70740,70740_20250228.htm,第４号議案　剰余金の処分の件,財務体質の健全化を図るとともに、今後の資本政策の柔軟性および機動性を確保することを目的として、会社法第452条の規定に基づき、その他資本剰余金を繰越利益剰余金に振り替えることにより、欠損填補に充当する,null,可決,97.36
70740,70740_20250228.htm,第５号議案　取締役６名選任の件,稲吉正樹、松木大輔、植原一雄、石村元希、橋本玄、中野信治を取締役に選任する,稲吉正樹,可決,97.35
70740,70740_20250228.htm,第５号議案　取締役６名選任の件,稲吉正樹、松木大輔、植原一雄、石村元希、橋本玄、中野信治を取締役に選任する,松木大輔,可決,97.35
70740,70740_20250228.htm,第５号議案　取締役６名選任の件,稲吉正樹、松木大輔、植原一雄、石村元希、橋本玄、中野信治を取締役に選任する,植原一雄,可決,97.33
70740,70740_20250228.htm,第５号議案　取締役６名選任の件,稲吉正樹、松木大輔、植原一雄、石村元希、橋本玄、中野信治を取締役に選任する,石村元希,可決,97.35
70740,70740_20250228.htm,第５号議案　取締役６名選任の件,稲吉正樹、松木大輔、植原一雄、石村元希、橋本玄、中野信治を取締役に選任する,橋本玄,可決,97.32
70740,70740_20250228.htm,第５号議案　取締役６名選任の件,稲吉正樹、松木大輔、植原一雄、石村元希、橋本玄、中野信治を取締役に選任する,中野信治,可決,97.29
70740,70740_20250228.htm,第６号議案　補欠監査役１名選任の件,門倉洋平を補欠監査役に選任する,門倉洋平,可決,97.45
70740,70740_20250228.htm,第７号議案　取締役に対するストック・オプション報酬額および内容決定の件,取締役（社外取締役を除く。）に対し、ストック・オプションとしての業績連動型新株予約権を割り当てる,null,可決,97.24
24080,24080_20250314.htm,第１号議案,取締役（監査等委員である取締役を除く）４名選任の件,益田　武美、板野　信夫、橋本　功、三上　芳久,可決,98.43
24080,24080_20250314.htm,第１号議案,取締役（監査等委員である取締役を除く）４名選任の件,益田　武美、板野　信夫、橋本　功、三上　芳久,可決,99.62
24080,24080_20250314.htm,第１号議案,取締役（監査等委員である取締役を除く）４名選任の件,益田　武美、板野　信夫、橋本　功、三上　芳久,可決,99.63
24080,24080_20250314.htm,第１号議案,取締役（監査等委員である取締役を除く）４名選任の件,益田　武美、板野　信夫、橋本　功、三上　芳久,可決,99.6
24080,24080_20250314.htm,第２号議案,監査等委員である取締役２名選任の件,藤井　光明、中村　久雄,可決,99.32
24080,24080_20250314.htm,第２号議案,監査等委員である取締役２名選任の件,藤井　光明、中村　久雄,可決,98.51
24080,24080_20250314.htm,第３号議案,当社取締役及び従業員にストック・オプションとして新株予約権を発行する件,null,可決,98.51
78790,78790_20250304.htm,第1号議案 剰余金の処分の件,"(1) 配当財産の種類 金銭とする (2) 配当財産の割当てに関する事項及びその総額 当社普通株式1株につき金20円  総額313,112,280円 (3) 剰余金の配当が効力を生じる日 2025年2月28日",,可決,99.61
78790,78790_20250304.htm,第2号議案 取締役11名選任の件,取締役として、野田励、野田四郎、髙津原健太郎、宮田佳明、良知正啓、新美泰、天岸知樹、服部裕仁、渡邉慎也、塩坂健及び髙井章光の各氏を選任する。,野田励,可決,91.47
78790,78790_20250304.htm,第2号議案 取締役11名選任の件,取締役として、野田励、野田四郎、髙津原健太郎、宮田佳明、良知正啓、新美泰、天岸知樹、服部裕仁、渡邉慎也、塩坂健及び髙井章光の各氏を選任する。,野田四郎,可決,94.39
78790,78790_20250304.htm,第2号議案 取締役11名選任の件,取締役として、野田励、野田四郎、髙津原健太郎、宮田佳明、良知正啓、新美泰、天岸知樹、服部裕仁、渡邉慎也、塩坂健及び髙井章光の各氏を選任する。,髙津原健太郎,可決,99.44
78790,78790_20250304.htm,第2号議案 取締役11名選任の件,取締役として、野田励、野田四郎、髙津原健太郎、宮田佳明、良知正啓、新美泰、天岸知樹、服部裕仁、渡邉慎也、塩坂健及び髙井章光の各氏を選任する。,宮田佳明,可決,99.44
78790,78790_20250304.htm,第2号議案 取締役11名選任の件,取締役として、野田励、野田四郎、髙津原健太郎、宮田佳明、良知正啓、新美泰、天岸知樹、服部裕仁、渡邉慎也、塩坂健及び髙井章光の各氏を選任する。,良知正啓,可決,99.61
78790,78790_20250304.htm,第2号議案 取締役11名選任の件,取締役として、野田励、野田四郎、髙津原健太郎、宮田佳明、良知正啓、新美泰、天岸知樹、服部裕仁、渡邉慎也、塩坂健及び髙井章光の各氏を選任する。,新美泰,可決,99.61
78790,78790_20250304.htm,第2号議案 取締役11名選任の件,取締役として、野田励、野田四郎、髙津原健太郎、宮田佳明、良知正啓、新美泰、天岸知樹、服部裕仁、渡邉慎也、塩坂健及び髙井章光の各氏を選任する。,天岸知樹,可決,99.61
78790,78790_20250304.htm,第2号議案 取締役11名選任の件,取締役として、野田励、野田四郎、髙津原健太郎、宮田佳明、良知正啓、新美泰、天岸知樹、服部裕仁、渡邉慎也、塩坂健及び髙井章光の各氏を選任する。,服部裕仁,可決,99.48
78790,78790_20250304.htm,第2号議案 取締役11名選任の件,取締役として、野田励、野田四郎、髙津原健太郎、宮田佳明、良知正啓、新美泰、天岸知樹、服部裕仁、渡邉慎也、塩坂健及び髙井章光の各氏を選任する。,渡邉慎也,可決,99.39
78790,78790_20250304.htm,第2号議案 取締役11名選任の件,取締役として、野田励、野田四郎、髙津原健太郎、宮田佳明、良知正啓、新美泰、天岸知樹、服部裕仁、渡邉慎也、塩坂健及び髙井章光の各氏を選任する。,塩坂健,可決,99.47
78790,78790_20250304.htm,第2号議案 取締役11名選任の件,取締役として、野田励、野田四郎、髙津原健太郎、宮田佳明、良知正啓、新美泰、天岸知樹、服部裕仁、渡邉慎也、塩坂健及び髙井章光の各氏を選任する。,髙井章光,可決,94.59
78790,78790_20250304.htm,第3号議案 監査役1名選任の件,監査役として、上原敏彦氏を選任する。,上原 敏彦,可決,94.56
24890,24890_20250327.htm,第1号議案,"剰余金の配当の件
普通株式1株につき金3円00銭とする。",,可決,98.44
24890,24890_20250327.htm,第2号議案,取締役3名選任の件,岡村陽久,可決,91.23
24890,24890_20250327.htm,第2号議案,取締役3名選任の件,鹿野晋吾,可決,95.37
24890,24890_20250327.htm,第2号議案,取締役3名選任の件,岡田恵利子,可決,97.08
24890,24890_20250327.htm,第3号議案,補欠取締役1名選任の件,石川直樹,可決,85.71
24890,24890_20250327.htm,第4号議案,補欠監査役1名選任の件,山本均,可決,98.09
24890,24890_20250327.htm,第5号議案,ストック・オプションとして発行する新株予約権の募集事項の決定を取締役会に委任する件,,可決,86.36
24890,24890_20250327.htm,第6号議案,会計監査人選任の件,太陽有限責任監査法人,可決,95.19
91450,91450_20250331.htm,第１号議案,"剰余金の処分の件
期末配当に関する事項
①配当財産の種類
金銭
②配当財産の割当てに関する事項及びその総額
当社普通株式１株につき　金44.00円
配当総額　　　　　金265,093,356円
③剰余金の配当が効力を生じる日
2025年３月31日",null,可決,99.2
91450,91450_20250331.htm,第２号議案,取締役６名選任の件,喜多甚一,可決,88.67
91450,91450_20250331.htm,第２号議案,取締役６名選任の件,喜多和行,可決,99.22
91450,91450_20250331.htm,第２号議案,取締役６名選任の件,高桑和浩,可決,99.22
91450,91450_20250331.htm,第２号議案,取締役６名選任の件,松木正康,可決,99.19
91450,91450_20250331.htm,第２号議案,取締役６名選任の件,川本剛生,可決,99.22
91450,91450_20250331.htm,第２号議案,取締役６名選任の件,長谷川博和,可決,99.22
60940,60940_20250107.htm,第１号議案　取締役（監査等委員である取締役を除く。）４名選任の件,取締役（監査等委員である取締役を除く。）として、本田謙、永井秀輔、時吉啓司および大元伸一の４名を選任する,本田謙,可決,91.54
60940,60940_20250107.htm,第１号議案　取締役（監査等委員である取締役を除く。）４名選任の件,取締役（監査等委員である取締役を除く。）として、本田謙、永井秀輔、時吉啓司および大元伸一の４名を選任する,永井秀輔,可決,93.23
60940,60940_20250107.htm,第１号議案　取締役（監査等委員である取締役を除く。）４名選任の件,取締役（監査等委員である取締役を除く。）として、本田謙、永井秀輔、時吉啓司および大元伸一の４名を選任する,時吉啓司,可決,93.23
60940,60940_20250107.htm,第１号議案　取締役（監査等委員である取締役を除く。）４名選任の件,取締役（監査等委員である取締役を除く。）として、本田謙、永井秀輔、時吉啓司および大元伸一の４名を選任する,大元伸一,可決,93.63
60940,60940_20250107.htm,第２号議案　監査等委員である取締役３名選任の件,監査等委員である取締役として、井出博之、高田祐史および松橋雅之の３名を選任する,井出博之,可決,93.8
60940,60940_20250107.htm,第２号議案　監査等委員である取締役３名選任の件,監査等委員である取締役として、井出博之、高田祐史および松橋雅之の３名を選任する,高田祐史,可決,93.82
60940,60940_20250107.htm,第２号議案　監査等委員である取締役３名選任の件,監査等委員である取締役として、井出博之、高田祐史および松橋雅之の３名を選任する,松橋雅之,可決,93.82
60940,60940_20250107.htm,第３号議案　補欠の監査等委員である取締役1名選任の件,補欠の監査等委員である取締役として、渡辺英治を選任する,渡辺英治,可決,93.77
61490,61490_20250401.htm,"議案
剰余金処分の件","１株につき金50円　　総額285,318,200円",,可決,99.06
31960,31960_20250331.htm,第１号議案,定款一部変更の件。2025年４月１日をもって持株会社体制へ移行し、当社の商号を「株式会社ホットランドホールディングス」へ変更する。,,可決,99.54
31960,31960_20250331.htm,第２号議案,取締役（監査等委員である取締役を除く。）６名選任の件,佐瀬守男,可決,87.96
31960,31960_20250331.htm,第２号議案,取締役（監査等委員である取締役を除く。）６名選任の件,荻野哲,可決,97.64
31960,31960_20250331.htm,第２号議案,取締役（監査等委員である取締役を除く。）６名選任の件,武藤靖,可決,97.64
31960,31960_20250331.htm,第２号議案,取締役（監査等委員である取締役を除く。）６名選任の件,内田善行,可決,97.64
31960,31960_20250331.htm,第２号議案,取締役（監査等委員である取締役を除く。）６名選任の件,福田龍二,可決,97.61
31960,31960_20250331.htm,第２号議案,取締役（監査等委員である取締役を除く。）６名選任の件,相場康則,可決,95.75
31960,31960_20250331.htm,第３号議案,監査等委員である取締役３名選任の件,皆木康之,可決,97.6
31960,31960_20250331.htm,第３号議案,監査等委員である取締役３名選任の件,寺山昭英,可決,93.18
31960,31960_20250331.htm,第３号議案,監査等委員である取締役３名選任の件,井門達人,可決,97.57
31960,31960_20250331.htm,第４号議案,補欠の監査等委員である取締役１名選任の件,柳澤宏之,可決,99.4
20090,20090_20250401.htm,第１号議案,"剰余金の処分の件
期末配当に関する事項
(1）配当財産の種類
金銭
(2）株主に対する配当財産の割当てに関する事項およびその総額
当社普通株式１株につき金41円　総額968,538,408円
(3）剰余金の配当が効力を生じる日
2025年３月31日",,可決,98.9
20090,20090_20250401.htm,第２号議案,"取締役６名選任の件
鳥越徹、高峰和宏、中川龍二三、阪東一光、倉富純男、酒見俊夫の６名を取締役に選任する。",鳥越　徹,可決,90.9
20090,20090_20250401.htm,第２号議案,"取締役６名選任の件
鳥越徹、高峰和宏、中川龍二三、阪東一光、倉富純男、酒見俊夫の６名を取締役に選任する。",高峰　和宏,可決,96.6
20090,20090_20250401.htm,第２号議案,"取締役６名選任の件
鳥越徹、高峰和宏、中川龍二三、阪東一光、倉富純男、酒見俊夫の６名を取締役に選任する。",中川　龍二三,可決,96.7
20090,20090_20250401.htm,第２号議案,"取締役６名選任の件
鳥越徹、高峰和宏、中川龍二三、阪東一光、倉富純男、酒見俊夫の６名を取締役に選任する。",阪東　一光,可決,98.4
20090,20090_20250401.htm,第２号議案,"取締役６名選任の件
鳥越徹、高峰和宏、中川龍二三、阪東一光、倉富純男、酒見俊夫の６名を取締役に選任する。",倉富　純男,可決,96.4
20090,20090_20250401.htm,第２号議案,"取締役６名選任の件
鳥越徹、高峰和宏、中川龍二三、阪東一光、倉富純男、酒見俊夫の６名を取締役に選任する。",酒見　俊夫,可決,97.9
20090,20090_20250401.htm,第３号議案,"補欠監査役１名選任の件
安原伸人を補欠の社外監査役に選任する。",安原　伸人,可決,98.5
39610,39610_20250331.htm,取締役選任,トーマス・アクイナス・フォーリーを取締役に選任する,トーマス・アクイナス・フォーリー,可決,99.0
39610,39610_20250331.htm,取締役選任,稲見吉彦を取締役に選任する,稲見吉彦,可決,99.0
39610,39610_20250331.htm,取締役選任,フォーリー淳子を取締役に選任する,フォーリー淳子,可決,99.0
39610,39610_20250331.htm,取締役選任,吉崎浩一郎を取締役に選任する,吉崎浩一郎,可決,99.0
39610,39610_20250331.htm,取締役選任,森忠嗣を取締役に選任する,森忠嗣,可決,99.0
91070,91070_20250401.htm,第１号議案,定款一部変更の件,null,可決,92.74
91070,91070_20250401.htm,第２号議案,取締役10名選任の件,明珍　幸一,可決,97.69
91070,91070_20250401.htm,第２号議案,取締役10名選任の件,荒井　邦彦,可決,98.59
91070,91070_20250401.htm,第２号議案,取締役10名選任の件,五十嵐　武宣,可決,99.76
91070,91070_20250401.htm,第２号議案,取締役10名選任の件,山田　啓二,可決,98.83
91070,91070_20250401.htm,第２号議案,取締役10名選任の件,内田　龍平,可決,80.71
91070,91070_20250401.htm,第２号議案,取締役10名選任の件,小高　功嗣,可決,99.32
91070,91070_20250401.htm,第２号議案,取締役10名選任の件,牧　寛之,可決,99.47
91070,91070_20250401.htm,第２号議案,取締役10名選任の件,政井　貴子,可決,97.58
91070,91070_20250401.htm,第２号議案,取締役10名選任の件,原澤　敦美,可決,99.76
91070,91070_20250401.htm,第２号議案,取締役10名選任の件,久保　伸介,可決,99.75
45740,45740_20250401.htm,第１号議案,取締役（監査等委員である取締役を除く。）３名選任の件,柴田仁,可決,74.31
45740,45740_20250401.htm,第１号議案,取締役（監査等委員である取締役を除く。）３名選任の件,柴田高,可決,74.53
45740,45740_20250401.htm,第１号議案,取締役（監査等委員である取締役を除く。）３名選任の件,橋本昌司,可決,89.43
45740,45740_20250401.htm,第２号議案,補欠の監査等委員である取締役１名選任の件,宮田俊男,可決,71.13
52010,52010_20250331.htm,第１号議案,"剰余金の処分の件
　期末配当に関する事項
当社普通株式１株につき金105円
総額22,289,180,550円",,可決,99.23
52010,52010_20250331.htm,第２号議案,取締役８名選任の件,島村琢哉,可決,75.43
52010,52010_20250331.htm,第２号議案,取締役８名選任の件,平井良典,可決,73.67
52010,52010_20250331.htm,第２号議案,取締役８名選任の件,宮地伸二,可決,88.36
52010,52010_20250331.htm,第２号議案,取締役８名選任の件,倉田英之,可決,88.41
52010,52010_20250331.htm,第２号議案,取締役８名選任の件,柳　弘之,可決,89.91
52010,52010_20250331.htm,第２号議案,取締役８名選任の件,本田桂子,可決,90.85
52010,52010_20250331.htm,第２号議案,取締役８名選任の件,手代木功,可決,87.8
52010,52010_20250331.htm,第２号議案,取締役８名選任の件,有馬浩二,可決,95.92
52010,52010_20250331.htm,第３号議案,監査役１名選任の件,荒木直子,可決,98.59
56990,56990_20250331.htm,剰余金処分の件,"期末配当に関する事項
①　配当財産の種類
　　金銭
②　配当財産の割当てに関する事項及びその総額
　　当社普通株式１株につき金32円　配当総額105,261,056円
③　剰余金の配当が効力を生じる日
　　2025年３月31日",null,可決,99.69
31050,31050_20250331.htm,第１号議案,取締役９名選任の件,村上雅洋,可決,81.96
31050,31050_20250331.htm,第１号議案,取締役９名選任の件,石井靖二,可決,85.83
31050,31050_20250331.htm,第１号議案,取締役９名選任の件,小洗　健,可決,97.13
31050,31050_20250331.htm,第１号議案,取締役９名選任の件,塚谷修示,可決,97.2
31050,31050_20250331.htm,第１号議案,取締役９名選任の件,多賀啓二,可決,96.05
31050,31050_20250331.htm,第１号議案,取締役９名選任の件,八木宏幸,可決,97.14
31050,31050_20250331.htm,第１号議案,取締役９名選任の件,谷奈穂子,可決,97.13
31050,31050_20250331.htm,第１号議案,取締役９名選任の件,リチャード　ダイク,可決,97.17
31050,31050_20250331.htm,第１号議案,取締役９名選任の件,生野由紀,可決,97.33
31050,31050_20250331.htm,第２号議案,補欠監査役１名選任の件,長屋文裕,可決,97.54
60870,60870_20250106.htm,第1号議案,剰余金処分の件,,可決,95.38
60870,60870_20250106.htm,第2号議案,取締役(監査等委員である取締役を除く)3名選任の件,進　顕,可決,97.63
60870,60870_20250106.htm,第2号議案,取締役(監査等委員である取締役を除く)3名選任の件,丸山　範和,可決,98.61
60870,60870_20250106.htm,第2号議案,取締役(監査等委員である取締役を除く)3名選任の件,高尾　真紀子,可決,98.53
60870,60870_20250106.htm,第3号議案,監査等委員である取締役3名選任の件,久留島　秀彦,可決,98.62
60870,60870_20250106.htm,第3号議案,監査等委員である取締役3名選任の件,山本　守,可決,98.54
60870,60870_20250106.htm,第3号議案,監査等委員である取締役3名選任の件,江幡　奈歩,可決,98.59
60870,60870_20250106.htm,第4号議案,補欠の監査等委員である取締役1名選任の件,高尾　真紀子,可決,98.63
53370,53370_20250328.htm,第１号議案,取締役８名選任の件,加藤友彦,可決,99.0
53370,53370_20250328.htm,第１号議案,取締役８名選任の件,前山達史,可決,99.1
53370,53370_20250328.htm,第１号議案,取締役８名選任の件,田中靖久,可決,99.8
53370,53370_20250328.htm,第１号議案,取締役８名選任の件,村島雅弘,可決,99.8
53370,53370_20250328.htm,第１号議案,取締役８名選任の件,吉田薫,可決,99.8
53370,53370_20250328.htm,第１号議案,取締役８名選任の件,小西智晴,可決,99.8
53370,53370_20250328.htm,第１号議案,取締役８名選任の件,福重正実,可決,99.8
53370,53370_20250328.htm,第１号議案,取締役８名選任の件,新井智,可決,99.8
53370,53370_20250328.htm,第２号議案,監査役１名選任の件,西宏章,可決,99.7
82020,82020_20250401.htm,第１号議案　資本準備金の額の減少及び剰余金の処分の件,"資本準備金の額5,000,000,000円を減少して6,000,000,000円とし、減少する資本準備金の全額を、その他資本剰余金に振り替えます。その他資本剰余金2,841,800,785円を減少、繰越利益剰余金2,841,800,785円を増加",,可決,98.9
82020,82020_20250401.htm,第２号議案　取締役９名選任の件,取締役として、羅怡文、矢野輝治、郭昂、阿久津康弘、陸耀、中田吉昭、周斌、福田拓実、林亜青を選任,羅怡文,可決,98.9
82020,82020_20250401.htm,第２号議案　取締役９名選任の件,取締役として、羅怡文、矢野輝治、郭昂、阿久津康弘、陸耀、中田吉昭、周斌、福田拓実、林亜青を選任,矢野輝治,可決,99.0
82020,82020_20250401.htm,第２号議案　取締役９名選任の件,取締役として、羅怡文、矢野輝治、郭昂、阿久津康弘、陸耀、中田吉昭、周斌、福田拓実、林亜青を選任,郭昂,可決,98.9
82020,82020_20250401.htm,第２号議案　取締役９名選任の件,取締役として、羅怡文、矢野輝治、郭昂、阿久津康弘、陸耀、中田吉昭、周斌、福田拓実、林亜青を選任,阿久津康弘,可決,98.9
82020,82020_20250401.htm,第２号議案　取締役９名選任の件,取締役として、羅怡文、矢野輝治、郭昂、阿久津康弘、陸耀、中田吉昭、周斌、福田拓実、林亜青を選任,陸耀,可決,98.9
82020,82020_20250401.htm,第２号議案　取締役９名選任の件,取締役として、羅怡文、矢野輝治、郭昂、阿久津康弘、陸耀、中田吉昭、周斌、福田拓実、林亜青を選任,中田吉昭,可決,98.9
82020,82020_20250401.htm,第２号議案　取締役９名選任の件,取締役として、羅怡文、矢野輝治、郭昂、阿久津康弘、陸耀、中田吉昭、周斌、福田拓実、林亜青を選任,周斌,可決,98.9
82020,82020_20250401.htm,第２号議案　取締役９名選任の件,取締役として、羅怡文、矢野輝治、郭昂、阿久津康弘、陸耀、中田吉昭、周斌、福田拓実、林亜青を選任,福田拓実,可決,98.9
82020,82020_20250401.htm,第２号議案　取締役９名選任の件,取締役として、羅怡文、矢野輝治、郭昂、阿久津康弘、陸耀、中田吉昭、周斌、福田拓実、林亜青を選任,林亜青,可決,98.9
82020,82020_20250401.htm,第３号議案　監査役２名選任の件,監査役として、上村明、加藤正憲を選任,上村明,可決,98.9
82020,82020_20250401.htm,第３号議案　監査役２名選任の件,監査役として、上村明、加藤正憲を選任,加藤正憲,可決,98.9
82020,82020_20250401.htm,第４号議案　退任監査役に対する退職慰労金贈呈の件,退任する監査役芝正二に対し、在任中の功労に報いるため、当社所定の基準に従い、退職慰労金を贈呈,,可決,98.6
41800,41800_20250331.htm,第１号議案,取締役（監査等委員である取締役を除く）４名選任の件,游直翰,可決,98.48
41800,41800_20250331.htm,第１号議案,取締役（監査等委員である取締役を除く）４名選任の件,李婉菱,可決,99.5
41800,41800_20250331.htm,第１号議案,取締役（監査等委員である取締役を除く）４名選任の件,蘇家永,可決,99.5
41800,41800_20250331.htm,第１号議案,取締役（監査等委員である取締役を除く）４名選任の件,&#28034;正廷,可決,99.5
41800,41800_20250331.htm,第２号議案,監査等委員である取締役３名選任の件,簡立峰,可決,99.22
41800,41800_20250331.htm,第２号議案,監査等委員である取締役３名選任の件,本村天,可決,90.16
41800,41800_20250331.htm,第２号議案,監査等委員である取締役３名選任の件,余若凡,可決,99.29
93370,93370_20250331.htm,取締役５名選任の件,中山貴之、井上智裕、森田一樹、高安聡及び長谷部潤を取締役に選任する。,中山貴之,可決,86.24
93370,93370_20250331.htm,取締役５名選任の件,中山貴之、井上智裕、森田一樹、高安聡及び長谷部潤を取締役に選任する。,井上智裕,可決,87.49
93370,93370_20250331.htm,取締役５名選任の件,中山貴之、井上智裕、森田一樹、高安聡及び長谷部潤を取締役に選任する。,森田一樹,可決,87.49
93370,93370_20250331.htm,取締役５名選任の件,中山貴之、井上智裕、森田一樹、高安聡及び長谷部潤を取締役に選任する。,高安聡,可決,86.87
93370,93370_20250331.htm,取締役５名選任の件,中山貴之、井上智裕、森田一樹、高安聡及び長谷部潤を取締役に選任する。,長谷部潤,可決,87.48
68580,68580_20250326.htm,第１号議案,取締役７名選任の件,大越祐史,可決,97.7
68580,68580_20250326.htm,第１号議案,取締役７名選任の件,濵田仁,可決,98.6
68580,68580_20250326.htm,第１号議案,取締役７名選任の件,小池秀昭,可決,98.9
68580,68580_20250326.htm,第１号議案,取締役７名選任の件,安地隆浩,可決,98.9
68580,68580_20250326.htm,第１号議案,取締役７名選任の件,塚越照,可決,98.9
68580,68580_20250326.htm,第１号議案,取締役７名選任の件,飯田訓正,可決,98.9
68580,68580_20250326.htm,第１号議案,取締役７名選任の件,木村岩雄,可決,98.8
68580,68580_20250326.htm,第２号議案,補欠監査役１名選任の件,庄山俊彦,可決,98.8
39830,39830_20250328.htm,第1号議案,剰余金の配当の件,,可決,98.862
39830,39830_20250328.htm,第2号議案,取締役(監査等委員である取締役を除く。)2名選任の件,川田　篤,可決,99.787
39830,39830_20250328.htm,第2号議案,取締役(監査等委員である取締役を除く。)2名選任の件,日野　靖久,可決,99.393
94460,94460_20250106.htm,第１号議案,"剰余金処分の件。当社普通株式１株につき金14円の期末配当、総額136,795,288円。剰余金の配当が効力を生じる日:2024年12月30日",,可決,86.18
94460,94460_20250106.htm,第２号議案,取締役４名選任の件,朝田康二郎,可決,95.07
94460,94460_20250106.htm,第２号議案,取締役４名選任の件,中野喜夫,可決,95.44
94460,94460_20250106.htm,第２号議案,取締役４名選任の件,片山義浩,可決,95.07
94460,94460_20250106.htm,第２号議案,取締役４名選任の件,秋葉一行,可決,95.72
94460,94460_20250106.htm,第３号議案,監査役２名選任の件,後藤康史,可決,95.43
94460,94460_20250106.htm,第３号議案,監査役２名選任の件,伊東祐介,可決,95.52
94460,94460_20250106.htm,第４号議案,剰余金処分の件,,否決,13.8
94460,94460_20250106.htm,第５号議案,取締役の報酬額改定の件,,否決,6.71
94460,94460_20250106.htm,第６号議案,定款一部変更（代表権を有する取締役の個別報酬開示）の件,,否決,15.17
94460,94460_20250106.htm,第７号議案,定款一部変更（代表権を有する取締役による他の会社の取締役の兼任禁止）の件,,否決,7.72
94460,94460_20250106.htm,第８号議案,定款一部変更（取締役会の議長）の件,,否決,7.09
57040,57040_20250326.htm,取締役１名選任の件,山﨑浩を取締役に選任する,山﨑浩,可決,96.34
99720,99720_20250228.htm,第１号議案,"剰余金の処分の件
期末配当に関する事項
当社普通株式１株につき金７円　　　　　　　総額96,386,633円",,可決,97.11
99720,99720_20250228.htm,第２号議案,取締役11名選任の件,張能徳博,可決,95.01
99720,99720_20250228.htm,第２号議案,取締役11名選任の件,池谷壽繁,可決,91.67
99720,99720_20250228.htm,第２号議案,取締役11名選任の件,井上賢志,可決,96.27
99720,99720_20250228.htm,第２号議案,取締役11名選任の件,山根清秋,可決,96.26
99720,99720_20250228.htm,第２号議案,取締役11名選任の件,澁谷博規,可決,96.8
99720,99720_20250228.htm,第２号議案,取締役11名選任の件,奥田哲太郎,可決,96.73
99720,99720_20250228.htm,第２号議案,取締役11名選任の件,李 暁敏,可決,96.72
99720,99720_20250228.htm,第２号議案,取締役11名選任の件,荒井敏明,可決,93.51
99720,99720_20250228.htm,第２号議案,取締役11名選任の件,中尾光成,可決,93.7
99720,99720_20250228.htm,第２号議案,取締役11名選任の件,中辻義則,可決,93.8
99720,99720_20250228.htm,第２号議案,取締役11名選任の件,中野敬子,可決,96.67
99720,99720_20250228.htm,第３号議案,監査役１名選任の件,豊島　絵,可決,97.11
61430,61430_20250331.htm,第１号議案,"剰余金の処分の件。普通株式１株につき金15円　総額758,536,050円を株主に対し配当。効力発生日は2025年３月31日",null,可決,93.16
61430,61430_20250331.htm,第２号議案,定款一部変更の件。監査役会設置会社から監査等委員会設置会社へ移行。剰余金の配当等を取締役会の決議により行うことができる旨を定款第42条として新設。上記の各変更に伴う字句の修正等所要の変更を行う。,null,可決,90.79
61430,61430_20250331.htm,第３号議案,取締役（監査等委員である取締役を除く。）８名選任の件,古川健一,可決,93.16
61430,61430_20250331.htm,第３号議案,取締役（監査等委員である取締役を除く。）８名選任の件,圷祐次,可決,93.73
61430,61430_20250331.htm,第３号議案,取締役（監査等委員である取締役を除く。）８名選任の件,塚本英樹,可決,93.48
61430,61430_20250331.htm,第３号議案,取締役（監査等委員である取締役を除く。）８名選任の件,高木正人,可決,93.64
61430,61430_20250331.htm,第３号議案,取締役（監査等委員である取締役を除く。）８名選任の件,工藤和直,可決,93.85
61430,61430_20250331.htm,第３号議案,取締役（監査等委員である取締役を除く。）８名選任の件,野波健蔵,可決,93.4
61430,61430_20250331.htm,第３号議案,取締役（監査等委員である取締役を除く。）８名選任の件,後藤芳一,可決,93.43
61430,61430_20250331.htm,第３号議案,取締役（監査等委員である取締役を除く。）８名選任の件,佐野綾子,可決,93.62
61430,61430_20250331.htm,第４号議案,監査等委員である取締役４名選任の件,河原哲郎,可決,93.9
61430,61430_20250331.htm,第４号議案,監査等委員である取締役４名選任の件,大滝真理,可決,93.53
61430,61430_20250331.htm,第４号議案,監査等委員である取締役４名選任の件,郷原玄哉,可決,93.55
61430,61430_20250331.htm,第４号議案,監査等委員である取締役４名選任の件,大村由紀子,可決,93.54
61430,61430_20250331.htm,第５号議案,取締役（監査等委員である取締役を除く。）の報酬等の額決定の件。報酬等の額を年額400百万円以内（うち社外取締役分は60百万円以内）とすること、及び各取締役に対する具体的金額、支給の時期等の決定は、取締役会の決議によるものとする。,null,可決,93.76
61430,61430_20250331.htm,第６号議案,"取締役（監査等委員である取締役及び社外取締役を除く。）に対する譲渡制限付株式の割当てのための報酬決定の件。対象取締役に対し、譲渡制限付株式に関する報酬として金銭報酬債権の総額を年額100百万円以内で支給。対象取締役に対して割り当てる譲渡制限付株式の総数200,000株を、各事業年度において割り当てる上限とする。",null,可決,93.88
61430,61430_20250331.htm,第７号議案,監査等委員である取締役の報酬等の額決定の件。監査等委員である取締役の報酬等の額を年額60百万円以内とすること、及び各監査等委員である取締役に対する具体的金額、支給の時期等の決定は、監査等委員である取締役の協議によるものとする。,null,可決,93.74
56180,56180_20250327.htm,第１号議案,取締役（監査等委員である取締役を除く。）３名選任の件,高橋飛翔,可決,95.62
56180,56180_20250327.htm,第１号議案,取締役（監査等委員である取締役を除く。）３名選任の件,長澤斉,可決,95.75
56180,56180_20250327.htm,第１号議案,取締役（監査等委員である取締役を除く。）３名選任の件,土居健太郎,可決,95.75
56180,56180_20250327.htm,第２号議案,監査等委員である取締役３名選任の件,畠山謙人,可決,99.61
56180,56180_20250327.htm,第２号議案,監査等委員である取締役３名選任の件,成松淳,可決,99.61
56180,56180_20250327.htm,第２号議案,監査等委員である取締役３名選任の件,富田寛之,可決,99.61
56180,56180_20250327.htm,第３号議案,資本準備金の額の減少及び剰余金の処分の件,,可決,99.62
58710,58710_20250331.htm,第１号議案,吸収分割契約承認の件。持株会社体制への移行のため、効力発生日を2025年７月１日（予定）として、当社を吸収分割会社、当社100％出資の子会社３社を吸収分割承継会社として、当社が営む一切の事業（ただし、当社が保有する会社の事業活動に対する支配又は管理及びグループ運営に関する事業を除く。）に関する権利義務を承継させる吸収分割契約について承認をお願いするものであります。,,可決,93.97
58710,58710_20250331.htm,第２号議案,定款一部変更の件。第１号議案「吸収分割契約承認の件」が原案どおり承認可決され、本吸収分割の効力が発生することを条件として、2025年７月１日（予定）に次のとおり当社定款を変更するものであります。(1) 事業会社から純粋持株会社へ移行することに伴う商号変更(2) 事業内容の明確化、多様化に対応するための目的の変更(3) 監査等委員会設置会社移行に必要な監査等委員及び監査等委員会に関する規定の新設、並びに監査役及び監査役会に関する規定の削除、並びに監査役の責任免除に関する経過措置に関する附則の追加(4) 経営の効率性を高め、機動的な意思決定を可能とするための重要な業務執行の決定の委任に関する規定の新設(5) その他、(1)から(4)に伴う条数等の変更及び文言統一のための所要の変更,,可決,93.96
58710,58710_20250331.htm,第３号議案,取締役５名選任の件。取締役として、以下の５名を選任するものであります。,宮藤康聡,可決,92.18
58710,58710_20250331.htm,第３号議案,取締役５名選任の件。取締役として、以下の５名を選任するものであります。,木下和重,可決,91.93
58710,58710_20250331.htm,第３号議案,取締役５名選任の件。取締役として、以下の５名を選任するものであります。,長坂武見,可決,91.98
58710,58710_20250331.htm,第３号議案,取締役５名選任の件。取締役として、以下の５名を選任するものであります。,山本尚美,可決,92.27
58710,58710_20250331.htm,第３号議案,取締役５名選任の件。取締役として、以下の５名を選任するものであります。,深田しおり,可決,92.01
58710,58710_20250331.htm,第４号議案,取締役（監査等委員である取締役を除く。）２名選任の件。第２号議案「定款一部変更の件」が原案どおり承認可決されることを条件として、以下の２名を取締役（監査等委員である取締役を除く。）として選任するものであります。,宮藤康聡,可決,92.18
58710,58710_20250331.htm,第４号議案,取締役（監査等委員である取締役を除く。）２名選任の件。第２号議案「定款一部変更の件」が原案どおり承認可決されることを条件として、以下の２名を取締役（監査等委員である取締役を除く。）として選任するものであります。,木下和重,可決,91.92
58710,58710_20250331.htm,第５号議案,監査等委員である取締役３名選任の件。第２号議案「定款一部変更の件」が原案どおり承認可決されることを条件として、以下３名を監査等委員である取締役として選任するものであります。,長坂武見,可決,93.86
58710,58710_20250331.htm,第５号議案,監査等委員である取締役３名選任の件。第２号議案「定款一部変更の件」が原案どおり承認可決されることを条件として、以下３名を監査等委員である取締役として選任するものであります。,山本尚美,可決,93.89
58710,58710_20250331.htm,第５号議案,監査等委員である取締役３名選任の件。第２号議案「定款一部変更の件」が原案どおり承認可決されることを条件として、以下３名を監査等委員である取締役として選任するものであります。,深田しおり,可決,93.86
58710,58710_20250331.htm,第６号議案,補欠の監査等委員である取締役１名選任の件。第２号議案「定款一部変更の件」が原案どおり承認可決されることを条件として、以下１名を補欠の監査等委員として選任するものであります。,阿部浩之,可決,92.02
58710,58710_20250331.htm,第７号議案,取締役（監査等委員である取締役を除く。）の報酬額設定の件。第２号議案「定款一部変更の件」が原案どおり承認可決されることを条件として、取締役（監査等委員である取締役を除く。）の報酬額を年額500百万円以内（うち社外取締役90百万円以内とし、使用人分給与は含まない。）と設定するものであります。,,可決,93.46
58710,58710_20250331.htm,第８号議案,監査等委員である取締役の報酬額設定の件。第２号議案「定款一部変更の件」が原案どおり承認可決されることを条件として、監査等委員である取締役の報酬を年額90百万円以内と設定するものであります。,,可決,93.48
58710,58710_20250331.htm,第９号議案,"取締役に対する譲渡制限付株式付与のための報酬決定の件。第２号議案「定款一部変更の件」が原案どおり承認可決されることを条件として、監査等委員会設置会社移行後の取締役（監査等委員である取締役及び社外取締役を除く。）に対し、年額100百万円以内、また、これにより発行又は処分される当社の普通株式の総数は年間30,000株以内として、第７号議案の報酬額とは別枠で、新たに譲渡制限付株式を報酬等として付与するものであります。",,可決,93.48
60490,60490_20250131.htm,取締役（監査等委員である取締役を除く。）５名選任の件,取締役（監査等委員である取締役を除く。）として、山木学、領下崇、佐藤大輔、鈴木真諭、棚橋新七の各氏を選任する,山木学,可決,96.18
60490,60490_20250131.htm,取締役（監査等委員である取締役を除く。）５名選任の件,取締役（監査等委員である取締役を除く。）として、山木学、領下崇、佐藤大輔、鈴木真諭、棚橋新七の各氏を選任する,領下崇,可決,98.55
60490,60490_20250131.htm,取締役（監査等委員である取締役を除く。）５名選任の件,取締役（監査等委員である取締役を除く。）として、山木学、領下崇、佐藤大輔、鈴木真諭、棚橋新七の各氏を選任する,佐藤大輔,可決,98.56
60490,60490_20250131.htm,取締役（監査等委員である取締役を除く。）５名選任の件,取締役（監査等委員である取締役を除く。）として、山木学、領下崇、佐藤大輔、鈴木真諭、棚橋新七の各氏を選任する,鈴木真諭,可決,98.56
60490,60490_20250131.htm,取締役（監査等委員である取締役を除く。）５名選任の件,取締役（監査等委員である取締役を除く。）として、山木学、領下崇、佐藤大輔、鈴木真諭、棚橋新七の各氏を選任する,棚橋新七,可決,98.53
79840,79840_20250331.htm,第１号議案,"剰余金の処分の件
　期末配当に関する事項
当社普通株式１株につき39円",,可決,95.31
79840,79840_20250331.htm,第２号議案,取締役９名選任の件,上釜　健宏,可決,97.81
79840,79840_20250331.htm,第２号議案,取締役９名選任の件,大森　紳一郎,可決,98.0
79840,79840_20250331.htm,第２号議案,取締役９名選任の件,杉江　陸,可決,97.86
79840,79840_20250331.htm,第２号議案,取締役９名選任の件,東葭　葉子,可決,97.87
79840,79840_20250331.htm,第２号議案,取締役９名選任の件,橋本　副孝,可決,97.78
79840,79840_20250331.htm,第２号議案,取締役９名選任の件,五味　祐子,可決,98.05
79840,79840_20250331.htm,第２号議案,取締役９名選任の件,東條　克昭,可決,95.12
79840,79840_20250331.htm,第２号議案,取締役９名選任の件,黒田　英邦,可決,91.49
79840,79840_20250331.htm,第２号議案,取締役９名選任の件,内藤　俊夫,可決,98.06
34750,34750_20250131.htm,第１号議案,剰余金処分の件,,可決,97.05
34750,34750_20250131.htm,第２号議案,定款一部変更の件,,可決,97.05
34750,34750_20250131.htm,第３号議案,取締役１名選任の件,杉山　央,可決,95.08
34750,34750_20250131.htm,第４号議案,補欠監査役１名選任の件,安田　正利,可決,92.39
34750,34750_20250131.htm,第５号議案,社外取締役及び監査役に対する譲渡制限付株式の付与のための報酬決定の件,,可決,87.01
22660,22660_20250331.htm,第１号議案,剰余金の処分の件,,可決,94.45
22660,22660_20250331.htm,第２号議案,取締役（監査等委員である取締役を除く。）７名選任の件,三宅宏和,可決,82.28
22660,22660_20250331.htm,第２号議案,取締役（監査等委員である取締役を除く。）７名選任の件,塚本浩康,可決,85.03
22660,22660_20250331.htm,第２号議案,取締役（監査等委員である取締役を除く。）７名選任の件,中村行男,可決,91.97
22660,22660_20250331.htm,第２号議案,取締役（監査等委員である取締役を除く。）７名選任の件,斎藤保典,可決,91.96
22660,22660_20250331.htm,第２号議案,取締役（監査等委員である取締役を除く。）７名選任の件,佐藤容子,可決,86.53
22660,22660_20250331.htm,第２号議案,取締役（監査等委員である取締役を除く。）７名選任の件,新山陽子,可決,94.23
22660,22660_20250331.htm,第２号議案,取締役（監査等委員である取締役を除く。）７名選任の件,田口泰,可決,85.11
22660,22660_20250331.htm,第３号議案,監査等委員である取締役３名選任の件,岡英一,可決,91.78
22660,22660_20250331.htm,第３号議案,監査等委員である取締役３名選任の件,今津龍三,可決,83.85
22660,22660_20250331.htm,第３号議案,監査等委員である取締役３名選任の件,早川芳夫,可決,94.23
73540,73540_20250401.htm,取締役11名選任の件,取締役として、植原大祐を選任する,植原大祐,可決,96.01
73540,73540_20250401.htm,取締役11名選任の件,取締役として、土井元良を選任する,土井元良,可決,97.53
73540,73540_20250401.htm,取締役11名選任の件,取締役として、伊藤佳奈子を選任する,伊藤佳奈子,可決,97.54
73540,73540_20250401.htm,取締役11名選任の件,取締役として、小林祐樹を選任する,小林祐樹,可決,97.48
73540,73540_20250401.htm,取締役11名選任の件,取締役として、池田篤穗を選任する,池田篤穗,可決,97.53
73540,73540_20250401.htm,取締役11名選任の件,取締役として、水谷謙作を選任する,水谷謙作,可決,87.87
73540,73540_20250401.htm,取締役11名選任の件,取締役として、三嶋政美を選任する,三嶋政美,可決,97.55
73540,73540_20250401.htm,取締役11名選任の件,取締役として、三宅稔男を選任する,三宅稔男,可決,97.54
73540,73540_20250401.htm,取締役11名選任の件,取締役として、前田健次郎を選任する,前田健次郎,可決,97.54
73540,73540_20250401.htm,取締役11名選任の件,取締役として、松原由佳を選任する,松原由佳,可決,97.54
73540,73540_20250401.htm,取締役11名選任の件,取締役として、米田惠美を選任する,米田惠美,可決,97.53
291A0,291A0_20250327.htm,資本金の額の減少の件,"①　減少する資本金の額：資本金の額188,808,220円のうち138,808,220円を減少し、減少後の資本金の額を50,000,000円といたします。
②　減資の方法：払戻を行わない無償減資とし、発行済株式総数を変更することなく、資本金の額を減少するものです。減少する資本金の額の全額をその他資本剰余金に振り替えるものであります。
③　資本金の額の減少の効力発生日：2025年3月26日",,可決,99.76
66530,66530_20250331.htm,取締役（監査等委員である取締役を除く。）９名選任の件,取締役（監査等委員である取締役を除く。）として、土屋直知、添田英俊、田中勉、有江勝利、石田耕三、高崎繁行、青木麗子、稲月勝巳、加藤暁子を選任する,土屋直知、添田英俊、田中勉、有江勝利、石田耕三、高崎繁行、青木麗子、稲月勝巳、加藤暁子,可決,93.94
66530,66530_20250331.htm,取締役（監査等委員である取締役を除く。）９名選任の件,取締役（監査等委員である取締役を除く。）として、土屋直知、添田英俊、田中勉、有江勝利、石田耕三、高崎繁行、青木麗子、稲月勝巳、加藤暁子を選任する,土屋直知、添田英俊、田中勉、有江勝利、石田耕三、高崎繁行、青木麗子、稲月勝巳、加藤暁子,可決,97.85
66530,66530_20250331.htm,取締役（監査等委員である取締役を除く。）９名選任の件,取締役（監査等委員である取締役を除く。）として、土屋直知、添田英俊、田中勉、有江勝利、石田耕三、高崎繁行、青木麗子、稲月勝巳、加藤暁子を選任する,土屋直知、添田英俊、田中勉、有江勝利、石田耕三、高崎繁行、青木麗子、稲月勝巳、加藤暁子,可決,99.11
66530,66530_20250331.htm,取締役（監査等委員である取締役を除く。）９名選任の件,取締役（監査等委員である取締役を除く。）として、土屋直知、添田英俊、田中勉、有江勝利、石田耕三、高崎繁行、青木麗子、稲月勝巳、加藤暁子を選任する,土屋直知、添田英俊、田中勉、有江勝利、石田耕三、高崎繁行、青木麗子、稲月勝巳、加藤暁子,可決,99.11
66530,66530_20250331.htm,取締役（監査等委員である取締役を除く。）９名選任の件,取締役（監査等委員である取締役を除く。）として、土屋直知、添田英俊、田中勉、有江勝利、石田耕三、高崎繁行、青木麗子、稲月勝巳、加藤暁子を選任する,土屋直知、添田英俊、田中勉、有江勝利、石田耕三、高崎繁行、青木麗子、稲月勝巳、加藤暁子,可決,98.99
66530,66530_20250331.htm,取締役（監査等委員である取締役を除く。）９名選任の件,取締役（監査等委員である取締役を除く。）として、土屋直知、添田英俊、田中勉、有江勝利、石田耕三、高崎繁行、青木麗子、稲月勝巳、加藤暁子を選任する,土屋直知、添田英俊、田中勉、有江勝利、石田耕三、高崎繁行、青木麗子、稲月勝巳、加藤暁子,可決,98.99
66530,66530_20250331.htm,取締役（監査等委員である取締役を除く。）９名選任の件,取締役（監査等委員である取締役を除く。）として、土屋直知、添田英俊、田中勉、有江勝利、石田耕三、高崎繁行、青木麗子、稲月勝巳、加藤暁子を選任する,土屋直知、添田英俊、田中勉、有江勝利、石田耕三、高崎繁行、青木麗子、稲月勝巳、加藤暁子,可決,99.04
66530,66530_20250331.htm,取締役（監査等委員である取締役を除く。）９名選任の件,取締役（監査等委員である取締役を除く。）として、土屋直知、添田英俊、田中勉、有江勝利、石田耕三、高崎繁行、青木麗子、稲月勝巳、加藤暁子を選任する,土屋直知、添田英俊、田中勉、有江勝利、石田耕三、高崎繁行、青木麗子、稲月勝巳、加藤暁子,可決,95.34
66530,66530_20250331.htm,取締役（監査等委員である取締役を除く。）９名選任の件,取締役（監査等委員である取締役を除く。）として、土屋直知、添田英俊、田中勉、有江勝利、石田耕三、高崎繁行、青木麗子、稲月勝巳、加藤暁子を選任する,土屋直知、添田英俊、田中勉、有江勝利、石田耕三、高崎繁行、青木麗子、稲月勝巳、加藤暁子,可決,98.98
66350,66350_20250328.htm,第１号議案,"剰余金処分の件
期末配当に関する事項
当社普通株式１株につき金６円00銭",,可決,99.66
66350,66350_20250328.htm,第２号議案,取締役（監査等委員である取締役を除く。）６名選任の件,山口琢也,可決,99.58
66350,66350_20250328.htm,第２号議案,取締役（監査等委員である取締役を除く。）６名選任の件,為崎靖夫,可決,99.34
66350,66350_20250328.htm,第２号議案,取締役（監査等委員である取締役を除く。）６名選任の件,大島誠二,可決,99.37
66350,66350_20250328.htm,第２号議案,取締役（監査等委員である取締役を除く。）６名選任の件,方永義,可決,99.36
66350,66350_20250328.htm,第２号議案,取締役（監査等委員である取締役を除く。）６名選任の件,長谷川雅幸,可決,99.38
66350,66350_20250328.htm,第２号議案,取締役（監査等委員である取締役を除く。）６名選任の件,北野剛,可決,99.38
66350,66350_20250328.htm,第３号議案,監査等委員である取締役２名選任の件,大島健二,可決,99.58
66350,66350_20250328.htm,第３号議案,監査等委員である取締役２名選任の件,柊紫乃,可決,99.37
66350,66350_20250328.htm,第４号議案,取締役（監査等委員である取締役及び社外取締役を除く。）に対する譲渡制限付株式の付与に関する報酬額等及び内容の決定の件,,可決,99.27
89140,89140_20250327.htm,第１号議案,剰余金の処分の件,null,可決,95.99
89140,89140_20250327.htm,第２号議案,取締役６名選任の件,林　尚道,可決,76.72
89140,89140_20250327.htm,第２号議案,取締役６名選任の件,鈴木　貴佳,可決,85.78
89140,89140_20250327.htm,第２号議案,取締役６名選任の件,大滝　保晃,可決,95.83
89140,89140_20250327.htm,第２号議案,取締役６名選任の件,西澤　実,可決,95.83
89140,89140_20250327.htm,第２号議案,取締役６名選任の件,古山　和宏,可決,94.22
89140,89140_20250327.htm,第２号議案,取締役６名選任の件,幸田　昌則,可決,95.77
89140,89140_20250327.htm,第３号議案,監査役１名選任の件,青木　巌,可決,95.84
41920,41920_20250327.htm,取締役選任の件,伊藤謙自を取締役として選任する,伊藤謙自,可決,98.71
41920,41920_20250327.htm,取締役選任の件,鈴木雅人を取締役として選任する,鈴木雅人,可決,98.69
41920,41920_20250327.htm,取締役選任の件,藤原悠を取締役として選任する,藤原悠,可決,98.56
41920,41920_20250327.htm,取締役選任の件,吉田淳也を取締役として選任する,吉田淳也,可決,98.63
41920,41920_20250327.htm,取締役選任の件,広木大地を取締役として選任する,広木大地,可決,98.74
41920,41920_20250327.htm,取締役選任の件,森竜太郎を取締役として選任する,森竜太郎,可決,98.8
25020,25020_20250327.htm,第１号議案,剰余金処分の件,,可決,99.95
25020,25020_20250327.htm,第２号議案,定款一部変更の件,,可決,90.93
25020,25020_20250327.htm,第３号議案,取締役13名選任の件,勝木　敦志,可決,94.12
25020,25020_20250327.htm,第３号議案,取締役13名選任の件,谷村　圭造,可決,91.74
25020,25020_20250327.htm,第３号議案,取締役13名選任の件,﨑田　薫,可決,91.71
25020,25020_20250327.htm,第３号議案,取締役13名選任の件,佐々江　賢一郎,可決,90.93
25020,25020_20250327.htm,第３号議案,取締役13名選任の件,大橋　徹二,可決,98.85
25020,25020_20250327.htm,第３号議案,取締役13名選任の件,松永　真理,可決,99.76
25020,25020_20250327.htm,第３号議案,取締役13名選任の件,佐藤　千佳,可決,99.78
25020,25020_20250327.htm,第３号議案,取締役13名選任の件,メラニー・ブロック,可決,99.12
25020,25020_20250327.htm,第３号議案,取締役13名選任の件,福田　行孝,可決,96.69
25020,25020_20250327.htm,第３号議案,取締役13名選任の件,大島　明子,可決,96.69
25020,25020_20250327.htm,第３号議案,取締役13名選任の件,大八木　成男,可決,99.67
25020,25020_20250327.htm,第３号議案,取締役13名選任の件,田中　早苗,可決,99.73
25020,25020_20250327.htm,第３号議案,取締役13名選任の件,宮川　明子,可決,99.86
55910,55910_20250328.htm,第１号議案　取締役４名選任の件,高橋光太郎、松倉怜、錦拓男、小野種紀の４名を取締役に選任する,高橋光太郎,可決,97.05
55910,55910_20250328.htm,第１号議案　取締役４名選任の件,高橋光太郎、松倉怜、錦拓男、小野種紀の４名を取締役に選任する,松倉怜,可決,99.68
55910,55910_20250328.htm,第１号議案　取締役４名選任の件,高橋光太郎、松倉怜、錦拓男、小野種紀の４名を取締役に選任する,錦拓男,可決,98.34
55910,55910_20250328.htm,第１号議案　取締役４名選任の件,高橋光太郎、松倉怜、錦拓男、小野種紀の４名を取締役に選任する,小野種紀,可決,85.23
55910,55910_20250328.htm,第２号議案　監査役１名選任の件,大源悠美子を監査役に選任する,大源悠美子,可決,99.77
59430,59430_20250328.htm,第１号議案,"剰余金の処分の件
期末配当に関する事項
当社普通株式１株につき金36円",,可決,99.6
59430,59430_20250328.htm,第２号議案,"定款一部変更の件
給湯器リサイクル事業において、古物商および金属くず商に該当する取引を行うことを予定しており、これらの許可申請を行うために、現行定款に事業目的の追加を行う。",,可決,99.6
59430,59430_20250328.htm,第３号議案,"取締役（監査等委員である取締役を除く。）５名選任の件
取締役（監査等委員である取締役を除く。）として、腹巻知、竹中昌之、吉本厚志、池田英礼および野田いづみの５名を選任する。",腹巻知,可決,72.2
59430,59430_20250328.htm,第３号議案,"取締役（監査等委員である取締役を除く。）５名選任の件
取締役（監査等委員である取締役を除く。）として、腹巻知、竹中昌之、吉本厚志、池田英礼および野田いづみの５名を選任する。",竹中昌之,可決,95.3
59430,59430_20250328.htm,第３号議案,"取締役（監査等委員である取締役を除く。）５名選任の件
取締役（監査等委員である取締役を除く。）として、腹巻知、竹中昌之、吉本厚志、池田英礼および野田いづみの５名を選任する。",吉本厚志,可決,99.3
59430,59430_20250328.htm,第３号議案,"取締役（監査等委員である取締役を除く。）５名選任の件
取締役（監査等委員である取締役を除く。）として、腹巻知、竹中昌之、吉本厚志、池田英礼および野田いづみの５名を選任する。",池田英礼,可決,95.3
59430,59430_20250328.htm,第３号議案,"取締役（監査等委員である取締役を除く。）５名選任の件
取締役（監査等委員である取締役を除く。）として、腹巻知、竹中昌之、吉本厚志、池田英礼および野田いづみの５名を選任する。",野田いづみ,可決,99.4
59430,59430_20250328.htm,第４号議案,"監査等委員である取締役２名選任の件
監査等委員である取締役として、谷保廣および伊藤三奈を選任する。",谷保廣,可決,98.3
59430,59430_20250328.htm,第４号議案,"監査等委員である取締役２名選任の件
監査等委員である取締役として、谷保廣および伊藤三奈を選任する。",伊藤三奈,可決,99.5
59430,59430_20250328.htm,第５号議案,当社株式の大規模買付行為に関する対応方針（買収への対応方針）の一部改定および継続の件,,可決,64.3
59430,59430_20250328.htm,第６号議案,"譲渡制限付株式報酬制度に係る報酬額改定の件
譲渡制限付株式付与のための金銭報酬債権を付与するため、譲渡制限付株式報酬制度（以下「本制度」という。）の対象となる取締役（監査等委員である取締役を除く。）に対する報酬額を、基本報酬の報酬額年額とは別に、年額総額２億円以内、付与株式数の上限111,000株と設定し、また、譲渡制限付株式付与のための金銭報酬債権を付与するため、本制度の対象となる監査等委員である取締役に対する報酬額を、基本報酬の報酬額年額とは別に、年額総額20百万円以内、付与株式数の上限11,000株と設定する。具体的な支給時期及び配分については、取締役会において決定する。",,否決,7.9
59430,59430_20250328.htm,第７号議案,"自己株式取得の件
会社法第156条第1項の規定に基づき、本定時株主総会終結の時から１年以内に、貴社普通株式を、株式総数4,855,000株、取得価額の総額金8,739,000,000円を限度として、金銭の交付をもって取得することとする。",,否決,16.3
59430,59430_20250328.htm,第８号議案,"社外取締役の員数に関する定款変更の件
当社の社外取締役を過半数とするため、当社の定款第20条を下記の通り変更する。",,否決,10.9
34740,34740_20250328.htm,第１号議案,定款一部変更の件：今後の事業領域の拡大および多様化に対応するため現行定款第２条（目的）に事業目的の追加を行う,null,可決,99.37
34740,34740_20250328.htm,第２号議案,取締役（監査等委員である取締役を除く。）２名選任の件,片平　雅之,可決,99.33
34740,34740_20250328.htm,第２号議案,取締役（監査等委員である取締役を除く。）２名選任の件,田口　由香子,可決,99.33
23210,23210_20250318.htm,第１号議案,第三者割当による新株式発行及び第15回新株予約権発行の件,,可決,94.21
23210,23210_20250318.htm,第２号議案,取締役（監査等委員である取締役を除く。）４名選任の件,時　慧,可決,95.54
23210,23210_20250318.htm,第２号議案,取締役（監査等委員である取締役を除く。）４名選任の件,宮川　正昭,可決,95.57
23210,23210_20250318.htm,第２号議案,取締役（監査等委員である取締役を除く。）４名選任の件,程崎　絵李加,可決,95.57
23210,23210_20250318.htm,第２号議案,取締役（監査等委員である取締役を除く。）４名選任の件,横山　隆一,可決,94.97
71770,71770_20250325.htm,第１号議案,定款一部変更の件,null,可決,99.58
71770,71770_20250325.htm,第２号議案,取締役８名選任の件,高島秀行,可決,97.82
71770,71770_20250325.htm,第２号議案,取締役８名選任の件,石村富隆,可決,98.22
71770,71770_20250325.htm,第２号議案,取締役８名選任の件,山本樹,可決,98.88
71770,71770_20250325.htm,第２号議案,取締役８名選任の件,中村稔雄,可決,98.99
71770,71770_20250325.htm,第２号議案,取締役８名選任の件,安田昌史,可決,99.24
71770,71770_20250325.htm,第２号議案,取締役８名選任の件,久米雅彦,可決,99.07
71770,71770_20250325.htm,第２号議案,取締役８名選任の件,東道佳代,可決,99.12
71770,71770_20250325.htm,第２号議案,取締役８名選任の件,松田勉,可決,99.08
89290,89290_20250327.htm,第１号議案,取締役10名選任の件,蓮見正純,可決,86.92
89290,89290_20250327.htm,第１号議案,取締役10名選任の件,松浦健,可決,94.82
89290,89290_20250327.htm,第１号議案,取締役10名選任の件,小川隆臣,可決,94.9
89290,89290_20250327.htm,第１号議案,取締役10名選任の件,長坂道広,可決,94.87
89290,89290_20250327.htm,第１号議案,取締役10名選任の件,橋場真太郎,可決,94.87
89290,89290_20250327.htm,第１号議案,取締役10名選任の件,長曽我部利幸,可決,94.88
89290,89290_20250327.htm,第１号議案,取締役10名選任の件,島田晴雄,可決,80.3
89290,89290_20250327.htm,第１号議案,取締役10名選任の件,渡邊啓司,可決,80.27
89290,89290_20250327.htm,第１号議案,取締役10名選任の件,森まどか,可決,89.75
89290,89290_20250327.htm,第１号議案,取締役10名選任の件,内田士郎,可決,94.87
89290,89290_20250327.htm,第２号議案,監査役１名選任の件,六川浩明,可決,88.28
43720,43720_20250328.htm,第１号議案,取締役８名選任の件,清水　亘,可決,97.3
43720,43720_20250328.htm,第１号議案,取締役８名選任の件,小林　幹彦,可決,97.3
43720,43720_20250328.htm,第１号議案,取締役８名選任の件,渡邉　弘一,可決,97.3
43720,43720_20250328.htm,第１号議案,取締役８名選任の件,高比良　実,可決,97.3
43720,43720_20250328.htm,第１号議案,取締役８名選任の件,斎田　誠,可決,97.3
43720,43720_20250328.htm,第１号議案,取締役８名選任の件,鏑木　祥介,可決,97.3
43720,43720_20250328.htm,第１号議案,取締役８名選任の件,菊川　泰宏,可決,97.3
43720,43720_20250328.htm,第１号議案,取締役８名選任の件,伊達　有希子,可決,97.3
43720,43720_20250328.htm,第２号議案,監査役１名選任の件,芹沢　俊太郎,可決,97.3
36730,36730_20250324.htm,第１号議案,"剰余金処分の件
期末配当に関する事項
当社普通株式１株につき金2.0円",,可決,99.61
36730,36730_20250324.htm,第２号議案,"取締役５名選任の件
取締役として、大山堅司、山中健一、鬼澤盛夫、高田坦史、及び山口畝誉を選任する",大山　堅司,可決,85.01
36730,36730_20250324.htm,第２号議案,"取締役５名選任の件
取締役として、大山堅司、山中健一、鬼澤盛夫、高田坦史、及び山口畝誉を選任する",山中　健一,可決,94.91
36730,36730_20250324.htm,第２号議案,"取締役５名選任の件
取締役として、大山堅司、山中健一、鬼澤盛夫、高田坦史、及び山口畝誉を選任する",鬼澤　盛夫,可決,81.77
36730,36730_20250324.htm,第２号議案,"取締役５名選任の件
取締役として、大山堅司、山中健一、鬼澤盛夫、高田坦史、及び山口畝誉を選任する",高田　坦史,可決,94.84
36730,36730_20250324.htm,第２号議案,"取締役５名選任の件
取締役として、大山堅司、山中健一、鬼澤盛夫、高田坦史、及び山口畝誉を選任する",山口　畝誉,可決,99.58
36730,36730_20250324.htm,第３号議案,"補欠監査役２名選任の件
補欠監査役として、山口順一、及び朝倉祐介を選任する",山口　順一,可決,99.59
36730,36730_20250324.htm,第３号議案,"補欠監査役２名選任の件
補欠監査役として、山口順一、及び朝倉祐介を選任する",朝倉　祐介,可決,99.61
69150,69150_20250403.htm,第１号議案,剰余金処分の件,,可決,99.95
69150,69150_20250403.htm,第２号議案,取締役８名選任の件,小池光明,可決,97.88
69150,69150_20250403.htm,第２号議案,取締役８名選任の件,村澤琢己,可決,98.38
69150,69150_20250403.htm,第２号議案,取締役８名選任の件,村田功,可決,98.38
69150,69150_20250403.htm,第２号議案,取締役８名選任の件,辻智晴,可決,99.82
69150,69150_20250403.htm,第２号議案,取締役８名選任の件,稲葉淳一,可決,99.82
69150,69150_20250403.htm,第２号議案,取締役８名選任の件,眞下修,可決,98.45
69150,69150_20250403.htm,第２号議案,取締役８名選任の件,竹本雅則,可決,99.83
69150,69150_20250403.htm,第２号議案,取締役８名選任の件,寺田由美,可決,99.87
69150,69150_20250403.htm,第３号議案,補欠監査役１名選任の件,飯塚貴規,可決,99.94
69150,69150_20250403.htm,第４号議案,会計監査人選任の件,監査法人アヴァンティア,可決,99.9
42350,42350_20250328.htm,第１号議案,取締役（監査等委員である取締役を除く。）６名選任の件,吉村昇,可決,99.08
42350,42350_20250328.htm,第１号議案,取締役（監査等委員である取締役を除く。）６名選任の件,中川豊彦,可決,99.09
42350,42350_20250328.htm,第１号議案,取締役（監査等委員である取締役を除く。）６名選任の件,クレイ アンドリュー ローゼンバーグ,可決,98.91
42350,42350_20250328.htm,第１号議案,取締役（監査等委員である取締役を除く。）６名選任の件,バーバラ ダニエル ベッカー－プリマック,可決,98.89
42350,42350_20250328.htm,第１号議案,取締役（監査等委員である取締役を除く。）６名選任の件,尾城紳治,可決,98.89
42350,42350_20250328.htm,第１号議案,取締役（監査等委員である取締役を除く。）６名選任の件,高野美香,可決,98.78
42350,42350_20250328.htm,第２号議案,監査等委員である取締役３名選任の件,伊丹庸之,可決,99.14
42350,42350_20250328.htm,第２号議案,監査等委員である取締役３名選任の件,横尾彰,可決,99.15
42350,42350_20250328.htm,第２号議案,監査等委員である取締役３名選任の件,伊勢谷英樹,可決,99.15
50280,50280_20250331.htm,第１号議案　取締役５名選任の件,取締役として、加藤　良太郎、高山　博和、深谷　直紀、河本　尚之及び伊勢　康永の５氏を選任する。,加藤　良太郎,可決,98.1
50280,50280_20250331.htm,第１号議案　取締役５名選任の件,取締役として、加藤　良太郎、高山　博和、深谷　直紀、河本　尚之及び伊勢　康永の５氏を選任する。,高山　博和,可決,98.1
50280,50280_20250331.htm,第１号議案　取締役５名選任の件,取締役として、加藤　良太郎、高山　博和、深谷　直紀、河本　尚之及び伊勢　康永の５氏を選任する。,深谷　直紀,可決,98.1
50280,50280_20250331.htm,第１号議案　取締役５名選任の件,取締役として、加藤　良太郎、高山　博和、深谷　直紀、河本　尚之及び伊勢　康永の５氏を選任する。,河本　尚之,可決,98.1
50280,50280_20250331.htm,第１号議案　取締役５名選任の件,取締役として、加藤　良太郎、高山　博和、深谷　直紀、河本　尚之及び伊勢　康永の５氏を選任する。,伊勢　康永,可決,98.1
50280,50280_20250331.htm,第２号議案　監査役３名選任の件,監査役として、磯野　薫、福﨑　剛志及び品川　理絵子の３氏を選任する。,磯野　薫,可決,98.2
50280,50280_20250331.htm,第２号議案　監査役３名選任の件,監査役として、磯野　薫、福﨑　剛志及び品川　理絵子の３氏を選任する。,福﨑　剛志,可決,98.2
50280,50280_20250331.htm,第２号議案　監査役３名選任の件,監査役として、磯野　薫、福﨑　剛志及び品川　理絵子の３氏を選任する。,品川　理絵子,可決,98.2
63260,63260_20250324.htm,第１号議案　取締役11名選任の件,取締役として、北尾裕一、花田晋吾、木村浩人、吉川正人、渡邉大、吉岡榮司、新宅祐太郎、荒金久美、川名浩一、古澤ゆり及び山下良則を選任する。,北尾裕一,可決,92.93
63260,63260_20250324.htm,第１号議案　取締役11名選任の件,取締役として、北尾裕一、花田晋吾、木村浩人、吉川正人、渡邉大、吉岡榮司、新宅祐太郎、荒金久美、川名浩一、古澤ゆり及び山下良則を選任する。,花田晋吾,可決,97.62
63260,63260_20250324.htm,第１号議案　取締役11名選任の件,取締役として、北尾裕一、花田晋吾、木村浩人、吉川正人、渡邉大、吉岡榮司、新宅祐太郎、荒金久美、川名浩一、古澤ゆり及び山下良則を選任する。,木村浩人,可決,97.63
63260,63260_20250324.htm,第１号議案　取締役11名選任の件,取締役として、北尾裕一、花田晋吾、木村浩人、吉川正人、渡邉大、吉岡榮司、新宅祐太郎、荒金久美、川名浩一、古澤ゆり及び山下良則を選任する。,吉川正人,可決,97.61
63260,63260_20250324.htm,第１号議案　取締役11名選任の件,取締役として、北尾裕一、花田晋吾、木村浩人、吉川正人、渡邉大、吉岡榮司、新宅祐太郎、荒金久美、川名浩一、古澤ゆり及び山下良則を選任する。,渡邉　　大,可決,97.72
63260,63260_20250324.htm,第１号議案　取締役11名選任の件,取締役として、北尾裕一、花田晋吾、木村浩人、吉川正人、渡邉大、吉岡榮司、新宅祐太郎、荒金久美、川名浩一、古澤ゆり及び山下良則を選任する。,吉岡　榮司,可決,97.64
63260,63260_20250324.htm,第１号議案　取締役11名選任の件,取締役として、北尾裕一、花田晋吾、木村浩人、吉川正人、渡邉大、吉岡榮司、新宅祐太郎、荒金久美、川名浩一、古澤ゆり及び山下良則を選任する。,新宅　祐太郎,可決,99.22
63260,63260_20250324.htm,第１号議案　取締役11名選任の件,取締役として、北尾裕一、花田晋吾、木村浩人、吉川正人、渡邉大、吉岡榮司、新宅祐太郎、荒金久美、川名浩一、古澤ゆり及び山下良則を選任する。,荒金　久美,可決,99.22
63260,63260_20250324.htm,第１号議案　取締役11名選任の件,取締役として、北尾裕一、花田晋吾、木村浩人、吉川正人、渡邉大、吉岡榮司、新宅祐太郎、荒金久美、川名浩一、古澤ゆり及び山下良則を選任する。,川名　浩一,可決,98.66
63260,63260_20250324.htm,第１号議案　取締役11名選任の件,取締役として、北尾裕一、花田晋吾、木村浩人、吉川正人、渡邉大、吉岡榮司、新宅祐太郎、荒金久美、川名浩一、古澤ゆり及び山下良則を選任する。,古澤　ゆり,可決,99.22
63260,63260_20250324.htm,第１号議案　取締役11名選任の件,取締役として、北尾裕一、花田晋吾、木村浩人、吉川正人、渡邉大、吉岡榮司、新宅祐太郎、荒金久美、川名浩一、古澤ゆり及び山下良則を選任する。,山下　良則,可決,97.71
63260,63260_20250324.htm,第２号議案　監査役１名選任の件,監査役として、井野勢津子を選任する。,井野　勢津子,可決,99.55
63260,63260_20250324.htm,第３号議案　補欠監査役１名選任の件,補欠監査役として、岩本朗を選任する。,岩本　　朗,可決,99.56
63260,63260_20250324.htm,第４号議案　社外取締役に対する株式報酬の額及び内容決定の件,"社外取締役を対象に新たに株式報酬制度を導入し、社外取締役に支給する金銭報酬の上限額(年額１億6,000万円)とは別枠で、年額5,000万円を上限に信託に拠出し、本信託が取得した当社の普通株式を、年間20,000株を上限として社外取締役に支給する(ただし、退任までの譲渡制限を付すものとする)。",該当なし,可決,87.85
30010,30010_20250403.htm,第１号議案　剰余金の処分の件,"イ　株主に対する剰余金の配当に関する事項及びその総額
当社普通株式１株につき金50円　　総額1,623,146,950円
ロ　効力発生日
2025年3月31日",null,可決,99.85
30010,30010_20250403.htm,第２号議案　取締役７名選任の件,上甲亮祐,上甲亮祐,可決,79.33
30010,30010_20250403.htm,第２号議案　取締役７名選任の件,柿本勝博,柿本勝博,可決,91.09
30010,30010_20250403.htm,第２号議案　取締役７名選任の件,水澤健一,水澤健一,可決,88.91
30010,30010_20250403.htm,第２号議案　取締役７名選任の件,大室康一,大室康一,可決,88.72
30010,30010_20250403.htm,第２号議案　取締役７名選任の件,桑原道夫,桑原道夫,可決,88.88
30010,30010_20250403.htm,第２号議案　取締役７名選任の件,金丸哲也,金丸哲也,可決,90.89
30010,30010_20250403.htm,第２号議案　取締役７名選任の件,真下陽子,真下陽子,可決,91.23
23250,23250_20250331.htm,第１号議案,剰余金の処分の件,,可決,99.21
23250,23250_20250331.htm,第２号議案,取締役２名選任の件,ウダイ・ガナパティ・ケルカー,可決,99.56
23250,23250_20250331.htm,第２号議案,取締役２名選任の件,村田すなお,可決,99.56
23250,23250_20250331.htm,第３号議案,監査役２名選任の件,田中敏嗣,可決,90.3
23250,23250_20250331.htm,第３号議案,監査役２名選任の件,渡邊貴信,可決,90.34
92790,92790_20250203.htm,第１号議案,"剰余金処分の件
期末配当に関する事項及びその総額
当社普通株式１株につき金９円　総額179,684,100円",,可決,98.74
92790,92790_20250203.htm,第２号議案,取締役（監査等委員である取締役を除く。）７名選任の件,田川　翔,可決,90.93
92790,92790_20250203.htm,第２号議案,取締役（監査等委員である取締役を除く。）７名選任の件,笹島　竜也,可決,94.74
92790,92790_20250203.htm,第２号議案,取締役（監査等委員である取締役を除く。）７名選任の件,藤井　誠二,可決,94.74
92790,92790_20250203.htm,第２号議案,取締役（監査等委員である取締役を除く。）７名選任の件,末廣　紀彦,可決,94.74
92790,92790_20250203.htm,第２号議案,取締役（監査等委員である取締役を除く。）７名選任の件,榎　正規,可決,94.74
92790,92790_20250203.htm,第２号議案,取締役（監査等委員である取締役を除く。）７名選任の件,寺田　三男,可決,94.74
92790,92790_20250203.htm,第２号議案,取締役（監査等委員である取締役を除く。）７名選任の件,原　俊之,可決,98.69
92790,92790_20250203.htm,第３号議案,監査等委員である取締役３名選任の件,香月　由嘉,可決,94.62
92790,92790_20250203.htm,第３号議案,監査等委員である取締役３名選任の件,花房　幸範,可決,98.68
92790,92790_20250203.htm,第３号議案,監査等委員である取締役３名選任の件,布施　義男,可決,98.66
56190,56190_20250328.htm,第１号議案,監査等委員会設置会社へと移行するため、監査等委員会及び監査等委員に関する規定の新設並びに監査役会及び監査役に関する規定の削除等の所要の変更をする,null,可決,99.82
56190,56190_20250328.htm,第２号議案,取締役（監査等委員である取締役を除く）として、西野恒五郎氏、阿部順一氏、菅生淳一氏、井口聖一朗氏、吉田弘氏及び菊地英樹氏を選任する,西野　恒五郎,可決,99.77
56190,56190_20250328.htm,第２号議案,取締役（監査等委員である取締役を除く）として、西野恒五郎氏、阿部順一氏、菅生淳一氏、井口聖一朗氏、吉田弘氏及び菊地英樹氏を選任する,阿部　順一,可決,99.77
56190,56190_20250328.htm,第２号議案,取締役（監査等委員である取締役を除く）として、西野恒五郎氏、阿部順一氏、菅生淳一氏、井口聖一朗氏、吉田弘氏及び菊地英樹氏を選任する,菅生　淳一,可決,99.76
56190,56190_20250328.htm,第２号議案,取締役（監査等委員である取締役を除く）として、西野恒五郎氏、阿部順一氏、菅生淳一氏、井口聖一朗氏、吉田弘氏及び菊地英樹氏を選任する,井口　聖一朗,可決,99.74
56190,56190_20250328.htm,第２号議案,取締役（監査等委員である取締役を除く）として、西野恒五郎氏、阿部順一氏、菅生淳一氏、井口聖一朗氏、吉田弘氏及び菊地英樹氏を選任する,吉田　弘,可決,99.76
56190,56190_20250328.htm,第２号議案,取締役（監査等委員である取締役を除く）として、西野恒五郎氏、阿部順一氏、菅生淳一氏、井口聖一朗氏、吉田弘氏及び菊地英樹氏を選任する,菊地　英樹,可決,99.74
56190,56190_20250328.htm,第３号議案,監査等委員である取締役として、西山修平氏、堀越充子氏及び渡邉孝江氏を選任する,西山　修平,可決,99.8
56190,56190_20250328.htm,第３号議案,監査等委員である取締役として、西山修平氏、堀越充子氏及び渡邉孝江氏を選任する,堀越　充子,可決,99.81
56190,56190_20250328.htm,第３号議案,監査等委員である取締役として、西山修平氏、堀越充子氏及び渡邉孝江氏を選任する,渡邉　孝江,可決,99.79
56190,56190_20250328.htm,第４号議案,監査等委員会設置会社への移行に伴い、取締役（監査等委員である取締役を除く）に対する報酬は年額200百万円以内（うち社外取締役分10百万円以内）とする,null,可決,99.73
56190,56190_20250328.htm,第５号議案,監査等委員会設置会社への移行に伴い、監査等委員である取締役に対する報酬は年額20百万円以内とする,null,可決,99.75
43770,43770_20250327.htm,第１号議案,剰余金の処分の件,null,可決,99.82
43770,43770_20250327.htm,第２号議案,資本金の額の減少の件,null,可決,98.96
43770,43770_20250327.htm,第３号議案,定款一部変更の件,null,可決,92.25
43770,43770_20250327.htm,第４号議案,取締役（監査等委員である取締役を除く。）４名選任の件,宮下　尚之,可決,98.96
43770,43770_20250327.htm,第４号議案,取締役（監査等委員である取締役を除く。）４名選任の件,長澤　有紘,可決,98.96
43770,43770_20250327.htm,第４号議案,取締役（監査等委員である取締役を除く。）４名選任の件,北野　唯我,可決,98.96
43770,43770_20250327.htm,第４号議案,取締役（監査等委員である取締役を除く。）４名選任の件,高木　新平,可決,98.96
34800,34800_20250129.htm,第１号議案　定款一部変更の件,取締役会の公正性、客観性及び透明性の向上を図るため、取締役会の招集権者及び議長を社外取締役においても務めることが出来るよう、第23条（取締役会の招集権者および議長）について変更を行う,,可決,96.42
34800,34800_20250129.htm,第２号議案　取締役９名選任の件,取締役として、林　健児、山本貴紀、安藤英二、森　高広、白石徳生、清原裕平、福島裕記、佐藤省吾及び倉持　大を選任,林　健児,否決,27.88
34800,34800_20250129.htm,第２号議案　取締役９名選任の件,取締役として、林　健児、山本貴紀、安藤英二、森　高広、白石徳生、清原裕平、福島裕記、佐藤省吾及び倉持　大を選任,山本　貴紀,否決,23.48
34800,34800_20250129.htm,第２号議案　取締役９名選任の件,取締役として、林　健児、山本貴紀、安藤英二、森　高広、白石徳生、清原裕平、福島裕記、佐藤省吾及び倉持　大を選任,安藤　英二,可決,78.92
34800,34800_20250129.htm,第２号議案　取締役９名選任の件,取締役として、林　健児、山本貴紀、安藤英二、森　高広、白石徳生、清原裕平、福島裕記、佐藤省吾及び倉持　大を選任,森　高広,可決,78.96
34800,34800_20250129.htm,第２号議案　取締役９名選任の件,取締役として、林　健児、山本貴紀、安藤英二、森　高広、白石徳生、清原裕平、福島裕記、佐藤省吾及び倉持　大を選任,白石　徳生,可決,67.16
34800,34800_20250129.htm,第２号議案　取締役９名選任の件,取締役として、林　健児、山本貴紀、安藤英二、森　高広、白石徳生、清原裕平、福島裕記、佐藤省吾及び倉持　大を選任,清原　裕平,可決,76.64
34800,34800_20250129.htm,第２号議案　取締役９名選任の件,取締役として、林　健児、山本貴紀、安藤英二、森　高広、白石徳生、清原裕平、福島裕記、佐藤省吾及び倉持　大を選任,福島　裕記,可決,73.58
34800,34800_20250129.htm,第２号議案　取締役９名選任の件,取締役として、林　健児、山本貴紀、安藤英二、森　高広、白石徳生、清原裕平、福島裕記、佐藤省吾及び倉持　大を選任,佐藤　省吾,否決,34.48
34800,34800_20250129.htm,第２号議案　取締役９名選任の件,取締役として、林　健児、山本貴紀、安藤英二、森　高広、白石徳生、清原裕平、福島裕記、佐藤省吾及び倉持　大を選任,倉持　大,否決,36.05
34800,34800_20250129.htm,第３号議案　監査役３名選任の件,監査役として、岡田健一、山岡幸恵及び藤澤泰子を選任,岡田　健一,否決,34.36
34800,34800_20250129.htm,第３号議案　監査役３名選任の件,監査役として、岡田健一、山岡幸恵及び藤澤泰子を選任,山岡　幸恵,可決,79.47
34800,34800_20250129.htm,第３号議案　監査役３名選任の件,監査役として、岡田健一、山岡幸恵及び藤澤泰子を選任,藤澤　泰子,否決,34.77
34800,34800_20250129.htm,第４号議案　補欠監査役１名選任の件,東辻淳次を補欠監査役に選任,東辻　淳次,否決,37.31
70440,70440_20250327.htm,第１号議案,会計監査人として東光監査法人を選任する。,東光監査法人,可決,97.39
70440,70440_20250327.htm,第２号議案,資本金の額の減少及び剰余金の処分の件,null,可決,96.54
25870,25870_20250328.htm,第１号議案,剰余金の処分の件,,可決,99.71
25870,25870_20250328.htm,第２号議案,取締役（監査等委員である取締役を除く。）５名選任の件,小野　真紀子,可決,84.89
25870,25870_20250328.htm,第２号議案,取締役（監査等委員である取締役を除く。）５名選任の件,内貴　八郎,可決,94.75
25870,25870_20250328.htm,第２号議案,取締役（監査等委員である取締役を除く。）５名選任の件,Peter Harding,可決,94.75
25870,25870_20250328.htm,第２号議案,取締役（監査等委員である取締役を除く。）５名選任の件,宮永　暢,可決,94.73
25870,25870_20250328.htm,第２号議案,取締役（監査等委員である取締役を除く。）５名選任の件,中村　真紀,可決,96.11
25870,25870_20250328.htm,第３号議案,監査等委員である取締役２名選任の件,増山　美佳,可決,96.13
25870,25870_20250328.htm,第３号議案,監査等委員である取締役２名選任の件,三村　まり子,可決,96.08
25870,25870_20250328.htm,第４号議案,補欠の監査等委員である取締役１名選任の件,網谷　充弘,可決,98.12
59460,59460_20250327.htm,第１号議案,"剰余金の処分の件
期末配当に関する事項
当社普通株式１株につき金23円",null,可決,97.93
59460,59460_20250327.htm,第２号議案,取締役（監査等委員であるものを除く）８名選任の件,川上康男,可決,70.62
59460,59460_20250327.htm,第２号議案,取締役（監査等委員であるものを除く）８名選任の件,山下学,可決,77.04
59460,59460_20250327.htm,第２号議案,取締役（監査等委員であるものを除く）８名選任の件,川上康弘,可決,91.93
59460,59460_20250327.htm,第２号議案,取締役（監査等委員であるものを除く）８名選任の件,和田健,可決,91.94
59460,59460_20250327.htm,第２号議案,取締役（監査等委員であるものを除く）８名選任の件,林徹郎,可決,91.94
59460,59460_20250327.htm,第２号議案,取締役（監査等委員であるものを除く）８名選任の件,三久保忠俊,可決,91.69
59460,59460_20250327.htm,第２号議案,取締役（監査等委員であるものを除く）８名選任の件,西島一幸,可決,91.94
59460,59460_20250327.htm,第２号議案,取締役（監査等委員であるものを除く）８名選任の件,斎藤哲哉,可決,95.02
70370,70370_20250321.htm,第１号議案　剰余金処分の件,"１．その他資本剰余金の処分に関する事項：①減少する剰余金の項目及びその額（その他資本剰余金　108,498,182円）、②増加する剰余金の項目及びその額（繰越利益剰余金　108,498,182円）、③剰余金の処分が効力を生じる日（2025年３月21日）。２．期末配当に関する事項：①配当財産の種類（金銭）、②配当財産の割当てに関する事項及びその総額（当社普通株式１株につき金９円　総額は41,117,184円）、③剰余金の配当が効力を生じる日（2025年３月21日）",null,可決,99.39
39640,39640_20250326.htm,第１号議案,取締役(監査等委員である取締役を除く。)７名選任の件,藤崎清孝,可決,93.82
39640,39640_20250326.htm,第１号議案,取締役(監査等委員である取締役を除く。)７名選任の件,藤崎慎一郎,可決,92.91
39640,39640_20250326.htm,第１号議案,取締役(監査等委員である取締役を除く。)７名選任の件,瀧川正靖,可決,93.83
39640,39640_20250326.htm,第１号議案,取締役(監査等委員である取締役を除く。)７名選任の件,谷口博樹,可決,93.82
39640,39640_20250326.htm,第１号議案,取締役(監査等委員である取締役を除く。)７名選任の件,梅野晴一郎,可決,93.83
39640,39640_20250326.htm,第１号議案,取締役(監査等委員である取締役を除く。)７名選任の件,牧俊夫,可決,93.83
39640,39640_20250326.htm,第１号議案,取締役(監査等委員である取締役を除く。)７名選任の件,塚本恵,可決,93.84
39640,39640_20250326.htm,第２号議案,監査等委員である取締役１名選任の件,永井幹人,可決,93.83
39640,39640_20250326.htm,第３号議案,補欠の監査等委員である取締役１名選任の件,牧俊夫,可決,93.81
33460,33460_20250225.htm,第１号議案,第三者割当による新株式の発行の件,,可決,99.65
33460,33460_20250225.htm,第２号議案,資本金及び資本準備金の額の減少の件,,可決,99.64
19940,19940_20250402.htm,第１号議案　剰余金処分の件,"１．配当財産の種類 金銭 ２．配当財産の割当てに関する事項及びその総額 当社普通株式１株につき　金10円 配当総額　　　　　80,237,470円 ３．剰余金の配当が効力を生じる日 2025年３月31日",null,可決,99.79
19940,19940_20250402.htm,第２号議案　補欠監査役１名選任の件,補欠監査役として、田中美穂氏を選任する。,田中美穂,可決,99.74
228A0,228A0_20250228.htm,議案,取締役及び監査役に対するストック・オプション報酬額及び内容決定の件。当社の業績及び企業価値向上に対する意欲や士気を高め、より一層株主の皆様の利益を重視した業務展開を図ることを目的として、当社取締役及び監査役に対するストック・オプションとしての新株予約権に関する報酬等の額及び新株予約権の具体的な内容のご承認をお願いするものであります。,該当なし,可決,93.75
44490,44490_20250331.htm,第１号議案,"剰余金の処分の件
期末配当に関する事項
（1）配当財産の種類
金銭といたします。
（２）株主に対する配当財産の割当てに関する事項及びその総額
当社普通株式1株当たり金10円
配当総額 296,364,020円
（３）剰余金の配当が効力を生じる日
2025年3月28日",,可決,98.5
44490,44490_20250331.htm,第２号議案,"取締役７名選任の件
取締役として太田 睦、鈴木 達哉、柳瀬 文孝、藤田 良和、妹尾 堅一郎、中島 真及び伊能 美和子を選任する",太田 睦,可決,89.5
44490,44490_20250331.htm,第２号議案,"取締役７名選任の件
取締役として太田 睦、鈴木 達哉、柳瀬 文孝、藤田 良和、妹尾 堅一郎、中島 真及び伊能 美和子を選任する",鈴木 達哉,可決,93.6
44490,44490_20250331.htm,第２号議案,"取締役７名選任の件
取締役として太田 睦、鈴木 達哉、柳瀬 文孝、藤田 良和、妹尾 堅一郎、中島 真及び伊能 美和子を選任する",柳瀬 文孝,可決,98.0
44490,44490_20250331.htm,第２号議案,"取締役７名選任の件
取締役として太田 睦、鈴木 達哉、柳瀬 文孝、藤田 良和、妹尾 堅一郎、中島 真及び伊能 美和子を選任する",藤田 良和,可決,98.0
44490,44490_20250331.htm,第２号議案,"取締役７名選任の件
取締役として太田 睦、鈴木 達哉、柳瀬 文孝、藤田 良和、妹尾 堅一郎、中島 真及び伊能 美和子を選任する",妹尾 堅一郎,可決,99.7
44490,44490_20250331.htm,第２号議案,"取締役７名選任の件
取締役として太田 睦、鈴木 達哉、柳瀬 文孝、藤田 良和、妹尾 堅一郎、中島 真及び伊能 美和子を選任する",中島 真,可決,99.7
44490,44490_20250331.htm,第２号議案,"取締役７名選任の件
取締役として太田 睦、鈴木 達哉、柳瀬 文孝、藤田 良和、妹尾 堅一郎、中島 真及び伊能 美和子を選任する",伊能 美和子,可決,99.7
47220,47220_20250326.htm,第１号議案,"剰余金処分の件
期末配当に関する事項
当社普通株式１株につき金21円
配当総額	1,861,179,264円
効力発生日	2025年３月26日",,可決,99.91
47220,47220_20250326.htm,第２号議案,取締役（監査等委員である取締役を除く。）６名選任の件,金丸恭文,可決,79.05
47220,47220_20250326.htm,第２号議案,取締役（監査等委員である取締役を除く。）６名選任の件,石橋国人,可決,99.72
47220,47220_20250326.htm,第２号議案,取締役（監査等委員である取締役を除く。）６名選任の件,神宮由紀,可決,99.73
47220,47220_20250326.htm,第２号議案,取締役（監査等委員である取締役を除く。）６名選任の件,谷口友彦,可決,99.76
47220,47220_20250326.htm,第２号議案,取締役（監査等委員である取締役を除く。）６名選任の件,齋藤洋平,可決,99.72
47220,47220_20250326.htm,第２号議案,取締役（監査等委員である取締役を除く。）６名選任の件,山岡浩巳,可決,99.75
47220,47220_20250326.htm,第３号議案,監査等委員である取締役１名選任の件,榊原美紀,可決,99.85
41660,41660_20250327.htm,第１号議案,資本金の額の減少及び剰余金の処分の件,,可決,97.94
41660,41660_20250327.htm,第２号議案,取締役（監査等委員である取締役を除く。）４名選任の件,岩井　裕之,可決,97.73
41660,41660_20250327.htm,第２号議案,取締役（監査等委員である取締役を除く。）４名選任の件,関根　健太郎,可決,97.74
41660,41660_20250327.htm,第２号議案,取締役（監査等委員である取締役を除く。）４名選任の件,成田　武雄,可決,97.74
41660,41660_20250327.htm,第２号議案,取締役（監査等委員である取締役を除く。）４名選任の件,岡田　知嗣,可決,97.75
41660,41660_20250327.htm,第３号議案,監査等委員である取締役３名選任の件,小川　弦一郎,可決,97.76
41660,41660_20250327.htm,第３号議案,監査等委員である取締役３名選任の件,中山　寿英,可決,97.75
41660,41660_20250327.htm,第３号議案,監査等委員である取締役３名選任の件,志村　正之,可決,97.76
41660,41660_20250327.htm,第４号議案,補欠の監査等委員である取締役１名選任の件,平山　剛,可決,97.91
58160,58160_20250331.htm,第１号議案,取締役９名選任の件,木嶋忠敏,可決,88.35
58160,58160_20250331.htm,第１号議案,取締役９名選任の件,石田 淳,可決,93.67
58160,58160_20250331.htm,第１号議案,取締役９名選任の件,宮本敦浩,可決,93.68
58160,58160_20250331.htm,第１号議案,取締役９名選任の件,中村吉秀,可決,93.64
58160,58160_20250331.htm,第１号議案,取締役９名選任の件,山田秀明,可決,93.63
58160,58160_20250331.htm,第１号議案,取締役９名選任の件,熊谷康浩,可決,93.63
58160,58160_20250331.htm,第１号議案,取締役９名選任の件,新開俊郎,可決,93.64
58160,58160_20250331.htm,第１号議案,取締役９名選任の件,藤井英彦,可決,93.4
58160,58160_20250331.htm,第１号議案,取締役９名選任の件,笠藤 歩,可決,93.46
58160,58160_20250331.htm,第２号議案,監査役１名選任の件,池田 誠,可決,93.61
44380,44380_20250328.htm,第１号議案,取締役（監査等委員である取締役を除く。）4名選任の件,比木　武,可決,99.11
44380,44380_20250328.htm,第１号議案,取締役（監査等委員である取締役を除く。）4名選任の件,山本　武,可決,99.14
44380,44380_20250328.htm,第１号議案,取締役（監査等委員である取締役を除く。）4名選任の件,新谷　将司,可決,99.15
44380,44380_20250328.htm,第１号議案,取締役（監査等委員である取締役を除く。）4名選任の件,河原　章,可決,99.11
44380,44380_20250328.htm,第２号議案,取締役（監査等委員である取締役を除く。）に対するストックオプションとしての新株予約権に関する報酬等の額及び内容決定の件,,可決,98.97
44380,44380_20250328.htm,第３号議案,当社子会社の取締役に対してストックオプションとして発行する新株予約権の募集事項の決定を当社取締役会に委任する件,,可決,99.07
75310,75310_20250331.htm,第１号議案,剰余金の処分の件,null,可決,94.94
75310,75310_20250331.htm,第２号議案,取締役６名選任の件,阪上正章,可決,99.79
75310,75310_20250331.htm,第２号議案,取締役６名選任の件,阪上恵昭,可決,99.79
75310,75310_20250331.htm,第２号議案,取締役６名選任の件,伊吹哲男,可決,99.79
75310,75310_20250331.htm,第２号議案,取締役６名選任の件,後藤信三,可決,99.78
75310,75310_20250331.htm,第２号議案,取締役６名選任の件,阪上祐亮,可決,99.79
75310,75310_20250331.htm,第２号議案,取締役６名選任の件,松田邦夫,可決,99.78
75310,75310_20250331.htm,第３号議案,監査役２名選任の件,岸　保典,可決,99.91
75310,75310_20250331.htm,第３号議案,監査役２名選任の件,小西弘之,可決,99.9
75310,75310_20250331.htm,第４号議案,退任取締役に対し退職慰労金贈呈の件,草野征夫,可決,99.89
39280,39280_20250328.htm,第１号議案　取締役（監査等委員である取締役を除く。）２名選任の件,取締役（監査等委員である取締役を除く。）全員（２名）は、本総会終結の時をもって任期満了となります。つきましては、取締役２名の選任をお願いするものであります。,岩城　農,可決,87.02
39280,39280_20250328.htm,第１号議案　取締役（監査等委員である取締役を除く。）２名選任の件,取締役（監査等委員である取締役を除く。）全員（２名）は、本総会終結の時をもって任期満了となります。つきましては、取締役２名の選任をお願いするものであります。,西村　拓也,可決,94.54
39280,39280_20250328.htm,第２号議案　監査等委員である取締役１名選任の件,監査等委員である取締役和田洋一氏は、本総会終結の時をもって任期満了となります。つきましては、監査等委員である取締役１名の選任をお願いするものであります。,和田　洋一,可決,96.77
44040,44040_20250327.htm,第１号議案,"剰余金処分の件。株主に対する剰余金の配当を１株につき金60円、総額618,073,980円、剰余金の配当が効力を生じる日は、2025年３月27日とする。",null,可決,97.5
44040,44040_20250327.htm,第２号議案,取締役７名選任の件,三木逸郎,可決,89.8
44040,44040_20250327.htm,第２号議案,取締役７名選任の件,竹下昇一,可決,96.4
44040,44040_20250327.htm,第２号議案,取締役７名選任の件,持田智也,可決,96.7
44040,44040_20250327.htm,第２号議案,取締役７名選任の件,小野寺哲,可決,97.2
44040,44040_20250327.htm,第２号議案,取締役７名選任の件,加藤太彦,可決,97.2
44040,44040_20250327.htm,第２号議案,取締役７名選任の件,村山憲二,可決,97.0
44040,44040_20250327.htm,第２号議案,取締役７名選任の件,黒田佳奈子,可決,97.2
44040,44040_20250327.htm,第３号議案,監査役２名選任の件,堀口桂介,可決,94.5
44040,44040_20250327.htm,第３号議案,監査役２名選任の件,長谷川幹雄,可決,94.5
44040,44040_20250327.htm,第４号議案,補欠監査役１名選任の件,髙橋篤史,可決,92.8
92710,92710_20250331.htm,第一号議案,第２条（目的）の内容変更。（住宅宿泊事業の追加）,,可決,98.83
92710,92710_20250331.htm,第二号事案　監査等委員である取締役４名選任の件,株主監査等委員でない取締役として森 智宏、最上 夢人、小田桐 新五、稲井 祥平を選任する。,森　 　 智宏,可決,98.33
92710,92710_20250331.htm,第二号事案　監査等委員である取締役４名選任の件,株主監査等委員でない取締役として森 智宏、最上 夢人、小田桐 新五、稲井 祥平を選任する。,最上　  夢人,可決,98.28
92710,92710_20250331.htm,第二号事案　監査等委員である取締役４名選任の件,株主監査等委員でない取締役として森 智宏、最上 夢人、小田桐 新五、稲井 祥平を選任する。,小田桐　新五,可決,98.28
92710,92710_20250331.htm,第二号事案　監査等委員である取締役４名選任の件,株主監査等委員でない取締役として森 智宏、最上 夢人、小田桐 新五、稲井 祥平を選任する。,稲井　　祥平,可決,99.39
55880,55880_20250402.htm,第１号議案　取締役７名選任の件,森　啓太郎、松田　顕、中薗　直幸、上村　朗、牧野　正幸、三村　真宗及び石関　加代子を取締役に選任する,森　啓太郎,可決,85.95
55880,55880_20250402.htm,第１号議案　取締役７名選任の件,森　啓太郎、松田　顕、中薗　直幸、上村　朗、牧野　正幸、三村　真宗及び石関　加代子を取締役に選任する,松田　顕,可決,98.21
55880,55880_20250402.htm,第１号議案　取締役７名選任の件,森　啓太郎、松田　顕、中薗　直幸、上村　朗、牧野　正幸、三村　真宗及び石関　加代子を取締役に選任する,中薗　直幸,可決,98.21
55880,55880_20250402.htm,第１号議案　取締役７名選任の件,森　啓太郎、松田　顕、中薗　直幸、上村　朗、牧野　正幸、三村　真宗及び石関　加代子を取締役に選任する,上村　朗,可決,98.19
55880,55880_20250402.htm,第１号議案　取締役７名選任の件,森　啓太郎、松田　顕、中薗　直幸、上村　朗、牧野　正幸、三村　真宗及び石関　加代子を取締役に選任する,牧野　正幸,可決,98.2
55880,55880_20250402.htm,第１号議案　取締役７名選任の件,森　啓太郎、松田　顕、中薗　直幸、上村　朗、牧野　正幸、三村　真宗及び石関　加代子を取締役に選任する,三村　真宗,可決,98.21
55880,55880_20250402.htm,第１号議案　取締役７名選任の件,森　啓太郎、松田　顕、中薗　直幸、上村　朗、牧野　正幸、三村　真宗及び石関　加代子を取締役に選任する,石関　加代子,可決,98.2
55880,55880_20250402.htm,第２号議案　取締役に対するストック・オプションに関する報酬等の決定の件,従前の取締役の報酬等の額とは別枠で、取締役（社外取締役を除く。）に対する報酬として、年額120百万円以内、社外取締役に対して年額12百万円以内の範囲で、ストック・オプションとして新株予約権を割り当てる,null,可決,96.67
36590,36590_20250327.htm,第１号議案,取締役（監査等委員である取締役を除く）５名選任の件,李 政憲,可決,77.93
36590,36590_20250327.htm,第１号議案,取締役（監査等委員である取締役を除く）５名選任の件,植村 士朗,可決,87.43
36590,36590_20250327.htm,第１号議案,取締役（監査等委員である取締役を除く）５名選任の件,パトリック・ソダーランド,可決,93.51
36590,36590_20250327.htm,第１号議案,取締役（監査等委員である取締役を除く）５名選任の件,姜 大賢,可決,97.45
36590,36590_20250327.htm,第１号議案,取締役（監査等委員である取締役を除く）５名選任の件,鶴見 尚也,可決,98.53
36590,36590_20250327.htm,第２号議案,取締役（監査等委員である取締役を除く）に対する報酬等の内容決定の件,null,可決,81.67
50150,50150_20250326.htm,第１号議案,剰余金の処分の件,null,可決,99.15
50150,50150_20250326.htm,第２号議案,取締役（監査等委員である取締役を除く。）３名選任の件,平川 雅規,可決,98.57
50150,50150_20250326.htm,第２号議案,取締役（監査等委員である取締役を除く。）３名選任の件,田中 正子,可決,98.74
50150,50150_20250326.htm,第２号議案,取締役（監査等委員である取締役を除く。）３名選任の件,阿部 宏憲,可決,98.76
50150,50150_20250326.htm,第３号議案,補欠取締役（監査等委員である取締役を除く。）１名選任の件,鳥海優二,可決,98.97
50150,50150_20250326.htm,第４号議案,退任取締役（監査等委員である取締役を除く。）に対する退職慰労金贈呈の件,小石孝之,可決,97.97
31970,31970_20250331.htm,第１号議案,取締役（監査等委員である取締役を除く。）８名選任の件,谷　真,可決,97.36
31970,31970_20250331.htm,第１号議案,取締役（監査等委員である取締役を除く。）８名選任の件,金谷　実,可決,98.53
31970,31970_20250331.htm,第１号議案,取締役（監査等委員である取締役を除く。）８名選任の件,北　義昭,可決,98.91
31970,31970_20250331.htm,第１号議案,取締役（監査等委員である取締役を除く。）８名選任の件,平野　曉,可決,98.98
31970,31970_20250331.htm,第１号議案,取締役（監査等委員である取締役を除く。）８名選任の件,中島　尚志,可決,98.96
31970,31970_20250331.htm,第１号議案,取締役（監査等委員である取締役を除く。）８名選任の件,田原　文夫,可決,98.51
31970,31970_20250331.htm,第１号議案,取締役（監査等委員である取締役を除く。）８名選任の件,佐野　綾子,可決,98.96
31970,31970_20250331.htm,第１号議案,取締役（監査等委員である取締役を除く。）８名選任の件,井村　公彦,可決,98.94
31970,31970_20250331.htm,第２号議案,監査等委員である取締役４名選任の件,鈴木　誠,可決,97.73
31970,31970_20250331.htm,第２号議案,監査等委員である取締役４名選任の件,青柳　立野,可決,99.05
31970,31970_20250331.htm,第２号議案,監査等委員である取締役４名選任の件,奥原　玲子,可決,98.96
31970,31970_20250331.htm,第２号議案,監査等委員である取締役４名選任の件,岡田　貴子,可決,99.01
33860,33860_20250327.htm,第１号議案,"剰余金の処分の件
期末配当に関する事項
当社普通株式１株につき、金36円とする。",,可決,97.61
33860,33860_20250327.htm,第２号議案,"取締役（監査等委員である取締役を除く。）３名選任の件
取締役（監査等委員である取締役を除く。）として、柴山法彦、栃木淳子、林政徳の３氏を選任する。",柴山　法彦,可決,97.36
33860,33860_20250327.htm,第２号議案,"取締役（監査等委員である取締役を除く。）３名選任の件
取締役（監査等委員である取締役を除く。）として、柴山法彦、栃木淳子、林政徳の３氏を選任する。",栃木　淳子,可決,97.37
33860,33860_20250327.htm,第２号議案,"取締役（監査等委員である取締役を除く。）３名選任の件
取締役（監査等委員である取締役を除く。）として、柴山法彦、栃木淳子、林政徳の３氏を選任する。",林　政徳,可決,97.41
nan_2,nan_20250226.htm,第１号議案,定款一部変更の件。①非公開会社への移行に必要な規定の変更を行う。②条文の追加及び削除に伴う条数の変更等、所要の変更を行う。,,可決,100.0
nan_2,nan_20250226.htm,第２号議案,取締役１名選任の件,佐藤俊介,可決,100.0
64970,64970_20250401.htm,第１号議案,剰余金処分の件,null,可決,99.79
64970,64970_20250401.htm,第２号議案,取締役（監査等委員である取締役を除く。）６名選任の件,河内　　茂,可決,96.0
64970,64970_20250401.htm,第２号議案,取締役（監査等委員である取締役を除く。）６名選任の件,吉村　真介,可決,95.74
64970,64970_20250401.htm,第２号議案,取締役（監査等委員である取締役を除く。）６名選任の件,河村　慎一,可決,99.65
64970,64970_20250401.htm,第２号議案,取締役（監査等委員である取締役を除く。）６名選任の件,丸岡　信行,可決,99.65
64970,64970_20250401.htm,第２号議案,取締役（監査等委員である取締役を除く。）６名選任の件,川村　信之,可決,99.65
64970,64970_20250401.htm,第２号議案,取締役（監査等委員である取締役を除く。）６名選任の件,横澤　直人,可決,99.65
64970,64970_20250401.htm,第３号議案,監査等委員である取締役３名選任の件,岡田  信次郎,可決,91.59
64970,64970_20250401.htm,第３号議案,監査等委員である取締役３名選任の件,手塚  幸一,可決,92.48
64970,64970_20250401.htm,第３号議案,監査等委員である取締役３名選任の件,吉羽  真一郎,可決,89.09
76040,76040_20250331.htm,第１号議案,定款の一部変更の件。2025年５月１日を効力発生日とし、「株式会社梅の花」から新商号「株式会社梅の花グループ」に変更する。,,可決,97.88
76040,76040_20250331.htm,第２号議案,"資本金及び資本準備金の額の減少の件。資本金の額474,879,400円のうち374,879,400円を減少、その他資本剰余金に振り替え、資本金の額を100,000,000円、資本準備金の額374,879,400円全額を減少させ、その他資本剰余金に振り替え、資本準備金の額を０円とする。資本金及び資本準備金の額の減少が効力を生ずる日　2025年３月26日",,可決,96.62
76040,76040_20250331.htm,第３号議案,"取締役（社外取締役を除く。）に対する譲渡制限付株式の付与のための報酬決定の件。取締役（監査等委員で ある取締役を除く。）に対しては年額25百万円以内（年29,000株以内）、監査等委員である取締役に対しては年額２百万円以内（年2,300株以内）を新たな報酬制度として譲渡制限付株式報酬制度を導入する。",,可決,94.71
40990,40990_20250328.htm,第１号議案,取締役として、渡邊充範、濱﨑誠、眞鍋宣訓、池田雄一、安藤慶明、森清、外村正一郎、太田穰及び石川幸子を選任する。,渡邊充範、濱﨑誠、眞鍋宣訓、池田雄一、安藤慶明、森清、外村正一郎、太田穰、石川幸子,可決,95.53
40990,40990_20250328.htm,第１号議案,取締役として、渡邊充範、濱﨑誠、眞鍋宣訓、池田雄一、安藤慶明、森清、外村正一郎、太田穰及び石川幸子を選任する。,濱﨑　　誠,可決,95.86
40990,40990_20250328.htm,第１号議案,取締役として、渡邊充範、濱﨑誠、眞鍋宣訓、池田雄一、安藤慶明、森清、外村正一郎、太田穰及び石川幸子を選任する。,眞鍋　宣訓,可決,95.85
40990,40990_20250328.htm,第１号議案,取締役として、渡邊充範、濱﨑誠、眞鍋宣訓、池田雄一、安藤慶明、森清、外村正一郎、太田穰及び石川幸子を選任する。,池田　雄一,可決,95.84
40990,40990_20250328.htm,第１号議案,取締役として、渡邊充範、濱﨑誠、眞鍋宣訓、池田雄一、安藤慶明、森清、外村正一郎、太田穰及び石川幸子を選任する。,安藤　慶明,可決,95.87
40990,40990_20250328.htm,第１号議案,取締役として、渡邊充範、濱﨑誠、眞鍋宣訓、池田雄一、安藤慶明、森清、外村正一郎、太田穰及び石川幸子を選任する。,森　　　清,可決,92.9
40990,40990_20250328.htm,第１号議案,取締役として、渡邊充範、濱﨑誠、眞鍋宣訓、池田雄一、安藤慶明、森清、外村正一郎、太田穰及び石川幸子を選任する。,外村正一郎,可決,96.77
40990,40990_20250328.htm,第１号議案,取締役として、渡邊充範、濱﨑誠、眞鍋宣訓、池田雄一、安藤慶明、森清、外村正一郎、太田穰及び石川幸子を選任する。,太田　　穰,可決,96.77
40990,40990_20250328.htm,第１号議案,取締役として、渡邊充範、濱﨑誠、眞鍋宣訓、池田雄一、安藤慶明、森清、外村正一郎、太田穰及び石川幸子を選任する。,石川　幸子,可決,96.77
40990,40990_20250328.htm,第２号議案,監査役として、片山和彦を選任する。,片山　和彦,可決,91.94
65920,65920_20250331.htm,第１号議案,剰余金の処分の件,,可決,97.99
65920,65920_20250331.htm,第２号議案,取締役(監査等委員である取締役を除く。)７名選任の件,大越　博雄,可決,94.26
65920,65920_20250331.htm,第２号議案,取締役(監査等委員である取締役を除く。)７名選任の件,高橋　徹,可決,95.07
65920,65920_20250331.htm,第２号議案,取締役(監査等委員である取締役を除く。)７名選任の件,伊豫田　忠人,可決,96.07
65920,65920_20250331.htm,第２号議案,取締役(監査等委員である取締役を除く。)７名選任の件,中村　剛,可決,99.5
65920,65920_20250331.htm,第２号議案,取締役(監査等委員である取締役を除く。)７名選任の件,岡田　晃,可決,99.63
65920,65920_20250331.htm,第２号議案,取締役(監査等委員である取締役を除く。)７名選任の件,坂田　誠二,可決,99.65
65920,65920_20250331.htm,第２号議案,取締役(監査等委員である取締役を除く。)７名選任の件,萩原　貴子,可決,99.47
65920,65920_20250331.htm,第３号議案,監査等委員である取締役４名選任の件,小林　克己,可決,98.7
65920,65920_20250331.htm,第３号議案,監査等委員である取締役４名選任の件,東葭　葉子,可決,97.99
65920,65920_20250331.htm,第３号議案,監査等委員である取締役４名選任の件,福山　靖子,可決,99.63
65920,65920_20250331.htm,第３号議案,監査等委員である取締役４名選任の件,金子　敦,可決,99.76
64250,64250_20250327.htm,第１号議案,取締役４名選任の件,岡田知裕,可決,91.06
64250,64250_20250327.htm,第１号議案,取締役４名選任の件,庄子善行,可決,94.93
64250,64250_20250327.htm,第１号議案,取締役４名選任の件,宮永雅好,可決,94.83
64250,64250_20250327.htm,第１号議案,取締役４名選任の件,宮内宏,可決,94.91
64250,64250_20250327.htm,第２号議案,監査役１名選任の件,奥田都修,可決,93.51
22160,22160_20250331.htm,第１号議案　取締役６名選任の件,村田哲也、石川和弘、佐藤光記、堀江裕美、伊藤善計、太田智久の６氏を取締役に選任する,村田哲也,可決,97.429
22160,22160_20250331.htm,第１号議案　取締役６名選任の件,村田哲也、石川和弘、佐藤光記、堀江裕美、伊藤善計、太田智久の６氏を取締役に選任する,石川和弘,可決,98.626
22160,22160_20250331.htm,第１号議案　取締役６名選任の件,村田哲也、石川和弘、佐藤光記、堀江裕美、伊藤善計、太田智久の６氏を取締役に選任する,佐藤光記,可決,98.577
22160,22160_20250331.htm,第１号議案　取締役６名選任の件,村田哲也、石川和弘、佐藤光記、堀江裕美、伊藤善計、太田智久の６氏を取締役に選任する,堀江裕美,可決,98.417
22160,22160_20250331.htm,第１号議案　取締役６名選任の件,村田哲也、石川和弘、佐藤光記、堀江裕美、伊藤善計、太田智久の６氏を取締役に選任する,伊藤善計,可決,98.545
22160,22160_20250331.htm,第１号議案　取締役６名選任の件,村田哲也、石川和弘、佐藤光記、堀江裕美、伊藤善計、太田智久の６氏を取締役に選任する,太田智久,可決,98.438
22160,22160_20250331.htm,第２号議案　監査役１名選任の件,膝附東洋史氏を監査役に選任する,膝附東洋史,可決,95.278
59970,59970_20250401.htm,第１号議案,剰余金処分の件,null,可決,98.47
59970,59970_20250401.htm,第２号議案,補欠取締役１名選任の件,衣目修三,可決,99.71
59970,59970_20250401.htm,第３号議案,補欠監査役２名選任の件,衣目修三,可決,99.71
59970,59970_20250401.htm,第３号議案,補欠監査役２名選任の件,中村司郎,可決,99.73
44800,44800_20250326.htm,第1号議案,取締役7名選任の件,瀧口浩平,可決,99.32
44800,44800_20250326.htm,第1号議案,取締役7名選任の件,河原亮,可決,99.61
44800,44800_20250326.htm,第1号議案,取締役7名選任の件,竹内真,可決,99.44
44800,44800_20250326.htm,第1号議案,取締役7名選任の件,瓜生英敏,可決,99.78
44800,44800_20250326.htm,第1号議案,取締役7名選任の件,木村新司,可決,99.77
44800,44800_20250326.htm,第1号議案,取締役7名選任の件,桜庭理奈,可決,99.7
44800,44800_20250326.htm,第1号議案,取締役7名選任の件,松本恭攝,可決,99.78
44800,44800_20250326.htm,第2号議案,監査役の報酬額改定の件,,可決,99.69
44800,44800_20250326.htm,第3号議案,当社と株式会社オフショア及び株式会社グッピーズとの吸収合併契約承認の件,,可決,99.82
44800,44800_20250326.htm,第4号議案,当社と株式会社パシフィックメディカルとの吸収合併契約承認の件,,可決,99.82
44800,44800_20250326.htm,第5号議案,当社とアクシスルートホールディングス株式会社、株式会社アクシス及びアクシスイノベーション株式会社との吸収合併契約承認の件,,可決,99.81
44800,44800_20250326.htm,第6号議案,定款一部変更の件,,可決,99.82
45640,45640_20250218.htm,議案,資本金の額の減少の件,null,可決,93.0
55900,55900_20250331.htm,第１号議案,定款一部変更の件。当社および子会社の事業活動の現状に即し、事業内容の明確化を図るため、定款第２条（目的）に所要の変更を行うものであります。また、取締役の経営責任を明確化し、経営環境の変化に機動的に対応できる経営体制を確立するため、取締役の任期を２年から１年に短縮することとし、定款第21条（任期）につき所要の変更を行うものであります。,null,可決,98.58
55900,55900_20250331.htm,第２号議案,取締役８名選任の件,李　剛,可決,87.09
55900,55900_20250331.htm,第２号議案,取締役８名選任の件,チン・ビン,可決,95.23
55900,55900_20250331.htm,第２号議案,取締役８名選任の件,長福　久弘,可決,95.27
55900,55900_20250331.htm,第２号議案,取締役８名選任の件,安達　源,可決,95.27
55900,55900_20250331.htm,第２号議案,取締役８名選任の件,吉田　興佳,可決,95.25
55900,55900_20250331.htm,第２号議案,取締役８名選任の件,王　鯤,可決,95.26
55900,55900_20250331.htm,第２号議案,取締役８名選任の件,濵田　敏彰,可決,97.67
55900,55900_20250331.htm,第２号議案,取締役８名選任の件,中村　康佐,可決,97.68
46340,46340_20250402.htm,第１号議案,"剰余金の処分の件。イ 株主に対する剰余金の配当に関する事項及びその総額 １株につき金50円　　総額2,537,471,600円。ロ 効力発生日 2025年３月27日",null,可決,99.47
46340,46340_20250402.htm,第２号議案,取締役（監査等委員である取締役を除く。）７名選任の件。取締役として髙島悟、濱田弘之、安達知子、藤本欣伸、佐藤哲章、立藤幸博、小杉乃里子を選任する,髙島悟,可決,98.78
46340,46340_20250402.htm,第２号議案,取締役（監査等委員である取締役を除く。）７名選任の件。取締役として髙島悟、濱田弘之、安達知子、藤本欣伸、佐藤哲章、立藤幸博、小杉乃里子を選任する,濱田弘之,可決,99.17
46340,46340_20250402.htm,第２号議案,取締役（監査等委員である取締役を除く。）７名選任の件。取締役として髙島悟、濱田弘之、安達知子、藤本欣伸、佐藤哲章、立藤幸博、小杉乃里子を選任する,安達知子,可決,99.16
46340,46340_20250402.htm,第２号議案,取締役（監査等委員である取締役を除く。）７名選任の件。取締役として髙島悟、濱田弘之、安達知子、藤本欣伸、佐藤哲章、立藤幸博、小杉乃里子を選任する,藤本欣伸,可決,99.19
46340,46340_20250402.htm,第２号議案,取締役（監査等委員である取締役を除く。）７名選任の件。取締役として髙島悟、濱田弘之、安達知子、藤本欣伸、佐藤哲章、立藤幸博、小杉乃里子を選任する,佐藤哲章,可決,99.28
46340,46340_20250402.htm,第２号議案,取締役（監査等委員である取締役を除く。）７名選任の件。取締役として髙島悟、濱田弘之、安達知子、藤本欣伸、佐藤哲章、立藤幸博、小杉乃里子を選任する,立藤幸博,可決,99.42
46340,46340_20250402.htm,第２号議案,取締役（監査等委員である取締役を除く。）７名選任の件。取締役として髙島悟、濱田弘之、安達知子、藤本欣伸、佐藤哲章、立藤幸博、小杉乃里子を選任する,小杉乃里子,可決,99.4
40190,40190_20250328.htm,第１号議案,取締役（監査等委員である取締役を除く。）２名選任の件,大西　泰平,可決,99.62
40190,40190_20250328.htm,第１号議案,取締役（監査等委員である取締役を除く。）２名選任の件,中谷　奈緒美,可決,99.62
40190,40190_20250328.htm,第２号議案,監査等委員である取締役１名選任の件,藤田　豪人,可決,99.65
93430,93430_20250328.htm,第１号議案,取締役（監査等委員であるものを除く。）４名選任の件,神谷栄治,可決,97.03
93430,93430_20250328.htm,第１号議案,取締役（監査等委員であるものを除く。）４名選任の件,村上和彦,可決,99.67
93430,93430_20250328.htm,第１号議案,取締役（監査等委員であるものを除く。）４名選任の件,丸山拓也,可決,99.68
93430,93430_20250328.htm,第１号議案,取締役（監査等委員であるものを除く。）４名選任の件,安井英和,可決,99.66
93430,93430_20250328.htm,第２号議案,監査等委員である取締役３名選任の件,中山靖之,可決,99.66
93430,93430_20250328.htm,第２号議案,監査等委員である取締役３名選任の件,宮﨑陽平,可決,99.66
93430,93430_20250328.htm,第２号議案,監査等委員である取締役３名選任の件,近藤直生,可決,99.7
41870,41870_20250306.htm,第１号議案,剰余金処分の件,,可決,99.4
41870,41870_20250306.htm,第２号議案,取締役（監査等委員である取締役を除く。）６名選任の件,安藤昌幸,可決,99.2
41870,41870_20250306.htm,第２号議案,取締役（監査等委員である取締役を除く。）６名選任の件,本田宗一,可決,99.23
41870,41870_20250306.htm,第２号議案,取締役（監査等委員である取締役を除く。）６名選任の件,小笠原元見,可決,99.22
41870,41870_20250306.htm,第２号議案,取締役（監査等委員である取締役を除く。）６名選任の件,渡辺哲也,可決,99.23
41870,41870_20250306.htm,第２号議案,取締役（監査等委員である取締役を除く。）６名選任の件,濵中孝之,可決,99.34
41870,41870_20250306.htm,第２号議案,取締役（監査等委員である取締役を除く。）６名選任の件,榎本直樹,可決,99.32
36640,36640_20250327.htm,第１号議案,定款一部変更の件。経営効率の向上と経費削減を図るため、第３条（本店の所在地）に定める本店所在地を東京都港区から東京都渋谷区に変更する。,null,可決,84.5
36640,36640_20250327.htm,第２号議案,取締役５名選任の件。取締役として藪考樹、眞田和昭、知久峻輔、半田勝彦、小泉優介の５名を選任する。,藪　考樹,可決,79.5
36640,36640_20250327.htm,第２号議案,取締役５名選任の件。取締役として藪考樹、眞田和昭、知久峻輔、半田勝彦、小泉優介の５名を選任する。,眞田　和昭,可決,80.3
36640,36640_20250327.htm,第２号議案,取締役５名選任の件。取締役として藪考樹、眞田和昭、知久峻輔、半田勝彦、小泉優介の５名を選任する。,知久　峻輔,可決,80.3
36640,36640_20250327.htm,第２号議案,取締役５名選任の件。取締役として藪考樹、眞田和昭、知久峻輔、半田勝彦、小泉優介の５名を選任する。,半田　勝彦,可決,78.9
36640,36640_20250327.htm,第２号議案,取締役５名選任の件。取締役として藪考樹、眞田和昭、知久峻輔、半田勝彦、小泉優介の５名を選任する。,小泉　優介,可決,81.6
36640,36640_20250327.htm,第３号議案,補欠監査役１名選任の件。補欠監査役として岡健一を選任する。,岡　健一,可決,84.0
36830,36830_20250331.htm,第１号議案,"剰余金の処分の件。当社普通株式１株につき金17円00銭　総額189,935,475円。2025年３月31日",null,可決,96.42
36830,36830_20250331.htm,第２号議案,定款一部変更の件。取締役（監査等委員である取締役を除く。）の増員が可能となるよう、現行定款第19条を変更,null,可決,96.28
36830,36830_20250331.htm,第３号議案,取締役（監査等委員である取締役を除く。）11名選任の件,村上 恒夫,可決,95.23
36830,36830_20250331.htm,第３号議案,取締役（監査等委員である取締役を除く。）11名選任の件,東 直樹,可決,95.24
36830,36830_20250331.htm,第３号議案,取締役（監査等委員である取締役を除く。）11名選任の件,湯川 隆志,可決,99.5
36830,36830_20250331.htm,第３号議案,取締役（監査等委員である取締役を除く。）11名選任の件,水間 乙允,可決,99.5
36830,36830_20250331.htm,第３号議案,取締役（監査等委員である取締役を除く。）11名選任の件,松山 浩士,可決,99.5
36830,36830_20250331.htm,第３号議案,取締役（監査等委員である取締役を除く。）11名選任の件,中越 康之,可決,99.45
36830,36830_20250331.htm,第３号議案,取締役（監査等委員である取締役を除く。）11名選任の件,鳥居 孝行,可決,99.46
36830,36830_20250331.htm,第３号議案,取締役（監査等委員である取締役を除く。）11名選任の件,盛田 義次,可決,99.49
36830,36830_20250331.htm,第３号議案,取締役（監査等委員である取締役を除く。）11名選任の件,本間 英明,可決,99.47
36830,36830_20250331.htm,第３号議案,取締役（監査等委員である取締役を除く。）11名選任の件,内田 善彦,可決,99.46
36830,36830_20250331.htm,第３号議案,取締役（監査等委員である取締役を除く。）11名選任の件,下 宏,可決,98.31
36830,36830_20250331.htm,第４号議案,監査等委員である取締役３名選任の件,森本 鉄平,可決,99.57
36830,36830_20250331.htm,第４号議案,監査等委員である取締役３名選任の件,山﨑 和典,可決,99.65
36830,36830_20250331.htm,第４号議案,監査等委員である取締役３名選任の件,宮内 宏,可決,99.56
62760,62760_20250327.htm,第１号議案,剰余金処分の件,,可決,95.36
62760,62760_20250327.htm,第２号議案,取締役６名選任の件,辻谷　潤一,可決,92.86
62760,62760_20250327.htm,第２号議案,取締役６名選任の件,日沼　　徹,可決,92.69
62760,62760_20250327.htm,第２号議案,取締役６名選任の件,鬼澤　裕彦,可決,97.58
62760,62760_20250327.htm,第２号議案,取締役６名選任の件,重田　篤史,可決,92.74
62760,62760_20250327.htm,第２号議案,取締役６名選任の件,平川　　大,可決,93.42
62760,62760_20250327.htm,第２号議案,取締役６名選任の件,田坂　正樹,可決,93.4
94410,94410_20250327.htm,第１号議案,剰余金処分の件,,可決,99.9
94410,94410_20250327.htm,第２号議案,取締役６名選任の件,西川　猛,可決,96.97
94410,94410_20250327.htm,第２号議案,取締役６名選任の件,西川　健土,可決,99.75
94410,94410_20250327.htm,第２号議案,取締役６名選任の件,石川　洋,可決,99.89
94410,94410_20250327.htm,第２号議案,取締役６名選任の件,尾登　知範,可決,99.89
94410,94410_20250327.htm,第２号議案,取締役６名選任の件,大西　利佳子,可決,99.88
94410,94410_20250327.htm,第２号議案,取締役６名選任の件,ジュラヴリョフ・オレグ,可決,99.88
72680,72680_20250131.htm,第１号議案,株式交換契約承認の件。2024年11月13日に、当社及び株式会社ミツバ（以下「ミツバ」といいます。）との間で締結した、ミツバを株式交換完全親会社、当社を株式交換完全子会社とする株式交換（以下「本株式交換」といいます。）に係る株式交換契約を承認するものであります。なお、本株式交換の効力発生日は、2025年４月１日といたします。,,可決,94.98
72680,72680_20250131.htm,第２号議案,定款一部変更の件。第１号議案が原案どおり承認可決され、本株式交換の効力が発生した場合には、当社の株主はミツバのみとなり、定時株主総会における議決権にかかる基準日を定める必要性を失うことになるため、当社定款第９条（基準日）の定めを削除し、その他所要の条文番号の変更を行うことを承認するものであります。本議案に係る定款変更は、第１号議案が原案どおりに承認され、2025年３月31日までに本株式交換契約が解除されておらず、かつ、本株式交換契約の効力を失わせる事由が生じていないことを条件として、2025年４月１日に効力が発生するものといたします。,,可決,94.98
79360,79360_20250401.htm,第１号議案,剰余金の処分の件,null,可決,99.5
79360,79360_20250401.htm,第２号議案,定款一部変更の件,null,可決,99.52
79360,79360_20250401.htm,第３号議案,取締役（監査等委員である取締役を除く。）５名選任の件,廣田　康人,可決,98.65
79360,79360_20250401.htm,第３号議案,取締役（監査等委員である取締役を除く。）５名選任の件,富永　満之,可決,99.14
79360,79360_20250401.htm,第３号議案,取締役（監査等委員である取締役を除く。）５名選任の件,村井　満,可決,98.61
79360,79360_20250401.htm,第３号議案,取締役（監査等委員である取締役を除く。）５名選任の件,須藤　実和,可決,98.89
79360,79360_20250401.htm,第３号議案,取締役（監査等委員である取締役を除く。）５名選任の件,熊埜御堂　朋子,可決,99.48
79360,79360_20250401.htm,第４号議案,取締役（監査等委員である取締役を除く。）の報酬等の額改定の件,null,可決,99.3
79360,79360_20250401.htm,第５号議案,監査等委員である取締役の報酬等の額改定の件,null,可決,99.31
79360,79360_20250401.htm,第６号議案,取締役（監査等委員である取締役及び社外取締役を除く。）に対する譲渡制限付株式の割当てのための報酬改定の件,null,可決,98.4
79360,79360_20250401.htm,第７号議案,一般財団法人ASICS Foundationの活動支援を目的とした第三者割当による自己株式の処分の件,null,可決,72.3
70340,70340_20250131.htm,取締役（監査等委員である取締役を除く。）１名選任の件,佐谷進を取締役（監査等委員である取締役を除く。）に選任する。,佐谷進,可決,90.28
62650,62650_20250326.htm,第１号議案,"剰余金処分の件
イ　株主に対する剰余金の配当に関する事項及びその総額
　　１株につき金25円00銭　　総額38,913,800円
ロ　効力発生日
　　2025年３月24日",,可決,94.307
62650,62650_20250326.htm,第２号議案,取締役３名選任の件,佐藤穣,可決,93.128
62650,62650_20250326.htm,第２号議案,取締役３名選任の件,國松孝行,可決,93.128
62650,62650_20250326.htm,第２号議案,取締役３名選任の件,杉山達郎,可決,93.052
27340,27340_20250225.htm,第１号議案,定款一部変更の件,null,可决,98.03
27340,27340_20250225.htm,第２号議案,取締役（監査等委員である取締役を除く。）７名選任の件,神野吾郎,可决,91.95
27340,27340_20250225.htm,第２号議案,取締役（監査等委員である取締役を除く。）７名選任の件,渡会隆行,可决,95.95
27340,27340_20250225.htm,第２号議案,取締役（監査等委員である取締役を除く。）７名選任の件,榑林孝尚,可决,95.94
27340,27340_20250225.htm,第２号議案,取締役（監査等委員である取締役を除く。）７名選任の件,鈴木敬太郎,可决,95.95
27340,27340_20250225.htm,第２号議案,取締役（監査等委員である取締役を除く。）７名選任の件,大辻祥子,可决,95.98
27340,27340_20250225.htm,第２号議案,取締役（監査等委員である取締役を除く。）７名選任の件,一柳良雄,可决,83.16
27340,27340_20250225.htm,第２号議案,取締役（監査等委員である取締役を除く。）７名選任の件,大久保和孝,可决,91.21
27340,27340_20250225.htm,第３号議案,取締役（監査等委員である取締役を除く。）に対する株式報酬制度に業績連動要素を追加することに伴う株式報酬等の一部改定の件,null,可决,97.81
78330,78330_20250331.htm,第１号議案,"剰余金処分の件
期末配当に関する事項
当社普通株式１株につき金19円50銭",,可決,97.19
78330,78330_20250331.htm,第２号議案,取締役（監査等委員である取締役を除く。）４名選任の件,大澤　弘毅,可決,94.13
78330,78330_20250331.htm,第２号議案,取締役（監査等委員である取締役を除く。）４名選任の件,大沢　和春,可決,79.98
78330,78330_20250331.htm,第２号議案,取締役（監査等委員である取締役を除く。）４名選任の件,亀岡　良光,可決,97.2
78330,78330_20250331.htm,第２号議案,取締役（監査等委員である取締役を除く。）４名選任の件,高橋　和伸,可決,97.2
78330,78330_20250331.htm,第３号議案,監査等委員である取締役３名選任の件,織田　証,可決,97.05
78330,78330_20250331.htm,第３号議案,監査等委員である取締役３名選任の件,森部　章,可決,95.81
78330,78330_20250331.htm,第３号議案,監査等委員である取締役３名選任の件,大政　和郎,可決,95.77
89180,89180_20250214.htm,議案,資本金及び資本準備金の額の減少の件。今後の資本政策の柔軟性及び機動性を確保するとともに、現在の事業規模に応じた適切な税制の適用を通じて財務の健全性を維持することを目的として、会社法第447条第1項及び会社法第448条第1項の規定に基づき、資本金及び資本準備金の額を減少し、その他資本剰余金へ振り替える。,null,可決,98.03
29320,29320_20250328.htm,第１号議案,取締役９名選任の件,十見裕,可決,97.34
29320,29320_20250328.htm,第１号議案,取締役９名選任の件,柳澤重英,可決,97.64
29320,29320_20250328.htm,第１号議案,取締役９名選任の件,山﨑敬介,可決,97.65
29320,29320_20250328.htm,第１号議案,取締役９名選任の件,髙橋敏,可決,97.65
29320,29320_20250328.htm,第１号議案,取締役９名選任の件,壷井知行,可決,97.63
29320,29320_20250328.htm,第１号議案,取締役９名選任の件,上平光一,可決,97.64
29320,29320_20250328.htm,第１号議案,取締役９名選任の件,桑山貴洋,可決,97.63
29320,29320_20250328.htm,第１号議案,取締役９名選任の件,ダグラスハウランド,可決,97.64
29320,29320_20250328.htm,第１号議案,取締役９名選任の件,安間香和里,可決,97.65
29320,29320_20250328.htm,第２号議案,監査役１名選任の件,小川隆,可決,99.34
34160,34160_20250327.htm,第１号議案,剰余金の処分の件,null,可決,98.31
34160,34160_20250327.htm,第２号議案,取締役（監査等委員である取締役を除く。）４名選任の件,古俣　大介,可決,92.17
34160,34160_20250327.htm,第２号議案,取締役（監査等委員である取締役を除く。）４名選任の件,内田　浩太郎,可決,92.15
34160,34160_20250327.htm,第２号議案,取締役（監査等委員である取締役を除く。）４名選任の件,遠藤　健治,可決,95.96
34160,34160_20250327.htm,第２号議案,取締役（監査等委員である取締役を除く。）４名選任の件,恩田　茂穂,可決,92.18
34160,34160_20250327.htm,第３号議案,監査等委員である取締役３名選任の件,内田　久美子,可決,91.71
34160,34160_20250327.htm,第３号議案,監査等委員である取締役３名選任の件,松本　浩介,可決,91.77
34160,34160_20250327.htm,第３号議案,監査等委員である取締役３名選任の件,丸山　聡,可決,92.22
34160,34160_20250327.htm,第４号議案,会計監査人選任の件,null,可決,96.03
51260,51260_20250325.htm,第１号議案,取締役（監査等委員である取締役を除く。）５名選任の件,西森康二,可決,99.91
51260,51260_20250325.htm,第１号議案,取締役（監査等委員である取締役を除く。）５名選任の件,渡邊智美,可決,99.91
51260,51260_20250325.htm,第１号議案,取締役（監査等委員である取締役を除く。）５名選任の件,三ツ井健,可決,99.91
51260,51260_20250325.htm,第１号議案,取締役（監査等委員である取締役を除く。）５名選任の件,天野竜人,可決,99.91
51260,51260_20250325.htm,第１号議案,取締役（監査等委員である取締役を除く。）５名選任の件,中村恒一,可決,99.91
51260,51260_20250325.htm,第２号議案,会計監査人選任の件,そうせい監査法人,可決,99.91
44930,44930_20250327.htm,第１号議案,剰余金の処分の件,,可決,97.41
44930,44930_20250327.htm,第２号議案,定款一部変更の件,,可決,90.06
44930,44930_20250327.htm,第３号議案,取締役６名選任の件,小池　敏弘,可決,83.73
44930,44930_20250327.htm,第３号議案,取締役６名選任の件,渡辺　洋司,可決,86.2
44930,44930_20250327.htm,第３号議案,取締役６名選任の件,倉田　雅史,可決,94.04
44930,44930_20250327.htm,第３号議案,取締役６名選任の件,桐山　隼人,可決,93.99
44930,44930_20250327.htm,第３号議案,取締役６名選任の件,伊倉　吉宣,可決,93.99
44930,44930_20250327.htm,第３号議案,取締役６名選任の件,栗原　博,可決,93.86
261A0,261A0_20250327.htm,第１号議案,取締役（監査等委員である取締役を除く。）５名選任の件,野村　喜一,可決,98.66
261A0,261A0_20250327.htm,第１号議案,取締役（監査等委員である取締役を除く。）５名選任の件,中西　信二,可決,98.8
261A0,261A0_20250327.htm,第１号議案,取締役（監査等委員である取締役を除く。）５名選任の件,小石川　信昭,可決,98.72
261A0,261A0_20250327.htm,第１号議案,取締役（監査等委員である取締役を除く。）５名選任の件,種市　尚仁,可決,98.8
261A0,261A0_20250327.htm,第１号議案,取締役（監査等委員である取締役を除く。）５名選任の件,小川　健一,可決,98.71
261A0,261A0_20250327.htm,第２号議案,監査等委員である取締役３名選任の件,春　公一郎,可決,98.8
261A0,261A0_20250327.htm,第２号議案,監査等委員である取締役３名選任の件,髙田　裕久,可決,98.8
261A0,261A0_20250327.htm,第２号議案,監査等委員である取締役３名選任の件,&#26583;田　由貴,可決,98.79
261A0,261A0_20250327.htm,第３号議案,取締役（監査等委員である取締役及び社外取締役を除く。）に対する株式報酬等の額及び内容決定の件,N/A,可決,98.62
37650,37650_20250402.htm,第１号議案,取締役10名選任の件,森下一喜,可決,74.51
37650,37650_20250402.htm,第１号議案,取締役10名選任の件,坂井一也,可決,80.65
37650,37650_20250402.htm,第１号議案,取締役10名選任の件,北村佳紀,可決,81.0
37650,37650_20250402.htm,第１号議案,取締役10名選任の件,吉田康二,可決,81.0
37650,37650_20250402.htm,第１号議案,取締役10名選任の件,市川彰彦,可決,81.01
37650,37650_20250402.htm,第１号議案,取締役10名選任の件,大庭則一,可決,81.01
37650,37650_20250402.htm,第１号議案,取締役10名選任の件,大西秀亜,可決,81.71
37650,37650_20250402.htm,第１号議案,取締役10名選任の件,宮川圭治,可決,81.72
37650,37650_20250402.htm,第１号議案,取締役10名選任の件,田中晋,可決,81.71
37650,37650_20250402.htm,第１号議案,取締役10名選任の件,原悦子,可決,78.63
37650,37650_20250402.htm,第２号議案,監査役３名選任の件,越智政人,可決,92.24
37650,37650_20250402.htm,第２号議案,監査役３名選任の件,吉川知宏,可決,94.56
37650,37650_20250402.htm,第２号議案,監査役３名選任の件,根本真孝,可決,94.54
37650,37650_20250402.htm,第３号議案,代表取締役に対する固定報酬の変更に変更理由の開示条件を追加するための報酬決定の件,,否決,38.79
37650,37650_20250402.htm,第４号議案,固定報酬及び業績連動報酬の構成比及び業績連動報酬の算定方法を変更するための報酬決定の件,,否決,15.85
37650,37650_20250402.htm,第５号議案,業務執行取締役に対する株式報酬型ストック・オプション制度の廃止及び長期インセンティブ株式報酬付与のための報酬決定の件,,否決,34.16
37650,37650_20250402.htm,第６号議案,剰余金処分の件,,否決,20.5
37650,37650_20250402.htm,第７号議案,剰余金の配当の決定機関に係る定款変更の件,,否決,49.27
37650,37650_20250402.htm,第８号議案,自己株式の消却に係る定款変更の件,,否決,43.93
37650,37650_20250402.htm,第９号議案,自己株式の消却の件,,－,0.0
49110,49110_20250327.htm,第1号議案,剰余金の配当の件。当社普通株式1株につき金10円00銭,,可決,94.7
49110,49110_20250327.htm,第2号議案,取締役11名選任の件。取締役として、藤原憲太郎氏を選任する,藤原憲太郎,可決,88.4
49110,49110_20250327.htm,第2号議案,取締役11名選任の件。取締役として、廣藤綾子氏を選任する,廣藤綾子,可決,94.7
49110,49110_20250327.htm,第2号議案,取締役11名選任の件。取締役として、安野裕美氏を選任する,安野裕美,可決,92.6
49110,49110_20250327.htm,第2号議案,取締役11名選任の件。取締役として、吉田猛氏を選任する,吉田猛,可決,92.6
49110,49110_20250327.htm,第2号議案,取締役11名選任の件。取締役として、大石佳能子氏を選任する,大石佳能子,可決,94.2
49110,49110_20250327.htm,第2号議案,取締役11名選任の件。取締役として、岩原紳作氏を選任する,岩原紳作,可決,93.6
49110,49110_20250327.htm,第2号議案,取締役11名選任の件。取締役として、得能摩利子氏を選任する,得能摩利子,可決,94.4
49110,49110_20250327.htm,第2号議案,取締役11名選任の件。取締役として、畑中好彦氏を選任する,畑中好彦,可決,94.5
49110,49110_20250327.htm,第2号議案,取締役11名選任の件。取締役として、後藤靖子氏を選任する,後藤靖子,可決,94.7
49110,49110_20250327.htm,第2号議案,取締役11名選任の件。取締役として、野々宮律子氏を選任する,野々宮律子,可決,94.7
49110,49110_20250327.htm,第2号議案,取締役11名選任の件。取締役として、中嶋康博氏を選任する,中嶋康博,可決,95.0
50390,50390_20250328.htm,第１号議案　取締役２名選任の件,藤谷修平及び中居郁也を取締役に選任する,藤谷修平,可決,98.21
50390,50390_20250328.htm,第１号議案　取締役２名選任の件,藤谷修平及び中居郁也を取締役に選任する,中居郁也,可決,98.19
50390,50390_20250328.htm,第２号議案　取締役の報酬額改定の件,"取締役の報酬額を年額100,000千円万円以内（うち社外取締役分は年額20,000千円以内）とする",,可決,98.07
62660,62660_20250327.htm,第１号議案,剰余金の配当の件,,可決,98.94
62660,62660_20250327.htm,第２号議案,取締役（監査等委員である取締役を除く。）５名選任の件,池田　俊夫,可決,98.98
62660,62660_20250327.htm,第２号議案,取締役（監査等委員である取締役を除く。）５名選任の件,佐藤　泰之,可決,98.61
62660,62660_20250327.htm,第２号議案,取締役（監査等委員である取締役を除く。）５名選任の件,曽根　康博,可決,99.06
62660,62660_20250327.htm,第２号議案,取締役（監査等委員である取締役を除く。）５名選任の件,吉國　久雄,可決,99.06
62660,62660_20250327.htm,第２号議案,取締役（監査等委員である取締役を除く。）５名選任の件,勇木　伸子,可決,98.91
24990,24990_20250328.htm,第１号議案,取締役６名選任の件,鶴野尚史,可決,99.42
24990,24990_20250328.htm,第１号議案,取締役６名選任の件,近藤美知子,可決,99.4
24990,24990_20250328.htm,第１号議案,取締役６名選任の件,井上誠司,可決,99.42
24990,24990_20250328.htm,第１号議案,取締役６名選任の件,渡辺弘,可決,99.34
24990,24990_20250328.htm,第１号議案,取締役６名選任の件,松葉重樹,可決,99.43
24990,24990_20250328.htm,第１号議案,取締役６名選任の件,菅原洋二,可決,99.39
24990,24990_20250328.htm,第２号議案,監査役１名選任の件,白石哲也,可決,99.38
45950,45950_20250402.htm,第１号議案　剰余金の処分の件,"期末配当に関する事項。①配当財産の種類：金銭。②株主に対する配当財産の割当てに関する事項及びその総額：当社普通株式１株につき金60円　　総額1,142,920,800円。③剰余金の配当が効力を生じる日：2025年３月31日",,可決,98.26
45950,45950_20250402.htm,第２号議案　取締役７名選任の件,取締役として、唐川文成、市丸和広、楢原謙次、神原俊夫、宇都信博、佐々木克及び秋山伸一を選任,唐川文成,可決,93.36
45950,45950_20250402.htm,第２号議案　取締役７名選任の件,取締役として、唐川文成、市丸和広、楢原謙次、神原俊夫、宇都信博、佐々木克及び秋山伸一を選任,市丸和広,可決,96.76
45950,45950_20250402.htm,第２号議案　取締役７名選任の件,取締役として、唐川文成、市丸和広、楢原謙次、神原俊夫、宇都信博、佐々木克及び秋山伸一を選任,楢原謙次,可決,96.77
45950,45950_20250402.htm,第２号議案　取締役７名選任の件,取締役として、唐川文成、市丸和広、楢原謙次、神原俊夫、宇都信博、佐々木克及び秋山伸一を選任,神原俊夫,可決,96.91
45950,45950_20250402.htm,第２号議案　取締役７名選任の件,取締役として、唐川文成、市丸和広、楢原謙次、神原俊夫、宇都信博、佐々木克及び秋山伸一を選任,宇都信博,可決,96.55
45950,45950_20250402.htm,第２号議案　取締役７名選任の件,取締役として、唐川文成、市丸和広、楢原謙次、神原俊夫、宇都信博、佐々木克及び秋山伸一を選任,佐々木克,可決,96.61
45950,45950_20250402.htm,第２号議案　取締役７名選任の件,取締役として、唐川文成、市丸和広、楢原謙次、神原俊夫、宇都信博、佐々木克及び秋山伸一を選任,秋山伸一,可決,96.42
45950,45950_20250402.htm,第３号議案　退任取締役に対し退職慰労金贈呈の件,本定時株主総会終結の時をもって任期満了により取締役を退任される今村正氏及び2024年９月30日付けをもって取締役を辞任された佐々木寛氏に対し、それぞれ在任中の功労に報いるため、当社の規程に基づき、退職慰労金を贈呈,,可決,93.87
92500,92500_20250228.htm,第１号議案,取締役６名選任の件,佐々木慈和,可決,93.02
92500,92500_20250228.htm,第１号議案,取締役６名選任の件,塚本拓也,可決,93.0
92500,92500_20250228.htm,第１号議案,取締役６名選任の件,田中郁恵,可決,93.21
92500,92500_20250228.htm,第１号議案,取締役６名選任の件,望月淳,可決,93.2
92500,92500_20250228.htm,第１号議案,取締役６名選任の件,久保惠一,可決,93.2
92500,92500_20250228.htm,第１号議案,取締役６名選任の件,山野修,可決,93.25
92500,92500_20250228.htm,第２号議案,監査役３名選任の件,佐藤尚人,可決,93.46
92500,92500_20250228.htm,第２号議案,監査役３名選任の件,島田容男,可決,93.46
92500,92500_20250228.htm,第２号議案,監査役３名選任の件,伊賀志乃,可決,93.49
92500,92500_20250228.htm,第３号議案,資本金の額の減少の件,null,可決,93.28
334A0,334A0_20250328.htm,第１号議案,"剰余金処分の件
①　期末配当に関する事項
当社普通株式１株につき金13円11銭
②　その他の剰余金の処分に関する事項
(1）減少する剰余金の項目及びその額
繰越利益剰余金　18,354,000円",,可決,100.0
334A0,334A0_20250328.htm,第２号議案,取締役５名選任の件,三村　博明,可決,100.0
334A0,334A0_20250328.htm,第２号議案,取締役５名選任の件,吉川　美幸(戸籍上の氏名:髙橋　美幸),可決,100.0
334A0,334A0_20250328.htm,第２号議案,取締役５名選任の件,小菅　暁史,可決,100.0
334A0,334A0_20250328.htm,第２号議案,取締役５名選任の件,松本　勝裕,可決,100.0
334A0,334A0_20250328.htm,第２号議案,取締役５名選任の件,安藤　秀樹,可決,100.0
260A0,260A0_20250327.htm,第１号議案,定款一部変更の件,,可決,95.9
260A0,260A0_20250327.htm,第２号議案,資本金の額の減少及び剰余金処分の件,,可決,94.2
260A0,260A0_20250327.htm,第３号議案,取締役３名選任の件,米倉千貴,可決,94.1
260A0,260A0_20250327.htm,第３号議案,取締役３名選任の件,日置友輔,可決,94.0
260A0,260A0_20250327.htm,第３号議案,取締役３名選任の件,藤田豪,可決,94.0
260A0,260A0_20250327.htm,第４号議案,取締役の報酬額改定の件,,可決,88.7
260A0,260A0_20250327.htm,第５号議案,監査役の報酬額改定の件,,可決,89.1
22150,22150_20250331.htm,第１号議案,取締役６名選任の件,細貝正統,可決,97.34
22150,22150_20250331.htm,第１号議案,取締役６名選任の件,黒土尚紀,可決,98.13
22150,22150_20250331.htm,第１号議案,取締役６名選任の件,佐藤康一,可決,98.16
22150,22150_20250331.htm,第１号議案,取締役６名選任の件,南　浩二,可決,96.88
22150,22150_20250331.htm,第１号議案,取締役６名選任の件,長谷川　千鶴,可決,98.03
22150,22150_20250331.htm,第１号議案,取締役６名選任の件,貝沼　利晃,可決,96.81
22150,22150_20250331.htm,第２号議案,補欠監査役１名選任の件,谷垣岳人,可決,97.59
73140,73140_20250328.htm,第１号議案,"剰余金処分の件。①配当財産の種類：金銭。②配当財産の割当てに関する事項及びその総額：当社普通株式１株につき金28円　総額88,763,416円。③効力発生日：2025年３月28日",null,可決,96.56
73140,73140_20250328.htm,第２号議案,取締役（監査等委員である取締役を除く。）４名選任の件,丸山　明義,可決,96.44
73140,73140_20250328.htm,第２号議案,取締役（監査等委員である取締役を除く。）４名選任の件,佐藤　健一,可決,96.45
73140,73140_20250328.htm,第２号議案,取締役（監査等委員である取締役を除く。）４名選任の件,津川　直樹,可決,96.46
73140,73140_20250328.htm,第２号議案,取締役（監査等委員である取締役を除く。）４名選任の件,横地　一彦,可決,95.53
72440,72440_20250328.htm,第１号議案　剰余金処分の件,"イ　配当財産の種類:金銭、ロ　株主に対する剰余金の配当に関する事項及びその総額:当社普通株式１株につき金６円50銭　　総額625,181,291円、ハ　効力発生日:2025年３月28日",,可決,98.52
72440,72440_20250328.htm,第２号議案　取締役９名選任の件,取締役として、オードバディ アリ、ヴィラット クリストフ、宮下和之、白土秀樹、マルテネッリ マウリッツオ、ペレス ラウール、青松英男、佐川明美、リエナール　フランソワ　ザビエの９氏を選任する。,オードバディ アリ,可決,82.94
72440,72440_20250328.htm,第２号議案　取締役９名選任の件,取締役として、オードバディ アリ、ヴィラット クリストフ、宮下和之、白土秀樹、マルテネッリ マウリッツオ、ペレス ラウール、青松英男、佐川明美、リエナール　フランソワ　ザビエの９氏を選任する。,ヴィラット クリストフ,可決,81.22
72440,72440_20250328.htm,第２号議案　取締役９名選任の件,取締役として、オードバディ アリ、ヴィラット クリストフ、宮下和之、白土秀樹、マルテネッリ マウリッツオ、ペレス ラウール、青松英男、佐川明美、リエナール　フランソワ　ザビエの９氏を選任する。,宮下和之,可決,88.64
72440,72440_20250328.htm,第２号議案　取締役９名選任の件,取締役として、オードバディ アリ、ヴィラット クリストフ、宮下和之、白土秀樹、マルテネッリ マウリッツオ、ペレス ラウール、青松英男、佐川明美、リエナール　フランソワ　ザビエの９氏を選任する。,白土秀樹,可決,91.35
72440,72440_20250328.htm,第２号議案　取締役９名選任の件,取締役として、オードバディ アリ、ヴィラット クリストフ、宮下和之、白土秀樹、マルテネッリ マウリッツオ、ペレス ラウール、青松英男、佐川明美、リエナール　フランソワ　ザビエの９氏を選任する。,マルテネッリ マウリッツオ,可決,91.36
72440,72440_20250328.htm,第２号議案　取締役９名選任の件,取締役として、オードバディ アリ、ヴィラット クリストフ、宮下和之、白土秀樹、マルテネッリ マウリッツオ、ペレス ラウール、青松英男、佐川明美、リエナール　フランソワ　ザビエの９氏を選任する。,ペレス ラウール,可決,90.93
72440,72440_20250328.htm,第２号議案　取締役９名選任の件,取締役として、オードバディ アリ、ヴィラット クリストフ、宮下和之、白土秀樹、マルテネッリ マウリッツオ、ペレス ラウール、青松英男、佐川明美、リエナール　フランソワ　ザビエの９氏を選任する。,青松英男,可決,91.37
72440,72440_20250328.htm,第２号議案　取締役９名選任の件,取締役として、オードバディ アリ、ヴィラット クリストフ、宮下和之、白土秀樹、マルテネッリ マウリッツオ、ペレス ラウール、青松英男、佐川明美、リエナール　フランソワ　ザビエの９氏を選任する。,佐川明美,可決,92.17
72440,72440_20250328.htm,第２号議案　取締役９名選任の件,取締役として、オードバディ アリ、ヴィラット クリストフ、宮下和之、白土秀樹、マルテネッリ マウリッツオ、ペレス ラウール、青松英男、佐川明美、リエナール　フランソワ　ザビエの９氏を選任する。,リエナール　フランソワ　ザビエ,可決,92.11
72440,72440_20250328.htm,第３号議案　監査役１名選任の件,監査役として、高森正樹氏を選任する。,高森正樹,可決,93.95
72440,72440_20250328.htm,第４号議案　補欠監査役１名選任の件,補欠監査役として、齋藤成倫氏を選任する。,齋藤成倫,可決,99.36
47680,47680_20250331.htm,第１号議案,"剰余金処分の件
・配当財産の種類: 金銭
・配当財産の割当てに関する事項及びその総額: 当社普通株式１株につき　　　　　　　　　金80円、配当総額　　　　　　　　　　　30,336,095,920円
・剰余金の配当が効力を生じる日: 2025年３月28日",,可決,99.9
47680,47680_20250331.htm,第２号議案,取締役11名選任の件,大塚裕司,可決,74.9
47680,47680_20250331.htm,第２号議案,取締役11名選任の件,片倉一幸,可決,97.9
47680,47680_20250331.htm,第２号議案,取締役11名選任の件,鶴見裕信,可決,97.9
47680,47680_20250331.htm,第２号議案,取締役11名選任の件,齋藤廣伸,可決,97.9
47680,47680_20250331.htm,第２号議案,取締役11名選任の件,桜井実,可決,97.9
47680,47680_20250331.htm,第２号議案,取締役11名選任の件,山田耕一郎,可決,97.1
47680,47680_20250331.htm,第２号議案,取締役11名選任の件,畝野一夫,可決,97.1
47680,47680_20250331.htm,第２号議案,取締役11名選任の件,牧野二郎,可決,74.4
47680,47680_20250331.htm,第２号議案,取締役11名選任の件,齋藤哲男,可決,98.7
47680,47680_20250331.htm,第２号議案,取締役11名選任の件,浜辺真紀子,可決,99.2
47680,47680_20250331.htm,第２号議案,取締役11名選任の件,鈴村文徳,可決,99.0
89230,89230_20250227.htm,第１号議案,剰余金処分の件、期末配当に関する事項,null,可決,99.82
89230,89230_20250227.htm,第２号議案,取締役９名選任の件,山口誠一郎,可決,88.0
89230,89230_20250227.htm,第２号議案,取締役９名選任の件,平野昇,可決,96.02
89230,89230_20250227.htm,第２号議案,取締役９名選任の件,中西秀樹,可決,96.03
89230,89230_20250227.htm,第２号議案,取締役９名選任の件,山口俊介,可決,96.03
89230,89230_20250227.htm,第２号議案,取締役９名選任の件,米田浩康,可決,96.03
89230,89230_20250227.htm,第２号議案,取締役９名選任の件,髙見茂宏,可決,96.02
89230,89230_20250227.htm,第２号議案,取締役９名選任の件,少德健一,可決,81.69
89230,89230_20250227.htm,第２号議案,取締役９名選任の件,小林博之,可決,96.14
89230,89230_20250227.htm,第２号議案,取締役９名選任の件,石渡真維,可決,97.16
89230,89230_20250227.htm,第３号議案,監査役３名選任の件,黒田俊典,可決,85.82
89230,89230_20250227.htm,第３号議案,監査役３名選任の件,永野竜樹,可決,82.37
89230,89230_20250227.htm,第３号議案,監査役３名選任の件,池田聡,可決,86.07
14350,14350_20250328.htm,第１号議案　剰余金処分の件,期末配当に関する事項,null,可決,96.36
14350,14350_20250328.htm,第２号議案　取締役（監査等委員である取締役を除く。）４名選任の件,古木大咲を取締役（監査等委員である取締役を除く。）に選任,古木　大咲,可決,92.36
14350,14350_20250328.htm,第２号議案　取締役（監査等委員である取締役を除く。）４名選任の件,藤本一之を取締役（監査等委員である取締役を除く。）に選任,藤本　一之,可決,96.76
14350,14350_20250328.htm,第２号議案　取締役（監査等委員である取締役を除く。）４名選任の件,安井慎二を取締役（監査等委員である取締役を除く。）に選任,安井　慎二,可決,98.75
14350,14350_20250328.htm,第２号議案　取締役（監査等委員である取締役を除く。）４名選任の件,安田博一を取締役（監査等委員である取締役を除く。）に選任,安田　博一,可決,98.73
36710,36710_20250328.htm,第１号議案　剰余金処分の件,"イ　株主に対する剰余金の配当に関する事項及びその総額
　　１株につき金30円　　総額179,970,210円
ロ　効力発生日
　　2025年３月28日",,可決,98.82
36710,36710_20250328.htm,第２号議案　補欠監査役１名選任の件,補欠監査役として、福永大悟を選任する,福永大悟,可決,98.6
36710,36710_20250328.htm,第３号議案　退任取締役に対し退職慰労金贈呈の件,退任取締役の堀江俊郎氏に対し、在任中の労に報いるため、当社所定の基準に従い、相当額の範囲内において退職慰労金を贈呈することとし、その具体的金額、贈呈の時期、方法等は、取締役会に一任する,堀江俊郎,可決,98.21
91470,91470_20250331.htm,取締役（監査等委員である取締役を除く。）7名選任の件,取締役（監査等委員である取締役を除く。）として、齋藤充、堀切智、赤石衛、阿部幸子、柴洋二郎、伊藤ゆみ子、塚原月子を選任する,齋藤充,可決,94.7
91470,91470_20250331.htm,取締役（監査等委員である取締役を除く。）7名選任の件,取締役（監査等委員である取締役を除く。）として、齋藤充、堀切智、赤石衛、阿部幸子、柴洋二郎、伊藤ゆみ子、塚原月子を選任する,堀切智,可決,95.57
91470,91470_20250331.htm,取締役（監査等委員である取締役を除く。）7名選任の件,取締役（監査等委員である取締役を除く。）として、齋藤充、堀切智、赤石衛、阿部幸子、柴洋二郎、伊藤ゆみ子、塚原月子を選任する,赤石衛,可決,95.06
91470,91470_20250331.htm,取締役（監査等委員である取締役を除く。）7名選任の件,取締役（監査等委員である取締役を除く。）として、齋藤充、堀切智、赤石衛、阿部幸子、柴洋二郎、伊藤ゆみ子、塚原月子を選任する,阿部幸子,可決,95.08
91470,91470_20250331.htm,取締役（監査等委員である取締役を除く。）7名選任の件,取締役（監査等委員である取締役を除く。）として、齋藤充、堀切智、赤石衛、阿部幸子、柴洋二郎、伊藤ゆみ子、塚原月子を選任する,柴洋二郎,可決,93.86
91470,91470_20250331.htm,取締役（監査等委員である取締役を除く。）7名選任の件,取締役（監査等委員である取締役を除く。）として、齋藤充、堀切智、赤石衛、阿部幸子、柴洋二郎、伊藤ゆみ子、塚原月子を選任する,伊藤ゆみ子,可決,97.99
91470,91470_20250331.htm,取締役（監査等委員である取締役を除く。）7名選任の件,取締役（監査等委員である取締役を除く。）として、齋藤充、堀切智、赤石衛、阿部幸子、柴洋二郎、伊藤ゆみ子、塚原月子を選任する,塚原月子,可決,97.27
39130,39130_20250326.htm,取締役選任の件,岩本定則を取締役に選任する,岩本定則,可決,91.96
39130,39130_20250326.htm,取締役選任の件,宇佐美將生を取締役に選任する,宇佐美將生,可決,92.5
39130,39130_20250326.htm,取締役選任の件,落合洋司を取締役に選任する,落合洋司,可決,92.5
39130,39130_20250326.htm,取締役選任の件,李欣欣を取締役に選任する,李欣欣,可決,92.5
30470,30470_20250321.htm,第１号議案,剰余金処分の件,null,可決,99.79
30470,30470_20250321.htm,第２号議案,取締役（監査等委員である者を除く。）６名選任の件,小川雄也,可決,99.8
30470,30470_20250321.htm,第２号議案,取締役（監査等委員である者を除く。）６名選任の件,眞﨑高利,可決,99.8
30470,30470_20250321.htm,第２号議案,取締役（監査等委員である者を除く。）６名選任の件,小川サトノ,可決,99.8
30470,30470_20250321.htm,第２号議案,取締役（監査等委員である者を除く。）６名選任の件,桜井誠,可決,99.81
30470,30470_20250321.htm,第２号議案,取締役（監査等委員である者を除く。）６名選任の件,小川真也,可決,99.8
30470,30470_20250321.htm,第２号議案,取締役（監査等委員である者を除く。）６名選任の件,勝本嘉明,可決,99.8
30470,30470_20250321.htm,第３号議案,監査等委員である取締役３名選任の件,藤井彰,可決,99.81
30470,30470_20250321.htm,第３号議案,監査等委員である取締役３名選任の件,廣瀨隆明,可決,99.81
30470,30470_20250321.htm,第３号議案,監査等委員である取締役３名選任の件,武田京子,可決,99.82
30470,30470_20250321.htm,第４号議案,補欠の監査等委員である取締役１名選任の件,藤井宏紀,可決,99.76
30470,30470_20250321.htm,第５号議案,退任取締役に対し退職慰労金贈呈の件,中山雅彦,可決,99.59
58910,58910_20250331.htm,取締役６名選任の件,藤田宗氏、田口剛氏、樫葉誠氏、山川拓人氏、鈴木芳克氏、宮本文子氏を取締役に選任する。,藤田宗、田口剛、樫葉誠、山川拓人、鈴木芳克、宮本文子,可決,93.94
58910,58910_20250331.htm,取締役６名選任の件,藤田宗氏、田口剛氏、樫葉誠氏、山川拓人氏、鈴木芳克氏、宮本文子氏を取締役に選任する。,藤田宗、田口剛、樫葉誠、山川拓人、鈴木芳克、宮本文子,可決,97.33
58910,58910_20250331.htm,取締役６名選任の件,藤田宗氏、田口剛氏、樫葉誠氏、山川拓人氏、鈴木芳克氏、宮本文子氏を取締役に選任する。,藤田宗、田口剛、樫葉誠、山川拓人、鈴木芳克、宮本文子,可決,93.97
58910,58910_20250331.htm,取締役６名選任の件,藤田宗氏、田口剛氏、樫葉誠氏、山川拓人氏、鈴木芳克氏、宮本文子氏を取締役に選任する。,藤田宗、田口剛、樫葉誠、山川拓人、鈴木芳克、宮本文子,可決,93.79
58910,58910_20250331.htm,取締役６名選任の件,藤田宗氏、田口剛氏、樫葉誠氏、山川拓人氏、鈴木芳克氏、宮本文子氏を取締役に選任する。,藤田宗、田口剛、樫葉誠、山川拓人、鈴木芳克、宮本文子,可決,97.3
58910,58910_20250331.htm,取締役６名選任の件,藤田宗氏、田口剛氏、樫葉誠氏、山川拓人氏、鈴木芳克氏、宮本文子氏を取締役に選任する。,藤田宗、田口剛、樫葉誠、山川拓人、鈴木芳克、宮本文子,可決,97.32
85080,85080_20250327.htm,取締役選任の件,藤澤信義を取締役に選任する,藤澤信義,可決,92.44
85080,85080_20250327.htm,取締役選任の件,千葉信育を取締役に選任する,千葉信育,可決,97.8
85080,85080_20250327.htm,取締役選任の件,熱田龍一を取締役に選任する,熱田龍一,可決,97.74
85080,85080_20250327.htm,取締役選任の件,足立伸を取締役に選任する,足立伸,可決,97.74
85080,85080_20250327.htm,取締役選任の件,小田克幸を取締役に選任する,小田克幸,可決,97.62
85080,85080_20250327.htm,取締役選任の件,畑谷剛を取締役に選任する,畑谷剛,可決,97.7
85080,85080_20250327.htm,取締役選任の件,名取俊也を取締役に選任する,名取俊也,可決,97.79
85080,85080_20250327.htm,取締役選任の件,福田進を取締役に選任する,福田進,可決,97.65
85080,85080_20250327.htm,取締役選任の件,干場謹二を取締役に選任する,干場謹二,可決,97.76
85080,85080_20250327.htm,取締役選任の件,山下禎治を取締役に選任する,山下禎治,可決,97.77
97680,97680_20250404.htm,第１号議案　剰余金の処分の件,１株につき金100円の剰余金の配当,,可決,99.35
97680,97680_20250404.htm,第２号議案　取締役10名選任の件,取締役10名選任,田畑日出男,可決,98.35
97680,97680_20250404.htm,第２号議案　取締役10名選任の件,取締役10名選任,田畑彰久,可決,99.13
97680,97680_20250404.htm,第２号議案　取締役10名選任の件,取締役10名選任,安田実,可決,98.43
97680,97680_20250404.htm,第２号議案　取締役10名選任の件,取締役10名選任,森下哲,可決,99.06
97680,97680_20250404.htm,第２号議案　取締役10名選任の件,取締役10名選任,島田克也,可決,99.06
97680,97680_20250404.htm,第２号議案　取締役10名選任の件,取締役10名選任,峯岸宣遠,可決,99.06
97680,97680_20250404.htm,第２号議案　取締役10名選任の件,取締役10名選任,道田豊,可決,98.33
97680,97680_20250404.htm,第２号議案　取締役10名選任の件,取締役10名選任,藤田武彦,可決,98.34
97680,97680_20250404.htm,第２号議案　取締役10名選任の件,取締役10名選任,中山泰男,可決,98.33
97680,97680_20250404.htm,第２号議案　取締役10名選任の件,取締役10名選任,畑中景子,可決,98.98
97680,97680_20250404.htm,第３号議案　補欠監査役１名選任の件,補欠監査役１名選任,草野泰道,可決,98.32
97680,97680_20250404.htm,第４号議案　退任取締役に対し退職慰労金贈呈の件,退任取締役に対し退職慰労金贈呈,,可決,93.24
74220,74220_20250218.htm,第１号議案,剰余金の処分の件,,可決,99.61
74220,74220_20250218.htm,第２号議案,定款の一部変更の件,,可決,99.64
74220,74220_20250218.htm,第３号議案,取締役４名選任の件,矢野浩司,可決,99.48
74220,74220_20250218.htm,第３号議案,取締役４名選任の件,北山恵理子,可決,99.22
74220,74220_20250218.htm,第３号議案,取締役４名選任の件,山形秀樹,可決,99.38
74220,74220_20250218.htm,第３号議案,取締役４名選任の件,金子嘉德,可決,99.22
74220,74220_20250218.htm,第４号議案,監査役１名選任の件,伊藤賢,可決,99.35
74220,74220_20250218.htm,第５号議案,会計監査人選任の件,東邦監査法人,可決,99.58
74220,74220_20250218.htm,第６号議案,補欠監査役１名選任の件,木村佐知子,可決,99.51
34910,34910_20250131.htm,第１号議案,取締役（監査等委員である取締役を除く。）６名選任の件,樋口　龍,可決,92.11
34910,34910_20250131.htm,第１号議案,取締役（監査等委員である取締役を除く。）６名選任の件,樋口　大,可決,92.15
34910,34910_20250131.htm,第１号議案,取締役（監査等委員である取締役を除く。）６名選任の件,櫻井　文夫,可決,92.17
34910,34910_20250131.htm,第１号議案,取締役（監査等委員である取締役を除く。）６名選任の件,久夛良木　健,可決,88.99
34910,34910_20250131.htm,第１号議案,取締役（監査等委員である取締役を除く。）６名選任の件,グジバチ・ピョートル・フェリクス,可決,92.13
34910,34910_20250131.htm,第１号議案,取締役（監査等委員である取締役を除く。）６名選任の件,後藤　正徳,可決,99.8
34910,34910_20250131.htm,第２号議案,補欠の監査等委員である取締役１名選任の件,中島　和人,可決,99.81
79830,79830_20250130.htm,取締役8名選任の件,取締役として、弥勒美彦を選任する。,弥勒美彦,可決,95.2
79830,79830_20250130.htm,取締役8名選任の件,取締役として、宮地雅久を選任する。,宮地雅久,可決,97.28
79830,79830_20250130.htm,取締役8名選任の件,取締役として、井戸隆雄を選任する。,井戸隆雄,可決,95.2
79830,79830_20250130.htm,取締役8名選任の件,取締役として、稲田勝裕を選任する。,稲田勝裕,可決,95.27
79830,79830_20250130.htm,取締役8名選任の件,取締役として、井上孝志を選任する。,井上孝志,可決,95.22
79830,79830_20250130.htm,取締役8名選任の件,取締役として、ジャンルイ・ダムを選任する。,ジャンルイ・ダム,可決,95.2
79830,79830_20250130.htm,取締役8名選任の件,取締役として、トラビス・ホールを選任する。,トラビス・ホール,可決,95.2
79830,79830_20250130.htm,取締役8名選任の件,取締役として、堀見和道を選任する。,堀見和道,可決,97.23
21980,21980_20250129.htm,第１号議案,剰余金の処分の件,,可決,99.49
21980,21980_20250129.htm,第２号議案,取締役（監査等委員である取締役を除く。）６名選任の件,金子和斗志,可決,98.16
21980,21980_20250129.htm,第２号議案,取締役（監査等委員である取締役を除く。）６名選任の件,寺澤大輔,可決,99.37
21980,21980_20250129.htm,第２号議案,取締役（監査等委員である取締役を除く。）６名選任の件,森田康寛,可決,99.37
21980,21980_20250129.htm,第２号議案,取締役（監査等委員である取締役を除く。）６名選任の件,小田豊,可決,99.36
21980,21980_20250129.htm,第２号議案,取締役（監査等委員である取締役を除く。）６名選任の件,中嶋大祐,可決,99.37
21980,21980_20250129.htm,第２号議案,取締役（監査等委員である取締役を除く。）６名選任の件,平山知宏,可決,99.35
45790,45790_20250326.htm,第１号議案　取締役（監査等委員である取締役を除く。）３名選任の件,須藤　正樹、宇都　克裕、土屋　裕弘を取締役に選任する,須藤　正樹,可決,83.04
45790,45790_20250326.htm,第１号議案　取締役（監査等委員である取締役を除く。）３名選任の件,須藤　正樹、宇都　克裕、土屋　裕弘を取締役に選任する,宇都　克裕,可決,83.52
45790,45790_20250326.htm,第１号議案　取締役（監査等委員である取締役を除く。）３名選任の件,須藤　正樹、宇都　克裕、土屋　裕弘を取締役に選任する,土屋　裕弘,可決,83.4
45790,45790_20250326.htm,第２号議案　監査等委員である取締役３名選任の件,石井　幸佑、柿沼　佑一、中野　貴之を監査等委員である取締役に選任する,石井　幸佑,可決,82.31
45790,45790_20250326.htm,第２号議案　監査等委員である取締役３名選任の件,石井　幸佑、柿沼　佑一、中野　貴之を監査等委員である取締役に選任する,柿沼　佑一,可決,82.45
45790,45790_20250326.htm,第２号議案　監査等委員である取締役３名選任の件,石井　幸佑、柿沼　佑一、中野　貴之を監査等委員である取締役に選任する,中野　貴之,可決,83.4
45790,45790_20250326.htm,第３号議案　補欠の監査等委員である取締役１名選任の件,藤井　寿を補欠の監査等委員である取締役に選任する,藤井　寿,可決,84.15
21690,21690_20250327.htm,第１号議案,"剰余金処分の件
①　配当財産の種類：金銭
②　配当財産の割当てに関する事項およびその総額：当社普通株式１株につき金44円　　　配当総額　　300,064,116円
③　剰余金の配当が効力を生じる日：2025年３月25日",,可决,99.83
21690,21690_20250327.htm,第２号議案,取締役10名選任の件：取締役として、芝崎晶紀、芝崎雄太、中嶋國雄、高橋哲也、太田晃、舞田浩子、下間篤、伊藤善文、岩堀剛士及び生田卓史を選任する。,芝崎晶紀,可决,97.05
21690,21690_20250327.htm,第２号議案,取締役10名選任の件：取締役として、芝崎晶紀、芝崎雄太、中嶋國雄、高橋哲也、太田晃、舞田浩子、下間篤、伊藤善文、岩堀剛士及び生田卓史を選任する。,芝崎雄太,可决,97.12
21690,21690_20250327.htm,第２号議案,取締役10名選任の件：取締役として、芝崎晶紀、芝崎雄太、中嶋國雄、高橋哲也、太田晃、舞田浩子、下間篤、伊藤善文、岩堀剛士及び生田卓史を選任する。,中嶋國雄,可决,99.25
21690,21690_20250327.htm,第２号議案,取締役10名選任の件：取締役として、芝崎晶紀、芝崎雄太、中嶋國雄、高橋哲也、太田晃、舞田浩子、下間篤、伊藤善文、岩堀剛士及び生田卓史を選任する。,高橋哲也,可决,99.25
21690,21690_20250327.htm,第２号議案,取締役10名選任の件：取締役として、芝崎晶紀、芝崎雄太、中嶋國雄、高橋哲也、太田晃、舞田浩子、下間篤、伊藤善文、岩堀剛士及び生田卓史を選任する。,太田晃,可决,99.24
21690,21690_20250327.htm,第２号議案,取締役10名選任の件：取締役として、芝崎晶紀、芝崎雄太、中嶋國雄、高橋哲也、太田晃、舞田浩子、下間篤、伊藤善文、岩堀剛士及び生田卓史を選任する。,舞田浩子,可决,98.95
21690,21690_20250327.htm,第２号議案,取締役10名選任の件：取締役として、芝崎晶紀、芝崎雄太、中嶋國雄、高橋哲也、太田晃、舞田浩子、下間篤、伊藤善文、岩堀剛士及び生田卓史を選任する。,下間篤,可决,99.25
21690,21690_20250327.htm,第２号議案,取締役10名選任の件：取締役として、芝崎晶紀、芝崎雄太、中嶋國雄、高橋哲也、太田晃、舞田浩子、下間篤、伊藤善文、岩堀剛士及び生田卓史を選任する。,伊藤善文,可决,97.56
21690,21690_20250327.htm,第２号議案,取締役10名選任の件：取締役として、芝崎晶紀、芝崎雄太、中嶋國雄、高橋哲也、太田晃、舞田浩子、下間篤、伊藤善文、岩堀剛士及び生田卓史を選任する。,岩堀剛士,可决,99.22
21690,21690_20250327.htm,第２号議案,取締役10名選任の件：取締役として、芝崎晶紀、芝崎雄太、中嶋國雄、高橋哲也、太田晃、舞田浩子、下間篤、伊藤善文、岩堀剛士及び生田卓史を選任する。,生田卓史,可决,99.24
44280,44280_20250328.htm,第１号議案,剰余金処分の件,,可決,98.72
44280,44280_20250328.htm,第２号議案,取締役（監査等委員である取締役を除く。）４名選任の件,南谷　洋志,可決,98.17
44280,44280_20250328.htm,第２号議案,取締役（監査等委員である取締役を除く。）４名選任の件,岡本　数彦,可決,98.19
44280,44280_20250328.htm,第２号議案,取締役（監査等委員である取締役を除く。）４名選任の件,武谷　克裕,可決,98.47
44280,44280_20250328.htm,第２号議案,取締役（監査等委員である取締役を除く。）４名選任の件,角田　吉隆,可決,98.46
55630,55630_20250327.htm,第１号議案,剰余金配当の件,null,可決,99.66
55630,55630_20250327.htm,第２号議案,取締役（監査等委員である取締役を除く。）６名選任の件,青木　泰,可決,92.32
55630,55630_20250327.htm,第２号議案,取締役（監査等委員である取締役を除く。）６名選任の件,小林　二郎,可決,99.22
55630,55630_20250327.htm,第２号議案,取締役（監査等委員である取締役を除く。）６名選任の件,積田　正和,可決,99.21
55630,55630_20250327.htm,第２号議案,取締役（監査等委員である取締役を除く。）６名選任の件,岸川　勉,可決,99.22
55630,55630_20250327.htm,第２号議案,取締役（監査等委員である取締役を除く。）６名選任の件,三宅　康秀,可決,99.21
55630,55630_20250327.htm,第２号議案,取締役（監査等委員である取締役を除く。）６名選任の件,大見　和敏,可決,99.16
55630,55630_20250327.htm,第３号議案,監査等委員である取締役１名選任の件,小野　健太郎,可決,70.78
65740,65740_20250305.htm,議案,資本金及び資本準備金の額の減少並びに剰余金の処分の件,,可決,99.98
73580,73580_20250331.htm,第１号議案,取締役（監査等委員である取締役を除く。）７名選任の件,轟麻衣子,可決,88.34
73580,73580_20250331.htm,第１号議案,取締役（監査等委員である取締役を除く。）７名選任の件,田中博文,可決,95.31
73580,73580_20250331.htm,第１号議案,取締役（監査等委員である取締役を除く。）７名選任の件,田村篤司,可決,95.31
73580,73580_20250331.htm,第１号議案,取締役（監査等委員である取締役を除く。）７名選任の件,栗本聡,可決,95.31
73580,73580_20250331.htm,第１号議案,取締役（監査等委員である取締役を除く。）７名選任の件,村上臣,可決,95.31
73580,73580_20250331.htm,第１号議案,取締役（監査等委員である取締役を除く。）７名選任の件,小峯力,可決,95.31
73580,73580_20250331.htm,第１号議案,取締役（監査等委員である取締役を除く。）７名選任の件,平山景子,可決,96.39
73580,73580_20250331.htm,第２号議案,監査等委員である取締役１名選任の件,木南麻浦,可決,96.42
96220,96220_20250328.htm,第１号議案,剰余金処分の件,null,可決,99.08
96220,96220_20250328.htm,第２号議案,取締役（監査等委員である取締役を除く。）８名選任の件,林　不二夫,可決,90.72
96220,96220_20250328.htm,第２号議案,取締役（監査等委員である取締役を除く。）８名選任の件,佐々木靖浩,可決,87.77
96220,96220_20250328.htm,第２号議案,取締役（監査等委員である取締役を除く。）８名選任の件,庄村　香史,可決,94.92
96220,96220_20250328.htm,第２号議案,取締役（監査等委員である取締役を除く。）８名選任の件,森田　昭一,可決,97.02
96220,96220_20250328.htm,第２号議案,取締役（監査等委員である取締役を除く。）８名選任の件,松尾　信幸,可決,97.16
96220,96220_20250328.htm,第２号議案,取締役（監査等委員である取締役を除く。）８名選任の件,加藤千寿夫,可決,94.93
96220,96220_20250328.htm,第２号議案,取締役（監査等委員である取締役を除く。）８名選任の件,若林　弘之,可決,94.93
96220,96220_20250328.htm,第２号議案,取締役（監査等委員である取締役を除く。）８名選任の件,嶋田　博子,可決,97.01
96220,96220_20250328.htm,第３号議案,監査等委員である取締役１名選任の件,三品　和久,可決,95.94
34540,34540_20250228.htm,取締役選任の件,吉原知紀を取締役に選任する,吉原知紀,可決,91.15
34540,34540_20250228.htm,取締役選任の件,辻野和孝を取締役に選任する,辻野和孝,可決,99.07
34540,34540_20250228.htm,取締役選任の件,大西みな海を取締役に選任する,大西みな海,可決,92.19
34540,34540_20250228.htm,取締役選任の件,田村幸太郎を取締役に選任する,田村幸太郎,可決,99.04
34540,34540_20250228.htm,取締役選任の件,薄井充裕を取締役に選任する,薄井充裕,可決,92.22
34540,34540_20250228.htm,取締役選任の件,岩下正を取締役に選任する,岩下正,可決,91.63
53020,53020_20250401.htm,第１号議案,剰余金処分の件,,可決,99.41
53020,53020_20250401.htm,第２号議案,取締役４名選任の件,宮下　尚史,可決,87.45
53020,53020_20250401.htm,第２号議案,取締役４名選任の件,浦野　章,可決,97.6
53020,53020_20250401.htm,第２号議案,取締役４名選任の件,片山　有里子,可決,99.06
53020,53020_20250401.htm,第２号議案,取締役４名選任の件,田中　義和,可決,97.06
53020,53020_20250401.htm,第３号議案,監査役１名選任の件,鈴木　昭,可決,99.07
53020,53020_20250401.htm,第４号議案,当社株券等の大量買付行為への対応方針（買収への対応方針）更新の件,,可決,63.55
47550,47550_20250331.htm,第１号議案,定款一部変更の件,null,可決,99.51
47550,47550_20250331.htm,第２号議案,取締役９名選任の件,三木谷浩史,可決,81.04
47550,47550_20250331.htm,第２号議案,取締役９名選任の件,百野研太郎,可決,91.61
47550,47550_20250331.htm,第２号議案,取締役９名選任の件,廣瀬研二,可決,98.93
47550,47550_20250331.htm,第２号議案,取締役９名選任の件,安藤隆春,可決,97.57
47550,47550_20250331.htm,第２号議案,取締役９名選任の件,Sarah J.M. Whitley,可決,95.01
47550,47550_20250331.htm,第２号議案,取締役９名選任の件,Tsedal Neeley,可決,99.3
47550,47550_20250331.htm,第２号議案,取締役９名選任の件,Charles B. Baxter,可決,78.97
47550,47550_20250331.htm,第２号議案,取締役９名選任の件,羽深成樹,可決,99.28
47550,47550_20250331.htm,第２号議案,取締役９名選任の件,御立尚資,可決,94.79
47550,47550_20250331.htm,第３号議案,取締役（社外取締役を除く）に対するストックオプション付与内容改定の件,null,可決,74.37
64740,64740_20250228.htm,第１号議案,剰余金処分の件,,可決,98.9
64740,64740_20250228.htm,第２号議案,取締役（監査等委員である取締役を除く。）８名選任の件,本間博夫,可決,93.5
64740,64740_20250228.htm,第２号議案,取締役（監査等委員である取締役を除く。）８名選任の件,黒澤勉,可決,94.2
64740,64740_20250228.htm,第２号議案,取締役（監査等委員である取締役を除く。）８名選任の件,原英明,可決,95.4
64740,64740_20250228.htm,第２号議案,取締役（監査等委員である取締役を除く。）８名選任の件,古澤哲,可決,96.9
64740,64740_20250228.htm,第２号議案,取締役（監査等委員である取締役を除く。）８名選任の件,澤﨑裕一,可決,96.8
64740,64740_20250228.htm,第２号議案,取締役（監査等委員である取締役を除く。）８名選任の件,佐々木法嗣,可決,98.4
64740,64740_20250228.htm,第２号議案,取締役（監査等委員である取締役を除く。）８名選任の件,国崎晃,可決,98.4
64740,64740_20250228.htm,第２号議案,取締役（監査等委員である取締役を除く。）８名選任の件,岡部洋,可決,97.1
64740,64740_20250228.htm,第３号議案,監査等委員である取締役４名選任の件,小林昌行,可決,96.2
64740,64740_20250228.htm,第３号議案,監査等委員である取締役４名選任の件,山崎昌一,可決,90.4
64740,64740_20250228.htm,第３号議案,監査等委員である取締役４名選任の件,澤近泰昭,可決,90.9
64740,64740_20250228.htm,第３号議案,監査等委員である取締役４名選任の件,後藤恵実,可決,98.8
55270,55270_20250227.htm,第１号議案,剰余金処分の件,,可決,99.61
55270,55270_20250227.htm,第２号議案,取締役６名選任の件,濱中　雄大,可決,97.97
55270,55270_20250227.htm,第２号議案,取締役６名選任の件,岩尾　英志,可決,98.1
55270,55270_20250227.htm,第２号議案,取締役６名選任の件,松岡　耕平,可決,98.1
55270,55270_20250227.htm,第２号議案,取締役６名選任の件,髙橋　理人,可決,98.13
55270,55270_20250227.htm,第２号議案,取締役６名選任の件,志賀　秀啓,可決,98.13
55270,55270_20250227.htm,第２号議案,取締役６名選任の件,江川　敏郎,可決,98.13
25010,25010_20250331.htm,第１号議案,"剰余金の配当の件。当社普通株式１株につき52円　配当総額4,057,130,480円",,可決,99.88
25010,25010_20250331.htm,第２号議案,取締役（監査等委員である取締役を除く）８名選任の件,時松　浩,可決,98.24
25010,25010_20250331.htm,第２号議案,取締役（監査等委員である取締役を除く）８名選任の件,松出　義忠,可決,75.24
25010,25010_20250331.htm,第２号議案,取締役（監査等委員である取締役を除く）８名選任の件,松風　里栄子,可決,96.17
25010,25010_20250331.htm,第２号議案,取締役（監査等委員である取締役を除く）８名選任の件,庄司　哲也,可決,92.73
25010,25010_20250331.htm,第２号議案,取締役（監査等委員である取締役を除く）８名選任の件,内山　俊弘,可決,96.24
25010,25010_20250331.htm,第２号議案,取締役（監査等委員である取締役を除く）８名選任の件,種橋　牧夫,可決,75.03
25010,25010_20250331.htm,第２号議案,取締役（監査等委員である取締役を除く）８名選任の件,岡村　宏太郎,可決,99.6
25010,25010_20250331.htm,第２号議案,取締役（監査等委員である取締役を除く）８名選任の件,藤井　良太郎,可決,99.64
25010,25010_20250331.htm,第３号議案,補欠の監査等委員である取締役１名選任の件,飯塚　孝徳,可決,78.11
25010,25010_20250331.htm,第４号議案,監査等委員である取締役１名選任の件,Paul J. Brough,否決,29.38
25010,25010_20250331.htm,第５号議案,取締役（監査等委員である取締役を除く）１名選任の件,Paul J. Brough,否決,29.45
78410,78410_20250328.htm,第１号議案,"剰余金処分の件
期末配当に関する事項
当社普通株式１株につき金40円",,可決,92.75
78410,78410_20250328.htm,第２号議案,"取締役５名選任の件
渡部大史、石原睦、遠藤新太郎、根本修一郎及び石塚かおりを取締役に選任する。",渡部　大史,可決,88.34
78410,78410_20250328.htm,第２号議案,"取締役５名選任の件
渡部大史、石原睦、遠藤新太郎、根本修一郎及び石塚かおりを取締役に選任する。",石原　睦,可決,92.79
78410,78410_20250328.htm,第２号議案,"取締役５名選任の件
渡部大史、石原睦、遠藤新太郎、根本修一郎及び石塚かおりを取締役に選任する。",遠藤　新太郎,可決,92.79
78410,78410_20250328.htm,第２号議案,"取締役５名選任の件
渡部大史、石原睦、遠藤新太郎、根本修一郎及び石塚かおりを取締役に選任する。",根本　修一郎,可決,92.79
78410,78410_20250328.htm,第２号議案,"取締役５名選任の件
渡部大史、石原睦、遠藤新太郎、根本修一郎及び石塚かおりを取締役に選任する。",石塚　かおり,可決,97.56
78410,78410_20250328.htm,第３号議案,"取締役及び監査役に対する株式報酬制度の一部改定の件
2018年３月28日開催の第68回定時株主総会において承認された株式報酬制度「株式給付信託（BBT（＝Board Benefit Trust））」の一部を見直し、取締役等が当社株式を毎年一定の時期に受け取り、役員株式給付規定に定める要件を満たす場合には、一定割合について、退任時に当社株式の時価相当の金銭を受け取る「株式給付信託（BBT-RS（＝Board Benefit Trust-Restricted Stock））」へ改定するものであります。",,可決,89.08
79850,79850_20250304.htm,定款一部変更の件,経営の効率化を図るため、本店の所在地を東京都渋谷区から神奈川県厚木市に変更するものであります。なお、当該変更は、2025年９月30日までに開催される取締役会において決定する本店移転日をもって効力を生ずるものとし、この旨附則で規定するものであります。当該附則は、本店移転の効力発生日経過後、これを削除するものであります。,,可決,99.82
51320,51320_20250127.htm,第１号議案,定款一部変更の件,null,可決,87.982
51320,51320_20250127.htm,第２号議案,取締役７名選任の件,小代　義行,可決,87.979
51320,51320_20250127.htm,第２号議案,取締役７名選任の件,森　遼太,可決,87.979
51320,51320_20250127.htm,第２号議案,取締役７名選任の件,永田　基樹,可決,97.46
51320,51320_20250127.htm,第２号議案,取締役７名選任の件,大澤　遼一,可決,97.453
51320,51320_20250127.htm,第２号議案,取締役７名選任の件,浅川　燿佑,可決,97.46
51320,51320_20250127.htm,第２号議案,取締役７名選任の件,宇陀　栄次,可決,96.791
51320,51320_20250127.htm,第２号議案,取締役７名選任の件,影山　泰仁,可決,96.953
51320,51320_20250127.htm,第３号議案,会計監査人選任の件,アーク有限責任監査法人,可決,98.593
51320,51320_20250127.htm,第４号議案,取締役の報酬額改定の件,null,可決,98.525
23300,23300_20250328.htm,第１号議案,取締役（監査等委員である取締役を除く。）５名選任の件,大島正人,可決,96.42
23300,23300_20250328.htm,第１号議案,取締役（監査等委員である取締役を除く。）５名選任の件,根津孝規,可決,96.53
23300,23300_20250328.htm,第１号議案,取締役（監査等委員である取締役を除く。）５名選任の件,泉信彦,可決,96.41
23300,23300_20250328.htm,第１号議案,取締役（監査等委員である取締役を除く。）５名選任の件,佐々木博司,可決,96.74
23300,23300_20250328.htm,第１号議案,取締役（監査等委員である取締役を除く。）５名選任の件,渡邊孝行,可決,96.77
23300,23300_20250328.htm,第２号議案,監査等委員である取締役３名選任の件,田﨑司郎,可決,97.13
23300,23300_20250328.htm,第２号議案,監査等委員である取締役３名選任の件,田辺一男,可決,97.14
23300,23300_20250328.htm,第２号議案,監査等委員である取締役３名選任の件,瀬山剛,可決,97.19
62170,62170_20250303.htm,第１号議案,取締役７名選任の件,高納伸宏,可決,98.9
62170,62170_20250303.htm,第１号議案,取締役７名選任の件,北野浩司,可決,99.2
62170,62170_20250303.htm,第１号議案,取締役７名選任の件,寺田武志,可決,99.2
62170,62170_20250303.htm,第１号議案,取締役７名選任の件,大河哲史,可決,99.2
62170,62170_20250303.htm,第１号議案,取締役７名選任の件,松原和弘,可決,99.2
62170,62170_20250303.htm,第１号議案,取締役７名選任の件,河村肇,可決,99.2
62170,62170_20250303.htm,第１号議案,取締役７名選任の件,下川広佳,可決,99.2
62170,62170_20250303.htm,第２号議案,会計監査人選任の件,かなで監査法人,可決,99.6
148A0,148A0_20250331.htm,取締役４名選任の件,取締役として、大竹弘、増田知平、竹内聡、高野茂久を選任する,大竹弘,可決,96.67
148A0,148A0_20250331.htm,取締役４名選任の件,取締役として、大竹弘、増田知平、竹内聡、高野茂久を選任する,増田知平,可決,96.66
148A0,148A0_20250331.htm,取締役４名選任の件,取締役として、大竹弘、増田知平、竹内聡、高野茂久を選任する,竹内聡,可決,96.81
148A0,148A0_20250331.htm,取締役４名選任の件,取締役として、大竹弘、増田知平、竹内聡、高野茂久を選任する,高野茂久,可決,96.81
37380,37380_20250207.htm,第１号議案　株式併合の件,"当社の普通株式10,400,000株を１株に併合。効力発生日は2025年３月５日。効力発生日における発行可能株式総数は12株",null,可決,99.84
37380,37380_20250207.htm,第２号議案　定款一部変更の件,株式併合の効力が発生することを条件として、定款第６条（発行可能株式総数）を変更、定款第７条（単元株式数）及び第８条（単元未満株式についての権利）の全文を削除、定款第９条（自己株式の取得）の全文を削除、定款第13条（定時株主総会の基準日）及び第15条（電子提供措置等）の全文を削除,null,可決,99.85
68710,68710_20250328.htm,第１号議案,"剰余金処分の件
期末配当に関する事項
当社普通株式１株につき金70円（普通配当70円）",,可決,99.47
68710,68710_20250328.htm,第２号議案,取締役（監査等委員である取締役を除く。）８名選任の件,長谷川　正義,可決,97.53
68710,68710_20250328.htm,第２号議案,取締役（監査等委員である取締役を除く。）８名選任の件,阿部　祐一,可決,99.05
68710,68710_20250328.htm,第２号議案,取締役（監査等委員である取締役を除く。）８名選任の件,外川　孝,可決,99.07
68710,68710_20250328.htm,第２号議案,取締役（監査等委員である取締役を除く。）８名選任の件,KI SANG KANG,可決,99.02
68710,68710_20250328.htm,第２号議案,取締役（監査等委員である取締役を除く。）８名選任の件,片山　ゆき,可決,99.05
68710,68710_20250328.htm,第２号議案,取締役（監査等委員である取締役を除く。）８名選任の件,田辺　英達,可決,95.32
68710,68710_20250328.htm,第２号議案,取締役（監査等委員である取締役を除く。）８名選任の件,上田　康弘,可決,99.29
68710,68710_20250328.htm,第２号議案,取締役（監査等委員である取締役を除く。）８名選任の件,平本　一男,可決,99.27
68710,68710_20250328.htm,第３号議案,監査等委員である取締役３名選任の件,新原　伸一,可決,98.37
68710,68710_20250328.htm,第３号議案,監査等委員である取締役３名選任の件,樋口　義行,可決,86.69
68710,68710_20250328.htm,第３号議案,監査等委員である取締役３名選任の件,土屋　智恵子,可決,99.83
68710,68710_20250328.htm,第４号議案,補欠の監査等委員である取締役１名選任の件,,可決,70.83
93450,93450_20250327.htm,取締役４名選任の件,鈴木伸明を取締役に選任する,鈴木伸明,可決,98.36
93450,93450_20250327.htm,取締役４名選任の件,伊藤日加を取締役に選任する,伊藤日加,可決,98.37
93450,93450_20250327.htm,取締役４名選任の件,須田騎一朗を取締役に選任する,須田騎一朗,可決,98.36
93450,93450_20250327.htm,取締役４名選任の件,高木政秋を取締役に選任する,高木政秋,可決,98.33
80790,80790_20250131.htm,第１号議案,"剰余金の処分の件
イ　株主に対する剰余金の配当に関する事項及びその総額
１株につき金25円　　総額　421,185,875円
ロ　効力発生日
2025年１月31日",null,可決,95.72
80790,80790_20250131.htm,第２号議案,監査役２名選任の件,吉田　恵造,可決,99.65
80790,80790_20250131.htm,第２号議案,監査役２名選任の件,相川　高志,可決,99.67
78270,78270_20250131.htm,第１号議案,剰余金処分の件,,可決,93.86
78270,78270_20250131.htm,第２号議案,取締役８名選任の件,中浜勇治,可決,93.59
78270,78270_20250131.htm,第２号議案,取締役８名選任の件,梅田孝史,可決,93.5
78270,78270_20250131.htm,第２号議案,取締役８名選任の件,谷本 泰,可決,93.44
78270,78270_20250131.htm,第２号議案,取締役８名選任の件,井上清輝,可決,93.49
78270,78270_20250131.htm,第２号議案,取締役８名選任の件,土田光典,可決,93.44
78270,78270_20250131.htm,第２号議案,取締役８名選任の件,川岡公次,可決,93.48
78270,78270_20250131.htm,第２号議案,取締役８名選任の件,小山幹夫,可決,93.44
78270,78270_20250131.htm,第２号議案,取締役８名選任の件,玉田龍治,可決,93.5
89460,89460_20250402.htm,取締役（監査等委員である取締役を除く。）３名選任の件,取締役（監査等委員である取締役を除く。）として呉文偉、唐偉中及び渡邉智彦の各氏を選任する,呉文偉,可決,99.29
89460,89460_20250402.htm,取締役（監査等委員である取締役を除く。）３名選任の件,取締役（監査等委員である取締役を除く。）として呉文偉、唐偉中及び渡邉智彦の各氏を選任する,唐偉中,可決,99.3
89460,89460_20250402.htm,取締役（監査等委員である取締役を除く。）３名選任の件,取締役（監査等委員である取締役を除く。）として呉文偉、唐偉中及び渡邉智彦の各氏を選任する,渡邉智彦,可決,99.38
68170,68170_20250327.htm,取締役8名選任の件,八幡滋行氏を取締役に選任する,八幡滋行,可決,83.2
68170,68170_20250327.htm,取締役8名選任の件,梅本龍夫氏を取締役に選任する,梅本龍夫,可決,83.4
68170,68170_20250327.htm,取締役8名選任の件,范仁鶴氏を取締役に選任する,范仁鶴,可決,83.3
68170,68170_20250327.htm,取締役8名選任の件,早川亮氏を取締役に選任する,早川亮,可決,83.5
68170,68170_20250327.htm,取締役8名選任の件,アルバート　キルヒマン氏を取締役に選任する,アルバート　キルヒマン,可決,94.2
68170,68170_20250327.htm,取締役8名選任の件,上野佐和子氏を取締役に選任する,上野佐和子,可決,94.3
68170,68170_20250327.htm,取締役8名選任の件,本多慶行氏を取締役に選任する,本多慶行,可決,94.3
68170,68170_20250327.htm,取締役8名選任の件,土地順子氏を取締役に選任する,土地順子,可決,94.3
290A0,290A0_20250326.htm,第１号議案,取締役１名選任の件,該当なし,可決,83.73
298A0,298A0_20250327.htm,取締役６名選任の件,取締役６名選任,山本　俊,可決,96.01
298A0,298A0_20250327.htm,取締役６名選任の件,取締役６名選任,康 潤碩,可決,98.49
298A0,298A0_20250327.htm,取締役６名選任の件,取締役６名選任,有賀 之和,可決,98.41
298A0,298A0_20250327.htm,取締役６名選任の件,取締役６名選任,板倉 侑輝,可決,98.41
298A0,298A0_20250327.htm,取締役６名選任の件,取締役６名選任,秦野 元秀,可決,98.49
298A0,298A0_20250327.htm,取締役６名選任の件,取締役６名選任,菅原 貴与志,可決,98.49
37190,37190_20250331.htm,第１号議案,定款一部変更の件。当社は、これまで培ってまいりましたコンサルティングノウハウにＡＩを組み込むことで、企業の業務効率化や新たなビジネス展開のアドバイスが可能とする変革に挑戦すべく現行定款第１条（商号）の変更をするものであります。また、今後の事業領域の拡大または事業内容の多様化に対応するため、現行定款第２条（目的）に目的事項の追加を行い、号文の新設に伴い号数の繰り下げを行うものであります。第３条（本店の所在地）につきましては、現在の所在地より移転を前提としておりましたが、移転を取りやめましたので変更するものであります。附則について、第２条を削除するとともに、新たな第２条を社名変更の効力発生日を明確にするため新設しております。,,可決,95.66
37190,37190_20250331.htm,第２号議案,取締役（監査等委員である取締役を除く）３名選任の件,今井俊夫,可決,94.26
37190,37190_20250331.htm,第２号議案,取締役（監査等委員である取締役を除く）３名選任の件,辛澤,可決,93.81
37190,37190_20250331.htm,第２号議案,取締役（監査等委員である取締役を除く）３名選任の件,松田華織,可決,93.89
47040,47040_20250402.htm,第1号議案,剰余金の処分の件,,可決,99.76
47040,47040_20250402.htm,第2号議案,取締役6名選任の件,チャン ミン ジャン,可決,93.84
47040,47040_20250402.htm,第2号議案,取締役6名選任の件,エバ・チェン,可決,97.32
47040,47040_20250402.htm,第2号議案,取締役6名選任の件,根岸マヘンドラ,可決,95.92
47040,47040_20250402.htm,第2号議案,取締役6名選任の件,大三川彰彦,可決,98.11
47040,47040_20250402.htm,第2号議案,取締役6名選任の件,徳岡晃一郎,可決,98.94
47040,47040_20250402.htm,第2号議案,取締役6名選任の件,井上福造,可決,99.09
47040,47040_20250402.htm,第3号議案,監査役2名選任の件,平田隆,可決,99.39
47040,47040_20250402.htm,第3号議案,監査役2名選任の件,泉多枝子,可決,98.38
47040,47040_20250402.htm,第4号議案,定款一部変更の件(責任限定契約の対象範囲の変更),,可決,98.72
47040,47040_20250402.htm,第5号議案,社外取締役の報酬額改定の件,,可決,98.66
43750,43750_20250328.htm,第１号議案,取締役４名選任の件,佐渡島隆平,可決,87.29
43750,43750_20250328.htm,第１号議案,取締役４名選任の件,森本数馬,可決,94.93
43750,43750_20250328.htm,第１号議案,取締役４名選任の件,古田哲晴,可決,95.18
43750,43750_20250328.htm,第１号議案,取締役４名選任の件,岩田彰一郎,可決,96.1
43750,43750_20250328.htm,第２号議案,監査役３名選任の件,中島早香,可決,95.75
43750,43750_20250328.htm,第２号議案,監査役３名選任の件,工藤克己,可決,95.75
43750,43750_20250328.htm,第２号議案,監査役３名選任の件,岡田淳,可決,95.92
219A0,219A0_20250127.htm,第１号議案　定款一部変更の件,当社の事業年度は、毎年11月１日から翌年10月31日までとしておりますが、事業運営の効率化を図り、適時・適切な経営情報の開示を目的として、当社の事業年度を毎年１月１日から12月31日までに変更するものであります。,,可決,94.13
219A0,219A0_20250127.htm,第２号議案　取締役の報酬額改定の件,当社の事業の進展および展開を踏まえた経営体制強化のための増員を勘案し、取締役の報酬額を改定するものであります。,,可決,93.88
52460,52460_20250228.htm,第１号議案,当社の今後の事業領域の拡大及び新分野への展開に備えるため、現行定款第２条（目的）に事業目的を追加する,,可決,98.49
52460,52460_20250228.htm,第２号議案,監査等委員でない取締役として、久田康弘、長谷川敬起、大岩良行の３名を選任する,久田康弘,可決,84.45
52460,52460_20250228.htm,第２号議案,監査等委員でない取締役として、久田康弘、長谷川敬起、大岩良行の３名を選任する,長谷川敬起,可決,84.4
52460,52460_20250228.htm,第２号議案,監査等委員でない取締役として、久田康弘、長谷川敬起、大岩良行の３名を選任する,大岩良行,可決,98.31
28300,28300_20250221.htm,第１号議案,剰余金の処分の件,null,可決,97.72
28300,28300_20250221.htm,第２号議案,取締役７名選任の件,上田　敏哉,可決,97.52
28300,28300_20250221.htm,第２号議案,取締役７名選任の件,鈴木　勝義,可決,97.7
28300,28300_20250221.htm,第２号議案,取締役７名選任の件,堀　　　宏,可決,97.65
28300,28300_20250221.htm,第２号議案,取締役７名選任の件,佐川　健志,可決,97.61
28300,28300_20250221.htm,第２号議案,取締役７名選任の件,藤原　かおり,可決,97.6
28300,28300_20250221.htm,第２号議案,取締役７名選任の件,角川　晴彦,可決,97.53
28300,28300_20250221.htm,第２号議案,取締役７名選任の件,石野　洋子,可決,97.6
28300,28300_20250221.htm,第３号議案,監査役１名選任の件,稗田　さやか,可決,97.68
66330,66330_20250327.htm,第１号議案,新設分割計画承認の件。新たに設立する事業会社に対し、当社の営むCAD/CAMシステムの開発・製造・販売およびこれらに付帯する保守サービスに関する権利義務を承継させる新設分割を行う。,,可決,98.62
66330,66330_20250327.htm,第２号議案,定款一部変更の件。第１号議案「新設分割計画承認の件」の新設分割による持株会社体制への移行に伴い、商号、目的および本店の所在地について所要の変更を行うとともに、効力発生日等に関する附則を設ける。,,可決,98.62
66330,66330_20250327.htm,第３号議案,取締役（監査等委員である取締役を除く。）６名選任の件,山口修司,可決,93.41
66330,66330_20250327.htm,第３号議案,取締役（監査等委員である取締役を除く。）６名選任の件,塩田聖一,可決,93.61
66330,66330_20250327.htm,第３号議案,取締役（監査等委員である取締役を除く。）６名選任の件,伴野裕之,可決,98.53
66330,66330_20250327.htm,第３号議案,取締役（監査等委員である取締役を除く。）６名選任の件,寺﨑和彦,可決,98.54
66330,66330_20250327.htm,第３号議案,取締役（監査等委員である取締役を除く。）６名選任の件,春日勝人,可決,98.56
66330,66330_20250327.htm,第３号議案,取締役（監査等委員である取締役を除く。）６名選任の件,小島利幸,可決,98.52
66330,66330_20250327.htm,第４号議案,監査等委員である取締役３名選任の件,田尻哲夫,可決,98.62
66330,66330_20250327.htm,第４号議案,監査等委員である取締役３名選任の件,橋本光,可決,98.23
66330,66330_20250327.htm,第４号議案,監査等委員である取締役３名選任の件,影山隆雄,可決,98.1
66330,66330_20250327.htm,第５号議案,当社株式の大量取得行為に関する対応策（買収への対応方針）の導入の件,,可決,92.61
49120,49120_20250331.htm,第１号議案,定款一部変更の件。株主総会および取締役会の柔軟な運営を可能とすることを目的として、それぞれの議長につき、代表取締役以外の取締役においても務めることができるよう、現行定款第13条（株主総会の招集者および議長）および第23条（取締役会の招集者および議長）の変更を行うものであります。,,可決,99.65
49120,49120_20250331.htm,第２号議案,取締役11名選任の件。取締役として、竹森征之、福田健吾、鈴木均、乘竹史智、鈴木彩子、川西敬之、松﨑正年、内田和成、白石隆、菅谷貴子および安江令子の各氏を選任するものであります。,竹森征之,可決,97.79
49120,49120_20250331.htm,第２号議案,取締役11名選任の件。取締役として、竹森征之、福田健吾、鈴木均、乘竹史智、鈴木彩子、川西敬之、松﨑正年、内田和成、白石隆、菅谷貴子および安江令子の各氏を選任するものであります。,福田健吾,可決,98.07
49120,49120_20250331.htm,第２号議案,取締役11名選任の件。取締役として、竹森征之、福田健吾、鈴木均、乘竹史智、鈴木彩子、川西敬之、松﨑正年、内田和成、白石隆、菅谷貴子および安江令子の各氏を選任するものであります。,鈴木均,可決,98.08
49120,49120_20250331.htm,第２号議案,取締役11名選任の件。取締役として、竹森征之、福田健吾、鈴木均、乘竹史智、鈴木彩子、川西敬之、松﨑正年、内田和成、白石隆、菅谷貴子および安江令子の各氏を選任するものであります。,乘竹史智,可決,98.05
49120,49120_20250331.htm,第２号議案,取締役11名選任の件。取締役として、竹森征之、福田健吾、鈴木均、乘竹史智、鈴木彩子、川西敬之、松﨑正年、内田和成、白石隆、菅谷貴子および安江令子の各氏を選任するものであります。,鈴木彩子,可決,98.0
49120,49120_20250331.htm,第２号議案,取締役11名選任の件。取締役として、竹森征之、福田健吾、鈴木均、乘竹史智、鈴木彩子、川西敬之、松﨑正年、内田和成、白石隆、菅谷貴子および安江令子の各氏を選任するものであります。,川西敬之,可決,98.01
49120,49120_20250331.htm,第２号議案,取締役11名選任の件。取締役として、竹森征之、福田健吾、鈴木均、乘竹史智、鈴木彩子、川西敬之、松﨑正年、内田和成、白石隆、菅谷貴子および安江令子の各氏を選任するものであります。,松﨑正年,可決,99.3
49120,49120_20250331.htm,第２号議案,取締役11名選任の件。取締役として、竹森征之、福田健吾、鈴木均、乘竹史智、鈴木彩子、川西敬之、松﨑正年、内田和成、白石隆、菅谷貴子および安江令子の各氏を選任するものであります。,内田和成,可決,99.17
49120,49120_20250331.htm,第２号議案,取締役11名選任の件。取締役として、竹森征之、福田健吾、鈴木均、乘竹史智、鈴木彩子、川西敬之、松﨑正年、内田和成、白石隆、菅谷貴子および安江令子の各氏を選任するものであります。,白石隆,可決,99.24
49120,49120_20250331.htm,第２号議案,取締役11名選任の件。取締役として、竹森征之、福田健吾、鈴木均、乘竹史智、鈴木彩子、川西敬之、松﨑正年、内田和成、白石隆、菅谷貴子および安江令子の各氏を選任するものであります。,菅谷貴子,可決,99.39
49120,49120_20250331.htm,第２号議案,取締役11名選任の件。取締役として、竹森征之、福田健吾、鈴木均、乘竹史智、鈴木彩子、川西敬之、松﨑正年、内田和成、白石隆、菅谷貴子および安江令子の各氏を選任するものであります。,安江令子,可決,99.39
49120,49120_20250331.htm,第３号議案,監査役2名選任の件。監査役として、伊藤彰浩および平井弓子の両氏を選任するものであります。,伊藤彰浩,可決,99.55
49120,49120_20250331.htm,第３号議案,監査役2名選任の件。監査役として、伊藤彰浩および平井弓子の両氏を選任するものであります。,平井弓子,可決,99.55
49120,49120_20250331.htm,第４号議案,取締役の報酬改定の件。取締役の月次固定報酬を、1事業年度につき5億円以内（うち社外取締役1.5億円以内）に改定すること、また、取締役（社外取締役を除く。）の賞与は、次の方法により算定（金額は千円未満は切り捨て）し、その上限額を4億円とするものであります。（賞与の算定方法）事業利益の0.03％の50％と、親会社の所有者に帰属する当期利益の0.05％の50％との合計額に、役位別係数を乗じたものを役位別の賞与基礎額とする。また、役位別賞与基礎額の30％に個人業績を加味する。,,可決,99.17
49120,49120_20250331.htm,第５号議案,"取締役に対する業績連動型株式報酬制度の継続に伴う報酬等の額および内容の一部改定の件。2017年3月30日開催の第156期定時株主総会において導入した取締役（社外取締役を除く。）を対象とした株式報酬制度を継続した上で、次の改定を行うものであります。（改定の内容）当社が掲げる中期経営計画の対象となる期間に対応した3事業年度からなる対象期間（ただし、今後、中期経営計画の対象となる期間を見直した場合は、当該期間に対応した対象期間）において、1事業年度あたり3億円（3事業年度で9億円）を上限とする金員を拠出のうえ、設定した信託を通じて当社株式を取得し、1事業年度あたり270,000株（3事業年度で810,000株）を上限に、取締役に対して当社株式の交付等を行う。達成度評価に用いる財務指標を見直すとともに、新たに非財務指標として、当社グループのサステナビリティ最重要課題の指標を導入する。",,可決,99.22
49120,49120_20250331.htm,第６号議案,監査役の報酬額改定の件。監査役の月次固定報酬を、1事業年度につき2億円以内に改定するものであります。,,可決,99.19
22060,22060_20250327.htm,第１号議案,定款一部変更の件。剰余金の配当等の決定機関について、取締役会決議に加え、株主総会決議により定めることができるよう定款を変更する。,,可決,96.1
22060,22060_20250327.htm,第２号議案,取締役８名選任の件。取締役として、江崎勝久、江崎悦朗、栗木隆、本澤豊、大石佳能子、原丈人、滝口広子及び武藤華子を選任する。,江崎勝久,可決,76.8
22060,22060_20250327.htm,第２号議案,取締役８名選任の件。取締役として、江崎勝久、江崎悦朗、栗木隆、本澤豊、大石佳能子、原丈人、滝口広子及び武藤華子を選任する。,江崎悦朗,可決,77.1
22060,22060_20250327.htm,第２号議案,取締役８名選任の件。取締役として、江崎勝久、江崎悦朗、栗木隆、本澤豊、大石佳能子、原丈人、滝口広子及び武藤華子を選任する。,栗木隆,可決,84.5
22060,22060_20250327.htm,第２号議案,取締役８名選任の件。取締役として、江崎勝久、江崎悦朗、栗木隆、本澤豊、大石佳能子、原丈人、滝口広子及び武藤華子を選任する。,本澤豊,可決,84.5
22060,22060_20250327.htm,第２号議案,取締役８名選任の件。取締役として、江崎勝久、江崎悦朗、栗木隆、本澤豊、大石佳能子、原丈人、滝口広子及び武藤華子を選任する。,大石佳能子,可決,85.6
22060,22060_20250327.htm,第２号議案,取締役８名選任の件。取締役として、江崎勝久、江崎悦朗、栗木隆、本澤豊、大石佳能子、原丈人、滝口広子及び武藤華子を選任する。,原丈人,可決,69.1
22060,22060_20250327.htm,第２号議案,取締役８名選任の件。取締役として、江崎勝久、江崎悦朗、栗木隆、本澤豊、大石佳能子、原丈人、滝口広子及び武藤華子を選任する。,滝口広子,可決,91.1
22060,22060_20250327.htm,第２号議案,取締役８名選任の件。取締役として、江崎勝久、江崎悦朗、栗木隆、本澤豊、大石佳能子、原丈人、滝口広子及び武藤華子を選任する。,武藤華子,可決,91.1
22060,22060_20250327.htm,第３号議案,取締役の報酬額改定の件。ガバナンス体制の一層の強化と昨今の経営環境の変化に対応するため、取締役の報酬額を改定する。,,可決,95.8
22060,22060_20250327.htm,第４号議案,資本コストや株価を意識した経営の実現に向けた対応に関する定款変更の件。資本コストや株価を意識した経営の実現に向けた対応に関して定款に定める。,,否決,18.1
22060,22060_20250327.htm,第５号議案,"自己株式取得の件。本定時株主総会終結の時から１年以内に、当社普通株式を、株式総数6,360,000株、取得価額の総額27,000,000,000円を限度として、金銭の交付をもって取得する。",,否決,21.6
22060,22060_20250327.htm,第６号議案,"譲渡制限付株式報酬制度に関する報酬額承認の件。譲渡制限付株式報酬制度の対象となる当社の取締役と執行役員に対し、年額390百万円以内、付与株式数の上限92,000株の譲渡制限付株式付与のための金銭報酬債権を付与する。",,否決,15.6
70430,70430_20250327.htm,第１号議案　剰余金処分の件,"イ　株主に対する剰余金の配当に関する事項及びその総額
１株につき金７円　　総額17,798,592円
ロ　効力発生日
2025年３月27日（木）",,可決,94.05
70430,70430_20250327.htm,第２号議案　補欠監査役１名選任の件,監査役が法令に定める監査役の員数を欠くことになる場合に備え、予め補欠監査役として野口敏彦氏を選任する。,野口敏彦,可決,94.02
41070,41070_20250328.htm,第１号議案,剰余金の処分の件,,可決,99.76
41070,41070_20250328.htm,第２号議案,定款一部変更の件,,可決,98.76
41070,41070_20250328.htm,第３号議案,取締役６名選任の件,粕谷俊郎,可決,98.99
41070,41070_20250328.htm,第３号議案,取締役６名選任の件,菅 秀章,可決,99.68
41070,41070_20250328.htm,第３号議案,取締役６名選任の件,柴田堅太郎,可決,99.69
41070,41070_20250328.htm,第３号議案,取締役６名選任の件,救仁郷　豊,可決,99.64
41070,41070_20250328.htm,第３号議案,取締役６名選任の件,副島大資,可決,99.41
41070,41070_20250328.htm,第３号議案,取締役６名選任の件,後藤道隆,可決,99.63
41070,41070_20250328.htm,第４号議案,監査役２名選任の件,原　和弘,可決,99.09
41070,41070_20250328.htm,第４号議案,監査役２名選任の件,垣内　良,可決,99.7
41070,41070_20250328.htm,第５号議案,取締役及び監査役の報酬額改定の件,,可決,99.65
64590,64590_20250401.htm,第１号議案　定款一部変更の件,法令に定める監査役の員数を欠くこととなる場合に備え、補欠監査役に関する規定を新設し、補欠監査役の選任決議の有効期間を定めるとともに、補欠監査役が監査役に就任した場合の任期を明確にするため,null,可決,99.97
64590,64590_20250401.htm,第２号議案　取締役９名選任の件,取締役として、尾﨑敦史、尾﨑雅広、杉田壽宏、小原真一、出納美宏、添田千夏、峠田晃宏、中西美里、古谷英司の各氏を選任する,尾﨑敦史,可決,95.52
64590,64590_20250401.htm,第２号議案　取締役９名選任の件,取締役として、尾﨑敦史、尾﨑雅広、杉田壽宏、小原真一、出納美宏、添田千夏、峠田晃宏、中西美里、古谷英司の各氏を選任する,尾﨑雅広,可決,99.81
64590,64590_20250401.htm,第２号議案　取締役９名選任の件,取締役として、尾﨑敦史、尾﨑雅広、杉田壽宏、小原真一、出納美宏、添田千夏、峠田晃宏、中西美里、古谷英司の各氏を選任する,杉田壽宏,可決,99.83
64590,64590_20250401.htm,第２号議案　取締役９名選任の件,取締役として、尾﨑敦史、尾﨑雅広、杉田壽宏、小原真一、出納美宏、添田千夏、峠田晃宏、中西美里、古谷英司の各氏を選任する,小原真一,可決,99.87
64590,64590_20250401.htm,第２号議案　取締役９名選任の件,取締役として、尾﨑敦史、尾﨑雅広、杉田壽宏、小原真一、出納美宏、添田千夏、峠田晃宏、中西美里、古谷英司の各氏を選任する,出納美宏,可決,98.46
64590,64590_20250401.htm,第２号議案　取締役９名選任の件,取締役として、尾﨑敦史、尾﨑雅広、杉田壽宏、小原真一、出納美宏、添田千夏、峠田晃宏、中西美里、古谷英司の各氏を選任する,添田千夏,可決,98.46
64590,64590_20250401.htm,第２号議案　取締役９名選任の件,取締役として、尾﨑敦史、尾﨑雅広、杉田壽宏、小原真一、出納美宏、添田千夏、峠田晃宏、中西美里、古谷英司の各氏を選任する,峠田晃宏,可決,98.46
64590,64590_20250401.htm,第２号議案　取締役９名選任の件,取締役として、尾﨑敦史、尾﨑雅広、杉田壽宏、小原真一、出納美宏、添田千夏、峠田晃宏、中西美里、古谷英司の各氏を選任する,中西美里,可決,98.47
64590,64590_20250401.htm,第２号議案　取締役９名選任の件,取締役として、尾﨑敦史、尾﨑雅広、杉田壽宏、小原真一、出納美宏、添田千夏、峠田晃宏、中西美里、古谷英司の各氏を選任する,古谷英司,可決,98.46
64590,64590_20250401.htm,第３号議案　補欠監査役１名選任の件,補欠監査役として、清松寛哲氏を選任する,清松寛哲,可決,99.92
48930,48930_20250401.htm,第１号議案　玉田　耕治,取締役５名選任の件。玉田　耕治を取締役に選任する。,玉田　耕治,可決,99.2
48930,48930_20250401.htm,第１号議案　渡嘉敷　努,取締役５名選任の件。渡嘉敷　努を取締役に選任する。,渡嘉敷　努,可決,99.3
48930,48930_20250401.htm,第１号議案　永井　寛子,取締役５名選任の件。永井　寛子を取締役に選任する。,永井　寛子,可決,99.3
48930,48930_20250401.htm,第１号議案　Philippe Fauchet,取締役５名選任の件。Philippe Fauchetを取締役に選任する。,Philippe Fauchet,可決,99.2
48930,48930_20250401.htm,第１号議案　花井　陳雄,取締役５名選任の件。花井　陳雄を取締役に選任する。,花井　陳雄,可決,99.3
48930,48930_20250401.htm,第２号議案,"取締役に対する譲渡制限付株式の割当てのための報酬決定の件。既存の報酬枠とは別枠で、新たに譲渡制限付株式報酬制度を導入し、譲渡制限付株式の付与のために支給する金銭報酬債権の総額を年額35,000千円以内（うち社外取締役分は年額5,000千円以内）、各事業年度において割当てる譲渡制限株式の数の上限を総数200,000株(うち社外取締役分は30,000株)とする。",null,可決,98.8
36670,36670_20250331.htm,取締役５名選任の件,取締役に安徳孝平が再選され、それぞれ就任する,安徳孝平,可決,81.15
36670,36670_20250331.htm,取締役５名選任の件,取締役に公文善之が再選され、それぞれ就任する,公文善之,可決,84.86
36670,36670_20250331.htm,取締役５名選任の件,取締役に川平一人再選され、それぞれ就任する,川平一人,可決,85.76
36670,36670_20250331.htm,取締役５名選任の件,取締役に魚屋和彦が再選され、それぞれ就任する,魚屋和彦,可決,86.32
36670,36670_20250331.htm,取締役５名選任の件,取締役に安川新一郎が再選され、それぞれ就任する,安川新一郎,可決,86.46
59590,59590_20250401.htm,第１号議案,取締役（監査等委員である取締役を除く。）７名選任の件,河瀬博英,可決,94.65
59590,59590_20250401.htm,第１号議案,取締役（監査等委員である取締役を除く。）７名選任の件,三上俊彦,可決,98.4
59590,59590_20250401.htm,第１号議案,取締役（監査等委員である取締役を除く。）７名選任の件,甲斐寿徳,可決,98.41
59590,59590_20250401.htm,第１号議案,取締役（監査等委員である取締役を除く。）７名選任の件,江川寿紀,可決,98.56
59590,59590_20250401.htm,第１号議案,取締役（監査等委員である取締役を除く。）７名選任の件,長谷川直哉,可決,98.4
59590,59590_20250401.htm,第１号議案,取締役（監査等委員である取締役を除く。）７名選任の件,西海和久,可決,98.39
59590,59590_20250401.htm,第１号議案,取締役（監査等委員である取締役を除く。）７名選任の件,山口畝誉,可決,98.45
59590,59590_20250401.htm,第２号議案,監査等委員である取締役３名選任の件,遠藤年誠,可決,94.39
59590,59590_20250401.htm,第２号議案,監査等委員である取締役３名選任の件,野田弘子,可決,98.47
59590,59590_20250401.htm,第２号議案,監査等委員である取締役３名選任の件,高橋　均,可決,90.21
59590,59590_20250401.htm,第３号議案,補欠の監査等委員である取締役１名選任の件,横塚　章,可決,98.51
18970,18970_20250328.htm,第１号議案,"剰余金の処分の件。普通株式１株につき金50円の配当。総額107,771,050円。2025年３月27日に効力発生。",,可決,99.47
18970,18970_20250328.htm,第２号議案,取締役９名選任の件,金下昌司、芦原寿彦、井上芳一、金下和司、田中彰寿、岡野 勲、今井賀南子、浮穴 勝、近藤克信,可決,96.83
18970,18970_20250328.htm,第２号議案,取締役９名選任の件,金下昌司,可決,99.7
18970,18970_20250328.htm,第２号議案,取締役９名選任の件,芦原寿彦,可決,99.7
18970,18970_20250328.htm,第２号議案,取締役９名選任の件,井上芳一,可決,99.7
18970,18970_20250328.htm,第２号議案,取締役９名選任の件,金下和司,可決,99.54
18970,18970_20250328.htm,第２号議案,取締役９名選任の件,田中彰寿,可決,99.57
18970,18970_20250328.htm,第２号議案,取締役９名選任の件,岡野　勲,可決,99.55
18970,18970_20250328.htm,第２号議案,取締役９名選任の件,今井賀南子,可決,99.74
18970,18970_20250328.htm,第２号議案,取締役９名選任の件,浮穴　勝,可決,99.74
18970,18970_20250328.htm,第２号議案,取締役９名選任の件,近藤克信,可決,99.74
18970,18970_20250328.htm,第３号議案,補欠監査役１名選任の件,鈴木真二,可決,99.73
18970,18970_20250328.htm,第４号議案,退任取締役に対し退職慰労金贈呈の件,,可決,99.52
50700,50700_20250328.htm,第１号議案,剰余金処分の件,null,可決,98.58
50700,50700_20250328.htm,第２号議案,取締役３名選任の件,山下　泰樹,可決,98.5
50700,50700_20250328.htm,第２号議案,取締役３名選任の件,荒浪　昌彦,可決,98.49
50700,50700_20250328.htm,第２号議案,取締役３名選任の件,結城　大輔,可決,98.47
50700,50700_20250328.htm,第３号議案,監査等委員である取締役３名選任の件,田島　祥朗,可決,98.49
50700,50700_20250328.htm,第３号議案,監査等委員である取締役３名選任の件,大村　尚子,可決,98.5
50700,50700_20250328.htm,第３号議案,監査等委員である取締役３名選任の件,三代　まり子,可決,98.5
50700,50700_20250328.htm,第４号議案,補欠の監査等委員である取締役１名選任の件,加山秀剛,可決,98.47
52430,52430_20250226.htm,第１号議案,資本金の額の減少及び剰余金の処分の件,null,可決,98.67
52430,52430_20250226.htm,第２号議案,取締役（監査等委員である取締役を除く。）３名選任の件,加藤　貞顕,可決,94.25
52430,52430_20250226.htm,第２号議案,取締役（監査等委員である取締役を除く。）３名選任の件,今　雄一,可決,95.02
52430,52430_20250226.htm,第２号議案,取締役（監査等委員である取締役を除く。）３名選任の件,鹿島　幸裕,可決,94.95
52430,52430_20250226.htm,第３号議案,監査等委員である取締役１名選任の件,竹川　美奈子,可決,98.7
52430,52430_20250226.htm,第４号議案,取締役に対する株式報酬型ストック・オプションとしての新株予約権に関する報酬等の額及び具体的な内容決定の件,null,可決,93.71
18990,18990_20250401.htm,第１号議案,取締役(監査等委員である取締役を除く)９名選任の件,福田勝之、荒明正紀、山賀豊、齋藤秀明、大塚進一、砂田修一、小見年雄、永塚重松、上原小百合,可決,94.69
18990,18990_20250401.htm,第１号議案,取締役(監査等委員である取締役を除く)９名選任の件,荒明　正紀,可決,91.1
18990,18990_20250401.htm,第１号議案,取締役(監査等委員である取締役を除く)９名選任の件,山賀　豊,可決,99.75
18990,18990_20250401.htm,第１号議案,取締役(監査等委員である取締役を除く)９名選任の件,齋藤　秀明,可決,99.75
18990,18990_20250401.htm,第１号議案,取締役(監査等委員である取締役を除く)９名選任の件,大塚　進一,可決,99.75
18990,18990_20250401.htm,第１号議案,取締役(監査等委員である取締役を除く)９名選任の件,砂田　修一,可決,99.75
18990,18990_20250401.htm,第１号議案,取締役(監査等委員である取締役を除く)９名選任の件,小見　年雄,可決,99.81
18990,18990_20250401.htm,第１号議案,取締役(監査等委員である取締役を除く)９名選任の件,永塚　重松,可決,99.14
18990,18990_20250401.htm,第１号議案,取締役(監査等委員である取締役を除く)９名選任の件,上原　小百合,可決,97.53
18990,18990_20250401.htm,第２号議案,監査等委員である取締役３名選任の件,岩﨑　勝彦,可決,96.0
18990,18990_20250401.htm,第２号議案,監査等委員である取締役３名選任の件,中田　義直,可決,99.74
18990,18990_20250401.htm,第２号議案,監査等委員である取締役３名選任の件,若槻　良宏,可決,86.07
18990,18990_20250401.htm,第３号議案,補欠の監査等委員である取締役１名選任の件,敦井　一友,可決,88.35
49710,49710_20250326.htm,第１号議案,取締役（監査等委員である取締役を除く。）４名選任の件,前田和夫,可決,93.3
49710,49710_20250326.htm,第１号議案,取締役（監査等委員である取締役を除く。）４名選任の件,住友貞光,可決,94.73
49710,49710_20250326.htm,第１号議案,取締役（監査等委員である取締役を除く。）４名選任の件,谷口哲也,可決,98.27
49710,49710_20250326.htm,第１号議案,取締役（監査等委員である取締役を除く。）４名選任の件,ルシンダ ローマン 太田,可決,98.25
49710,49710_20250326.htm,第２号議案,補欠の監査等委員である取締役１名選任の件,奥田孝雄,可決,96.56
89170,89170_20250130.htm,第１号議案,取締役（監査等委員である取締役を除く。）５名選任の件,中島雄司,可决,93.18
89170,89170_20250130.htm,第１号議案,取締役（監査等委員である取締役を除く。）５名選任の件,中山成人,可决,98.2
89170,89170_20250130.htm,第１号議案,取締役（監査等委員である取締役を除く。）５名選任の件,田中武志,可决,98.75
89170,89170_20250130.htm,第１号議案,取締役（監査等委員である取締役を除く。）５名選任の件,西村幸雄,可决,98.75
89170,89170_20250130.htm,第１号議案,取締役（監査等委員である取締役を除く。）５名選任の件,藤本智章,可决,98.59
89170,89170_20250130.htm,第２号議案,監査等委員である取締役１名選任の件,城島美香,可决,98.23
65610,65610_20250331.htm,第１号議案,定款一部変更の件。事業拡大に伴う営業活動の効率性向上、および従業員の働きやすさに寄与する執務環境の改善を図るため、現行定款第３条に規定される(本店の所在地)を東京都新宿区から東京都港区に変更する,,可決,99.48
65610,65610_20250331.htm,第２号議案,"剰余金の配当の件。１株につき金30円　総額376,665,060円",,可決,99.6
65610,65610_20250331.htm,第３号議案,取締役６名選任の件,金　尚昱,可決,99.39
65610,65610_20250331.htm,第３号議案,取締役６名選任の件,李　炳燦,可決,99.37
65610,65610_20250331.htm,第３号議案,取締役６名選任の件,柳　敞淏,可決,99.37
65610,65610_20250331.htm,第３号議案,取締役６名選任の件,張　瀞允,可決,99.37
65610,65610_20250331.htm,第３号議案,取締役６名選任の件,李　振鎬,可決,99.36
65610,65610_20250331.htm,第３号議案,取締役６名選任の件,坂本　公敏,可決,99.37
65610,65610_20250331.htm,第４号議案,監査役３名選任の件,佐野　強,可決,99.45
65610,65610_20250331.htm,第４号議案,監査役３名選任の件,遠藤　康彦,可決,99.46
65610,65610_20250331.htm,第４号議案,監査役３名選任の件,柴野　高之,可決,99.46
39740,39740_20250131.htm,取締役６名選任の件,長島秀夫、福田博行、高橋栄、西尾忍、富岡和治、朱峰玲子の６氏を取締役に選任する,長島秀夫,可決,99.38
39740,39740_20250131.htm,取締役６名選任の件,長島秀夫、福田博行、高橋栄、西尾忍、富岡和治、朱峰玲子の６氏を取締役に選任する,福田博行,可決,99.38
39740,39740_20250131.htm,取締役６名選任の件,長島秀夫、福田博行、高橋栄、西尾忍、富岡和治、朱峰玲子の６氏を取締役に選任する,高橋　栄,可決,99.4
39740,39740_20250131.htm,取締役６名選任の件,長島秀夫、福田博行、高橋栄、西尾忍、富岡和治、朱峰玲子の６氏を取締役に選任する,西尾　忍,可決,99.36
39740,39740_20250131.htm,取締役６名選任の件,長島秀夫、福田博行、高橋栄、西尾忍、富岡和治、朱峰玲子の６氏を取締役に選任する,富岡和治,可決,99.32
39740,39740_20250131.htm,取締役６名選任の件,長島秀夫、福田博行、高橋栄、西尾忍、富岡和治、朱峰玲子の６氏を取締役に選任する,朱峰玲子,可決,99.29
73590,73590_20250328.htm,取締役４名選任の件,取締役（監査等委員である取締役を除く。）として、古屋佑樹、外川穣、赤堀政彦および塚本信二を選任する。,古屋佑樹,可決,96.88
73590,73590_20250328.htm,取締役４名選任の件,取締役（監査等委員である取締役を除く。）として、古屋佑樹、外川穣、赤堀政彦および塚本信二を選任する。,外川穣,可決,96.86
73590,73590_20250328.htm,取締役４名選任の件,取締役（監査等委員である取締役を除く。）として、古屋佑樹、外川穣、赤堀政彦および塚本信二を選任する。,赤堀政彦,可決,96.92
73590,73590_20250328.htm,取締役４名選任の件,取締役（監査等委員である取締役を除く。）として、古屋佑樹、外川穣、赤堀政彦および塚本信二を選任する。,塚本信二,可決,96.86
81130,81130_20250321.htm,第1号議案,取締役（監査等委員である取締役を除く。）3名選任の件,高原豪久,可決,89.21
81130,81130_20250321.htm,第1号議案,取締役（監査等委員である取締役を除く。）3名選任の件,高久堅二,可決,97.32
81130,81130_20250321.htm,第1号議案,取締役（監査等委員である取締役を除く。）3名選任の件,志手哲也,可決,97.29
81130,81130_20250321.htm,第2号議案,監査等委員である取締役3名選任の件,杉田浩章,可決,94.54
81130,81130_20250321.htm,第2号議案,監査等委員である取締役3名選任の件,ルゾンカ典子,可決,99.24
81130,81130_20250321.htm,第2号議案,監査等委員である取締役3名選任の件,淺田茂,可決,89.68
81130,81130_20250321.htm,第3号議案,学校法人　品川女子学院の活動に対する賛助を通じたSDGsへの貢献を目的とした第三者割当による自己株式の処分の件,該当なし,可決,80.57
43710,43710_20250328.htm,第１号議案,取締役（監査等委員であるものを除く。）２名選任の件,金子武史,可決,99.37
43710,43710_20250328.htm,第１号議案,取締役（監査等委員であるものを除く。）２名選任の件,中島数晃,可決,99.38
43710,43710_20250328.htm,第２号議案,監査等委員である取締役４名選任の件,上田昌平,可決,99.39
43710,43710_20250328.htm,第２号議案,監査等委員である取締役４名選任の件,廣瀬卓生,可決,99.39
43710,43710_20250328.htm,第２号議案,監査等委員である取締役４名選任の件,鈴木雅也,可決,99.38
43710,43710_20250328.htm,第２号議案,監査等委員である取締役４名選任の件,中島恵理,可決,99.39
94250,94250_20250131.htm,第１号議案,定款一部変更の件。①経営体制の一層の強化を図るため、現行定款第19条（員数）に定める取締役の員数の上限を３名増員し、６名から９名に変更する。②柔軟かつ機動的な対応を可能とするため、現行定款第23条（取締役会の招集権者および議長）を変更する。,該当なし,可決,99.24
94250,94250_20250131.htm,第２号議案の修正動議,取締役７名選任の件。重富崇史、澤田大輔、金一寿、永田豊志、平野井順一、高橋卓および村井守を取締役に選任する。,重富崇史,可決,90.8
94250,94250_20250131.htm,第２号議案の修正動議,取締役７名選任の件。重富崇史、澤田大輔、金一寿、永田豊志、平野井順一、高橋卓および村井守を取締役に選任する。,澤田大輔,可決,90.8
94250,94250_20250131.htm,第２号議案の修正動議,取締役７名選任の件。重富崇史、澤田大輔、金一寿、永田豊志、平野井順一、高橋卓および村井守を取締役に選任する。,金一寿,可決,90.8
94250,94250_20250131.htm,第２号議案の修正動議,取締役７名選任の件。重富崇史、澤田大輔、金一寿、永田豊志、平野井順一、高橋卓および村井守を取締役に選任する。,永田豊志,可決,90.8
94250,94250_20250131.htm,第２号議案の修正動議,取締役７名選任の件。重富崇史、澤田大輔、金一寿、永田豊志、平野井順一、高橋卓および村井守を取締役に選任する。,平野井順一,可決,90.8
94250,94250_20250131.htm,第２号議案の修正動議,取締役７名選任の件。重富崇史、澤田大輔、金一寿、永田豊志、平野井順一、高橋卓および村井守を取締役に選任する。,高橋卓,可決,90.8
94250,94250_20250131.htm,第２号議案の修正動議,取締役７名選任の件。重富崇史、澤田大輔、金一寿、永田豊志、平野井順一、高橋卓および村井守を取締役に選任する。,村井守,可決,90.8
94250,94250_20250131.htm,第３号議案,監査役２名選任の件,安倉史典,可決,99.54
94250,94250_20250131.htm,第３号議案,監査役２名選任の件,西尾公伸,可決,99.54
87980,87980_20250328.htm,第３号議案　会計監査人選任の件,会計監査人として、あおい監査法人を選任する。,あおい監査法人,可決,91.91
71120,71120_20250328.htm,第１号議案　取締役７名選任の件,取締役として、松村智明、橋本和武、髙橋勇介、波多野奨、福岡裕太、吉成和彦、大西秀亜の７氏を再選任する,松村智明,可決,95.95
71120,71120_20250328.htm,第１号議案　取締役７名選任の件,取締役として、松村智明、橋本和武、髙橋勇介、波多野奨、福岡裕太、吉成和彦、大西秀亜の７氏を再選任する,橋本和武,可決,96.01
71120,71120_20250328.htm,第１号議案　取締役７名選任の件,取締役として、松村智明、橋本和武、髙橋勇介、波多野奨、福岡裕太、吉成和彦、大西秀亜の７氏を再選任する,髙橋勇介,可決,96.07
71120,71120_20250328.htm,第１号議案　取締役７名選任の件,取締役として、松村智明、橋本和武、髙橋勇介、波多野奨、福岡裕太、吉成和彦、大西秀亜の７氏を再選任する,波多野奨,可決,96.07
71120,71120_20250328.htm,第１号議案　取締役７名選任の件,取締役として、松村智明、橋本和武、髙橋勇介、波多野奨、福岡裕太、吉成和彦、大西秀亜の７氏を再選任する,福岡裕太,可決,96.04
71120,71120_20250328.htm,第１号議案　取締役７名選任の件,取締役として、松村智明、橋本和武、髙橋勇介、波多野奨、福岡裕太、吉成和彦、大西秀亜の７氏を再選任する,吉成和彦,可決,96.0
71120,71120_20250328.htm,第１号議案　取締役７名選任の件,取締役として、松村智明、橋本和武、髙橋勇介、波多野奨、福岡裕太、吉成和彦、大西秀亜の７氏を再選任する,大西秀亜,可決,96.01
24180,24180_20250331.htm,第１号議案,剰余金の処分の件。当社普通株式１株につき６円,null,可決,95.4
24180,24180_20250331.htm,第２号議案,取締役６名選任の件,塚田正之,可決,96.1
24180,24180_20250331.htm,第２号議案,取締役６名選任の件,塚田啓子,可決,96.8
24180,24180_20250331.htm,第２号議案,取締役６名選任の件,塚田健斗,可決,97.0
24180,24180_20250331.htm,第２号議案,取締役６名選任の件,西堀敬,可決,95.8
24180,24180_20250331.htm,第２号議案,取締役６名選任の件,寺地孝之,可決,97.0
24180,24180_20250331.htm,第２号議案,取締役６名選任の件,西谷秀人,可決,97.0
24180,24180_20250331.htm,第３号議案,監査役３名選任の件,中村修,可決,97.1
24180,24180_20250331.htm,第３号議案,監査役３名選任の件,千原曜,可決,94.3
24180,24180_20250331.htm,第３号議案,監査役３名選任の件,柳澤宏之,可決,94.3
79760,79760_20250328.htm,第１号議案,剰余金処分の件,,可決,98.46
79760,79760_20250328.htm,第２号議案,取締役９名選任の件,数原 英一郎,可決,97.73
79760,79760_20250328.htm,第２号議案,取締役９名選任の件,数原 滋彦,可決,98.52
79760,79760_20250328.htm,第２号議案,取締役９名選任の件,切田 和久,可決,99.41
79760,79760_20250328.htm,第２号議案,取締役９名選任の件,鈴木 孝雄,可決,99.45
79760,79760_20250328.htm,第２号議案,取締役９名選任の件,山村 伸夫,可決,99.45
79760,79760_20250328.htm,第２号議案,取締役９名選任の件,青山 藤詞郎,可決,99.15
79760,79760_20250328.htm,第２号議案,取締役９名選任の件,斉藤 麻子,可決,99.16
79760,79760_20250328.htm,第２号議案,取締役９名選任の件,嶋本 正,可決,99.16
79760,79760_20250328.htm,第２号議案,取締役９名選任の件,本坊 吉博,可決,98.16
79760,79760_20250328.htm,第３号議案,監査役２名選任の件,梶川 融,可決,99.15
79760,79760_20250328.htm,第３号議案,監査役２名選任の件,鈴木 嘉明,可決,91.78
79760,79760_20250328.htm,第４号議案,補欠監査役１名選任の件,菅野 智巳,可決,99.69
79760,79760_20250328.htm,第５号議案,当社株式の大規模買付行為に関する対応方針（買収への対応方針）更新の件,,可決,77.67
79760,79760_20250328.htm,第６号議案,譲渡制限付株式報酬制度に係る報酬額改定の件,,否決,3.88
79760,79760_20250328.htm,第７号議案,自己株式取得の件,,否決,7.62
79760,79760_20250328.htm,第８号議案,社外取締役の員数に関する定款変更の件,,否決,6.45
30400,30400_20250327.htm,取締役（監査等委員である取締役を除く。）４名選任の件,鎌田信夫を取締役（監査等委員である取締役を除く。）に選任,鎌田信夫,可決,96.06
30400,30400_20250327.htm,取締役（監査等委員である取締役を除く。）４名選任の件,鎌田理を取締役（監査等委員である取締役を除く。）に選任,鎌田理,可決,96.12
30400,30400_20250327.htm,取締役（監査等委員である取締役を除く。）４名選任の件,三角育生を取締役（監査等委員である取締役を除く。）に選任,三角育生,可決,98.72
30400,30400_20250327.htm,取締役（監査等委員である取締役を除く。）４名選任の件,石原冴子を取締役（監査等委員である取締役を除く。）に選任,石原冴子,可決,98.73
95220,95220_20250226.htm,第１号議案　株式併合の件,"当社株式787,264株を１株に併合",,可決,99.901
95220,95220_20250226.htm,第２号議案　定款一部変更の件,定款第６条（発行可能株式総数）を変更、定款第７条（単元株式数）及び第８条（単元未満株式についての権利）の全文を削除、定款第12条（定時株主総会の基準日）及び第17条（電子提供措置等）の全文を削除,,可決,99.901
40530,40530_20250328.htm,第１号議案　取締役（監査等委員である取締役を除く）４名選任の件,取締役監査等委員である取締役を除く）４名選任,小林　泰平,可決,98.09
40530,40530_20250328.htm,第１号議案　取締役（監査等委員である取締役を除く）４名選任の件,取締役監査等委員である取締役を除く）４名選任,服部　裕輔,可決,98.23
40530,40530_20250328.htm,第１号議案　取締役（監査等委員である取締役を除く）４名選任の件,取締役監査等委員である取締役を除く）４名選任,平井　誠人,可決,98.23
40530,40530_20250328.htm,第１号議案　取締役（監査等委員である取締役を除く）４名選任の件,取締役監査等委員である取締役を除く）４名選任,石渡　万希子,可決,98.26
40530,40530_20250328.htm,２号議案　監査等委員である取締役３名選任の件,監査等委員である取締役３名選任,二本柳健,可決,98.15
40530,40530_20250328.htm,２号議案　監査等委員である取締役３名選任の件,監査等委員である取締役３名選任,小澤稔弘,可決,98.25
40530,40530_20250328.htm,２号議案　監査等委員である取締役３名選任の件,監査等委員である取締役３名選任,石井絵梨子,可決,97.21
43740,43740_20250327.htm,第１号議案,剰余金の配当の件,null,可決,99.83
43740,43740_20250327.htm,第２号議案,取締役６名選任の件,清久　健也,可決,99.79
43740,43740_20250327.htm,第２号議案,取締役６名選任の件,川本　圭祐,可決,99.79
43740,43740_20250327.htm,第２号議案,取締役６名選任の件,久野　聡太,可決,99.78
43740,43740_20250327.htm,第２号議案,取締役６名選任の件,澤　博史,可決,99.77
43740,43740_20250327.htm,第２号議案,取締役６名選任の件,清水　幸明,可決,99.77
43740,43740_20250327.htm,第２号議案,取締役６名選任の件,小坂　亜沙美,可決,99.76
43740,43740_20250327.htm,第３号議案,監査役３名選任の件,石橋　慶太,可決,99.8
43740,43740_20250327.htm,第３号議案,監査役３名選任の件,金重　凱之,可決,99.75
43740,43740_20250327.htm,第３号議案,監査役３名選任の件,橋本　泰生,可決,99.79
81650,81650_20250328.htm,第１号議案,定款一部変更の件。当社の現状の事業内容や今後の事業展開を踏まえ、事業目的について変更を行う,,可決,93.57
81650,81650_20250328.htm,第２号議案,取締役５名選任の件,鈴木　聡,可決,92.87
81650,81650_20250328.htm,第２号議案,取締役５名選任の件,三村　克人,可決,90.55
81650,81650_20250328.htm,第２号議案,取締役５名選任の件,高杉　信匡,可決,87.25
81650,81650_20250328.htm,第２号議案,取締役５名選任の件,榊　真二,可決,90.45
81650,81650_20250328.htm,第２号議案,取締役５名選任の件,大平　裕子,可決,92.93
81650,81650_20250328.htm,第３号議案,監査役１名選任の件,荒井　徹,可決,93.14
81650,81650_20250328.htm,第４号議案,補欠監査役１名選任の件,岡尾　竜平,可決,93.24
81650,81650_20250328.htm,第５号議案,会計監査人選任の件,監査法人和宏事務所,可決,93.39
22110,22110_20250326.htm,第１号議案,剰余金の処分の件,,可決,98.84
22110,22110_20250326.htm,第２号議案,取締役12名選任の件,山田憲典,可決,89.9
22110,22110_20250326.htm,第２号議案,取締役12名選任の件,飯島幹雄,可決,96.44
22110,22110_20250326.htm,第２号議案,取締役12名選任の件,河村宣行,可決,89.62
22110,22110_20250326.htm,第２号議案,取締役12名選任の件,瓜生徹,可決,96.5
22110,22110_20250326.htm,第２号議案,取締役12名選任の件,富永寿哉,可決,96.46
22110,22110_20250326.htm,第２号議案,取締役12名選任の件,古田健,可決,96.47
22110,22110_20250326.htm,第２号議案,取締役12名選任の件,荒畑克也,可決,97.43
22110,22110_20250326.htm,第２号議案,取締役12名選任の件,高橋俊裕,可決,91.76
22110,22110_20250326.htm,第２号議案,取締役12名選任の件,中野武夫,可決,96.21
22110,22110_20250326.htm,第２号議案,取締役12名選任の件,村岡香奈子,可決,96.49
22110,22110_20250326.htm,第２号議案,取締役12名選任の件,酒井美紀,可決,92.09
22110,22110_20250326.htm,第２号議案,取締役12名選任の件,神長善次,可決,95.24
22110,22110_20250326.htm,第３号議案,監査役１名選任の件,安井泰宏,可決,98.19
22110,22110_20250326.htm,第４号議案,監査役の報酬額改定の件,,可決,98.1
68700,68700_20250331.htm,第１号議案,"剰余金の配当の件
期末配当に関する事項
当社普通株式１株につき金37円",,可決,99.72
68700,68700_20250331.htm,第２号議案,取締役４名選任の件,中野誉将,可決,99.57
68700,68700_20250331.htm,第２号議案,取締役４名選任の件,荻原紀晃,可決,99.56
68700,68700_20250331.htm,第２号議案,取締役４名選任の件,上村真一郎,可決,99.57
68700,68700_20250331.htm,第２号議案,取締役４名選任の件,蔭山　潔,可決,99.58
68700,68700_20250331.htm,第３号議案,監査役１名選任の件,田口善之,可決,99.59
30640,30640_20250327.htm,第１号議案,"剰余金処分の件
期末配当に関する事項
当社普通株式１株につき金10円",,可決,99.24
30640,30640_20250327.htm,第２号議案,"定款一部変更の件
①株主総会議事録及び取締役会議事録について、電磁的記録で作成可能であることを明確にするため、現行定款第16条（株主総会議事録）及び第26条（取締役会議事録）を変更するものであります。
②当社の経営体制の強化充実を図るため、現行定款第33条（執行役の員数）に定める執行役の員数の上限を変更するものであります。
③代表執行役から社長を選任すること及び会長は取締役からのみ選任することを明確化するため、現行定款第36条（代表執行役及び役付執行役）を変更するものであります。",,可決,99.68
30640,30640_20250327.htm,第３号議案,"取締役９名選任の件
取締役として、鈴木雅哉、田村咲耶、岸田雅裕、伊勢智子、鷺谷万里、三浦洋、中島潔、Peter Kenevan（ピーター・ケネバン)及びBarry Greenhouse（バリー・グリーンハウス)を選任するものであります。",鈴木雅哉,可決,94.46
30640,30640_20250327.htm,第３号議案,"取締役９名選任の件
取締役として、鈴木雅哉、田村咲耶、岸田雅裕、伊勢智子、鷺谷万里、三浦洋、中島潔、Peter Kenevan（ピーター・ケネバン)及びBarry Greenhouse（バリー・グリーンハウス)を選任するものであります。",田村咲耶,可決,99.44
30640,30640_20250327.htm,第３号議案,"取締役９名選任の件
取締役として、鈴木雅哉、田村咲耶、岸田雅裕、伊勢智子、鷺谷万里、三浦洋、中島潔、Peter Kenevan（ピーター・ケネバン)及びBarry Greenhouse（バリー・グリーンハウス)を選任するものであります。",岸田雅裕,可決,83.27
30640,30640_20250327.htm,第３号議案,"取締役９名選任の件
取締役として、鈴木雅哉、田村咲耶、岸田雅裕、伊勢智子、鷺谷万里、三浦洋、中島潔、Peter Kenevan（ピーター・ケネバン)及びBarry Greenhouse（バリー・グリーンハウス)を選任するものであります。",伊勢智子,可決,99.37
30640,30640_20250327.htm,第３号議案,"取締役９名選任の件
取締役として、鈴木雅哉、田村咲耶、岸田雅裕、伊勢智子、鷺谷万里、三浦洋、中島潔、Peter Kenevan（ピーター・ケネバン)及びBarry Greenhouse（バリー・グリーンハウス)を選任するものであります。",鷺谷万里,可決,99.32
30640,30640_20250327.htm,第３号議案,"取締役９名選任の件
取締役として、鈴木雅哉、田村咲耶、岸田雅裕、伊勢智子、鷺谷万里、三浦洋、中島潔、Peter Kenevan（ピーター・ケネバン)及びBarry Greenhouse（バリー・グリーンハウス)を選任するものであります。",三浦洋,可決,96.18
30640,30640_20250327.htm,第３号議案,"取締役９名選任の件
取締役として、鈴木雅哉、田村咲耶、岸田雅裕、伊勢智子、鷺谷万里、三浦洋、中島潔、Peter Kenevan（ピーター・ケネバン)及びBarry Greenhouse（バリー・グリーンハウス)を選任するものであります。",中島潔,可決,99.45
30640,30640_20250327.htm,第３号議案,"取締役９名選任の件
取締役として、鈴木雅哉、田村咲耶、岸田雅裕、伊勢智子、鷺谷万里、三浦洋、中島潔、Peter Kenevan（ピーター・ケネバン)及びBarry Greenhouse（バリー・グリーンハウス)を選任するものであります。",Peter Kenevan,可決,99.44
30640,30640_20250327.htm,第３号議案,"取締役９名選任の件
取締役として、鈴木雅哉、田村咲耶、岸田雅裕、伊勢智子、鷺谷万里、三浦洋、中島潔、Peter Kenevan（ピーター・ケネバン)及びBarry Greenhouse（バリー・グリーンハウス)を選任するものであります。",Barry Greenhouse,可決,98.01
60780,60780_20250328.htm,第１号議案,取締役（監査等委員である取締役を除く。）６名選任の件,藤田美智雄,可決,96.17
60780,60780_20250328.htm,第１号議案,取締役（監査等委員である取締役を除く。）６名選任の件,藤田源太郎,可決,96.18
60780,60780_20250328.htm,第１号議案,取締役（監査等委員である取締役を除く。）６名選任の件,飯塚功,可決,96.37
60780,60780_20250328.htm,第１号議案,取締役（監査等委員である取締役を除く。）６名選任の件,大村祐司,可決,96.45
60780,60780_20250328.htm,第１号議案,取締役（監査等委員である取締役を除く。）６名選任の件,柳澤彰子,可決,96.43
60780,60780_20250328.htm,第１号議案,取締役（監査等委員である取締役を除く。）６名選任の件,山本麻里,可決,96.34
60780,60780_20250328.htm,第２号議案,監査等委員である取締役３名選任の件,吉益裕二,可決,94.97
60780,60780_20250328.htm,第２号議案,監査等委員である取締役３名選任の件,吉成外史,可決,96.38
60780,60780_20250328.htm,第２号議案,監査等委員である取締役３名選任の件,唐澤剛,可決,96.44
82150,82150_20250123.htm,第１号議案　株式併合の件,"当社株式について、85,000株を１株に併合いたします。",,可決,98.9
82150,82150_20250123.htm,第２号講案　定款一部変更の件,本株式併合の効力が発生した場合には、当社の発行済株式総数は８株となり、単元株式数を定める必要性がなくなります。,,可決,99.03
93690,93690_20250228.htm,第１号議案,剰余金の配当の件,null,可決,92.44
93690,93690_20250228.htm,第２号議案,取締役９名選任の件,富田　仁一,可決,89.57
93690,93690_20250228.htm,第２号議案,取締役９名選任の件,犬塚　英作,可決,92.74
93690,93690_20250228.htm,第２号議案,取締役９名選任の件,岡田　敦,可決,93.46
93690,93690_20250228.htm,第２号議案,取締役９名選任の件,渡邊　龍太,可決,93.68
93690,93690_20250228.htm,第２号議案,取締役９名選任の件,大槻　啓子,可決,93.34
93690,93690_20250228.htm,第２号議案,取締役９名選任の件,川又　義寛,可決,93.64
93690,93690_20250228.htm,第２号議案,取締役９名選任の件,濱岡　健,可決,93.62
93690,93690_20250228.htm,第２号議案,取締役９名選任の件,髙山　典之,可決,93.67
93690,93690_20250228.htm,第２号議案,取締役９名選任の件,山本　幸喜,可決,93.64
93690,93690_20250228.htm,第３号議案,監査役１名選任の件,加藤　知子,可決,93.7
51390,51390_20250328.htm,第１号議案　取締役４名選任の件,取締役として、大澤陽樹、池内駿介、若月貴子及び小野塚浩二を選任する。,大澤陽樹,可決,97.98
51390,51390_20250328.htm,第１号議案　取締役４名選任の件,取締役として、大澤陽樹、池内駿介、若月貴子及び小野塚浩二を選任する。,池内駿介,可決,98.78
51390,51390_20250328.htm,第１号議案　取締役４名選任の件,取締役として、大澤陽樹、池内駿介、若月貴子及び小野塚浩二を選任する。,若月貴子,可決,98.97
51390,51390_20250328.htm,第１号議案　取締役４名選任の件,取締役として、大澤陽樹、池内駿介、若月貴子及び小野塚浩二を選任する。,小野塚浩二,可決,98.77
51390,51390_20250328.htm,第２号議案　新株予約権取得日決定の件,権利行使条件を満たさなくなった新株予約権の取得日を決定する。,null,可決,99.89
42930,42930_20250327.htm,取締役７名選任の件,取締役として、神埜雄一、清水雄介、石川善樹、入山章栄、髙岡美緒、塩野誠、北原整の７名を選任する,神埜雄一,可決,86.85
42930,42930_20250327.htm,取締役７名選任の件,取締役として、神埜雄一、清水雄介、石川善樹、入山章栄、髙岡美緒、塩野誠、北原整の７名を選任する,清水雄介,可決,87.87
42930,42930_20250327.htm,取締役７名選任の件,取締役として、神埜雄一、清水雄介、石川善樹、入山章栄、髙岡美緒、塩野誠、北原整の７名を選任する,石川善樹,可決,87.42
42930,42930_20250327.htm,取締役７名選任の件,取締役として、神埜雄一、清水雄介、石川善樹、入山章栄、髙岡美緒、塩野誠、北原整の７名を選任する,入山章栄,可決,87.87
42930,42930_20250327.htm,取締役７名選任の件,取締役として、神埜雄一、清水雄介、石川善樹、入山章栄、髙岡美緒、塩野誠、北原整の７名を選任する,髙岡美緒,可決,87.23
42930,42930_20250327.htm,取締役７名選任の件,取締役として、神埜雄一、清水雄介、石川善樹、入山章栄、髙岡美緒、塩野誠、北原整の７名を選任する,塩野誠,可決,87.85
42930,42930_20250327.htm,取締役７名選任の件,取締役として、神埜雄一、清水雄介、石川善樹、入山章栄、髙岡美緒、塩野誠、北原整の７名を選任する,北原整,可決,99.61
41510,41510_20250321.htm,第１号議案,"剰余金の処分の件
期末配当に関する事項
①　配当財産の種類
金銭
②　配当財産の割当てに関する事項及びその総額
当社普通株式１株につき金29円　　総額15,177,375,504円
③　剰余金の配当が効力を生じる日
2025年３月21日",,可決,99.98
41510,41510_20250321.htm,第２号議案,"定款一部変更の件
定款に以下の変更を行う。
株主総会は、取締役社長がこれを招集する。取締役社長に事故があるときは、取締役会においてあらかじめ定めた順序に従い、他の取締役が株主総会を招集する。
株主総会の議長は、あらかじめ取締役会が定める取締役がこれにあたる。当該取締役に事故があるときは、取締役会においてあらかじめ定めた順序に従い、他の取締役が議長となる。（第15条変更）",,可決,99.99
41510,41510_20250321.htm,第３号議案,取締役９名選任の件,宮本昌志,可決,99.4
41510,41510_20250321.htm,第３号議案,取締役９名選任の件,Abdul Mullick,可決,99.65
41510,41510_20250321.htm,第３号議案,取締役９名選任の件,山下武美,可決,99.63
41510,41510_20250321.htm,第３号議案,取締役９名選任の件,藤原大介,可決,99.65
41510,41510_20250321.htm,第３号議案,取締役９名選任の件,小山田隆,可決,99.65
41510,41510_20250321.htm,第３号議案,取締役９名選任の件,鈴木善久,可決,99.49
41510,41510_20250321.htm,第３号議案,取締役９名選任の件,中田るみ子,可決,99.69
41510,41510_20250321.htm,第３号議案,取締役９名選任の件,菅野寛,可決,99.82
41510,41510_20250321.htm,第３号議案,取締役９名選任の件,伊藤由希子,可決,99.84
41510,41510_20250321.htm,第４号議案,監査役１名選任の件,和智洋子,可決,99.96
41510,41510_20250321.htm,第５号議案,"取締役の報酬額改定の件
取締役の金銭報酬枠を年額10億円以内（うち社外取締役分は１億５千万円以内。）とする。",,可決,99.83
51840,51840_20250328.htm,第1号議案,"剰余金の処分の件
　　　　　 期末配当に関する事項
　　　　　 　当社普通株式1株につき金101円（普通配当96円、記念配当5円）",,可决,99.57
51840,51840_20250328.htm,第2号議案,取締役8名選任の件,前田龍一,可决,96.88
51840,51840_20250328.htm,第2号議案,取締役8名選任の件,曽我浩之,可决,97.02
51840,51840_20250328.htm,第2号議案,取締役8名選任の件,難波宏成,可决,99.6
51840,51840_20250328.htm,第2号議案,取締役8名選任の件,菊元秀樹,可决,99.6
51840,51840_20250328.htm,第2号議案,取締役8名選任の件,遠藤真一郎,可决,99.6
51840,51840_20250328.htm,第2号議案,取締役8名選任の件,矢野　進,可决,99.39
51840,51840_20250328.htm,第2号議案,取締役8名選任の件,鈴木一史,可决,88.08
51840,51840_20250328.htm,第2号議案,取締役8名選任の件,木村美樹,可决,98.38
51840,51840_20250328.htm,第3号議案,監査役1名選任の件,髙畑新一,可决,92.93
51840,51840_20250328.htm,第4号議案,"取締役（社外取締役を除く）に対する譲渡制限付株式報酬額改定の件
　　　　　 取締役（社外取締役を除く）に対する譲渡制限付株式割当のための金銭報酬債権額を年額1億円以内とする。",,可决,99.19
39480,39480_20250401.htm,第１号議案,剰余金処分の件,null,可決,97.8
39480,39480_20250401.htm,第２号議案,取締役６名選任の件,松本　康宏,可決,97.4
39480,39480_20250401.htm,第２号議案,取締役６名選任の件,大宮　健,可決,97.5
39480,39480_20250401.htm,第２号議案,取締役６名選任の件,渡邊　宏志,可決,97.6
39480,39480_20250401.htm,第２号議案,取締役６名選任の件,岡野　寛,可決,97.5
39480,39480_20250401.htm,第２号議案,取締役６名選任の件,横山　友之,可決,97.5
39480,39480_20250401.htm,第２号議案,取締役６名選任の件,小河　満美子,可決,93.2
39480,39480_20250401.htm,第３号議案,監査役１名選任の件,宮下　晃,可決,97.6
97310,97310_20250328.htm,第１号議案　剰余金の処分の件,"イ　株主に対する剰余金の配当に関する事項及びその総額
当社普通株式１株につき金35円（普通配当35円）　総額136,372,495円 
ロ　効力発生日
2025年３月27日",,可決,99.76
97310,97310_20250328.htm,第２号議案　取締役７名選任の件,取締役として、五十嵐瑛一、小林正明、伊藤真次、荻野仁、土井全一、井口泰広及び高橋千恵子を選任する。,五十嵐瑛一,可決,97.71
97310,97310_20250328.htm,第２号議案　取締役７名選任の件,取締役として、五十嵐瑛一、小林正明、伊藤真次、荻野仁、土井全一、井口泰広及び高橋千恵子を選任する。,小林正明,可決,99.3
97310,97310_20250328.htm,第２号議案　取締役７名選任の件,取締役として、五十嵐瑛一、小林正明、伊藤真次、荻野仁、土井全一、井口泰広及び高橋千恵子を選任する。,伊藤真次,可決,99.58
97310,97310_20250328.htm,第２号議案　取締役７名選任の件,取締役として、五十嵐瑛一、小林正明、伊藤真次、荻野仁、土井全一、井口泰広及び高橋千恵子を選任する。,荻野仁,可決,99.48
97310,97310_20250328.htm,第２号議案　取締役７名選任の件,取締役として、五十嵐瑛一、小林正明、伊藤真次、荻野仁、土井全一、井口泰広及び高橋千恵子を選任する。,土井全一,可決,99.28
97310,97310_20250328.htm,第２号議案　取締役７名選任の件,取締役として、五十嵐瑛一、小林正明、伊藤真次、荻野仁、土井全一、井口泰広及び高橋千恵子を選任する。,井口泰広,可決,99.35
97310,97310_20250328.htm,第２号議案　取締役７名選任の件,取締役として、五十嵐瑛一、小林正明、伊藤真次、荻野仁、土井全一、井口泰広及び高橋千恵子を選任する。,高橋千恵子,可決,99.42
35470,35470_20250228.htm,第１号議案,剰余金処分の件,null,可決,99.04
35470,35470_20250228.htm,第２号議案,取締役1名選任の件,織田辰矢,可決,95.37
35470,35470_20250228.htm,第３号議案,退任取締役に対し退職慰労金贈呈の件,田中洋江,可決,88.13
91630,91630_20250131.htm,第１号議案,取締役（監査等委員である取締役を除く。）３名選任の件,小林良,可決,96.96
91630,91630_20250131.htm,第１号議案,取締役（監査等委員である取締役を除く。）３名選任の件,柴田直樹,可決,98.15
91630,91630_20250131.htm,第１号議案,取締役（監査等委員である取締役を除く。）３名選任の件,後藤洋平,可決,98.09
91630,91630_20250131.htm,第２号議案,監査等委員である取締役１名選任の件,爲近幸恵,可決,98.12
91630,91630_20250131.htm,第３号議案,監査等委員である取締役の報酬額改定の件,null,可決,97.93
95580,95580_20250225.htm,第１号議案,剰余金処分の件,null,可決,99.72
95580,95580_20250225.htm,第２号議案,取締役６名選任の件,西川三郎,可決,99.67
95580,95580_20250225.htm,第２号議案,取締役６名選任の件,松島亮太,可決,99.68
95580,95580_20250225.htm,第２号議案,取締役６名選任の件,西川明宏,可決,99.68
95580,95580_20250225.htm,第２号議案,取締役６名選任の件,村上信一,可決,99.68
95580,95580_20250225.htm,第２号議案,取締役６名選任の件,大澤英俊,可決,99.6
95580,95580_20250225.htm,第２号議案,取締役６名選任の件,各務道子,可決,99.65
95580,95580_20250225.htm,第３号議案,補欠監査役１名選任の件,藤生孝一,可決,99.76
39470,39470_20250327.htm,取締役（監査等委員である取締役を除く。）７名選任の件,取締役（監査等委員である取締役を除く。）として、齊藤光次を選任する。,齊藤光次,可决,99.62
39470,39470_20250327.htm,取締役（監査等委員である取締役を除く。）７名選任の件,取締役（監査等委員である取締役を除く。）として、篠岡尚久を選任する。,篠岡尚久,可决,99.77
39470,39470_20250327.htm,取締役（監査等委員である取締役を除く。）７名選任の件,取締役（監査等委員である取締役を除く。）として、原茂を選任する。,原茂,可决,99.77
39470,39470_20250327.htm,取締役（監査等委員である取締役を除く。）７名選任の件,取締役（監査等委員である取締役を除く。）として、青木大篤を選任する。,青木大篤,可决,99.77
39470,39470_20250327.htm,取締役（監査等委員である取締役を除く。）７名選任の件,取締役（監査等委員である取締役を除く。）として、深井靖博を選任する。,深井靖博,可决,99.76
39470,39470_20250327.htm,取締役（監査等委員である取締役を除く。）７名選任の件,取締役（監査等委員である取締役を除く。）として、廣野郁子を選任する。,廣野郁子,可决,99.76
39470,39470_20250327.htm,取締役（監査等委員である取締役を除く。）７名選任の件,取締役（監査等委員である取締役を除く。）として、杉山&#64089;和を選任する。,杉山&#64089;和,可决,99.76
39500,39500_20250327.htm,第１号議案　剰余金処分の件,"１株につき金66円　総額1,239,587,976円、2025年３月27日",null,可決,77.78
39500,39500_20250327.htm,第２号議案　取締役８名選任の件,取締役として、瀧之上輝生、仲村直樹、芦田則男、下村郁夫、西尾宇一郎、笠原かほる、渡辺龍一及び堂本玲二の各氏を選任,瀧之上　輝生,可決,77.49
39500,39500_20250327.htm,第２号議案　取締役８名選任の件,取締役として、瀧之上輝生、仲村直樹、芦田則男、下村郁夫、西尾宇一郎、笠原かほる、渡辺龍一及び堂本玲二の各氏を選任,仲村　直樹,可決,75.58
39500,39500_20250327.htm,第２号議案　取締役８名選任の件,取締役として、瀧之上輝生、仲村直樹、芦田則男、下村郁夫、西尾宇一郎、笠原かほる、渡辺龍一及び堂本玲二の各氏を選任,芦田　則男,可決,77.67
39500,39500_20250327.htm,第２号議案　取締役８名選任の件,取締役として、瀧之上輝生、仲村直樹、芦田則男、下村郁夫、西尾宇一郎、笠原かほる、渡辺龍一及び堂本玲二の各氏を選任,下村　郁夫,可決,77.67
39500,39500_20250327.htm,第２号議案　取締役８名選任の件,取締役として、瀧之上輝生、仲村直樹、芦田則男、下村郁夫、西尾宇一郎、笠原かほる、渡辺龍一及び堂本玲二の各氏を選任,西尾　宇一郎,可決,77.63
39500,39500_20250327.htm,第２号議案　取締役８名選任の件,取締役として、瀧之上輝生、仲村直樹、芦田則男、下村郁夫、西尾宇一郎、笠原かほる、渡辺龍一及び堂本玲二の各氏を選任,笠原　かほる,可決,77.66
39500,39500_20250327.htm,第２号議案　取締役８名選任の件,取締役として、瀧之上輝生、仲村直樹、芦田則男、下村郁夫、西尾宇一郎、笠原かほる、渡辺龍一及び堂本玲二の各氏を選任,渡辺　龍一,可決,77.64
39500,39500_20250327.htm,第２号議案　取締役８名選任の件,取締役として、瀧之上輝生、仲村直樹、芦田則男、下村郁夫、西尾宇一郎、笠原かほる、渡辺龍一及び堂本玲二の各氏を選任,堂本　玲二,可決,76.81
39500,39500_20250327.htm,第３号議案　監査役１名選任の件,監査役として、伊藤晴康氏を選任,伊藤　晴康,可決,74.8
59570,59570_20250401.htm,第１号議案,"剰余金の処分の件。１．期末配当に関する事項（1）配当財産の種類：金銭（2）株主に対する配当財産の割当に関する事項およびその総額：当社普通株式１株につき金10円　総額　368,523,990円（3）剰余金の配当が効力を生じる日：2025年３月28日。２．その他の剰余金の処分に関する事項（1）増加する剰余金の項目およびその額：別途積立金　1,000,000,000円（2）減少する剰余金の項目およびその額：繰越利益剰余金　1,000,000,000円",,可決,99.79
59570,59570_20250401.htm,第２号議案,取締役９名選任の件,材木正己,可決,94.95
59570,59570_20250401.htm,第２号議案,取締役９名選任の件,荒賀誠,可決,95.26
59570,59570_20250401.htm,第２号議案,取締役９名選任の件,松本真一,可決,95.23
59570,59570_20250401.htm,第２号議案,取締役９名選任の件,浅井基樹,可決,95.3
59570,59570_20250401.htm,第２号議案,取締役９名選任の件,石丸元国,可決,99.69
59570,59570_20250401.htm,第２号議案,取締役９名選任の件,小雲康弘,可決,99.7
59570,59570_20250401.htm,第２号議案,取締役９名選任の件,塩見満,可決,95.31
59570,59570_20250401.htm,第２号議案,取締役９名選任の件,平尾一之,可決,95.36
59570,59570_20250401.htm,第２号議案,取締役９名選任の件,勝見九重,可決,95.39
59570,59570_20250401.htm,第３号議案,補欠監査役１名選任の件,四方浩人,可決,99.93
61770,61770_20250331.htm,第１号議案,定款一部変更の件,,可決,97.02
61770,61770_20250331.htm,第２号議案,取締役（監査等委員である取締役を除く。）３名選任の件,白石　充三,可決,97.83
61770,61770_20250331.htm,第２号議案,取締役（監査等委員である取締役を除く。）３名選任の件,萩原　一禎,可決,97.97
61770,61770_20250331.htm,第２号議案,取締役（監査等委員である取締役を除く。）３名選任の件,中村　智広,可決,97.96
61770,61770_20250331.htm,第３号議案,監査等委員である取締役３名選任の件,三好　正洋,可決,97.88
61770,61770_20250331.htm,第３号議案,監査等委員である取締役３名選任の件,岡崎　太輔,可決,97.99
61770,61770_20250331.htm,第３号議案,監査等委員である取締役３名選任の件,井尾　仁志,可決,97.89
46730,46730_20250228.htm,第１号議案,剰余金処分の件,,可決,97.91
46730,46730_20250228.htm,第２号議案,定款一部変更の件,,可決,98.32
46730,46730_20250228.htm,第３号議案,取締役（監査等委員である取締役を除く）７名選任の件,栃本泰浩,可決,97.95
46730,46730_20250228.htm,第３号議案,取締役（監査等委員である取締役を除く）７名選任の件,太田史朗,可決,97.95
46730,46730_20250228.htm,第３号議案,取締役（監査等委員である取締役を除く）７名選任の件,濱田泰治,可決,97.95
46730,46730_20250228.htm,第３号議案,取締役（監査等委員である取締役を除く）７名選任の件,沼宮内信,可決,97.95
46730,46730_20250228.htm,第３号議案,取締役（監査等委員である取締役を除く）７名選任の件,若狭　聡,可決,97.95
46730,46730_20250228.htm,第３号議案,取締役（監査等委員である取締役を除く）７名選任の件,風間基樹,可決,97.95
46730,46730_20250228.htm,第３号議案,取締役（監査等委員である取締役を除く）７名選任の件,若林眞妃,可決,97.95
46730,46730_20250228.htm,第４号議案,補欠の監査等委員である取締役１名選任の件,工藤秀男,可決,98.14
48480,48480_20250331.htm,取締役（監査等委員である取締役を除く）５名選任の件,平野岳史、坂巻一樹、石川敬啓、貝塚志朗、大木優紀の５名を選任する,平野岳史,可決,98.17
48480,48480_20250331.htm,取締役（監査等委員である取締役を除く）５名選任の件,平野岳史、坂巻一樹、石川敬啓、貝塚志朗、大木優紀の５名を選任する,坂巻一樹,可決,98.21
48480,48480_20250331.htm,取締役（監査等委員である取締役を除く）５名選任の件,平野岳史、坂巻一樹、石川敬啓、貝塚志朗、大木優紀の５名を選任する,石川敬啓,可決,98.58
48480,48480_20250331.htm,取締役（監査等委員である取締役を除く）５名選任の件,平野岳史、坂巻一樹、石川敬啓、貝塚志朗、大木優紀の５名を選任する,貝塚志朗,可決,98.58
48480,48480_20250331.htm,取締役（監査等委員である取締役を除く）５名選任の件,平野岳史、坂巻一樹、石川敬啓、貝塚志朗、大木優紀の５名を選任する,大木優紀,可決,99.83
48920,48920_20250326.htm,第１号議案　会計監査人選任の件,東邦監査法人は本総会終結の時をもって任期満了となりますので、新たに太陽有限責任監査法人の選任をお願いいたしたいと存じます。,太陽有限責任監査法人,可決,98.09
66630,66630_20250319.htm,第１号議案　剰余金処分の件,"当社普通株式１株につき金３円、総額17,958,519円の剰余金の配当",null,可決,98.92
66630,66630_20250319.htm,第２号議案　監査役１名選任の件,監査役として、中礒亜由美を選任,中礒亜由美,可決,98.74
43870,43870_20250226.htm,議案,本店の所在地を東京都目黒区から東京都港区に変更する。,,可決,99.63
41890,41890_20250328.htm,第１号議案,"剰余金処分の件
期末配当に関する事項
①　配当財産の種類
金　銭
②　配当財産の割当てに関する事項及びその総額
当社普通株式１株につき　　　　　　　　　45円
総　　額　　　　　　　　　　 1,671,702,120円
③　剰余金の配当が効力を生じる日
2025年３月26日",null,可決,99.9
41890,41890_20250328.htm,第２号議案,取締役（監査等委員である取締役を除く）６名選任の件,髙橋　理夫,可決,96.56
41890,41890_20250328.htm,第２号議案,取締役（監査等委員である取締役を除く）６名選任の件,濵本　真矢,可決,96.57
41890,41890_20250328.htm,第２号議案,取締役（監査等委員である取締役を除く）６名選任の件,藤間　敏明,可決,99.66
41890,41890_20250328.htm,第２号議案,取締役（監査等委員である取締役を除く）６名選任の件,宮入　小夜子,可決,96.56
41890,41890_20250328.htm,第２号議案,取締役（監査等委員である取締役を除く）６名選任の件,土屋　淳,可決,96.64
41890,41890_20250328.htm,第２号議案,取締役（監査等委員である取締役を除く）６名選任の件,菊池　祐司,可決,96.7
27520,27520_20250328.htm,第１号議案　資本準備金及び利益準備金の額の減少の件,資本準備金及び利益準備金を減少し、その他資本剰余金及び繰越利益剰余金に振り替える,,可決,98.31
27520,27520_20250328.htm,第２号議案　剰余金の処分の件,"その他資本剰余金の一部及び別途積立金の全額を繰越利益剰余金に振り替え、欠損を補填するとともに、その他資本剰余金のうち102,483,694円を使用して期末配当を実施",,可決,98.28
66120,66120_20250328.htm,第１号議案　資本金の額の減少の件,資本政策の柔軟性及び機動性を確保すること、並びに適切な税制の適用を通じて財務の健全性を維持することを目的とし、会社法第447条第１項の規定に基づき資本金の額を減少し、その他資本剰余金へ振り替えるものです。,null,可決,99.2
66120,66120_20250328.htm,第２号議案　取締役（監査等委員である取締役を除く。）３名選任の件,取締役（監査等委員である取締役を除く。）として、寺尾 玄、佐藤 雅史、片山 礼子の３氏を選任するものです。,寺尾 玄,可決,99.13
66120,66120_20250328.htm,第２号議案　取締役（監査等委員である取締役を除く。）３名選任の件,取締役（監査等委員である取締役を除く。）として、寺尾 玄、佐藤 雅史、片山 礼子の３氏を選任するものです。,佐藤 雅史,可決,99.11
66120,66120_20250328.htm,第２号議案　取締役（監査等委員である取締役を除く。）３名選任の件,取締役（監査等委員である取締役を除く。）として、寺尾 玄、佐藤 雅史、片山 礼子の３氏を選任するものです。,片山 礼子,可決,99.05
39940,39940_20250227.htm,第1号議案,現行定款第2条（目的）につきまして、当社事業の現状に即し、今後の事業内容の多様化に対応するため、事業目的の追加等所要の変更を行う,null,可決,99.97
39940,39940_20250227.htm,第2号議案,取締役として辻庸介、金坂直哉、中出匠哉、竹田正信、石原千亜希、田中正明、倉林陽、安武弘晃、宮澤弦、Ryu Kawano Suliawan及び菊間千乃を選任する,辻庸介,可決,77.14
39940,39940_20250227.htm,第2号議案,取締役として辻庸介、金坂直哉、中出匠哉、竹田正信、石原千亜希、田中正明、倉林陽、安武弘晃、宮澤弦、Ryu Kawano Suliawan及び菊間千乃を選任する,金坂直哉,可決,98.04
39940,39940_20250227.htm,第2号議案,取締役として辻庸介、金坂直哉、中出匠哉、竹田正信、石原千亜希、田中正明、倉林陽、安武弘晃、宮澤弦、Ryu Kawano Suliawan及び菊間千乃を選任する,中出匠哉,可決,98.06
39940,39940_20250227.htm,第2号議案,取締役として辻庸介、金坂直哉、中出匠哉、竹田正信、石原千亜希、田中正明、倉林陽、安武弘晃、宮澤弦、Ryu Kawano Suliawan及び菊間千乃を選任する,竹田正信,可決,98.06
39940,39940_20250227.htm,第2号議案,取締役として辻庸介、金坂直哉、中出匠哉、竹田正信、石原千亜希、田中正明、倉林陽、安武弘晃、宮澤弦、Ryu Kawano Suliawan及び菊間千乃を選任する,石原千亜希,可決,99.1
39940,39940_20250227.htm,第2号議案,取締役として辻庸介、金坂直哉、中出匠哉、竹田正信、石原千亜希、田中正明、倉林陽、安武弘晃、宮澤弦、Ryu Kawano Suliawan及び菊間千乃を選任する,田中正明,可決,85.28
39940,39940_20250227.htm,第2号議案,取締役として辻庸介、金坂直哉、中出匠哉、竹田正信、石原千亜希、田中正明、倉林陽、安武弘晃、宮澤弦、Ryu Kawano Suliawan及び菊間千乃を選任する,倉林陽,可決,89.23
39940,39940_20250227.htm,第2号議案,取締役として辻庸介、金坂直哉、中出匠哉、竹田正信、石原千亜希、田中正明、倉林陽、安武弘晃、宮澤弦、Ryu Kawano Suliawan及び菊間千乃を選任する,安武弘晃,可決,89.33
39940,39940_20250227.htm,第2号議案,取締役として辻庸介、金坂直哉、中出匠哉、竹田正信、石原千亜希、田中正明、倉林陽、安武弘晃、宮澤弦、Ryu Kawano Suliawan及び菊間千乃を選任する,宮澤弦,可決,89.28
39940,39940_20250227.htm,第2号議案,取締役として辻庸介、金坂直哉、中出匠哉、竹田正信、石原千亜希、田中正明、倉林陽、安武弘晃、宮澤弦、Ryu Kawano Suliawan及び菊間千乃を選任する,Ryu Kawano Suliawan,可決,85.49
39940,39940_20250227.htm,第2号議案,取締役として辻庸介、金坂直哉、中出匠哉、竹田正信、石原千亜希、田中正明、倉林陽、安武弘晃、宮澤弦、Ryu Kawano Suliawan及び菊間千乃を選任する,菊間千乃,可決,89.25
39940,39940_20250227.htm,第3号議案,"株式報酬型ストックオプションを割り当てることとし、その報酬額の総額を年額2億円以内とすること、各事業年度において当社の取締役に割り当てる新株予約権の数の上限を1,480個とすること",null,可決,94.31
22680,22680_20250321.htm,第１号議案,剰余金の処分の件,null,可決,99.35
22680,22680_20250321.htm,第２号議案,取締役９名選任の件,ジョン・キム,可決,98.71
22680,22680_20250321.htm,第２号議案,取締役９名選任の件,安齊　正明,可決,99.26
22680,22680_20250321.htm,第２号議案,取締役９名選任の件,白井　康平,可決,99.27
22680,22680_20250321.htm,第２号議案,取締役９名選任の件,パウロ A.P. ニコラス,可決,98.74
22680,22680_20250321.htm,第２号議案,取締役９名選任の件,ピーター・ジャンセン,可決,98.74
22680,22680_20250321.htm,第２号議案,取締役９名選任の件,河村　宣行,可決,98.69
22680,22680_20250321.htm,第２号議案,取締役９名選任の件,瓜生　徹,可決,98.74
22680,22680_20250321.htm,第２号議案,取締役９名選任の件,セオドール・ガイルド,可決,99.24
22680,22680_20250321.htm,第２号議案,取締役９名選任の件,阿部　絵美麻,可決,99.27
22680,22680_20250321.htm,第３号議案,役員賞与支給の件,null,可決,98.98
23110,23110_20250325.htm,第１号議案,剰余金処分の件,null,可決,99.4
23110,23110_20250325.htm,第２号議案,取締役（監査等委員である取締役を除く。）２名選任の件,岩崎　辰之,可決,99.0
23110,23110_20250325.htm,第２号議案,取締役（監査等委員である取締役を除く。）２名選任の件,吉原　信一郎,可決,99.0
23110,23110_20250325.htm,第３号議案,監査等委員である取締役１名選任の件,一木　裕佳,可決,99.1
79560,79560_20250328.htm,第１号議案,剰余金処分の件,null,可決,96.56
79560,79560_20250328.htm,第２号議案,取締役８名選任の件,板倉正,可決,92.6
79560,79560_20250328.htm,第２号議案,取締役８名選任の件,Kevin Vyse-Peacock,可決,92.59
79560,79560_20250328.htm,第２号議案,取締役８名選任の件,矢野亮,可決,96.81
79560,79560_20250328.htm,第２号議案,取締役８名選任の件,鳩山玲人,可決,92.79
79560,79560_20250328.htm,第２号議案,取締役８名選任の件,林千晶,可決,92.79
79560,79560_20250328.htm,第２号議案,取締役８名選任の件,山口絵理子,可決,92.83
79560,79560_20250328.htm,第２号議案,取締役８名選任の件,三和裕美子,可決,92.81
79560,79560_20250328.htm,第２号議案,取締役８名選任の件,永岡英則,可決,96.12
79560,79560_20250328.htm,第３号議案,監査役１名選任の件,田島和幸,可決,92.49
40720,40720_20250326.htm,第１号議案,剰余金処分の件,,可決,94.79
40720,40720_20250326.htm,第２号議案,取締役（監査等委員である取締役を除く。）６名選任の件,小林　領司,可決,92.78
40720,40720_20250326.htm,第２号議案,取締役（監査等委員である取締役を除く。）６名選任の件,高橋　譲太,可決,94.24
40720,40720_20250326.htm,第２号議案,取締役（監査等委員である取締役を除く。）６名選任の件,八島　健太郎,可決,94.27
40720,40720_20250326.htm,第２号議案,取締役（監査等委員である取締役を除く。）６名選任の件,宇佐美　隆,可決,94.16
40720,40720_20250326.htm,第２号議案,取締役（監査等委員である取締役を除く。）６名選任の件,鈴木　正伸,可決,94.26
40720,40720_20250326.htm,第２号議案,取締役（監査等委員である取締役を除く。）６名選任の件,中田　恵子,可決,94.24
40720,40720_20250326.htm,第３号議案,監査等委員である取締役３名選任の件,澤藤　憲彦,可決,93.75
40720,40720_20250326.htm,第３号議案,監査等委員である取締役３名選任の件,富坂　博,可決,90.98
40720,40720_20250326.htm,第３号議案,監査等委員である取締役３名選任の件,野田　勇司,可決,91.0
40720,40720_20250326.htm,第４号議案,補欠の監査等委員である取締役１名選任の件,小豆川　裕子,可決,94.38
39070,39070_20250227.htm,第１号議案,定款一部変更の件。2024年12月１日付で完全子会社であるイグニス・イメージワークス株式会社の吸収合併に伴い、当社の今後の事業活動の領域を拡大するため、現行定款第２条（目的）に新事業を追加する,,可決,96.15
39070,39070_20250227.htm,第２号議案,取締役１名選任の件,大門あゆみ,可決,94.67
79440,79440_20250327.htm,第1号議案,"剰余金の処分の件。当社普通株式１株につき金85円。配当総額2,366,131,400円。効力発生日2025年3月27日",,可決,99.03
79440,79440_20250327.htm,第2号議案,取締役7名選任の件,蓑輪雅弘,可決,97.67
79440,79440_20250327.htm,第2号議案,取締役7名選任の件,鈴木康伸,可決,97.79
79440,79440_20250327.htm,第2号議案,取締役7名選任の件,生沼寿彦,可決,97.39
79440,79440_20250327.htm,第2号議案,取締役7名選任の件,ブライアン・K・ヘイウッド,可決,85.68
79440,79440_20250327.htm,第2号議案,取締役7名選任の件,片山幹雄,可決,98.27
79440,79440_20250327.htm,第2号議案,取締役7名選任の件,山本宏,可決,98.38
79440,79440_20250327.htm,第2号議案,取締役7名選任の件,武井涼子,可決,98.98
52400,52400_20250331.htm,第１号議案,資本金及び資本準備金の額の減少並びにその他資本剰余金の処分の件,,可決,98.81
52400,52400_20250331.htm,第２号議案,取締役５名選任の件,本城　嘉太郎,可決,98.55
52400,52400_20250331.htm,第２号議案,取締役５名選任の件,山下　真輝,可決,98.58
52400,52400_20250331.htm,第２号議案,取締役５名選任の件,谷間　真,可決,98.61
52400,52400_20250331.htm,第２号議案,取締役５名選任の件,植田　修平,可決,98.61
52400,52400_20250331.htm,第２号議案,取締役５名選任の件,辰己　光平,可決,98.63
nan_2,nan_20250131.htm,第１号議案　剰余金の処分の件,"①　配当財産の割当に関する事項及びその総額: 当社普通株式１株につき金２円50銭、配当総額5,510,000円 ②　剰余金の配当が効力を生じる日: 2025年１月31日",,可決,100.0
nan_2,nan_20250131.htm,第２号議案　定款一部変更の件,①　当社の商号の英文表示における「ltd」を「Ltd」に改めるものであります。 ②　事業領域の拡大に伴い当社の目的事項を追加するため、定款第２条を変更するものであります。,,可決,100.0
nan_2,nan_20250131.htm,第３号議案　取締役５名選任の件,取締役として、佐川達也、三浦隆夫、都留顕二、加藤祐蔵及び上出勝を選任するものであります。,佐川達也,可決,100.0
nan_2,nan_20250131.htm,第３号議案　取締役５名選任の件,取締役として、佐川達也、三浦隆夫、都留顕二、加藤祐蔵及び上出勝を選任するものであります。,三浦隆夫,可決,100.0
nan_2,nan_20250131.htm,第３号議案　取締役５名選任の件,取締役として、佐川達也、三浦隆夫、都留顕二、加藤祐蔵及び上出勝を選任するものであります。,都留顕二,可決,100.0
nan_2,nan_20250131.htm,第３号議案　取締役５名選任の件,取締役として、佐川達也、三浦隆夫、都留顕二、加藤祐蔵及び上出勝を選任するものであります。,加藤祐蔵,可決,100.0
nan_2,nan_20250131.htm,第３号議案　取締役５名選任の件,取締役として、佐川達也、三浦隆夫、都留顕二、加藤祐蔵及び上出勝を選任するものであります。,上出勝,可決,100.0
nan_2,nan_20250131.htm,第４号議案　監査役１名選任の件,監査役として、高畠達也を選任するものであります。,高畠達也,可決,100.0
52570,52570_20250331.htm,取締役（社外取締役を除く。）に対する譲渡制限付株式の割当てのための報酬支給の件,"対象取締役に対して譲渡制限付株式報酬制度を導入し、対象取締役に対して支給する金銭報酬債権の総額は年額30百万円以内、発行又は処分する普通株式の総数は年12,000株以内とする",,可決,99.37
67480,67480_20250401.htm,第１号議案,取締役（監査等委員である取締役を除く。）８名選任の件,増山晃章,可決,97.76
67480,67480_20250401.htm,第１号議案,取締役（監査等委員である取締役を除く。）８名選任の件,乾勝典,可決,99.25
67480,67480_20250401.htm,第１号議案,取締役（監査等委員である取締役を除く。）８名選任の件,春山雅彦,可決,99.34
67480,67480_20250401.htm,第１号議案,取締役（監査等委員である取締役を除く。）８名選任の件,寺垣敬司,可決,99.28
67480,67480_20250401.htm,第１号議案,取締役（監査等委員である取締役を除く。）８名選任の件,竹之内 光彦,可決,99.37
67480,67480_20250401.htm,第１号議案,取締役（監査等委員である取締役を除く。）８名選任の件,小林浩幸,可決,99.34
67480,67480_20250401.htm,第１号議案,取締役（監査等委員である取締役を除く。）８名選任の件,河合隆,可決,99.37
67480,67480_20250401.htm,第１号議案,取締役（監査等委員である取締役を除く。）８名選任の件,水本和治,可決,99.34
67480,67480_20250401.htm,第２号議案,監査等委員である取締役３名選任の件,宮下雅良,可決,99.32
67480,67480_20250401.htm,第２号議案,監査等委員である取締役３名選任の件,益満清輝,可決,97.63
67480,67480_20250401.htm,第２号議案,監査等委員である取締役３名選任の件,千代田 邦夫,可決,99.32
30030,30030_20250331.htm,議案,"剰余金処分の件
期末配当に関する事項
①　配当財産の種類
金銭
②　配当財産の割当てに関する事項及びその総額
当社普通株式１株につき金28.0円
配当総額21,466,446,680円
③　剰余金の配当が効力を生じる日
2025年３月27日",,可決,99.82
98300,98300_20250331.htm,第１号議案,取締役７名選任の件,中山哲也、中井一雄、数見篤、中山達也、齋藤顕一、萩原邦章、大田梨沙,可決,79.55
98300,98300_20250331.htm,第１号議案,取締役７名選任の件,中井一雄,可決,96.58
98300,98300_20250331.htm,第１号議案,取締役７名選任の件,数見篤,可決,96.55
98300,98300_20250331.htm,第１号議案,取締役７名選任の件,中山達也,可決,98.13
98300,98300_20250331.htm,第１号議案,取締役７名選任の件,齋藤顕一,可決,96.68
98300,98300_20250331.htm,第１号議案,取締役７名選任の件,萩原邦章,可決,85.29
98300,98300_20250331.htm,第１号議案,取締役７名選任の件,大田梨沙,可決,99.81
98300,98300_20250331.htm,第２号議案,補欠監査役１名選任の件,野村公平,可決,76.12
38040,38040_20250131.htm,第１号議案,"剰余金処分の件
①配当財産の種類
金銭
②配当財産の割当てに関する事項およびその総額
当社普通株式１株につき金24円
配当総額153,812,904円
③剰余金の配当が効力を生じる日
2025年１月31日",,可決,99.48
38040,38040_20250131.htm,第2号議案,補欠監査役１名選任の件,楯岡美佐子,可決,98.28
79460,79460_20250306.htm,議案,特定の株主からの自己株式取得の件,,可決,99.71
64110,64110_20250327.htm,剰余金処分の件,"期末配当に関する事項
①　配当財産の種類
金銭といたします。
②　配当財産の割当てに関する事項及びその総額
当社普通株式１株につき金216円といたします。
なお、この場合の配当総額は1,094,574,384円となります。
③　剰余金の配当が効力を生じる日
2025年３月27日といたします。",,可決,97.6
39980,39980_20250328.htm,第１号議案,定款一部変更の件,null,可決,95.13
39980,39980_20250328.htm,第２号議案,取締役（監査等委員である取締役を除く。）２名選任の件,湯野川　孝彦,可決,85.66
39980,39980_20250328.htm,第２号議案,取締役（監査等委員である取締役を除く。）２名選任の件,柿内　美樹,可決,87.92
39980,39980_20250328.htm,第３号議案,監査等委員である取締役３名選任の件,小林　洋光,可決,88.22
39980,39980_20250328.htm,第３号議案,監査等委員である取締役３名選任の件,藤本　知哉,可決,88.2
39980,39980_20250328.htm,第３号議案,監査等委員である取締役３名選任の件,加藤　慶,可決,88.21
68380,68380_20250204.htm,第１号議案,資本金準備金の額減少の件,null,可決,98.99
68380,68380_20250204.htm,第２号議案,定款一部変更の件,null,可決,98.82
68380,68380_20250204.htm,第３号議案,取締役９名選任の件,桝沢　徹,可決,98.96
68380,68380_20250204.htm,第３号議案,取締役９名選任の件,小林　正憲,可決,98.86
68380,68380_20250204.htm,第３号議案,取締役９名選任の件,増山　慶太,可決,98.93
68380,68380_20250204.htm,第３号議案,取締役９名選任の件,上林　典子,可決,98.9
68380,68380_20250204.htm,第３号議案,取締役９名選任の件,鈴木　淳一,可決,98.96
68380,68380_20250204.htm,第３号議案,取締役９名選任の件,日下　成人,可決,98.95
68380,68380_20250204.htm,第３号議案,取締役９名選任の件,宮地　司,可決,98.8
68380,68380_20250204.htm,第３号議案,取締役９名選任の件,木村　力,可決,98.94
68380,68380_20250204.htm,第３号議案,取締役９名選任の件,松宮　弘幸,可決,98.82
68380,68380_20250204.htm,第４号議案,補欠監査役１名選任の件,藤原　陽敏,可決,99.09
62680,62680_20250327.htm,第１号議案,剰余金処分の件,,可決,99.78
62680,62680_20250327.htm,第２号議案,取締役９名選任の件,木村　和正,可決,84.83
62680,62680_20250327.htm,第２号議案,取締役９名選任の件,高橋　誠司,可決,92.86
62680,62680_20250327.htm,第２号議案,取締役９名選任の件,安藤　清,可決,92.87
62680,62680_20250327.htm,第２号議案,取締役９名選任の件,碓井　浩,可決,92.86
62680,62680_20250327.htm,第２号議案,取締役９名選任の件,飯塚　まり,可決,92.38
62680,62680_20250327.htm,第２号議案,取締役９名選任の件,水越　尚子,可決,92.39
62680,62680_20250327.htm,第２号議案,取締役９名選任の件,日髙　直輝,可決,92.32
62680,62680_20250327.htm,第２号議案,取締役９名選任の件,髙畑　俊哉,可決,92.37
62680,62680_20250327.htm,第２号議案,取締役９名選任の件,白幡　清一郎,可決,96.32
55420,55420_20250328.htm,第１号議案,"剰余金の処分の件。１株につき金30円　総額100,904,730円。効力発生日：2025年３月28日",,可決,99.15
55420,55420_20250328.htm,第２号議案,取締役（監査等委員である取締役を除く）３名選任の件,成瀬正,可決,98.39
55420,55420_20250328.htm,第２号議案,取締役（監査等委員である取締役を除く）３名選任の件,鎌田貴幸,可決,98.5
55420,55420_20250328.htm,第２号議案,取締役（監査等委員である取締役を除く）３名選任の件,横井裕二,可決,98.45
43920,43920_20250401.htm,第１号議案,剰余金の処分の件,null,可決,97.7
43920,43920_20250401.htm,第２号議案,取締役（監査等委員である取締役を除く。）４名選任の件,村井　雄司,可決,94.75
43920,43920_20250401.htm,第２号議案,取締役（監査等委員である取締役を除く。）４名選任の件,岐部　和久,可決,94.86
43920,43920_20250401.htm,第２号議案,取締役（監査等委員である取締役を除く。）４名選任の件,阿知波　孝典,可決,95.28
43920,43920_20250401.htm,第２号議案,取締役（監査等委員である取締役を除く。）４名選任の件,奥山　由実子,可決,95.06
43920,43920_20250401.htm,第３号議案,監査等委員である取締役１名選任の件,木下　佳明,可決,95.4
45720,45720_20250328.htm,第１号議案,取締役（監査等委員である取締役を除く。）5名選任の件。取締役（監査等委員である取締役を除く。）として、吉野公一郎、澤匡明、山本詠美、有村昭典、及び鈴木香の5名を選任する。,吉野公一郎、澤匡明、山本詠美、有村昭典、鈴木香,可決,77.68
45720,45720_20250328.htm,第１号議案,取締役（監査等委員である取締役を除く。）5名選任の件。取締役（監査等委員である取締役を除く。）として、吉野公一郎、澤匡明、山本詠美、有村昭典、及び鈴木香の5名を選任する。,吉野公一郎,可決,87.19
45720,45720_20250328.htm,第１号議案,取締役（監査等委員である取締役を除く。）5名選任の件。取締役（監査等委員である取締役を除く。）として、吉野公一郎、澤匡明、山本詠美、有村昭典、及び鈴木香の5名を選任する。,澤匡明,可決,74.16
45720,45720_20250328.htm,第１号議案,取締役（監査等委員である取締役を除く。）5名選任の件。取締役（監査等委員である取締役を除く。）として、吉野公一郎、澤匡明、山本詠美、有村昭典、及び鈴木香の5名を選任する。,山本詠美,可決,86.07
45720,45720_20250328.htm,第１号議案,取締役（監査等委員である取締役を除く。）5名選任の件。取締役（監査等委員である取締役を除く。）として、吉野公一郎、澤匡明、山本詠美、有村昭典、及び鈴木香の5名を選任する。,有村昭典,可決,87.59
45720,45720_20250328.htm,第２号議案,資本金及び資本準備金の額の減少並びに剰余金の処分の件,null,可決,88.73
45720,45720_20250328.htm,第３号議案,取締役（監査等委員及び社外取締役を除く。）の報酬減額の件,null,否決,34.16
45720,45720_20250328.htm,第４号議案,事後交付型業績連動型株式報酬制度の件,null,否決,33.8
45720,45720_20250328.htm,第５号議案,定款一部変更の件（取締役（代表取締役社長を除く。）の選任における年齢制限として、満70歳を超える者を新たに選任しないこと。）,null,否決,31.0
45720,45720_20250328.htm,第６号議案,定款一部変更の件（代表取締役社長の職にある者は、他社の「社外取締役」の職に就くことを禁止すること。）,null,否決,28.35
70380,70380_20250328.htm,議案,取締役（監査等委員である取締役を除く）３名選任の件,大西正一郎,可決,92.83
70380,70380_20250328.htm,議案,取締役（監査等委員である取締役を除く）３名選任の件,西田明徳,可決,96.71
70380,70380_20250328.htm,議案,取締役（監査等委員である取締役を除く）３名選任の件,西原政雄,可決,96.69
63090,63090_20250203.htm,第１号議案,剰余金の処分の件,null,可決,98.5
63090,63090_20250203.htm,第２号議案,取締役（監査等委員である取締役を除く。）５名選任の件,玉井　章友,可決,98.96
63090,63090_20250203.htm,第２号議案,取締役（監査等委員である取締役を除く。）５名選任の件,篠田　彰鎮,可決,98.99
63090,63090_20250203.htm,第２号議案,取締役（監査等委員である取締役を除く。）５名選任の件,東　　徹行,可決,99.28
63090,63090_20250203.htm,第２号議案,取締役（監査等委員である取締役を除く。）５名選任の件,藤井　　修,可決,99.02
63090,63090_20250203.htm,第２号議案,取締役（監査等委員である取締役を除く。）５名選任の件,橘田　一幸,可決,99.0
63090,63090_20250203.htm,第３号議案,監査等委員である取締役４名選任の件,矢倉　敏明,可決,99.18
63090,63090_20250203.htm,第３号議案,監査等委員である取締役４名選任の件,八尋　研治,可決,99.19
63090,63090_20250203.htm,第３号議案,監査等委員である取締役４名選任の件,杉原　　麗,可決,99.19
63090,63090_20250203.htm,第３号議案,監査等委員である取締役４名選任の件,越智多佳子,可決,99.25
63090,63090_20250203.htm,第４号議案,補欠の監査等委員である取締役１名選任の件,佐藤貴司,可決,99.22
63090,63090_20250203.htm,第５号議案,役員賞与の支給の件,null,可決,98.76
41970,41970_20250228.htm,第１号議案,剰余金の配当の件,,可決,99.36
41970,41970_20250228.htm,第２号議案,取締役（監査等委員である取締役を除く。）４名選任の件,町田　正一,可決,97.35
41970,41970_20250228.htm,第２号議案,取締役（監査等委員である取締役を除く。）４名選任の件,水城　良祐,可決,99.34
41970,41970_20250228.htm,第２号議案,取締役（監査等委員である取締役を除く。）４名選任の件,飯田　恭介,可決,99.14
41970,41970_20250228.htm,第２号議案,取締役（監査等委員である取締役を除く。）４名選任の件,木原　康博,可決,97.49
92450,92450_20250331.htm,第１号議案,定款一部変更の件,,可決,99.92
92450,92450_20250331.htm,第２号議案,取締役５名選任の件,鹿島　秀俊,可決,99.88
92450,92450_20250331.htm,第２号議案,取締役５名選任の件,中村　和彦,可決,99.87
92450,92450_20250331.htm,第２号議案,取締役５名選任の件,横川　尚佳,可決,99.88
92450,92450_20250331.htm,第２号議案,取締役５名選任の件,楠　武史,可決,99.88
92450,92450_20250331.htm,第２号議案,取締役５名選任の件,岡本　泰彦,可決,99.87
92450,92450_20250331.htm,第３号議案,監査役３名選任の件,岩垂　武登,可決,99.88
92450,92450_20250331.htm,第３号議案,監査役３名選任の件,土谷　環,可決,99.87
92450,92450_20250331.htm,第３号議案,監査役３名選任の件,山本　有未,可決,99.87
92450,92450_20250331.htm,第４号議案,補欠監査役１名選任の件,萩原伸朗,可決,99.88
31390,31390_20250227.htm,第１号議案,剰余金処分の件,null,可決,99.62
31390,31390_20250227.htm,第２号議案,取締役（監査等委員である取締役を除く。）６名選任の件,三浦　元久,可決,97.88
31390,31390_20250227.htm,第２号議案,取締役（監査等委員である取締役を除く。）６名選任の件,小島　新,可決,97.9
31390,31390_20250227.htm,第２号議案,取締役（監査等委員である取締役を除く。）６名選任の件,分銅　健二,可決,98.7
31390,31390_20250227.htm,第２号議案,取締役（監査等委員である取締役を除く。）６名選任の件,阿部　孝史,可決,98.72
31390,31390_20250227.htm,第２号議案,取締役（監査等委員である取締役を除く。）６名選任の件,木幡　智徳,可決,98.72
31390,31390_20250227.htm,第２号議案,取締役（監査等委員である取締役を除く。）６名選任の件,池田　泰弘,可決,98.61
31390,31390_20250227.htm,第３号議案,取締役（監査等委員）４名選任の件,阿部　公昭,可決,98.15
31390,31390_20250227.htm,第３号議案,取締役（監査等委員）４名選任の件,齊藤　裕子,可決,98.7
31390,31390_20250227.htm,第３号議案,取締役（監査等委員）４名選任の件,寶賀　寿男,可決,98.52
31390,31390_20250227.htm,第３号議案,取締役（監査等委員）４名選任の件,藤川　裕紀子,可決,98.72
34450,34450_20250331.htm,第１号議案,吸収分割契約承認の件,,可決,99.61
34450,34450_20250331.htm,第２号議案,定款一部変更の件,,可決,99.62
34450,34450_20250331.htm,第３号議案,取締役５名選任の件,方　永義,可決,93.79
34450,34450_20250331.htm,第３号議案,取締役５名選任の件,遠藤　智,可決,96.44
34450,34450_20250331.htm,第３号議案,取締役５名選任の件,大澤　一生,可決,96.13
34450,34450_20250331.htm,第３号議案,取締役５名選任の件,戸松　清秀,可決,96.13
34450,34450_20250331.htm,第３号議案,取締役５名選任の件,伊澤　太郎,可決,96.13
34520,34520_20250331.htm,第１号議案,剰余金処分,,可決,95.27
34520,34520_20250331.htm,第２号議案,定款一部変更,,可決,95.1
34520,34520_20250331.htm,第３号議案,監査等委員でない取締役の５名選任,宮内　誠,可決,94.59
34520,34520_20250331.htm,第３号議案,監査等委員でない取締役の５名選任,望月　雅博,可決,94.79
34520,34520_20250331.htm,第３号議案,監査等委員でない取締役の５名選任,江﨑　憲太郎,可決,94.91
34520,34520_20250331.htm,第３号議案,監査等委員でない取締役の５名選任,望月　文恵,可決,94.91
34520,34520_20250331.htm,第３号議案,監査等委員でない取締役の５名選任,酒匂　裕二,可決,94.88
34520,34520_20250331.htm,第４号議案,監査等委員でない取締役の報酬額改定,,可決,94.47
34520,34520_20250331.htm,第５号議案,取締役に対する譲渡制限付株式の付与のための報酬決定,,可決,84.33
34520,34520_20250331.htm,第６号議案,退任取締役に対する退職慰労金贈呈,,可決,93.11
80290,80290_20250331.htm,第１号議案,剰余金の処分の件,,可決,99.09
80290,80290_20250331.htm,第２号議案,取締役５名選任の件,多田　和洋,可決,98.74
80290,80290_20250331.htm,第２号議案,取締役５名選任の件,澁谷　治男,可決,98.91
80290,80290_20250331.htm,第２号議案,取締役５名選任の件,斉藤　正明,可決,98.94
80290,80290_20250331.htm,第２号議案,取締役５名選任の件,井上　和則,可決,98.86
80290,80290_20250331.htm,第２号議案,取締役５名選任の件,秋葉　絢子,可決,98.81
45780,45780_20250401.htm,取締役13名選任の件,取締役として、大塚一郎、井上眞、松尾嘉朗、牧野祐子、高木修一、小林将之、東條紀子、樋口達夫、松谷有希雄、青木芳久、三田万世、北地達明及び瀬口二郎を選任する。,大塚一郎,可決,95.71
45780,45780_20250401.htm,取締役13名選任の件,取締役として、大塚一郎、井上眞、松尾嘉朗、牧野祐子、高木修一、小林将之、東條紀子、樋口達夫、松谷有希雄、青木芳久、三田万世、北地達明及び瀬口二郎を選任する。,井上眞,可決,92.78
45780,45780_20250401.htm,取締役13名選任の件,取締役として、大塚一郎、井上眞、松尾嘉朗、牧野祐子、高木修一、小林将之、東條紀子、樋口達夫、松谷有希雄、青木芳久、三田万世、北地達明及び瀬口二郎を選任する。,松尾嘉朗,可決,96.99
45780,45780_20250401.htm,取締役13名選任の件,取締役として、大塚一郎、井上眞、松尾嘉朗、牧野祐子、高木修一、小林将之、東條紀子、樋口達夫、松谷有希雄、青木芳久、三田万世、北地達明及び瀬口二郎を選任する。,牧野祐子,可決,97.41
45780,45780_20250401.htm,取締役13名選任の件,取締役として、大塚一郎、井上眞、松尾嘉朗、牧野祐子、高木修一、小林将之、東條紀子、樋口達夫、松谷有希雄、青木芳久、三田万世、北地達明及び瀬口二郎を選任する。,高木修一,可決,97.53
45780,45780_20250401.htm,取締役13名選任の件,取締役として、大塚一郎、井上眞、松尾嘉朗、牧野祐子、高木修一、小林将之、東條紀子、樋口達夫、松谷有希雄、青木芳久、三田万世、北地達明及び瀬口二郎を選任する。,小林将之,可決,97.53
45780,45780_20250401.htm,取締役13名選任の件,取締役として、大塚一郎、井上眞、松尾嘉朗、牧野祐子、高木修一、小林将之、東條紀子、樋口達夫、松谷有希雄、青木芳久、三田万世、北地達明及び瀬口二郎を選任する。,東條紀子,可決,97.52
45780,45780_20250401.htm,取締役13名選任の件,取締役として、大塚一郎、井上眞、松尾嘉朗、牧野祐子、高木修一、小林将之、東條紀子、樋口達夫、松谷有希雄、青木芳久、三田万世、北地達明及び瀬口二郎を選任する。,樋口達夫,可決,97.48
45780,45780_20250401.htm,取締役13名選任の件,取締役として、大塚一郎、井上眞、松尾嘉朗、牧野祐子、高木修一、小林将之、東條紀子、樋口達夫、松谷有希雄、青木芳久、三田万世、北地達明及び瀬口二郎を選任する。,松谷有希雄,可決,98.97
45780,45780_20250401.htm,取締役13名選任の件,取締役として、大塚一郎、井上眞、松尾嘉朗、牧野祐子、高木修一、小林将之、東條紀子、樋口達夫、松谷有希雄、青木芳久、三田万世、北地達明及び瀬口二郎を選任する。,青木芳久,可決,96.3
45780,45780_20250401.htm,取締役13名選任の件,取締役として、大塚一郎、井上眞、松尾嘉朗、牧野祐子、高木修一、小林将之、東條紀子、樋口達夫、松谷有希雄、青木芳久、三田万世、北地達明及び瀬口二郎を選任する。,三田万世,可決,99.12
45780,45780_20250401.htm,取締役13名選任の件,取締役として、大塚一郎、井上眞、松尾嘉朗、牧野祐子、高木修一、小林将之、東條紀子、樋口達夫、松谷有希雄、青木芳久、三田万世、北地達明及び瀬口二郎を選任する。,北地達明,可決,99.03
45780,45780_20250401.htm,取締役13名選任の件,取締役として、大塚一郎、井上眞、松尾嘉朗、牧野祐子、高木修一、小林将之、東條紀子、樋口達夫、松谷有希雄、青木芳久、三田万世、北地達明及び瀬口二郎を選任する。,瀬口二郎,可決,99.64
40580,40580_20250325.htm,第１号議案,剰余金の処分の件,,可決,98.73
40580,40580_20250325.htm,第２号議案,取締役に対する譲渡制限付株式の付与のための報酬改定の件,,可決,98.7
67690,67690_20250331.htm,第１号議案　取締役（監査等委員である取締役を除く）６名選任の件,取締役（監査等委員である取締役を除く）として、飯塚哲哉、南洋一郎、高田康裕、山本武男、中原隆志、安田稔広を選任する。,飯塚哲哉,可決,95.99
67690,67690_20250331.htm,第１号議案　取締役（監査等委員である取締役を除く）６名選任の件,取締役（監査等委員である取締役を除く）として、飯塚哲哉、南洋一郎、高田康裕、山本武男、中原隆志、安田稔広を選任する。,南 洋一郎,可決,96.36
67690,67690_20250331.htm,第１号議案　取締役（監査等委員である取締役を除く）６名選任の件,取締役（監査等委員である取締役を除く）として、飯塚哲哉、南洋一郎、高田康裕、山本武男、中原隆志、安田稔広を選任する。,高田 康裕,可決,97.52
67690,67690_20250331.htm,第１号議案　取締役（監査等委員である取締役を除く）６名選任の件,取締役（監査等委員である取締役を除く）として、飯塚哲哉、南洋一郎、高田康裕、山本武男、中原隆志、安田稔広を選任する。,山本 武男,可決,97.57
67690,67690_20250331.htm,第１号議案　取締役（監査等委員である取締役を除く）６名選任の件,取締役（監査等委員である取締役を除く）として、飯塚哲哉、南洋一郎、高田康裕、山本武男、中原隆志、安田稔広を選任する。,中原 隆志,可決,97.59
67690,67690_20250331.htm,第１号議案　取締役（監査等委員である取締役を除く）６名選任の件,取締役（監査等委員である取締役を除く）として、飯塚哲哉、南洋一郎、高田康裕、山本武男、中原隆志、安田稔広を選任する。,安田 稔広,可決,97.52
67690,67690_20250331.htm,第２号議案　補欠の監査等委員である取締役１名選任の件,補欠の監査等委員である取締役として、舟田饒氏を選任する。,舟田 饒,可決,97.62
67690,67690_20250331.htm,第３号議案　取締役（監査等委員である取締役および社外取締役を除く）に対する譲渡制限付株式の付与のための報酬決定の件,取締役（監査等委員である取締役および社外取締役を除く）を対象に譲渡制限株式の付与のための報酬を支給することを決定する。,null,可決,96.67
67690,67690_20250331.htm,第４号議案　ストックオプションとして新株予約権を発行する件,"ストックオプションとしての新株予約権を、当社ならびに当社完全子会社および完全孫会社の従業員に対して2,600個（新株予約権１個につき当社普通株式100株）を上限として無償で発行することおよび募集事項の決定を取締役会に委任することを決定する。",null,可決,96.49
94160,94160_20250331.htm,第１号議案　定款一部変更の件,当社グループの今後の事業展開に備えるため、事業の目的事項を追加する,,可決,98.79
94160,94160_20250331.htm,第２号議案　取締役７名選任の件,取締役７名は、本総会終結の時をもって任期満了となりますので、改めて佐野健一、大田健司、中本新一、内藤真一郎、原田静織、那珂通雅及び森詩絵里の７名を選任する,佐野健一,可決,92.28
94160,94160_20250331.htm,第２号議案　取締役７名選任の件,取締役７名は、本総会終結の時をもって任期満了となりますので、改めて佐野健一、大田健司、中本新一、内藤真一郎、原田静織、那珂通雅及び森詩絵里の７名を選任する,大田健司,可決,92.27
94160,94160_20250331.htm,第２号議案　取締役７名選任の件,取締役７名は、本総会終結の時をもって任期満了となりますので、改めて佐野健一、大田健司、中本新一、内藤真一郎、原田静織、那珂通雅及び森詩絵里の７名を選任する,中本新一,可決,92.26
94160,94160_20250331.htm,第２号議案　取締役７名選任の件,取締役７名は、本総会終結の時をもって任期満了となりますので、改めて佐野健一、大田健司、中本新一、内藤真一郎、原田静織、那珂通雅及び森詩絵里の７名を選任する,内藤真一郎,可決,92.25
94160,94160_20250331.htm,第２号議案　取締役７名選任の件,取締役７名は、本総会終結の時をもって任期満了となりますので、改めて佐野健一、大田健司、中本新一、内藤真一郎、原田静織、那珂通雅及び森詩絵里の７名を選任する,原田静織,可決,98.45
94160,94160_20250331.htm,第２号議案　取締役７名選任の件,取締役７名は、本総会終結の時をもって任期満了となりますので、改めて佐野健一、大田健司、中本新一、内藤真一郎、原田静織、那珂通雅及び森詩絵里の７名を選任する,那珂通雅,可決,92.26
94160,94160_20250331.htm,第２号議案　取締役７名選任の件,取締役７名は、本総会終結の時をもって任期満了となりますので、改めて佐野健一、大田健司、中本新一、内藤真一郎、原田静織、那珂通雅及び森詩絵里の７名を選任する,森詩絵里,可決,98.41
138A0,138A0_20250227.htm,取締役（監査等委員である取締役を除く。）６名選任の件,取締役(監査等委員であるものを除く。)として、大谷光徳、中島翔太、齋藤寛也、石田央、近藤知大、加藤博康を選任する。,大谷光徳,可決,97.44
138A0,138A0_20250227.htm,取締役（監査等委員である取締役を除く。）６名選任の件,取締役(監査等委員であるものを除く。)として、大谷光徳、中島翔太、齋藤寛也、石田央、近藤知大、加藤博康を選任する。,中島翔太,可決,97.45
138A0,138A0_20250227.htm,取締役（監査等委員である取締役を除く。）６名選任の件,取締役(監査等委員であるものを除く。)として、大谷光徳、中島翔太、齋藤寛也、石田央、近藤知大、加藤博康を選任する。,齋藤寛也,可決,97.44
138A0,138A0_20250227.htm,取締役（監査等委員である取締役を除く。）６名選任の件,取締役(監査等委員であるものを除く。)として、大谷光徳、中島翔太、齋藤寛也、石田央、近藤知大、加藤博康を選任する。,石田央,可決,97.45
138A0,138A0_20250227.htm,取締役（監査等委員である取締役を除く。）６名選任の件,取締役(監査等委員であるものを除く。)として、大谷光徳、中島翔太、齋藤寛也、石田央、近藤知大、加藤博康を選任する。,近藤知大,可決,97.44
138A0,138A0_20250227.htm,取締役（監査等委員である取締役を除く。）６名選任の件,取締役(監査等委員であるものを除く。)として、大谷光徳、中島翔太、齋藤寛也、石田央、近藤知大、加藤博康を選任する。,加藤博康,可決,97.43
42840,42840_20250331.htm,第１号議案,剰余金の処分の件,null,可決,97.43
42840,42840_20250331.htm,第２号議案,取締役（監査等委員である取締役を除く。）10名選任の件,長尾章,可決,94.99
42840,42840_20250331.htm,第２号議案,取締役（監査等委員である取締役を除く。）10名選任の件,秋山博紀,可決,94.93
42840,42840_20250331.htm,第２号議案,取締役（監査等委員である取締役を除く。）10名選任の件,萱沼利彦,可決,96.47
42840,42840_20250331.htm,第２号議案,取締役（監査等委員である取締役を除く。）10名選任の件,長尾義昭,可決,96.47
42840,42840_20250331.htm,第２号議案,取締役（監査等委員である取締役を除く。）10名選任の件,渡辺博之,可決,96.54
42840,42840_20250331.htm,第２号議案,取締役（監査等委員である取締役を除く。）10名選任の件,江口健也,可決,96.55
42840,42840_20250331.htm,第２号議案,取締役（監査等委員である取締役を除く。）10名選任の件,市川恒和,可決,96.48
42840,42840_20250331.htm,第２号議案,取締役（監査等委員である取締役を除く。）10名選任の件,甲斐素子,可決,96.47
42840,42840_20250331.htm,第２号議案,取締役（監査等委員である取締役を除く。）10名選任の件,青木満,可決,95.36
42840,42840_20250331.htm,第２号議案,取締役（監査等委員である取締役を除く。）10名選任の件,山崎英二,可決,95.34
42840,42840_20250331.htm,第３号議案,監査等委員である取締役１名選任の件,飯塚順子,可決,97.22
42840,42840_20250331.htm,第４号議案,補欠の監査等委員である取締役１名選任の件,鮎澤量二,可決,93.81
42840,42840_20250331.htm,第５号議案,退任取締役に対し退職慰労金贈呈の件,樺嶋利保,可決,92.31
70810,70810_20250328.htm,第１号議案,剰余金処分の件,null,可決,99.67
70810,70810_20250328.htm,第２号議案,取締役６名選任の件,梅木　孝治,可決,97.87
70810,70810_20250328.htm,第２号議案,取締役６名選任の件,寺澤　重治,可決,99.7
70810,70810_20250328.htm,第２号議案,取締役６名選任の件,小倉　隆男,可決,99.7
70810,70810_20250328.htm,第２号議案,取締役６名選任の件,梅木　健行,可決,99.68
70810,70810_20250328.htm,第２号議案,取締役６名選任の件,長田　朋久,可決,99.7
70810,70810_20250328.htm,第２号議案,取締役６名選任の件,田村　圭（現姓：進藤）,可決,99.66
36810,36810_20250403.htm,第１号議案,定款一部変更の件。①当社の事業内容の拡大に伴い、事業目的について変更を行うもの。②法令上株主総会議事録には記名押印が求められてないことを踏まえ、議事録に関する事項について変更を行うもの。③補欠として選任された監査等委員である取締役の任期について軽微な字句の修正等を行うもの。,null,可決,95.65
36810,36810_20250403.htm,第２号議案,取締役（監査等委員である取締役を除く。）７名選任の件,間下　直晃,可決,65.59
36810,36810_20250403.htm,第２号議案,取締役（監査等委員である取締役を除く。）７名選任の件,高田　雅也,可決,68.49
36810,36810_20250403.htm,第２号議案,取締役（監査等委員である取締役を除く。）７名選任の件,水谷　潤,可決,85.87
36810,36810_20250403.htm,第２号議案,取締役（監査等委員である取締役を除く。）７名選任の件,山本　一輝,可決,85.93
36810,36810_20250403.htm,第２号議案,取締役（監査等委員である取締役を除く。）７名選任の件,ランドルフ・ジョーンズ,可決,93.12
36810,36810_20250403.htm,第２号議案,取締役（監査等委員である取締役を除く。）７名選任の件,西村　憲一,可決,87.94
36810,36810_20250403.htm,第２号議案,取締役（監査等委員である取締役を除く。）７名選任の件,松山　大耕,可決,93.04
36810,36810_20250403.htm,第３号議案,監査等委員である取締役３名選任の件,中丸　毅,可決,93.8
36810,36810_20250403.htm,第３号議案,監査等委員である取締役３名選任の件,秋元　秀仁,可決,93.95
36810,36810_20250403.htm,第３号議案,監査等委員である取締役３名選任の件,小松　慶子,可決,94.11
36810,36810_20250403.htm,第４号議案,補欠の監査等委員である取締役１名選任の件,松山 大耕,可決,94.02
36810,36810_20250403.htm,第５号議案,取締役（監査等委員である取締役及び社外取締役を除く。）に対するストック・オプション報酬額及び内容決定の件,null,可決,73.73
99730,99730_20250327.htm,第１号議案,今後の新株発行による機動的な資本政策の実現を可能とするため、現行定款第６条に規定する発行可能株式総数を現行の３１８，７０７，０６０株から５００，０００，０００株に変更する,null,可決,91.74
99730,99730_20250327.htm,第２号議案,取締役９名選任,森下　將典,可決,92.77
99730,99730_20250327.htm,第２号議案,取締役９名選任,川上　英二,可決,92.47
99730,99730_20250327.htm,第２号議案,取締役９名選任,毛利　謙久,可決,92.74
99730,99730_20250327.htm,第２号議案,取締役９名選任,中島　孝成,可決,92.74
99730,99730_20250327.htm,第２号議案,取締役９名選任,古宮　成人,可決,95.53
99730,99730_20250327.htm,第２号議案,取締役９名選任,小林　直樹,可決,92.74
99730,99730_20250327.htm,第２号議案,取締役９名選任,中尾　亘,可決,92.52
99730,99730_20250327.htm,第２号議案,取締役９名選任,三浦　孝幸,可決,92.58
99730,99730_20250327.htm,第２号議案,取締役９名選任,吉田　幸一郎,可決,92.46
187A0,187A0_20250110.htm,第１号議案,株式併合の件,,可決,98.129
187A0,187A0_20250110.htm,第２号議案,定款一部変更の件,,可決,98.14
187A0,187A0_20250110.htm,第３号議案,取締役（監査等委員である取締役を除く。） ２名選任の件,ジョセフ・R・ギャグノン,可決,94.316
187A0,187A0_20250110.htm,第３号議案,取締役（監査等委員である取締役を除く。） ２名選任の件,金信,可決,94.311
49190,49190_20250328.htm,第１号議案　剰余金の配当（第65期期末配当）の件,"１株につき金48円　　　総額1,562,983,872円、2025年３月28日効力発生",,可決,93.54
49190,49190_20250328.htm,第２号議案　監査役１名選任の件,大塩充を監査役に選任する,大塩充,可決,93.25
23890,23890_20250401.htm,取締役（監査等委員である取締役を除く）７名選任の件,取締役（監査等委員である取締役を除く）として、鉢嶺登、野内敦、金澤大輔、水谷智之、栁澤孝旨、荻野泰弘及び時岡真理子を選任する。,鉢嶺登,可決,91.77
23890,23890_20250401.htm,取締役（監査等委員である取締役を除く）７名選任の件,取締役（監査等委員である取締役を除く）として、鉢嶺登、野内敦、金澤大輔、水谷智之、栁澤孝旨、荻野泰弘及び時岡真理子を選任する。,野内敦,可決,91.78
23890,23890_20250401.htm,取締役（監査等委員である取締役を除く）７名選任の件,取締役（監査等委員である取締役を除く）として、鉢嶺登、野内敦、金澤大輔、水谷智之、栁澤孝旨、荻野泰弘及び時岡真理子を選任する。,金澤大輔,可決,93.76
23890,23890_20250401.htm,取締役（監査等委員である取締役を除く）７名選任の件,取締役（監査等委員である取締役を除く）として、鉢嶺登、野内敦、金澤大輔、水谷智之、栁澤孝旨、荻野泰弘及び時岡真理子を選任する。,水谷智之,可決,93.84
23890,23890_20250401.htm,取締役（監査等委員である取締役を除く）７名選任の件,取締役（監査等委員である取締役を除く）として、鉢嶺登、野内敦、金澤大輔、水谷智之、栁澤孝旨、荻野泰弘及び時岡真理子を選任する。,栁澤孝旨,可決,93.08
23890,23890_20250401.htm,取締役（監査等委員である取締役を除く）７名選任の件,取締役（監査等委員である取締役を除く）として、鉢嶺登、野内敦、金澤大輔、水谷智之、栁澤孝旨、荻野泰弘及び時岡真理子を選任する。,荻野泰弘,可決,93.81
23890,23890_20250401.htm,取締役（監査等委員である取締役を除く）７名選任の件,取締役（監査等委員である取締役を除く）として、鉢嶺登、野内敦、金澤大輔、水谷智之、栁澤孝旨、荻野泰弘及び時岡真理子を選任する。,時岡真理子,可決,93.82
27880,27880_20250328.htm,第１号議案,剰余金処分の件,null,可決,96.08
27880,27880_20250328.htm,第２号議案,定款一部変更の件,null,可決,91.85
27880,27880_20250328.htm,第３号議案,取締役８名選任の件,久保　和喜,可決,85.93
27880,27880_20250328.htm,第３号議案,取締役８名選任の件,小林　正示,可決,90.14
27880,27880_20250328.htm,第３号議案,取締役８名選任の件,長塚　秀明,可決,90.07
27880,27880_20250328.htm,第３号議案,取締役８名選任の件,小林　恵一,可決,90.01
27880,27880_20250328.htm,第３号議案,取締役８名選任の件,倉本　康宏,可決,90.08
27880,27880_20250328.htm,第３号議案,取締役８名選任の件,久保　裕佳,可決,95.96
27880,27880_20250328.htm,第３号議案,取締役８名選任の件,西田　宜正,可決,90.02
27880,27880_20250328.htm,第３号議案,取締役８名選任の件,冨士　容一,可決,89.96
27880,27880_20250328.htm,第４号議案,監査役１名選任の件,野尻　譲二,可決,92.82
27880,27880_20250328.htm,第５号議案,補欠監査役１名選任の件,三宅　泰司,可決,88.24
62500,62500_20250328.htm,第１号議案,取締役９名選任の件,久保浩,可決,96.83
62500,62500_20250328.htm,第１号議案,取締役９名選任の件,西正信,可決,98.8
62500,62500_20250328.htm,第１号議案,取締役９名選任の件,倉田伸也,可決,98.82
62500,62500_20250328.htm,第１号議案,取締役９名選任の件,野中匠,可決,98.82
62500,62500_20250328.htm,第１号議案,取締役９名選任の件,ティモシードロシー,可決,98.81
62500,62500_20250328.htm,第１号議案,取締役９名選任の件,亀山晴信,可決,98.98
62500,62500_20250328.htm,第１号議案,取締役９名選任の件,大高美樹,可決,98.99
62500,62500_20250328.htm,第１号議案,取締役９名選任の件,行本閑人,可決,99.07
62500,62500_20250328.htm,第１号議案,取締役９名選任の件,赤塚孝江,可決,98.96
62500,62500_20250328.htm,第２号議案,監査役１名選任の件,佐藤賢一,可決,94.38
145A0,145A0_20250327.htm,第１号議案　定款一部変更の件,今後の事業展開に備えるため、現行定款第２条の事業の目的について追加する,null,可決,88.02
145A0,145A0_20250327.htm,第２号議案　取締役６名選任の件,取締役として、横井太輔、加納正喜、北嶋正樹、城戸猛、渡辺龍二、地福三郎の６氏を選任する,横井太輔,可決,87.95
145A0,145A0_20250327.htm,第２号議案　取締役６名選任の件,取締役として、横井太輔、加納正喜、北嶋正樹、城戸猛、渡辺龍二、地福三郎の６氏を選任する,加納正喜,可決,87.96
145A0,145A0_20250327.htm,第２号議案　取締役６名選任の件,取締役として、横井太輔、加納正喜、北嶋正樹、城戸猛、渡辺龍二、地福三郎の６氏を選任する,北嶋正樹,可決,87.86
145A0,145A0_20250327.htm,第２号議案　取締役６名選任の件,取締役として、横井太輔、加納正喜、北嶋正樹、城戸猛、渡辺龍二、地福三郎の６氏を選任する,城戸猛,可決,87.96
145A0,145A0_20250327.htm,第２号議案　取締役６名選任の件,取締役として、横井太輔、加納正喜、北嶋正樹、城戸猛、渡辺龍二、地福三郎の６氏を選任する,渡辺龍二,可決,87.94
145A0,145A0_20250327.htm,第２号議案　取締役６名選任の件,取締役として、横井太輔、加納正喜、北嶋正樹、城戸猛、渡辺龍二、地福三郎の６氏を選任する,地福三郎,可決,87.89
21700,21700_20250327.htm,取締役５名選任の件,取締役として小笹芳央、坂下英樹、大野俊一、中村有里及び原ゆかりを選任する,小笹芳央,可決,97.72
21700,21700_20250327.htm,取締役５名選任の件,取締役として小笹芳央、坂下英樹、大野俊一、中村有里及び原ゆかりを選任する,坂下英樹,可決,97.71
21700,21700_20250327.htm,取締役５名選任の件,取締役として小笹芳央、坂下英樹、大野俊一、中村有里及び原ゆかりを選任する,大野俊一,可決,99.56
21700,21700_20250327.htm,取締役５名選任の件,取締役として小笹芳央、坂下英樹、大野俊一、中村有里及び原ゆかりを選任する,中村有里,可決,99.6
21700,21700_20250327.htm,取締役５名選任の件,取締役として小笹芳央、坂下英樹、大野俊一、中村有里及び原ゆかりを選任する,原ゆかり,可決,99.81
17240,17240_20250328.htm,第１号議案,"剰余金処分の件
期末配当に関する事項
当社普通株式１株につき金20円",,可決,93.19
17240,17240_20250328.htm,第２号議案,取締役（監査等委員である取締役を除く。）４名選任の件,山口正裕,可決,92.41
17240,17240_20250328.htm,第２号議案,取締役（監査等委員である取締役を除く。）４名選任の件,山口倫正,可決,91.72
17240,17240_20250328.htm,第２号議案,取締役（監査等委員である取締役を除く。）４名選任の件,福永直也,可決,92.89
17240,17240_20250328.htm,第２号議案,取締役（監査等委員である取締役を除く。）４名選任の件,藤原伸昭,可決,92.64
17240,17240_20250328.htm,第３号議案,監査等委員である取締役３名選任の件,山口嘉孝,可決,92.14
17240,17240_20250328.htm,第３号議案,監査等委員である取締役３名選任の件,葛谷昌浩,可決,93.08
17240,17240_20250328.htm,第３号議案,監査等委員である取締役３名選任の件,中井志帆,可決,93.0
17240,17240_20250328.htm,第４号議案,補欠の監査等委員である取締役１名選任の件,中野義久,可決,92.72
29140,29140_20250327.htm,第１号議案,剰余金の処分の件,,可決,99.0
29140,29140_20250327.htm,第２号議案,取締役10名選任の件,岩井　睦雄,可決,98.0
29140,29140_20250327.htm,第２号議案,取締役10名選任の件,岡本　薫明,可決,99.0
29140,29140_20250327.htm,第２号議案,取締役10名選任の件,寺畠　正道,可決,99.0
29140,29140_20250327.htm,第２号議案,取締役10名選任の件,嶋吉　耕史,可決,99.0
29140,29140_20250327.htm,第２号議案,取締役10名選任の件,中野　恵,可決,99.0
29140,29140_20250327.htm,第２号議案,取締役10名選任の件,長嶋　由紀子,可決,99.0
29140,29140_20250327.htm,第２号議案,取締役10名選任の件,木寺　昌人,可決,99.0
29140,29140_20250327.htm,第２号議案,取締役10名選任の件,庄司　哲也,可決,96.0
29140,29140_20250327.htm,第２号議案,取締役10名選任の件,山科　裕子,可決,98.0
29140,29140_20250327.htm,第２号議案,取締役10名選任の件,朝倉　研二,可決,99.0
73090,73090_20250328.htm,第１号議案,剰余金の処分の件,null,可決,99.04
73090,73090_20250328.htm,第２号議案,取締役６名選任の件,チア チン セン,可決,95.06
73090,73090_20250328.htm,第２号議案,取締役６名選任の件,一條和生,可決,70.88
73090,73090_20250328.htm,第２号議案,取締役６名選任の件,勝丸充啓,可決,98.28
73090,73090_20250328.htm,第２号議案,取締役６名選任の件,榊原定征,可決,98.28
73090,73090_20250328.htm,第２号議案,取締役６名選任の件,和田浩美,可決,94.32
73090,73090_20250328.htm,第２号議案,取締役６名選任の件,江口あつみ,可決,98.64
73090,73090_20250328.htm,第３号議案,取締役の報酬額改定の件,null,可決,98.8
47120,47120_20250326.htm,第１号議案　剰余金処分の件,期末配当に関する事項,null,可決,98.15
47120,47120_20250326.htm,第２号議案　取締役６名選任の件,取締役６名選任,大出　悠史,可決,96.21
47120,47120_20250326.htm,第２号議案　取締役６名選任の件,取締役６名選任,藤澤　信義,可決,96.84
47120,47120_20250326.htm,第２号議案　取締役６名選任の件,取締役６名選任,森田　篤,可決,97.66
47120,47120_20250326.htm,第２号議案　取締役６名選任の件,取締役６名選任,北川　謙二,可決,97.01
47120,47120_20250326.htm,第２号議案　取締役６名選任の件,取締役６名選任,金谷　晃,可決,97.03
47120,47120_20250326.htm,第２号議案　取締役６名選任の件,取締役６名選任,鷲尾　誠,可決,96.27
47120,47120_20250326.htm,第３号議案　監査役１名選任の件,監査役１名選任,飯森　義英,可決,97.34
47120,47120_20250326.htm,第４号議案　補欠監査役１名選任の件,補欠監査役１名選任,黒田　一紀,可決,96.74
61800,61800_20250321.htm,第１号議案,定款一部変更の件,,可決,99.95
61800,61800_20250321.htm,第２号議案,取締役（監査等委員である取締役を除く）７名選任の件,森　輝幸,可決,99.9
61800,61800_20250321.htm,第２号議案,取締役（監査等委員である取締役を除く）７名選任の件,熊谷　正寿,可決,99.89
61800,61800_20250321.htm,第２号議案,取締役（監査等委員である取締役を除く）７名選任の件,石橋　正剛,可決,99.91
61800,61800_20250321.htm,第２号議案,取締役（監査等委員である取締役を除く）７名選任の件,佐藤　真,可決,99.93
61800,61800_20250321.htm,第２号議案,取締役（監査等委員である取締役を除く）７名選任の件,別府　将彦,可決,99.91
61800,61800_20250321.htm,第２号議案,取締役（監査等委員である取締役を除く）７名選任の件,夏目　康弘,可決,99.9
61800,61800_20250321.htm,第２号議案,取締役（監査等委員である取締役を除く）７名選任の件,安田　昌史,可決,99.92
61800,61800_20250321.htm,第３号議案,監査等委員である取締役３名選任の件,村尾　治亮,可決,99.91
61800,61800_20250321.htm,第３号議案,監査等委員である取締役３名選任の件,谷口　誠治,可決,99.91
61800,61800_20250321.htm,第３号議案,監査等委員である取締役３名選任の件,松井　秀行,可決,99.91
61800,61800_20250321.htm,第４号議案,補欠の監査等委員である取締役１名選任の件,北西　一輝,可決,99.91
61800,61800_20250321.htm,第５号議案,取締役（監査等委員である取締役を除く）の報酬額設定の件,,可決,99.84
61800,61800_20250321.htm,第６号議案,監査等委員である取締役の報酬額設定の件,,可決,99.84
52410,52410_20250328.htm,第１号議案,剰余金の処分の件,null,可決,99.8
52410,52410_20250328.htm,第２号議案,取締役１名選任の件,竹場　稔,可決,99.8
23150,23150_20250131.htm,第１号議案　取締役５名選任の件,取締役として、鈴木伸、山口健治、深見修、川﨑光雄、池田祐作の５名を選任する,鈴木伸、山口健治、深見修、川﨑光雄、池田祐作,可決,93.94
23150,23150_20250131.htm,第１号議案　取締役５名選任の件,取締役として、鈴木伸、山口健治、深見修、川﨑光雄、池田祐作の５名を選任する,鈴木伸,可決,93.94
23150,23150_20250131.htm,第１号議案　取締役５名選任の件,取締役として、鈴木伸、山口健治、深見修、川﨑光雄、池田祐作の５名を選任する,山口健治,可決,93.85
23150,23150_20250131.htm,第１号議案　取締役５名選任の件,取締役として、鈴木伸、山口健治、深見修、川﨑光雄、池田祐作の５名を選任する,深見修,可決,93.91
23150,23150_20250131.htm,第１号議案　取締役５名選任の件,取締役として、鈴木伸、山口健治、深見修、川﨑光雄、池田祐作の５名を選任する,川﨑光雄,可決,93.94
23150,23150_20250131.htm,第１号議案　取締役５名選任の件,取締役として、鈴木伸、山口健治、深見修、川﨑光雄、池田祐作の５名を選任する,池田祐作,可決,93.66
23150,23150_20250131.htm,第２号議案　ストックオプションとして新株予約権を発行する件,会社法第236条、第238条及び第239条の規定に基づき、当社及び当社子会社の取締役及び従業員に対し、特に有利な条件によりストックオプションとして新株予約権を割り当てること及び当該新株予約権の募集事項の決定を当社取締役会に委任する,取締役、従業員,可決,91.64
17180,17180_20250327.htm,第１号議案,"剰余金処分の件
期末配当に関する事項
当社普通株式１株につき金100円　総額109,296,100円",null,可決,98.97
17180,17180_20250327.htm,第２号議案,取締役６名選任の件,岡田　尚一郎,可決,99.11
17180,17180_20250327.htm,第２号議案,取締役６名選任の件,山下　直彦,可決,99.14
17180,17180_20250327.htm,第２号議案,取締役６名選任の件,瀬川　典弘,可決,99.14
17180,17180_20250327.htm,第２号議案,取締役６名選任の件,園田　学,可決,99.07
17180,17180_20250327.htm,第２号議案,取締役６名選任の件,寺本　真裕美,可決,99.07
17180,17180_20250327.htm,第２号議案,取締役６名選任の件,伊藤　史子,可決,99.03
17180,17180_20250327.htm,第３号議案,監査役１名選任の件,三木　立子,可決,99.14
17180,17180_20250327.htm,第４号議案,退任取締役に対し退職慰労金贈呈の件,null,可決,97.31
96030,96030_20250130.htm,第１号議案,剰余金の配当の件。当社グループ全体における雇用調整助成金の受給に関する問題の有無を確認するため、特別調査委員会による調査を進めております。当該調査事案が連結業績に与える影響が明らかになっていないことから、誠に遺憾ながら期末配当を無配とする,,可決,79.67
96030,96030_20250130.htm,第２号議案,取締役（監査等委員である取締役を除く。）８名選任の件,矢田 素史,可決,73.65
96030,96030_20250130.htm,第２号議案,取締役（監査等委員である取締役を除く。）８名選任の件,中森 達也,可決,80.92
96030,96030_20250130.htm,第２号議案,取締役（監査等委員である取締役を除く。）８名選任の件,織田 正幸,可決,80.94
96030,96030_20250130.htm,第２号議案,取締役（監査等委員である取締役を除く。）８名選任の件,山野邉 淳,可決,80.94
96030,96030_20250130.htm,第２号議案,取締役（監査等委員である取締役を除く。）８名選任の件,五味 睦,可決,80.92
96030,96030_20250130.htm,第２号議案,取締役（監査等委員である取締役を除く。）８名選任の件,澤田 秀太,可決,80.9
96030,96030_20250130.htm,第２号議案,取締役（監査等委員である取締役を除く。）８名選任の件,大和田 順子,可決,82.89
96030,96030_20250130.htm,第２号議案,取締役（監査等委員である取締役を除く。）８名選任の件,香川 進吾,可決,82.08
70930,70930_20250327.htm,第１号議案,定款一部変更の件。事業内容の明確化を図るため、事業目的について変更を行う,,可決,99.02
70930,70930_20250327.htm,第２号議案,"資本金の額の減少及び剰余金の処分の件。資本金を49,240,900円減少して、10,000,000円とし、その他資本剰余金を繰越利益剰余金に振り替えることで、欠損填補に充当",,可決,95.92
70930,70930_20250327.htm,第３号議案,取締役５名選任の件,江戸浩樹,可決,95.46
70930,70930_20250327.htm,第３号議案,取締役５名選任の件,石川琢磨,可決,95.48
70930,70930_20250327.htm,第３号議案,取締役５名選任の件,久保芳和,可決,95.68
70930,70930_20250327.htm,第３号議案,取締役５名選任の件,澤博史,可決,95.49
70930,70930_20250327.htm,第３号議案,取締役５名選任の件,高橋理人,可決,95.65
62690,62690_20250328.htm,第１号議案,剰余金の処分の件,null,可決,98.29
62690,62690_20250328.htm,第２号議案,取締役（監査等委員である取締役を除く。）６名選任の件,宮田　裕彦,可決,96.45
62690,62690_20250328.htm,第２号議案,取締役（監査等委員である取締役を除く。）６名選任の件,鈴木　　亮,可決,97.37
62690,62690_20250328.htm,第２号議案,取締役（監査等委員である取締役を除く。）６名選任の件,清水　一樹,可決,81.8
62690,62690_20250328.htm,第２号議案,取締役（監査等委員である取締役を除く。）６名選任の件,杉山　正幸,可決,81.8
62690,62690_20250328.htm,第２号議案,取締役（監査等委員である取締役を除く。）６名選任の件,小林　雅人,可決,98.02
62690,62690_20250328.htm,第２号議案,取締役（監査等委員である取締役を除く。）６名選任の件,前田　裕子,可決,97.17
72720,72720_20250327.htm,第１号議案,剰余金の配当の件,null,可決,99.8
72720,72720_20250327.htm,第２号議案,定款一部変更の件,null,可決,99.8
72720,72720_20250327.htm,第３号議案,取締役9名選任の件,渡部　克明,可決,89.0
72720,72720_20250327.htm,第３号議案,取締役9名選任の件,設楽　元文,可決,98.3
72720,72720_20250327.htm,第３号議案,取締役9名選任の件,丸山　平二,可決,98.6
72720,72720_20250327.htm,第３号議案,取締役9名選任の件,松山　智彦,可決,98.6
72720,72720_20250327.htm,第３号議案,取締役9名選任の件,田代　祐子,可決,99.6
72720,72720_20250327.htm,第３号議案,取締役9名選任の件,大橋　徹二,可決,90.0
72720,72720_20250327.htm,第３号議案,取締役9名選任の件,Jin Song Montesano,可決,99.5
72720,72720_20250327.htm,第３号議案,取締役9名選任の件,増井　敬二,可決,96.0
72720,72720_20250327.htm,第３号議案,取締役9名選任の件,Sarah L. Casanova,可決,99.7
72720,72720_20250327.htm,第４号議案,監査役2名選任の件,野田　武男,可決,99.2
72720,72720_20250327.htm,第４号議案,監査役2名選任の件,河合　江理子,可決,99.7
16050,16050_20250331.htm,第１号議案,剰余金処分の件,,可決,98.97
16050,16050_20250331.htm,第２号議案,取締役10名選任の件,上田隆之,可決,94.1
16050,16050_20250331.htm,第２号議案,取締役10名選任の件,藤井洋,可決,99.08
16050,16050_20250331.htm,第２号議案,取締役10名選任の件,大川人史,可決,98.98
16050,16050_20250331.htm,第２号議案,取締役10名選任の件,山田大介,可決,98.96
16050,16050_20250331.htm,第２号議案,取締役10名選任の件,滝本俊明,可決,98.99
16050,16050_20250331.htm,第２号議案,取締役10名選任の件,柳井準,可決,98.97
16050,16050_20250331.htm,第２号議案,取締役10名選任の件,飯尾紀直,可決,98.99
16050,16050_20250331.htm,第２号議案,取締役10名選任の件,西村篤子,可決,98.69
16050,16050_20250331.htm,第２号議案,取締役10名選任の件,森本英香,可決,98.98
16050,16050_20250331.htm,第２号議案,取締役10名選任の件,ブルース・ミラー,可決,99.36
16050,16050_20250331.htm,第３号議案,取締役報酬額改定の件,,可決,99.14
16050,16050_20250331.htm,第４号議案,取締役及び執行役員に対する株式報酬制度改定の件,,可決,99.09
72280,72280_20250331.htm,議案,"剰余金処分の件
イ　株主に対する剰余金の配当に関する事項及びその総額
１株につき金129円　　総額306,296,310円
ロ　効力発生日
2025年３月31日",,可決,99.41
79860,79860_20250401.htm,剰余金処分の件,"１株につき金30円　　総額47,205,900円、効力発生日 2025年３月31日",,可決,99.0
265A0,265A0_20250331.htm,第１号議案,定款一部変更の件,,可決,99.77
265A0,265A0_20250331.htm,第２号議案,取締役５名選任の件,三本　幸司,可決,99.76
265A0,265A0_20250331.htm,第２号議案,取締役５名選任の件,伊藤　かおる,可決,99.76
265A0,265A0_20250331.htm,第２号議案,取締役５名選任の件,土屋　学,可決,99.76
265A0,265A0_20250331.htm,第２号議案,取締役５名選任の件,浅田　浩,可決,99.75
265A0,265A0_20250331.htm,第２号議案,取締役５名選任の件,恩田　俊明,可決,99.76
265A0,265A0_20250331.htm,第３号議案,取締役及び監査役の報酬額改定の件,,可決,99.71
32480,32480_20250130.htm,第１号議案,"剰余金処分の件, 期末配当に関する事項, 当社普通株式１株につき金21円",,可決,97.46
32480,32480_20250130.htm,第２号議案,取締役（監査等委員である取締役を除く。）４名選任の件,向井山達也,可決,96.54
32480,32480_20250130.htm,第２号議案,取締役（監査等委員である取締役を除く。）４名選任の件,笠原賢一,可決,96.59
32480,32480_20250130.htm,第２号議案,取締役（監査等委員である取締役を除く。）４名選任の件,松原愛,可決,96.59
32480,32480_20250130.htm,第２号議案,取締役（監査等委員である取締役を除く。）４名選任の件,秋谷嘉徳,可決,96.57
91640,91640_20250331.htm,第1号議案,剰余金処分の件,,可決,99.34
91640,91640_20250331.htm,第2号議案,取締役5名選任の件,井筒　廣之,可決,99.03
91640,91640_20250331.htm,第2号議案,取締役5名選任の件,笹井　英孝,可決,99.03
91640,91640_20250331.htm,第2号議案,取締役5名選任の件,西本　悟朗,可決,99.06
91640,91640_20250331.htm,第2号議案,取締役5名選任の件,大野　麻衣子,可決,99.06
91640,91640_20250331.htm,第2号議案,取締役5名選任の件,原　敬信,可決,99.0
91640,91640_20250331.htm,第3号議案,補欠監査役1名選任の件,飯田　善,可決,87.2
32770,32770_20250328.htm,第１号議案,剰余金の処分の件,,可決,97.95
32770,32770_20250328.htm,第２号議案,取締役７名選任の件,松﨑隆司,可決,94.92
32770,32770_20250328.htm,第２号議案,取締役７名選任の件,太木眞,可決,97.49
32770,32770_20250328.htm,第２号議案,取締役７名選任の件,今福規之,可決,97.64
32770,32770_20250328.htm,第２号議案,取締役７名選任の件,森岡俊陽,可決,97.63
32770,32770_20250328.htm,第２号議案,取締役７名選任の件,三浦玄如,可決,97.65
32770,32770_20250328.htm,第２号議案,取締役７名選任の件,高橋廣司,可決,95.88
32770,32770_20250328.htm,第２号議案,取締役７名選任の件,村崎直子,可決,97.34
32770,32770_20250328.htm,第３号議案,補欠監査役１名選任の件,増田吉彦,可決,97.59
63760,63760_20250331.htm,第１号議案,定款一部変更の件。事業内容の明確化、事業目的事項の追加、執行役員制度の導入に伴う役付取締役に関する規定の変更、株主総会および取締役会の招集者および議長に関する規定の変更。,,可決,99.75
63760,63760_20250331.htm,第２号議案,取締役９名選任の件,甲斐　敏彦,可決,94.3
63760,63760_20250331.htm,第２号議案,取締役９名選任の件,山村　優,可決,95.97
63760,63760_20250331.htm,第２号議案,取締役９名選任の件,加藤　孝一,可決,95.96
63760,63760_20250331.htm,第２号議案,取締役９名選任の件,齋藤　賢治,可決,95.95
63760,63760_20250331.htm,第２号議案,取締役９名選任の件,木下　良彦,可決,95.95
63760,63760_20250331.htm,第２号議案,取締役９名選任の件,ピーター・ワグナー,可決,95.95
63760,63760_20250331.htm,第２号議案,取締役９名選任の件,中久保　満昭,可決,96.16
63760,63760_20250331.htm,第２号議案,取締役９名選任の件,菊地　敦子,可決,99.58
63760,63760_20250331.htm,第２号議案,取締役９名選任の件,山口　純子,可決,99.62
59500,59500_20250403.htm,第１号議案,剰余金の処分の件,,可決,99.44
59500,59500_20250403.htm,第２号議案,取締役（監査等委員であるものを除く。）４名選任の件,安田　正利,可決,99.38
59500,59500_20250403.htm,第２号議案,取締役（監査等委員であるものを除く。）４名選任の件,藤井　宏二,可決,99.39
59500,59500_20250403.htm,第２号議案,取締役（監査等委員であるものを除く。）４名選任の件,高木　茂幸,可決,99.38
59500,59500_20250403.htm,第２号議案,取締役（監査等委員であるものを除く。）４名選任の件,鈴木　昭洋,可決,99.4
93380,93380_20250331.htm,第１号議案　定款一部変更の件,当社グループの業務効率化、事業内容の多角化、新規事業への進出に備えるため、事業目的を追加する,,可決,99.23
93380,93380_20250331.htm,第２号議案　資本金及び資本準備金の額の減少の件,今後想定される環境変化等に耐えうる資本政策等の柔軟性・機動性の向上を目的として、会社法第447条第1項及び同法第448条第1項の規定に基づき、資本金及び資本準備金の額を減少し、これらをその他資本剰余金に振り替える,,可決,99.21
93380,93380_20250331.htm,第３号議案　取締役７名選任の件,秋山広宣、橋本祐樹、高橋朋伯、角田耕一、鈴木シュヴァイスグート絵里子、星健一及び天野友道を取締役に選任する,秋山広宣,可決,99.22
93380,93380_20250331.htm,第３号議案　取締役７名選任の件,秋山広宣、橋本祐樹、高橋朋伯、角田耕一、鈴木シュヴァイスグート絵里子、星健一及び天野友道を取締役に選任する,橋本祐樹,可決,99.21
93380,93380_20250331.htm,第３号議案　取締役７名選任の件,秋山広宣、橋本祐樹、高橋朋伯、角田耕一、鈴木シュヴァイスグート絵里子、星健一及び天野友道を取締役に選任する,高橋朋伯,可決,99.2
93380,93380_20250331.htm,第３号議案　取締役７名選任の件,秋山広宣、橋本祐樹、高橋朋伯、角田耕一、鈴木シュヴァイスグート絵里子、星健一及び天野友道を取締役に選任する,角田耕一,可決,99.2
93380,93380_20250331.htm,第３号議案　取締役７名選任の件,秋山広宣、橋本祐樹、高橋朋伯、角田耕一、鈴木シュヴァイスグート絵里子、星健一及び天野友道を取締役に選任する,鈴木シュヴァイスグート絵里子,可決,99.2
93380,93380_20250331.htm,第３号議案　取締役７名選任の件,秋山広宣、橋本祐樹、高橋朋伯、角田耕一、鈴木シュヴァイスグート絵里子、星健一及び天野友道を取締役に選任する,星健一,可決,99.19
93380,93380_20250331.htm,第３号議案　取締役７名選任の件,秋山広宣、橋本祐樹、高橋朋伯、角田耕一、鈴木シュヴァイスグート絵里子、星健一及び天野友道を取締役に選任する,天野友道,可決,99.2
93380,93380_20250331.htm,第４号議案　取締役に対する業績連動型株式報酬制度一部改定及び継続の件,当社の今後のグローバル展開を見据えた取締役報酬制度の見直しを実施し、社内取締役の株価へのコミットメント、企業価値向上へ向けたインセンティブとしての位置付け及び株主の皆様とのより一層の価値共有を強化することを目的に、取締役に対する金銭報酬限度額及び第５号議案とは別枠で、PSU制度の一部を改定したうえで継続する,,可決,75.73
93380,93380_20250331.htm,第５号議案　取締役に対する事後交付型譲渡制限付株式報酬制度導入の件,今後のグローバル展開を見据えて報酬体系の見直しを実施し、取締役の報酬と会社業績及び当社の株式価値との連動性をより明確化することなどにより取締役に当社の企業価値の持続的な向上を図るインセンティブを与えるとともに、取締役と株主の皆様との一層の価値共有を進めることを目的として、取締役に対する金銭報酬限度額及び第４号議案とは別枠で、新たに事後交付型譲渡制限付株式報酬制度を導入する,,可決,57.29
89950,89950_20250205.htm,取締役（監査等委員である取締役を除く。）２名選任の件,取締役（監査等委員である取締役を除く。）２名選任,西元　敏之,可決,99.4
89950,89950_20250205.htm,取締役（監査等委員である取締役を除く。）２名選任の件,取締役（監査等委員である取締役を除く。）２名選任,井上　正美,可決,99.4
32760,32760_20250326.htm,第１号議案,定款一部変更の件。当社の今後の事業領域の拡大及び多様化に対応するため、事業目的の変更を行う。,null,可決,99.6
32760,32760_20250326.htm,第２号議案,取締役（監査等委員である取締役を除く。）６名選任の件,武藤　英明,可決,99.42
32760,32760_20250326.htm,第２号議案,取締役（監査等委員である取締役を除く。）６名選任の件,川久保　公司,可決,99.31
32760,32760_20250326.htm,第２号議案,取締役（監査等委員である取締役を除く。）６名選任の件,細田　隆,可決,99.32
32760,32760_20250326.htm,第２号議案,取締役（監査等委員である取締役を除く。）６名選任の件,池田　茂雄,可決,99.5
32760,32760_20250326.htm,第２号議案,取締役（監査等委員である取締役を除く。）６名選任の件,上田　晋也,可決,99.5
32760,32760_20250326.htm,第２号議案,取締役（監査等委員である取締役を除く。）６名選任の件,屋宮　貴之,可決,99.48
32760,32760_20250326.htm,第３号議案,監査等委員である取締役１名選任の件,大西伸幸,可決,99.46
40040,40040_20250328.htm,第１号議案,期末配当を普通株式１株につき金65円とします。,,可決,98.95
40040,40040_20250328.htm,第２号議案,"場所の定めのない株主総会を開催することができるよう、第12条第３項を新設します。
相談役制度廃止に伴い、第27条を削除します。",,可決,85.16
40040,40040_20250328.htm,第３号議案,取締役として、髙橋秀仁、森川宏平、染宮秀樹、眞岡朋光、今井のり、常石哲男、安川健司、大西賢、榊原泉の各氏を選任します。,髙橋秀仁,可決,98.41
40040,40040_20250328.htm,第３号議案,取締役として、髙橋秀仁、森川宏平、染宮秀樹、眞岡朋光、今井のり、常石哲男、安川健司、大西賢、榊原泉の各氏を選任します。,森川宏平,可決,97.98
40040,40040_20250328.htm,第３号議案,取締役として、髙橋秀仁、森川宏平、染宮秀樹、眞岡朋光、今井のり、常石哲男、安川健司、大西賢、榊原泉の各氏を選任します。,染宮秀樹,可決,98.46
40040,40040_20250328.htm,第３号議案,取締役として、髙橋秀仁、森川宏平、染宮秀樹、眞岡朋光、今井のり、常石哲男、安川健司、大西賢、榊原泉の各氏を選任します。,眞岡朋光,可決,98.46
40040,40040_20250328.htm,第３号議案,取締役として、髙橋秀仁、森川宏平、染宮秀樹、眞岡朋光、今井のり、常石哲男、安川健司、大西賢、榊原泉の各氏を選任します。,今井のり,可決,98.63
40040,40040_20250328.htm,第３号議案,取締役として、髙橋秀仁、森川宏平、染宮秀樹、眞岡朋光、今井のり、常石哲男、安川健司、大西賢、榊原泉の各氏を選任します。,常石哲男,可決,99.09
40040,40040_20250328.htm,第３号議案,取締役として、髙橋秀仁、森川宏平、染宮秀樹、眞岡朋光、今井のり、常石哲男、安川健司、大西賢、榊原泉の各氏を選任します。,安川健司,可決,99.06
40040,40040_20250328.htm,第３号議案,取締役として、髙橋秀仁、森川宏平、染宮秀樹、眞岡朋光、今井のり、常石哲男、安川健司、大西賢、榊原泉の各氏を選任します。,大西賢,可決,99.2
40040,40040_20250328.htm,第３号議案,取締役として、髙橋秀仁、森川宏平、染宮秀樹、眞岡朋光、今井のり、常石哲男、安川健司、大西賢、榊原泉の各氏を選任します。,榊原泉,可決,99.2
40040,40040_20250328.htm,第４号議案,"取締役に対する基本報酬および短期業績連動報酬の金銭報酬額を年額1,100百万円以内（うち社外取締役分は年額150百万円以内）に改定します。
取締役の報酬額には、使用人兼務取締役の使用人分給与は含まれないものとします。",,可決,98.84
40040,40040_20250328.htm,第５号議案,第４号議案の報酬額とは別枠として、業績連動型株式報酬制度の一部を改定するとともに、株式給付信託を利用し、取締役に退任までの間の譲渡制限が付された株式を給付する株式報酬制度を導入します。,,可決,83.94
42580,42580_20250328.htm,第１号議案,取締役(監査等委員である取締役を除く。)３名選任の件,石田晃太、佐久間貴、寺園雄記,可決,93.78
42580,42580_20250328.htm,第２号議案,監査等委員である取締役３名選任の件,森雅司、権浩子、森詩絵里,可決,93.81
64000,64000_20250328.htm,第１号議案,剰余金処分の件,null,可決,98.8
64000,64000_20250328.htm,第２号議案,取締役５名選任の件,伊井　剛,可決,97.8
64000,64000_20250328.htm,第２号議案,取締役５名選任の件,藤本　由数,可決,97.5
64000,64000_20250328.htm,第２号議案,取締役５名選任の件,塩井　寿史,可決,97.6
64000,64000_20250328.htm,第２号議案,取締役５名選任の件,北林　勝博,可決,97.6
64000,64000_20250328.htm,第２号議案,取締役５名選任の件,高橋　秀昭,可決,97.5
64000,64000_20250328.htm,第３号議案,監査役２名選任の件,菅　一明,可決,98.1
64000,64000_20250328.htm,第３号議案,監査役２名選任の件,橋本　豊嗣,可決,97.8
64000,64000_20250328.htm,第４号議案,会計監査人選任の件,null,可決,98.4
25730,25730_20250401.htm,第１号議案,"剰余金の処分の件
（１）株主に対する配当財産の割当に関する事項及びその総額
当社普通株式１株につき15円 総額 204,107,160円
（２）剰余金の配当が効力を生じる日
2025年３月31日",,可決,98.6
25730,25730_20250401.htm,第２号議案,取締役９名選任の件,酒寄正太,可決,96.7
25730,25730_20250401.htm,第２号議案,取締役９名選任の件,山田雄亮,可決,98.0
25730,25730_20250401.htm,第２号議案,取締役９名選任の件,小松剛一,可決,98.0
25730,25730_20250401.htm,第２号議案,取締役９名選任の件,田中直幸,可決,98.6
25730,25730_20250401.htm,第２号議案,取締役９名選任の件,冨岡俊介,可決,97.9
25730,25730_20250401.htm,第２号議案,取締役９名選任の件,上田恵一,可決,97.9
25730,25730_20250401.htm,第２号議案,取締役９名選任の件,日浅尚子,可決,98.5
25730,25730_20250401.htm,第２号議案,取締役９名選任の件,菅原一機,可決,98.6
25730,25730_20250401.htm,第２号議案,取締役９名選任の件,菅沼耕二,可決,98.5
44810,44810_20250401.htm,第１号議案,取締役（監査等委員である取締役を除く。）４名選任の件,中山　克成,可決,99.75
44810,44810_20250401.htm,第１号議案,取締役（監査等委員である取締役を除く。）４名選任の件,髙野　哲行,可決,99.81
44810,44810_20250401.htm,第１号議案,取締役（監査等委員である取締役を除く。）４名選任の件,和田　成史,可決,87.4
44810,44810_20250401.htm,第１号議案,取締役（監査等委員である取締役を除く。）４名選任の件,上野　亨,可決,99.76
44810,44810_20250401.htm,第２号議案,監査等委員である取締役３名選任の件,木脇　秀己,可決,85.01
44810,44810_20250401.htm,第２号議案,監査等委員である取締役３名選任の件,栗原　章,可決,99.75
44810,44810_20250401.htm,第２号議案,監査等委員である取締役３名選任の件,島田　知子,可決,99.75
36330,36330_20250321.htm,第１号議案,定款一部変更の件,null,可決,99.31
36330,36330_20250321.htm,第２号議案,取締役（監査等委員である取締役を除く。）６名選任の件,佐藤　健太郎,可決,91.26
36330,36330_20250321.htm,第２号議案,取締役（監査等委員である取締役を除く。）６名選任の件,熊谷　正寿,可決,93.91
36330,36330_20250321.htm,第２号議案,取締役（監査等委員である取締役を除く。）６名選任の件,星　隼人,可決,96.78
36330,36330_20250321.htm,第２号議案,取締役（監査等委員である取締役を除く。）６名選任の件,五十島　啓人,可決,96.83
36330,36330_20250321.htm,第２号議案,取締役（監査等委員である取締役を除く。）６名選任の件,栗林　健太郎,可決,96.84
36330,36330_20250321.htm,第２号議案,取締役（監査等委員である取締役を除く。）６名選任の件,野上　真穂,可決,96.84
80950,80950_20250306.htm,第１号議案,剰余金の処分の件,,可決,98.65
80950,80950_20250306.htm,第２号議案,取締役７名選任の件,瀬戸口　智,可決,93.24
80950,80950_20250306.htm,第２号議案,取締役７名選任の件,岩城慶太郎,可決,93.94
80950,80950_20250306.htm,第２号議案,取締役７名選任の件,川野　　毅,可決,94.66
80950,80950_20250306.htm,第２号議案,取締役７名選任の件,二之宮義康,可決,94.69
80950,80950_20250306.htm,第２号議案,取締役７名選任の件,永井　恒男,可決,98.59
80950,80950_20250306.htm,第２号議案,取締役７名選任の件,永井三岐子,可決,98.62
80950,80950_20250306.htm,第２号議案,取締役７名選任の件,佐藤　　桂,可決,98.6
80950,80950_20250306.htm,第３号議案,補欠監査役１名選任の件,安永　雅俊,可決,98.73
82070,82070_20250328.htm,第１号議案,資本金の額の減少の件,,可決,97.74
82070,82070_20250328.htm,第２号議案,資本準備金の額の減少の件,,可決,97.69
92460,92460_20250331.htm,取締役（監査等委員である取締役を除く。）３名選任の件,取締役（監査等委員である取締役を除く。）として、土井 悠之介、松村 諒、柳沢 和正を選任する,土井 悠之介,可決,99.7
92460,92460_20250331.htm,取締役（監査等委員である取締役を除く。）３名選任の件,取締役（監査等委員である取締役を除く。）として、土井 悠之介、松村 諒、柳沢 和正を選任する,松村 諒,可決,99.7
92460,92460_20250331.htm,取締役（監査等委員である取締役を除く。）３名選任の件,取締役（監査等委員である取締役を除く。）として、土井 悠之介、松村 諒、柳沢 和正を選任する,柳沢 和正,可決,99.7
37770,37770_20250331.htm,第１号議案,"定款一部変更の件
（1）当社及び当社子会社の事業内容の多様化に対応するため、現行定款第２条（目的）に事業目的を追加するものであります。
（2）将来の機動的な資本政策のため、現行定款第６条（発行可能株式総数）を変更するものであります。",,可決,98.9
37770,37770_20250331.htm,第２号議案,"取締役４名選任の件
車陸昭、脇谷敏之、福田健、近藤哲也を取締役に選任するものであります。",車陸昭,可決,98.89
37770,37770_20250331.htm,第２号議案,"取締役４名選任の件
車陸昭、脇谷敏之、福田健、近藤哲也を取締役に選任するものであります。",脇谷敏之,可決,98.84
37770,37770_20250331.htm,第２号議案,"取締役４名選任の件
車陸昭、脇谷敏之、福田健、近藤哲也を取締役に選任するものであります。",福田健,可決,98.89
37770,37770_20250331.htm,第２号議案,"取締役４名選任の件
車陸昭、脇谷敏之、福田健、近藤哲也を取締役に選任するものであります。",近藤哲也,可決,98.74
37770,37770_20250331.htm,第３号議案,"監査役１名選任の件
髙木貴子を監査役に選任するものであります。",髙木貴子,可決,98.96
60810,60810_20250401.htm,取締役（監査等委員である取締役を除く。）３名選任の件,取締役（監査等委員である取締役を除く。）として、中村壮秀、村岡弥真人及び田中裕志の３名を選任する,中村壮秀,可決,92.0
60810,60810_20250401.htm,取締役（監査等委員である取締役を除く。）３名選任の件,取締役（監査等委員である取締役を除く。）として、中村壮秀、村岡弥真人及び田中裕志の３名を選任する,村岡弥真人,可決,91.99
60810,60810_20250401.htm,取締役（監査等委員である取締役を除く。）３名選任の件,取締役（監査等委員である取締役を除く。）として、中村壮秀、村岡弥真人及び田中裕志の３名を選任する,田中裕志,可決,92.25
72270,72270_20250228.htm,第１号議案,剰余金処分の件。①配当財産の種類：金銭。②期末配当に関する事項：当社普通株式１株につき27円。②効力発生日：2025年２月27日,null,可決,99.9
72270,72270_20250228.htm,第２号議案,定款一部変更の件。機動的な資本政策及び配当政策を図るため、会社法第459条第１項の規定に基づき、剰余金の配当等を取締役会決議により行うことが可能となるよう、定款第42条（剰余金の配当等の決定機関）及び第43条（剰余金の配当の基準日）を新設し、併せて内容が重複する第６条（自己株式の取得）、第43条（期末配当金）及び第44条（中間配当金）の削除を行う,null,可決,99.2
72270,72270_20250228.htm,第３号議案,取締役（監査等委員である取締役を除く。）12名選任の件,片山義規、竹之内敏昭、片山義浩、神谷政志、片山敬勝、村井敏宏、磯貝啓治、中島章貴、堀充孝、片山義章、鈴木進一、長島彰,可決,98.8
72270,72270_20250228.htm,第３号議案,取締役（監査等委員である取締役を除く。）12名選任の件,竹之内敏昭,可決,99.9
72270,72270_20250228.htm,第３号議案,取締役（監査等委員である取締役を除く。）12名選任の件,片山義浩,可決,99.9
72270,72270_20250228.htm,第３号議案,取締役（監査等委員である取締役を除く。）12名選任の件,神谷政志,可決,99.9
72270,72270_20250228.htm,第３号議案,取締役（監査等委員である取締役を除く。）12名選任の件,片山敬勝,可決,99.9
72270,72270_20250228.htm,第３号議案,取締役（監査等委員である取締役を除く。）12名選任の件,村井敏宏,可決,99.9
72270,72270_20250228.htm,第３号議案,取締役（監査等委員である取締役を除く。）12名選任の件,磯貝啓治,可決,99.9
72270,72270_20250228.htm,第３号議案,取締役（監査等委員である取締役を除く。）12名選任の件,中島章貴,可決,99.9
72270,72270_20250228.htm,第３号議案,取締役（監査等委員である取締役を除く。）12名選任の件,堀充孝,可決,99.9
72270,72270_20250228.htm,第３号議案,取締役（監査等委員である取締役を除く。）12名選任の件,片山義章,可決,99.9
72270,72270_20250228.htm,第３号議案,取締役（監査等委員である取締役を除く。）12名選任の件,鈴木進一,可決,99.9
72270,72270_20250228.htm,第３号議案,取締役（監査等委員である取締役を除く。）12名選任の件,長島彰,可決,99.9
72270,72270_20250228.htm,第４号議案,監査等委員である取締役２名選任の件,杉浦隆浩,可決,99.9
72270,72270_20250228.htm,第４号議案,監査等委員である取締役２名選任の件,馬立浩徳,可決,99.2
72270,72270_20250228.htm,第５号議案,退任取締役に対する慰労金贈呈の件。監査等委員でない取締役太田雅文氏は、本総会終結の時をもって任期満了により退任されるので、在任中の功労に報いるため、当社における一定の基準に従い、相当額の範囲内で慰労金を贈呈する,null,可決,99.9
27210,27210_20250328.htm,第１号議案,取締役４名選任の件,眞野定也,可決,98.8
27210,27210_20250328.htm,第１号議案,取締役４名選任の件,中山宏一,可決,98.8
27210,27210_20250328.htm,第１号議案,取締役４名選任の件,山室敬史,可決,98.8
27210,27210_20250328.htm,第１号議案,取締役４名選任の件,浅田大,可決,98.6
27210,27210_20250328.htm,第２号議案,監査役１名選任の件,四方直樹,可決,98.6
58510,58510_20250327.htm,第１号議案,剰余金の処分の件。期末配当金は普通株式１株につき金42.50円とする。,null,可決,92.93
58510,58510_20250327.htm,第２号議案,定款一部変更の件。取締役の経営責任を明確にし、経営環境の変化に迅速に対応できる経営体制を構築するため、取締役の任期を２年から１年に短縮するよう、定款第21条の変更を行う。,null,可決,97.86
58510,58510_20250327.htm,第３号議案,取締役７名選任の件,浦上彰,可決,81.18
58510,58510_20250327.htm,第３号議案,取締役７名選任の件,藤井和彦,可決,93.73
58510,58510_20250327.htm,第３号議案,取締役７名選任の件,谷藤英樹,可決,93.71
58510,58510_20250327.htm,第３号議案,取締役７名選任の件,大岡哲,可決,67.03
58510,58510_20250327.htm,第３号議案,取締役７名選任の件,伊香賀正彦,可決,90.02
58510,58510_20250327.htm,第３号議案,取締役７名選任の件,伊藤麻美,可決,93.96
58510,58510_20250327.htm,第３号議案,取締役７名選任の件,荒井洋一,可決,69.36
58510,58510_20250327.htm,第４号議案,剰余金処分の件。普通株式１株当たりの配当金額(以下「１株配当」という。) として、206円から、第113回定時株主総会において可決された当社取締役会が提案した剰余金処分に係る議案に基づく１株配当を控除した金額を配当する。2024年12月期１株当たりの純資産の100分の４について１円単位未満を切り捨てた金額が206円と異なる場合は、冒頭の206円を、2024年12月期１株当たり純資産の100分の４について１円単位未満を切り捨てた金額に読み替える。,null,否決,11.92
58510,58510_20250327.htm,第５号議案,日本事業の継続的な価格適正化の検討委員会の設置に関する定款の一部変更。定款に、担当取締役及び社外取締役をメンバーとして、外部アドバイザーの知見も活用しつつ、販売価格の引き上げによる日本事業の収益力向上を図るための検討委員会を設置する旨の規定を追加する。,null,否決,6.58
24910,24910_20250326.htm,第１号議案,取締役（監査等委員である取締役を除く。）６名選任の件,香川　仁,可決,84.4
24910,24910_20250326.htm,第１号議案,取締役（監査等委員である取締役を除く。）６名選任の件,遠藤　雅知,可決,91.2
24910,24910_20250326.htm,第１号議案,取締役（監査等委員である取締役を除く。）６名選任の件,長谷川　拓,可決,91.3
24910,24910_20250326.htm,第１号議案,取締役（監査等委員である取締役を除く。）６名選任の件,田邉　浩一郎,可決,91.3
24910,24910_20250326.htm,第１号議案,取締役（監査等委員である取締役を除く。）６名選任の件,粕谷　吉正,可決,91.3
24910,24910_20250326.htm,第１号議案,取締役（監査等委員である取締役を除く。）６名選任の件,安房　正浩,可決,94.5
24910,24910_20250326.htm,第２号議案,監査等委員である取締役１名選任の件,池田　明霞,可決,95.5
50270,50270_20250328.htm,第１号議案,資本準備金の額の減少の件,,可決,99.82
50270,50270_20250328.htm,第２号議案,取締役（監査等委員である取締役を除く）３名選任の件,十河宏輔,可決,92.27
50270,50270_20250328.htm,第２号議案,取締役（監査等委員である取締役を除く）３名選任の件,大川敬三,可決,99.82
50270,50270_20250328.htm,第２号議案,取締役（監査等委員である取締役を除く）３名選任の件,池内省五,可決,99.13
62780,62780_20250327.htm,第１号議案,剰余金の処分の件,,可決,98.77
62780,62780_20250327.htm,第２号議案,取締役７名選任の件,片山貴雄,可決,76.5
62780,62780_20250327.htm,第２号議案,取締役７名選任の件,渡邉裕二,可決,92.2
62780,62780_20250327.htm,第２号議案,取締役７名選任の件,中島有一,可決,98.18
62780,62780_20250327.htm,第２号議案,取締役７名選任の件,槇浩行,可決,99.71
62780,62780_20250327.htm,第２号議案,取締役７名選任の件,山本博毅,可決,79.76
62780,62780_20250327.htm,第２号議案,取締役７名選任の件,若林勝三,可決,98.06
62780,62780_20250327.htm,第２号議案,取締役７名選任の件,三瀬隆,可決,99.74
62780,62780_20250327.htm,第３号議案,補欠取締役１名選任の件,神谷幹典,可決,92.85
91600,91600_20250331.htm,第１号議案　取締役８名選任の件,取締役として、荻野洋基、増山晃年、小林雄也、笹岡知寿子、井口智之、髙木寛、橋本眞史および等健次の８名を選任する,荻野洋基,可決,95.93
91600,91600_20250331.htm,第１号議案　取締役８名選任の件,取締役として、荻野洋基、増山晃年、小林雄也、笹岡知寿子、井口智之、髙木寛、橋本眞史および等健次の８名を選任する,増山晃年,可決,97.58
91600,91600_20250331.htm,第１号議案　取締役８名選任の件,取締役として、荻野洋基、増山晃年、小林雄也、笹岡知寿子、井口智之、髙木寛、橋本眞史および等健次の８名を選任する,小林雄也,可決,97.61
91600,91600_20250331.htm,第１号議案　取締役８名選任の件,取締役として、荻野洋基、増山晃年、小林雄也、笹岡知寿子、井口智之、髙木寛、橋本眞史および等健次の８名を選任する,笹岡知寿子,可決,97.59
91600,91600_20250331.htm,第１号議案　取締役８名選任の件,取締役として、荻野洋基、増山晃年、小林雄也、笹岡知寿子、井口智之、髙木寛、橋本眞史および等健次の８名を選任する,井口智之,否決,0.0
91600,91600_20250331.htm,第１号議案　取締役８名選任の件,取締役として、荻野洋基、増山晃年、小林雄也、笹岡知寿子、井口智之、髙木寛、橋本眞史および等健次の８名を選任する,髙木寛,可決,97.53
91600,91600_20250331.htm,第１号議案　取締役８名選任の件,取締役として、荻野洋基、増山晃年、小林雄也、笹岡知寿子、井口智之、髙木寛、橋本眞史および等健次の８名を選任する,橋本眞史,可決,97.47
91600,91600_20250331.htm,第１号議案　取締役８名選任の件,取締役として、荻野洋基、増山晃年、小林雄也、笹岡知寿子、井口智之、髙木寛、橋本眞史および等健次の８名を選任する,等健次,可決,97.51
91600,91600_20250331.htm,第１号議案に対する修正動議,原案は、井口智之を除く荻野洋基、増山晃年、小林雄也、笹岡知寿子、髙木寛、橋本眞史および等健次の７名とし、取締役候補者井口智之に代えて、横岩利恵を取締役として選任する,横岩利恵,可決,75.11
91600,91600_20250331.htm,第２号議案　取締役（社外取締役、非常勤取締役を除く。）に対する譲渡制限付株式の付与のための報酬決定の件,取締役（社外取締役、非常勤取締役を除く。）に対する譲渡制限付株式の付与のための報酬決定,N/A,可決,97.38
91600,91600_20250331.htm,第３号議案　補欠監査役１名選任の件,補欠監査役として、等健次氏を選任する,等健次,可決,97.56
91600,91600_20250331.htm,第４号議案　資本金の額の減少および剰余金の処分の件,資本金の額の減少および剰余金の処分,N/A,可決,97.53
76750,76750_20250401.htm,第１号議案,取締役（監査等委員である取締役を除く。）４名選任の件,永津嘉人,可決,93.55
76750,76750_20250401.htm,第１号議案,取締役（監査等委員である取締役を除く。）４名選任の件,福井稔,可決,93.55
76750,76750_20250401.htm,第１号議案,取締役（監査等委員である取締役を除く。）４名選任の件,鵜飼和広,可決,93.55
76750,76750_20250401.htm,第１号議案,取締役（監査等委員である取締役を除く。）４名選任の件,品田文隆,可決,93.55
76750,76750_20250401.htm,第２号議案,監査等委員である取締役３名選任の件,今井章博,可決,93.55
76750,76750_20250401.htm,第２号議案,監査等委員である取締役３名選任の件,神谷喜代子,可決,93.55
76750,76750_20250401.htm,第２号議案,監査等委員である取締役３名選任の件,古澤仁之,可決,93.55
36560,36560_20250328.htm,第１号議案,監査等委員でない取締役５名選任の件,森田英克,否決,42.47
36560,36560_20250328.htm,第１号議案,監査等委員でない取締役５名選任の件,五十嵐洋介,可決,57.38
36560,36560_20250328.htm,第１号議案,監査等委員でない取締役５名選任の件,真田哲弥,可決,57.42
36560,36560_20250328.htm,第１号議案,監査等委員でない取締役５名選任の件,高田和幸,可決,60.59
36560,36560_20250328.htm,第１号議案,監査等委員でない取締役５名選任の件,中根良樹,可決,60.12
36560,36560_20250328.htm,第２号議案,取締役森田英克氏解任の件,森田英克,採決なし,0.0
36530,36530_20250131.htm,第１号議案　取締役６名選任の件,平賀　督基、曽田　誠、西山　貴之、各務　茂夫、永田　淸人、秋山　ゆかりを取締役に選任する。,平賀　督基,可決,95.06
36530,36530_20250131.htm,第１号議案　取締役６名選任の件,平賀　督基、曽田　誠、西山　貴之、各務　茂夫、永田　淸人、秋山　ゆかりを取締役に選任する。,曽田　誠,可決,95.08
36530,36530_20250131.htm,第１号議案　取締役６名選任の件,平賀　督基、曽田　誠、西山　貴之、各務　茂夫、永田　淸人、秋山　ゆかりを取締役に選任する。,西山　貴之,可決,95.13
36530,36530_20250131.htm,第１号議案　取締役６名選任の件,平賀　督基、曽田　誠、西山　貴之、各務　茂夫、永田　淸人、秋山　ゆかりを取締役に選任する。,各務　茂夫,可決,94.98
36530,36530_20250131.htm,第１号議案　取締役６名選任の件,平賀　督基、曽田　誠、西山　貴之、各務　茂夫、永田　淸人、秋山　ゆかりを取締役に選任する。,永田　淸人,可決,95.07
36530,36530_20250131.htm,第１号議案　取締役６名選任の件,平賀　督基、曽田　誠、西山　貴之、各務　茂夫、永田　淸人、秋山　ゆかりを取締役に選任する。,秋山　ゆかり,可決,95.14
36530,36530_20250131.htm,第２号議案　監査役１名選任の件,桑村　信彦を監査役に選任する。,桑村　信彦,可決,96.03
36530,36530_20250131.htm,第３号議案　補欠監査役１名選任の件,根岸　秀忠を補欠監査役に選任する。,根岸　秀忠,可決,95.84
13830,13830_20250131.htm,第１号議案　剰余金処分の件,当社普通株式１株につき金10円,null,可決,99.72
13830,13830_20250131.htm,第２号議案　取締役５名選任の件,取締役５名選任,山口 一彦,可決,99.42
13830,13830_20250131.htm,第２号議案　取締役５名選任の件,取締役５名選任,山口 眞由子,可決,99.45
13830,13830_20250131.htm,第２号議案　取締役５名選任の件,取締役５名選任,小谷 近之,可決,99.5
13830,13830_20250131.htm,第２号議案　取締役５名選任の件,取締役５名選任,宮側 浩一,可決,99.41
13830,13830_20250131.htm,第２号議案　取締役５名選任の件,取締役５名選任,野田 修,可決,99.22
13830,13830_20250131.htm,第３号議案　補欠監査役１名選任の件,補欠監査役１名選任,稲田 司,可決,99.16
13830,13830_20250131.htm,第４号議案　取締役（社外取締役を含む。）に対する譲渡制限付株式の割当てのための報酬決定の件,取締役（社外取締役を含む。）に対する譲渡制限付株式の割当てのための報酬決定,null,可決,98.91
23010,23010_20250131.htm,第１号議案　剰余金の配当（第47期期末配当）の件,"①配当財産の種類：金銭
②配当財産の割当てに関する事項およびその総額：当社普通株式１株につき金39円、配当総額　533,749,047円
③剰余金の配当が効力を生ずる日：2025年１月27日",,可決,99.45
23010,23010_20250131.htm,第２号議案　定款一部変更の件,当社の現行定款の第20条（任期）の一部変更。,,可決,99.47
23010,23010_20250131.htm,第３号議案　取締役７名選任の件,取締役７名選任,中井清和,可決,91.47
23010,23010_20250131.htm,第３号議案　取締役７名選任の件,取締役７名選任,中井大志,可決,95.17
23010,23010_20250131.htm,第３号議案　取締役７名選任の件,取締役７名選任,乾真一朗,可決,96.55
23010,23010_20250131.htm,第３号議案　取締役７名選任の件,取締役７名選任,辻内章,可決,93.01
23010,23010_20250131.htm,第３号議案　取締役７名選任の件,取締役７名選任,笹川祐子,可決,96.54
23010,23010_20250131.htm,第３号議案　取締役７名選任の件,取締役７名選任,宮田喜好,可決,71.41
23010,23010_20250131.htm,第３号議案　取締役７名選任の件,取締役７名選任,和田裕美,可決,96.49
23010,23010_20250131.htm,第４号議案　監査役２名選任の件,監査役２名選任,前義信,可決,99.33
23010,23010_20250131.htm,第４号議案　監査役２名選任の件,監査役２名選任,小林聖子,可決,99.37
32610,32610_20250327.htm,第１号議案,"剰余金処分の件
期末配当に関する事項
当社普通株式１株につき金20円（内記念配当 金５円）総額82,000,740円",null,可決,99.27
32610,32610_20250327.htm,第２号議案,"定款一部変更の件
当社の現状の事業内容の明確化を図るとともに、事業内容の多様化に対応するため、事業目的の追加を行うものであります。",null,可決,99.33
32610,32610_20250327.htm,第３号議案,取締役４名選任の件,亀井　浩,可決,99.21
32610,32610_20250327.htm,第３号議案,取締役４名選任の件,後藤　大岳,可決,99.19
32610,32610_20250327.htm,第３号議案,取締役４名選任の件,原口　祥彦,可決,99.07
32610,32610_20250327.htm,第３号議案,取締役４名選任の件,藤嶋　司,可決,99.07
93130,93130_20250303.htm,第１号議案,"剰余金の処分の件
イ　株主に対する剰余金の配当に関する事項及びその総額
当社株式１株につき金20円　　総額118,423,860円
ロ　効力発生日
2025年２月28日",,可決,99.22
93130,93130_20250303.htm,第２号議案,"取締役５名選任の件
取締役として、峯島一郎、宮沢浩元、谷健次、山口正志、および佐藤久和の５氏を選任する。",峯島一郎、宮沢浩元、谷健次、山口正志、佐藤久和,可決,99.25
93130,93130_20250303.htm,第２号議案,"取締役５名選任の件
取締役として、峯島一郎、宮沢浩元、谷健次、山口正志、および佐藤久和の５氏を選任する。",峯島一郎,可決,99.25
93130,93130_20250303.htm,第２号議案,"取締役５名選任の件
取締役として、峯島一郎、宮沢浩元、谷健次、山口正志、および佐藤久和の５氏を選任する。",宮沢浩元,可決,99.25
93130,93130_20250303.htm,第２号議案,"取締役５名選任の件
取締役として、峯島一郎、宮沢浩元、谷健次、山口正志、および佐藤久和の５氏を選任する。",谷健次,可決,99.11
93130,93130_20250303.htm,第２号議案,"取締役５名選任の件
取締役として、峯島一郎、宮沢浩元、谷健次、山口正志、および佐藤久和の５氏を選任する。",山口正志,可決,99.11
93130,93130_20250303.htm,第２号議案,"取締役５名選任の件
取締役として、峯島一郎、宮沢浩元、谷健次、山口正志、および佐藤久和の５氏を選任する。",佐藤久和,可決,97.57
93130,93130_20250303.htm,第３号議案,"当社株式等の大規模買付行為に関する対応策（買収への対応方針）の継続の件
当社株式等の大規模買付行為に関する対応策（買収への対応方針）を継続し、本対応策の有効期間を2028年２月開催予定の定時株主総会終結の時まで延長する。",,可決,97.57
56160,56160_20250331.htm,第１号議案,定款一部変更の件,,可決,98.42
56160,56160_20250331.htm,第２号議案,資本金及び資本準備金の額の減少並びに剰余金の処分の件,,可決,99.38
56160,56160_20250331.htm,第３号議案,取締役６名選任の件,高橋　博之,可決,98.3
56160,56160_20250331.htm,第３号議案,取締役６名選任の件,権藤　裕樹,可決,99.25
56160,56160_20250331.htm,第３号議案,取締役６名選任の件,大塚　泰造,可決,99.31
56160,56160_20250331.htm,第３号議案,取締役６名選任の件,永田　暁彦,可決,99.17
56160,56160_20250331.htm,第３号議案,取締役６名選任の件,清水　俊樹,可決,98.23
56160,56160_20250331.htm,第３号議案,取締役６名選任の件,小橋　正次郎,可決,98.36
53410,53410_20250228.htm,第１号議案,取締役（監査等委員である取締役を除く。）６名選任の件,星野和也,可決,97.77
53410,53410_20250228.htm,第１号議案,取締役（監査等委員である取締役を除く。）６名選任の件,浅野宣之,可決,97.59
53410,53410_20250228.htm,第１号議案,取締役（監査等委員である取締役を除く。）６名選任の件,上野泰志,可決,97.65
53410,53410_20250228.htm,第１号議案,取締役（監査等委員である取締役を除く。）６名選任の件,成田豊,可決,97.6
53410,53410_20250228.htm,第１号議案,取締役（監査等委員である取締役を除く。）６名選任の件,田中威之,可決,97.64
53410,53410_20250228.htm,第１号議案,取締役（監査等委員である取締役を除く。）６名選任の件,紀斌昆,可決,97.54
53410,53410_20250228.htm,第２号議案,補欠の監査等委員である取締役１名選任の件,宮崎忠雄,可決,97.63
39760,39760_20250204.htm,取締役３名選任の件,竹田浩氏を取締役に選任する,竹田浩,可决,97.31
39760,39760_20250204.htm,取締役３名選任の件,村上嘉浩氏を取締役に選任する,村上嘉浩,可决,97.26
39760,39760_20250204.htm,取締役３名選任の件,永島毅一郎氏を取締役に選任する,永島毅一郎,可决,97.46
48400,48400_20250401.htm,取締役(監査等委員である取締役を除く)４名選任の件,取締役(監査等委員である取締役を除く)として、東郷薫氏、上嶋悦男氏、松本浩司氏、土屋好子氏の４名を選任する,東郷薫,可決,78.28
48400,48400_20250401.htm,取締役(監査等委員である取締役を除く)４名選任の件,取締役(監査等委員である取締役を除く)として、東郷薫氏、上嶋悦男氏、松本浩司氏、土屋好子氏の４名を選任する,上嶋悦男,可決,78.34
48400,48400_20250401.htm,取締役(監査等委員である取締役を除く)４名選任の件,取締役(監査等委員である取締役を除く)として、東郷薫氏、上嶋悦男氏、松本浩司氏、土屋好子氏の４名を選任する,松本浩司,可決,78.3
48400,48400_20250401.htm,取締役(監査等委員である取締役を除く)４名選任の件,取締役(監査等委員である取締役を除く)として、東郷薫氏、上嶋悦男氏、松本浩司氏、土屋好子氏の４名を選任する,土屋好子,可決,78.22
212A0,212A0_20250131.htm,取締役９名選任の件,取締役として國江仙嗣を選任,國江仙嗣,可決,90.03
212A0,212A0_20250131.htm,取締役９名選任の件,取締役として中森勇樹を選任,中森勇樹,可決,99.14
212A0,212A0_20250131.htm,取締役９名選任の件,取締役として藤原祐次を選任,藤原祐次,可決,99.13
212A0,212A0_20250131.htm,取締役９名選任の件,取締役として守田拓記を選任,守田拓記,可決,99.14
212A0,212A0_20250131.htm,取締役９名選任の件,取締役として國江紀久を選任,國江紀久,可決,99.14
212A0,212A0_20250131.htm,取締役９名選任の件,取締役として新谷永を選任,新谷永,可決,99.13
212A0,212A0_20250131.htm,取締役９名選任の件,取締役として星野秀人を選任,星野秀人,可決,99.14
212A0,212A0_20250131.htm,取締役９名選任の件,取締役として松浦陽司を選任,松浦陽司,可決,99.14
212A0,212A0_20250131.htm,取締役９名選任の件,取締役として森口祐子を選任,森口祐子,可決,88.75
88940,88940_20250131.htm,第１号議案,"定款の一部変更の件
当社のホールディングス化に関連して、事業の目的に関する規定の一部を変更。
Ｂ種種類株式の全部消却に伴い、当該種類株式や当該種類株式に係る種類株主総会に関する規定を削除。
さらに、当社定款第30条が、会社法第459条第１項柱書に基づき、同項各号に掲げる事項を取締役会が定めることができる旨を定めた規定であることを明確化するべく、当該規定の表現を変更。",null,可決,99.42
88940,88940_20250131.htm,第２号議案,取締役(監査等委員である取締役を除く。)２名選任の件,新藤弘章,可決,99.39
88940,88940_20250131.htm,第２号議案,取締役(監査等委員である取締役を除く。)２名選任の件,砂川優太郎,可決,99.37
88940,88940_20250131.htm,第３号議案,会計監査人の選任の件,應和監査法人,可決,99.41
52420,52420_20250328.htm,第１号議案　定款一部変更の件,当社の事業内容の拡大に備えるため、定款第２条（目的）に定める事業目的の追加を行うものであります。また、事業目的の追加に伴い、号数を繰り下げるものであります。,,可決,99.68
52420,52420_20250328.htm,第２号議案　取締役３名選任の件,福島範幸を取締役に選任する,福島　範幸,可決,85.42
52420,52420_20250328.htm,第２号議案　取締役３名選任の件,三谷翔一を取締役に選任する,三谷　翔一,可決,99.54
52420,52420_20250328.htm,第２号議案　取締役３名選任の件,中村慶郎を取締役に選任する,中村　慶郎,可決,99.66
45970,45970_20250331.htm,第１号議案　取締役５名選任の件,取締役として、荒井好裕、宮下敏雄、スタンレー・ロー、栄木憲和、水川二郎を選任する。,荒井好裕,可決,84.42
45970,45970_20250331.htm,第１号議案　取締役５名選任の件,取締役として、荒井好裕、宮下敏雄、スタンレー・ロー、栄木憲和、水川二郎を選任する。,宮下敏雄,可決,78.03
45970,45970_20250331.htm,第１号議案　取締役５名選任の件,取締役として、荒井好裕、宮下敏雄、スタンレー・ロー、栄木憲和、水川二郎を選任する。,スタンレー・ロー,可決,84.27
45970,45970_20250331.htm,第１号議案　取締役５名選任の件,取締役として、荒井好裕、宮下敏雄、スタンレー・ロー、栄木憲和、水川二郎を選任する。,栄木憲和,可決,83.97
45970,45970_20250331.htm,第１号議案　取締役５名選任の件,取締役として、荒井好裕、宮下敏雄、スタンレー・ロー、栄木憲和、水川二郎を選任する。,水川二郎,可決,84.04
45970,45970_20250331.htm,第２号議案　監査役１名選任の件,監査役として、中村栄作を選任する。,中村栄作,可決,89.12
45970,45970_20250331.htm,第３号議案　資本金の額の減少の件,"１．資本金の額の減少の内容
会社法第447条第１項の規定に基づき、資本金の一部を減少させ、減少する資本金の額の全額を
その他資本剰余金に振り替える。
２．減少する資本金の額
2024年12月31日現在の資本金の額2,211,831,895円のうち2,111,831,895円
３．資本金の額の減少が効力を生じる日
2025年５月９日（予定）",,可決,89.41
44200,44200_20250331.htm,第１号議案　剰余金の処分の件,１株につき金４円の配当,null,可決,93.65
44200,44200_20250331.htm,第２号議案　定款一部変更の件,事業目的の表現の一部を変更、取締役会議長の選定に関する変更,null,可決,96.61
44200,44200_20250331.htm,第３号議案　取締役（監査等委員である取締役を除く。）６名選任の件,取締役（監査等委員である取締役を除く。）として権藤正樹、上山伸幸、長谷川勝敏、山田光信、宇田智之、中井戸信英の各氏を選任,権藤正樹,可決,98.83
44200,44200_20250331.htm,第３号議案　取締役（監査等委員である取締役を除く。）６名選任の件,取締役（監査等委員である取締役を除く。）として権藤正樹、上山伸幸、長谷川勝敏、山田光信、宇田智之、中井戸信英の各氏を選任,上山伸幸,可決,98.83
44200,44200_20250331.htm,第３号議案　取締役（監査等委員である取締役を除く。）６名選任の件,取締役（監査等委員である取締役を除く。）として権藤正樹、上山伸幸、長谷川勝敏、山田光信、宇田智之、中井戸信英の各氏を選任,長谷川勝敏,可決,96.01
44200,44200_20250331.htm,第３号議案　取締役（監査等委員である取締役を除く。）６名選任の件,取締役（監査等委員である取締役を除く。）として権藤正樹、上山伸幸、長谷川勝敏、山田光信、宇田智之、中井戸信英の各氏を選任,山田光信,可決,96.37
44200,44200_20250331.htm,第３号議案　取締役（監査等委員である取締役を除く。）６名選任の件,取締役（監査等委員である取締役を除く。）として権藤正樹、上山伸幸、長谷川勝敏、山田光信、宇田智之、中井戸信英の各氏を選任,宇田智之,可決,99.13
44200,44200_20250331.htm,第３号議案　取締役（監査等委員である取締役を除く。）６名選任の件,取締役（監査等委員である取締役を除く。）として権藤正樹、上山伸幸、長谷川勝敏、山田光信、宇田智之、中井戸信英の各氏を選任,中井戸信英,可決,98.81
44200,44200_20250331.htm,第４号議案　取締役（監査等委員である取締役及び社外取締役を除く。）に対する業績連動型譲渡制限付株式に係る報酬決定の件,業績連動型譲渡制限付株式に係る報酬制度を導入,null,可決,98.56
74220,74220_20250318.htm,第１号議案,剰余金処分の件,null,可決,95.72
74220,74220_20250318.htm,第２号議案,定款一部変更の件,null,可決,95.72
74220,74220_20250318.htm,第３号議案,取締役８名選任の件,笠井信剛、笠井庄治、矢野浩司、櫻井三樹子、北山恵理子、山形秀樹、金子嘉德、金子将幸,可決,95.65
74220,74220_20250318.htm,第４号議案,補欠監査役１名選任の件,小野聡,可決,95.72
74220,74220_20250318.htm,第５号議案,退任取締役に対し退職慰労金贈呈の件,髙野裕一,可決,94.49
93390,93390_20250328.htm,第１号議案,"剰余金の配当の件。当社普通株式１株につき金20.00円　総額は46,842,920円。2025年３月28日に効力発生",null,可決,94.49
93390,93390_20250328.htm,第２号議案,定款一部変更の件。取締役会の柔軟な運営を可能とすることを目的として、取締役会の招集権者及び議長につき代表取締役以外の取締役においても務めることができるよう、定款第25条第１項を修正し、第２項を追加する。,null,可決,99.33
93390,93390_20250328.htm,第３号議案,取締役（監査等委員である取締役を除く）６名選任の件,鈴木　義幸,可決,94.38
93390,93390_20250328.htm,第３号議案,取締役（監査等委員である取締役を除く）６名選任の件,纐纈　順史,可決,94.41
93390,93390_20250328.htm,第３号議案,取締役（監査等委員である取締役を除く）６名選任の件,稲川　由太郎,可決,99.27
93390,93390_20250328.htm,第３号議案,取締役（監査等委員である取締役を除く）６名選任の件,青木　美知子,可決,99.27
93390,93390_20250328.htm,第３号議案,取締役（監査等委員である取締役を除く）６名選任の件,内村　創,可決,99.27
93390,93390_20250328.htm,第３号議案,取締役（監査等委員である取締役を除く）６名選任の件,伊藤　守,可決,94.37
48830,48830_20250328.htm,第１号議案,"資本金及び資本準備金の額の減少並びに剰余金の処分の件
１．資本金の額の減少の内容
(1)　減少する資本金の額
720,541,568円
(2)　資本金の額の減少が効力を生ずる日
2025年５月15日
２．資本準備金の額の減少の内容
(1)　減少する資本準備金の額
720,541,567円
(2)　資本準備金の額の減少が効力を生ずる日
2025年５月15日
３．その他資本剰余金の処分の内容
下記のとおり、会社法第452条の規定に基づき、上記の資本金及び資本準備金の額の減少の効力発生を条件に、その他資本剰余金を繰越利益剰余金に振り替えることで、欠損填補に充当いたします。これにより、振替後の当社の繰越利益剰余金の額は０円となります。
(1)　減少する剰余金の項目及びその額
その他資本剰余金　　1,441,083,135円
(2)　増加する剰余金の項目及びその額
繰越利益剰余金　　　1,441,083,135円
(3)　剰余金の処分がその効力を生ずる日
2025年５月15日",,可決,91.92
48830,48830_20250328.htm,第２号議案,"定款一部変更の件
発行可能株式総数の変更に伴う定款一部変更によるもの。",,可決,89.98
48830,48830_20250328.htm,第３号議案,"取締役（監査等委員である取締役を除く。）３名選任の件
取締役（監査等委員である取締役を除く。）として、森田晴彦、竹田英樹、ジョセフ・マクラッケンの３氏を選任するもの。",森田晴彦,可決,92.47
48830,48830_20250328.htm,第３号議案,"取締役（監査等委員である取締役を除く。）３名選任の件
取締役（監査等委員である取締役を除く。）として、森田晴彦、竹田英樹、ジョセフ・マクラッケンの３氏を選任するもの。",竹田英樹,可決,92.18
48830,48830_20250328.htm,第３号議案,"取締役（監査等委員である取締役を除く。）３名選任の件
取締役（監査等委員である取締役を除く。）として、森田晴彦、竹田英樹、ジョセフ・マクラッケンの３氏を選任するもの。",ジョセフ・マクラッケン,可決,92.19
48830,48830_20250328.htm,第４号議案,"補欠の監査等委員である取締役１名選任の件
補欠の監査等委員である取締役として、中村栄作氏を選任するもの。",中村栄作,可決,93.19
48830,48830_20250328.htm,第５号議案,"会計監査人選任の件
アルファ監査法人を会計監査人を選任するもの。",アルファ監査法人,可決,93.7
48830,48830_20250328.htm,第６号議案,"取締役（監査等委員である取締役を除く。）に対するストック・オプションに係る報酬決定の件
取締役（監査等委員である取締役を除く。）に対するストック・オプションに関する報酬等の額を決定するもの。",,可決,87.53
40740,40740_20250328.htm,第１号議案,定款一部変更の件。コーポレート・ガバナンスの一層の充実という観点から、監査等委員会設置会社へと移行いたしたく、監査等委員及び監査等委員会に関する規定の新設並びに監査役及び監査役会に関する規定の削除を行う,null,可決,92.62
40740,40740_20250328.htm,第２号議案,取締役（監査等委員である取締役を除く。）４名選任の件,久保　努,可決,92.29
40740,40740_20250328.htm,第２号議案,取締役（監査等委員である取締役を除く。）４名選任の件,松本　英晴,可決,92.58
40740,40740_20250328.htm,第２号議案,取締役（監査等委員である取締役を除く。）４名選任の件,岩野　和生,可決,92.56
40740,40740_20250328.htm,第２号議案,取締役（監査等委員である取締役を除く。）４名選任の件,横田　浩,可決,92.56
40740,40740_20250328.htm,第３号議案,監査等委員である取締役３名選任の件,下田　純弘,可決,92.58
40740,40740_20250328.htm,第３号議案,監査等委員である取締役３名選任の件,山下　美穂,可決,92.59
40740,40740_20250328.htm,第３号議案,監査等委員である取締役３名選任の件,高野　裕子,可決,92.58
40740,40740_20250328.htm,第４号議案,取締役（監査等委員である取締役を除く。）の報酬額設定の件,null,可決,92.52
40740,40740_20250328.htm,第５号議案,監査等委員である取締役の報酬額設定の件,null,可決,92.52
36230,36230_20250326.htm,第１号議案,剰余金処分の件,,可決,97.95
36230,36230_20250326.htm,第２号議案,取締役８名選任の件,江田　敏彦,可決,95.19
36230,36230_20250326.htm,第２号議案,取締役８名選任の件,石塚　昭浩,可決,97.56
36230,36230_20250326.htm,第２号議案,取締役８名選任の件,木幡　徹,可決,97.65
36230,36230_20250326.htm,第２号議案,取締役８名選任の件,長谷川　毅,可決,97.66
36230,36230_20250326.htm,第２号議案,取締役８名選任の件,艾力江　買買提（アリジャン　メメット）,可決,97.45
36230,36230_20250326.htm,第２号議案,取締役８名選任の件,住原　智彦,可決,97.49
36230,36230_20250326.htm,第２号議案,取締役８名選任の件,安孫子　和司,可決,97.73
36230,36230_20250326.htm,第２号議案,取締役８名選任の件,木﨑　重雄,可決,97.73
92180,92180_20250331.htm,第１号議案,取締役６名選任の件,刀禰真之介,可決,91.68
92180,92180_20250331.htm,第１号議案,取締役６名選任の件,松本裕介,可決,99.66
92180,92180_20250331.htm,第１号議案,取締役６名選任の件,小倉行雄,可決,99.68
92180,92180_20250331.htm,第１号議案,取締役６名選任の件,樋口晴将,可決,99.68
92180,92180_20250331.htm,第１号議案,取締役６名選任の件,浅川秀治,可決,99.67
92180,92180_20250331.htm,第１号議案,取締役６名選任の件,小原毅也,可決,92.04
92180,92180_20250331.htm,第２号議案,監査役３名選任の件,中村幸雄,可決,99.59
92180,92180_20250331.htm,第２号議案,監査役３名選任の件,高橋勝,可決,91.93
92180,92180_20250331.htm,第２号議案,監査役３名選任の件,吉田夢子,可決,91.95
71280,71280_20250401.htm,第１号議案　剰余金処分の件,期末配当に関する事項,,可決,99.8
71280,71280_20250401.htm,第２号議案　定款一部変更の件,"（１）商号変更
（２）機関設計変更
（３）その他、条文の加除、修正及び条数の整備等の所要の変更を行う",,可決,99.6
71280,71280_20250401.htm,第３号議案　取締役（監査等委員を除く）６名選任の件,取締役（監査等委員を除く）６名選任,飯田邦彦,可決,99.6
71280,71280_20250401.htm,第３号議案　取締役（監査等委員を除く）６名選任の件,取締役（監査等委員を除く）６名選任,古里龍平,可決,99.6
71280,71280_20250401.htm,第３号議案　取締役（監査等委員を除く）６名選任の件,取締役（監査等委員を除く）６名選任,山下勝弘,可決,99.6
71280,71280_20250401.htm,第３号議案　取締役（監査等委員を除く）６名選任の件,取締役（監査等委員を除く）６名選任,中務裕之,可決,99.2
71280,71280_20250401.htm,第３号議案　取締役（監査等委員を除く）６名選任の件,取締役（監査等委員を除く）６名選任,武智順子,可決,99.6
71280,71280_20250401.htm,第３号議案　取締役（監査等委員を除く）６名選任の件,取締役（監査等委員を除く）６名選任,高橋尚男,可決,99.7
71280,71280_20250401.htm,第４号議案　監査等委員である取締役３名選任の件,監査等委員である取締役３名選任,大西　聡,可決,96.5
71280,71280_20250401.htm,第４号議案　監査等委員である取締役３名選任の件,監査等委員である取締役３名選任,疋田鏡子,可決,99.7
71280,71280_20250401.htm,第４号議案　監査等委員である取締役３名選任の件,監査等委員である取締役３名選任,佐々木康夫,可決,84.6
71280,71280_20250401.htm,第５号議案　補欠の監査等委員である取締役２名選任の件,補欠の監査等委員である取締役２名選任,嶋林直人,可決,96.3
71280,71280_20250401.htm,第５号議案　補欠の監査等委員である取締役２名選任の件,補欠の監査等委員である取締役２名選任,大川　治,可決,90.4
71280,71280_20250401.htm,第６号議案　取締役（監査等委員である取締役を除く。）の報酬額設定の件,監査等委員会設置会社への移行に伴い、新たに取締役（監査等委員である取締役を除く。）の報酬額を設定するため、現在の取締役の報酬額に関する定めを廃止し、取締役（監査等委員である取締役を除く。）の報酬額を、年額300百万円以内（うち社外取締役分は年額30百万円以内）と定める,,可決,99.4
71280,71280_20250401.htm,第７号議案　監査等委員である取締役の報酬額設定の件,監査等委員会設置会社への移行に伴い、監査等委員である取締役の職務と責任を考慮して、監査等委員である取締役の報酬額を年額50百万円以内と定める,,可決,99.4
71280,71280_20250401.htm,第８号議案　取締役（監査等委員である取締役、社外取締役を除く。）に対する業績連動型株式報酬制度の額及び内容決定の件,監査等委員会設置会社移行後の当社の取締役（監査等委員である取締役及び社外取締役を除きます。）、執行役員及び子会社の取締役等を対象とし、本制度に係る報酬等の額及び内容を改めて設定する,,可決,99.4
30890,30890_20250227.htm,第１号議案,剰余金配当の件,null,可決,98.48
30890,30890_20250227.htm,第２号議案,取締役３名選任の件,稲垣　映磨,可決,98.12
30890,30890_20250227.htm,第２号議案,取締役３名選任の件,中村　泰三,可決,97.9
30890,30890_20250227.htm,第２号議案,取締役３名選任の件,北野　孝輔,可決,98.04
67230,67230_20250331.htm,第１号議案,"剰余金の処分の件: 当社普通株式１株につき金28円　総額50,319,600,044円、配当が効力を生じる日（支払開始日）　2025年３月31日",null,可決,98.18
67230,67230_20250331.htm,第２号議案,取締役６名選任の件,柴田英利,可決,94.7
67230,67230_20250331.htm,第２号議案,取締役６名選任の件,岩﨑二郎,可決,97.03
67230,67230_20250331.htm,第２号議案,取締役６名選任の件,Selena Loh Lacroix,可決,99.52
67230,67230_20250331.htm,第２号議案,取締役６名選任の件,山本昇,可決,99.7
67230,67230_20250331.htm,第２号議案,取締役６名選任の件,平野拓也,可決,99.59
67230,67230_20250331.htm,第２号議案,取締役６名選任の件,水野朝子,可決,99.65
40120,40120_20250325.htm,第１号議案,剰余金の処分の件,,可決,97.4
40120,40120_20250325.htm,第２号議案,取締役６名選任の件,小倉博文,可決,99.0
40120,40120_20250325.htm,第２号議案,取締役６名選任の件,横田佳和,可決,99.0
40120,40120_20250325.htm,第２号議案,取締役６名選任の件,小菅直哉,可決,99.0
40120,40120_20250325.htm,第２号議案,取締役６名選任の件,栗屋野盛一郎,可決,98.9
40120,40120_20250325.htm,第２号議案,取締役６名選任の件,辺見香織,可決,99.0
40120,40120_20250325.htm,第２号議案,取締役６名選任の件,奥原玲子,可決,98.9
40120,40120_20250325.htm,第３号議案,取締役（社外取締役を除く）に対する譲渡制限付株式の付与のための報酬決定の件,,可決,98.5
63950,63950_20250331.htm,第１号議案,剰余金の処分の件,,可決,99.77
63950,63950_20250331.htm,第２号議案,取締役9名選任の件,多田野宏一,可決,78.86
63950,63950_20250331.htm,第２号議案,取締役9名選任の件,氏家俊明,可決,78.92
63950,63950_20250331.htm,第２号議案,取締役9名選任の件,合田洋之,可決,85.85
63950,63950_20250331.htm,第２号議案,取締役9名選任の件,八代倫明,可決,88.06
63950,63950_20250331.htm,第２号議案,取締役9名選任の件,石塚達郎,可決,87.88
63950,63950_20250331.htm,第２号議案,取締役9名選任の件,大塚聡子,可決,87.89
63950,63950_20250331.htm,第２号議案,取締役9名選任の件,金子順一,可決,88.1
63950,63950_20250331.htm,第２号議案,取締役9名選任の件,蓼沼宏一,可決,87.89
63950,63950_20250331.htm,第２号議案,取締役9名選任の件,村山昇作,可決,87.88
63950,63950_20250331.htm,第３号議案,取締役の報酬改定の件,,可決,67.45
47720,47720_20250326.htm,第１号議案　剰余金の処分の件,期末配当：当社普通株式１株につき１円,,可決,99.73
47720,47720_20250326.htm,第２号議案　定款一部変更の件,商号の変更：株式会社SM ENTERTAINMENT JAPAN、目的の一部変更：旅行事業の追加,,可決,99.66
60990,60990_20250325.htm,第１号議案,剰余金処分の件,,可決,99.8
60990,60990_20250325.htm,第２号議案,定款一部変更の件,,可決,99.61
60990,60990_20250325.htm,第３号議案,取締役（監査等委員である取締役を除く。）５名選任の件,峯崎　友宏,可決,85.99
60990,60990_20250325.htm,第３号議案,取締役（監査等委員である取締役を除く。）５名選任の件,石塚　明,可決,95.84
60990,60990_20250325.htm,第３号議案,取締役（監査等委員である取締役を除く。）５名選任の件,上條　陽一,可決,98.6
60990,60990_20250325.htm,第３号議案,取締役（監査等委員である取締役を除く。）５名選任の件,松本　友紀子,可決,98.59
60990,60990_20250325.htm,第３号議案,取締役（監査等委員である取締役を除く。）５名選任の件,江守　直美,可決,95.82
60990,60990_20250325.htm,第４号議案,監査等委員である取締役２名選任の件,大場　啓史,可決,98.58
60990,60990_20250325.htm,第４号議案,監査等委員である取締役２名選任の件,齋藤　美帆,可決,98.6
55890,55890_20250327.htm,第１号議案,定款一部変更の件：今後の事業展開に備えるため、現行定款第２条（目的）に「（10）損害保険代理業および生命保険の募集に関する業務」を追加する,null,可決,99.25
55890,55890_20250327.htm,第２号議案,"剰余金処分の件：１株につき金　66円　　総額　471,627,750円",null,可決,99.24
55890,55890_20250327.htm,第３号議案,取締役（監査等委員であるものを除く）３名選任の件,萩原外志仁,可決,99.13
55890,55890_20250327.htm,第３号議案,取締役（監査等委員であるものを除く）３名選任の件,髙田典明,可決,99.14
55890,55890_20250327.htm,第３号議案,取締役（監査等委員であるものを除く）３名選任の件,山本林,可決,99.11
55890,55890_20250327.htm,第４号議案,"取締役（監査等委員であるものを除く）の報酬額改定の件：取締役（監査等委員であるものを除く）の報酬額を年額180,000千円以内から、年額270,000千円以内に改定する",null,可決,98.88
55890,55890_20250327.htm,第５号議案,"監査等委員である取締役の報酬額改定の件：監査等委員である取締役の報酬額を年額20,000千円以内から、年額30,000千円以内に改定する",null,可決,98.96
23750,23750_20250131.htm,議案　取締役（監査等委員である取締役を除く。）８名選任の件,取締役（監査等委員である取締役を除く。）８名選任,村田　峰人,可決,98.5
23750,23750_20250131.htm,議案　取締役（監査等委員である取締役を除く。）８名選任の件,取締役（監査等委員である取締役を除く。）８名選任,浅井　俊光,可決,98.5
23750,23750_20250131.htm,議案　取締役（監査等委員である取締役を除く。）８名選任の件,取締役（監査等委員である取締役を除く。）８名選任,小島　正也,可決,98.5
23750,23750_20250131.htm,議案　取締役（監査等委員である取締役を除く。）８名選任の件,取締役（監査等委員である取締役を除く。）８名選任,松沢　隆平,可決,98.5
23750,23750_20250131.htm,議案　取締役（監査等委員である取締役を除く。）８名選任の件,取締役（監査等委員である取締役を除く。）８名選任,平野　伸一,可決,98.4
23750,23750_20250131.htm,議案　取締役（監査等委員である取締役を除く。）８名選任の件,取締役（監査等委員である取締役を除く。）８名選任,栗原　博,可決,98.4
23750,23750_20250131.htm,議案　取締役（監査等委員である取締役を除く。）８名選任の件,取締役（監査等委員である取締役を除く。）８名選任,久保　欣,可決,98.4
23750,23750_20250131.htm,議案　取締役（監査等委員である取締役を除く。）８名選任の件,取締役（監査等委員である取締役を除く。）８名選任,松本　隆,可決,98.4
39090,39090_20250325.htm,第１号議案,定款一部変更の件,null,可決,96.557
39090,39090_20250325.htm,第２号議案,取締役（監査等委員である取締役を除く。）５名選任の件,澤田　大輔,可決,96.342
39090,39090_20250325.htm,第２号議案,取締役（監査等委員である取締役を除く。）５名選任の件,平野井　順一,可決,96.062
39090,39090_20250325.htm,第２号議案,取締役（監査等委員である取締役を除く。）５名選任の件,金　一寿,可決,96.197
39090,39090_20250325.htm,第２号議案,取締役（監査等委員である取締役を除く。）５名選任の件,松本　高一,可決,96.227
39090,39090_20250325.htm,第２号議案,取締役（監査等委員である取締役を除く。）５名選任の件,鵜川　太郎,可決,96.434
39090,39090_20250325.htm,第３号議案,監査等委員である取締役３名選任の件,久保　隆,可決,96.513
39090,39090_20250325.htm,第３号議案,監査等委員である取締役３名選任の件,柿沼　佑一,可決,96.502
39090,39090_20250325.htm,第３号議案,監査等委員である取締役３名選任の件,中原　裕幸,可決,96.494
39090,39090_20250325.htm,第４号議案,補欠の監査等委員である取締役１名選任の件,服部　裕美子,可決,96.489
39090,39090_20250325.htm,第５号議案,取締役（監査等委員である取締役を除く。）の報酬額設定の件,null,可決,96.07
39090,39090_20250325.htm,第６号議案,監査等委員である取締役の報酬額設定の件,null,可決,96.257
39090,39090_20250325.htm,第７号議案,子会社株式の譲渡契約承認の件,null,可決,96.15
19110,19110_20250331.htm,第１号議案,剰余金処分,,可決,99.61
19110,19110_20250331.htm,第２号議案,取締役10名選任,市川　晃,可決,96.62
19110,19110_20250331.htm,第２号議案,取締役10名選任,光吉　敏郎,可決,98.64
19110,19110_20250331.htm,第２号議案,取締役10名選任,川田　辰己,可決,98.66
19110,19110_20250331.htm,第２号議案,取締役10名選任,川村　篤,可決,98.69
19110,19110_20250331.htm,第２号議案,取締役10名選任,髙橋　郁郎,可決,98.68
19110,19110_20250331.htm,第２号議案,取締役10名選任,大谷　信之,可決,98.68
19110,19110_20250331.htm,第２号議案,取締役10名選任,栗原　美津枝,可決,99.48
19110,19110_20250331.htm,第２号議案,取締役10名選任,豊田　祐子,可決,99.51
19110,19110_20250331.htm,第２号議案,取締役10名選任,岩本　敏男,可決,98.65
19110,19110_20250331.htm,第２号議案,取締役10名選任,助野　健児,可決,99.58
65580,65580_20250227.htm,第１号議案,定款一部変更の件。当社の今後の事業展開および事業内容の多様化等に対応するため、現行定款第２条（目的）につき目的事項の追加を行い、号文の新設に伴い号数の繰り下げを行う,,可決,99.39
65580,65580_20250227.htm,第２号議案,取締役３名選任の件,藪ノ賢次,可決,99.24
65580,65580_20250227.htm,第２号議案,取締役３名選任の件,吉崎浩一郎,可決,99.08
65580,65580_20250227.htm,第２号議案,取締役３名選任の件,嶋内秀之,可決,99.08
65580,65580_20250227.htm,第３号議案,監査役２名選任の件,遠藤隆史,可決,99.41
65580,65580_20250227.htm,第３号議案,監査役２名選任の件,福本洋一,可決,99.42
49920,49920_20250227.htm,第１号議案,剰余金処分の件,期末配当に関する事項　当社普通株式１株につき金16円,可決,92.15
49920,49920_20250227.htm,第２号議案,取締役８名選任の件,佐野　健一,可決,80.87
49920,49920_20250227.htm,第２号議案,取締役８名選任の件,早川　伸一,可決,99.4
49920,49920_20250227.htm,第２号議案,取締役８名選任の件,濱田　尚之,可決,99.43
49920,49920_20250227.htm,第２号議案,取締役８名選任の件,垂水　裕之,可決,99.36
49920,49920_20250227.htm,第２号議案,取締役８名選任の件,田口　芳樹,可決,92.1
49920,49920_20250227.htm,第２号議案,取締役８名選任の件,石尾　　勝,可決,99.3
49920,49920_20250227.htm,第２号議案,取締役８名選任の件,名屋　登紀子(中川　登紀子),可決,99.34
49920,49920_20250227.htm,第２号議案,取締役８名選任の件,佐伯　円香,可決,99.33
49920,49920_20250227.htm,第３号議案,監査役１名選任の件,後藤　周司,可決,96.79
18400,18400_20250129.htm,取締役（監査等委員である取締役を除く。）８名選任の件,取締役（監査等委員である取締役を除く。）として、土屋昌三、大吉智浩、菊地英也、所　哲三、山川浩司、上諏訪広、手塚純一及び中田美知子の８氏を選任する。,土屋昌三,可決,99.69
18400,18400_20250129.htm,取締役（監査等委員である取締役を除く。）８名選任の件,取締役（監査等委員である取締役を除く。）として、土屋昌三、大吉智浩、菊地英也、所　哲三、山川浩司、上諏訪広、手塚純一及び中田美知子の８氏を選任する。,大吉智浩,可決,99.53
18400,18400_20250129.htm,取締役（監査等委員である取締役を除く。）８名選任の件,取締役（監査等委員である取締役を除く。）として、土屋昌三、大吉智浩、菊地英也、所　哲三、山川浩司、上諏訪広、手塚純一及び中田美知子の８氏を選任する。,菊地英也,可決,99.52
18400,18400_20250129.htm,取締役（監査等委員である取締役を除く。）８名選任の件,取締役（監査等委員である取締役を除く。）として、土屋昌三、大吉智浩、菊地英也、所　哲三、山川浩司、上諏訪広、手塚純一及び中田美知子の８氏を選任する。,所　哲三,可決,99.53
18400,18400_20250129.htm,取締役（監査等委員である取締役を除く。）８名選任の件,取締役（監査等委員である取締役を除く。）として、土屋昌三、大吉智浩、菊地英也、所　哲三、山川浩司、上諏訪広、手塚純一及び中田美知子の８氏を選任する。,山川浩司,可決,99.5
18400,18400_20250129.htm,取締役（監査等委員である取締役を除く。）８名選任の件,取締役（監査等委員である取締役を除く。）として、土屋昌三、大吉智浩、菊地英也、所　哲三、山川浩司、上諏訪広、手塚純一及び中田美知子の８氏を選任する。,上諏訪広,可決,99.43
18400,18400_20250129.htm,取締役（監査等委員である取締役を除く。）８名選任の件,取締役（監査等委員である取締役を除く。）として、土屋昌三、大吉智浩、菊地英也、所　哲三、山川浩司、上諏訪広、手塚純一及び中田美知子の８氏を選任する。,手塚純一,可決,99.13
18400,18400_20250129.htm,取締役（監査等委員である取締役を除く。）８名選任の件,取締役（監査等委員である取締役を除く。）として、土屋昌三、大吉智浩、菊地英也、所　哲三、山川浩司、上諏訪広、手塚純一及び中田美知子の８氏を選任する。,中田美知子,可決,99.37
21730,21730_20250331.htm,第１号議案　定款一部変更の件,今後の事業展開に備えるため、現行定款第２条（目的）に一部変更を行う,,可決,97.218
21730,21730_20250331.htm,第２号議案　取締役（監査等委員を除く。）３名選任の件,田口徳久、原田淳、藤井由康の各氏を取締役（監査等委員である取締役を除く。）に選任する,田口　徳久,可決,97.162
21730,21730_20250331.htm,第２号議案　取締役（監査等委員を除く。）３名選任の件,田口徳久、原田淳、藤井由康の各氏を取締役（監査等委員である取締役を除く。）に選任する,原田　 淳,可決,97.184
21730,21730_20250331.htm,第２号議案　取締役（監査等委員を除く。）３名選任の件,田口徳久、原田淳、藤井由康の各氏を取締役（監査等委員である取締役を除く。）に選任する,藤井　由康,可決,97.115
21730,21730_20250331.htm,第３号議案　監査等委員である取締役２名選任の件,田中雅樹、石塚陽子の各氏を監査等委員である取締役に選任する,田中　雅樹,可決,97.116
21730,21730_20250331.htm,第３号議案　監査等委員である取締役２名選任の件,田中雅樹、石塚陽子の各氏を監査等委員である取締役に選任する,石塚　陽子,可決,97.172
69290,69290_20250331.htm,取締役選任の件,取締役として、谷口真一を選任する。,谷口真一,可決,90.13
69290,69290_20250331.htm,取締役選任の件,取締役として、川﨑晴子を選任する。,川﨑晴子,可決,97.03
34490,34490_20250401.htm,第１号議案,取締役（監査等委員である取締役を除く。）５名選任の件,前島　岳,可決,97.9
34490,34490_20250401.htm,第１号議案,取締役（監査等委員である取締役を除く。）５名選任の件,川上　展生,可決,97.3
34490,34490_20250401.htm,第１号議案,取締役（監査等委員である取締役を除く。）５名選任の件,藤木　英世,可決,98.7
34490,34490_20250401.htm,第１号議案,取締役（監査等委員である取締役を除く。）５名選任の件,元田　充隆,可決,97.3
34490,34490_20250401.htm,第１号議案,取締役（監査等委員である取締役を除く。）５名選任の件,荻野　美里,可決,98.8
34490,34490_20250401.htm,第２号議案,監査等委員である取締役２名選任の件,稲葉　　寛,可決,98.6
34490,34490_20250401.htm,第２号議案,監査等委員である取締役２名選任の件,瀬口　敬三,可決,98.1
45630,45630_20250331.htm,第１号議案,取締役５名選任の件,山田英、佐藤尚哉、栄木憲和、原誠、満倉靖恵,可決,92.2
45630,45630_20250331.htm,第２号議案,監査役３名選任の件,森郁夫、林清隆、山梨秀行,可決,93.42
45630,45630_20250331.htm,第３号議案,補欠監査役１名選任の件,成松明博,可決,93.11
60540,60540_20250327.htm,取締役選任の件,取締役5名選任,村上太一,可決,93.69
60540,60540_20250327.htm,取締役選任の件,取締役5名選任,桂大介,可決,95.49
60540,60540_20250327.htm,取締役選任の件,取締役5名選任,淡輪敬三,可決,96.44
60540,60540_20250327.htm,取締役選任の件,取締役5名選任,安川新一郎,可決,96.44
60540,60540_20250327.htm,取締役選任の件,取締役5名選任,川口加奈（戸籍上の氏名：渡邊加奈）,可決,96.5
62350,62350_20250326.htm,第１号議案,剰余金処分の件,null,可決,96.68
62350,62350_20250326.htm,第２号議案,取締役６名選任の件,林為平,可決,82.62
62350,62350_20250326.htm,第２号議案,取締役６名選任の件,範賓,可決,84.03
62350,62350_20250326.htm,第２号議案,取締役６名選任の件,近藤宏治,可決,98.27
62350,62350_20250326.htm,第２号議案,取締役６名選任の件,林敏,可決,67.18
62350,62350_20250326.htm,第２号議案,取締役６名選任の件,瀧口匡,可決,75.53
62350,62350_20250326.htm,第２号議案,取締役６名選任の件,島岡未来子,可決,96.02
62350,62350_20250326.htm,第３号議案,監査役３名選任の件,淡路正史,可決,98.89
62350,62350_20250326.htm,第３号議案,監査役３名選任の件,佐々田博信,可決,98.94
62350,62350_20250326.htm,第３号議案,監査役３名選任の件,片山律,可決,98.94
69140,69140_20250331.htm,第１号議案,剰余金の処分の件,,可決,94.43
69140,69140_20250331.htm,第２号議案,取締役（監査等委員である取締役を除く。）５名選任の件,中島　達也,可決,96.85
69140,69140_20250331.htm,第２号議案,取締役（監査等委員である取締役を除く。）５名選任の件,上村　透,可決,96.86
69140,69140_20250331.htm,第２号議案,取締役（監査等委員である取締役を除く。）５名選任の件,山名　幸輝,可決,99.54
69140,69140_20250331.htm,第２号議案,取締役（監査等委員である取締役を除く。）５名選任の件,吉田　和弘,可決,96.82
69140,69140_20250331.htm,第２号議案,取締役（監査等委員である取締役を除く。）５名選任の件,根岸　祥子,可決,99.52
69140,69140_20250331.htm,第３号議案,監査等委員である取締役１名選任の件,木田　稔,可決,99.71
24610,24610_20250327.htm,第１号議案,"剰余金処分の件
（１）　配当財産の割当てに関する事項及びその総額
当社普通株式１株につき金19円 総額1,258,720,151円
（２）　剰余金の配当が効力を生じる日
2025年３月27日",,可決,98.07
24610,24610_20250327.htm,第２号議案,取締役（監査等委員である取締役を除く）５名選任の件,二宮幸司,可決,95.74
24610,24610_20250327.htm,第２号議案,取締役（監査等委員である取締役を除く）５名選任の件,吉永敬,可決,97.83
24610,24610_20250327.htm,第２号議案,取締役（監査等委員である取締役を除く）５名選任の件,加藤正人,可決,97.81
24610,24610_20250327.htm,第２号議案,取締役（監査等委員である取締役を除く）５名選任の件,小尾一介,可決,97.69
24610,24610_20250327.htm,第２号議案,取締役（監査等委員である取締役を除く）５名選任の件,穂谷野智,可決,97.73
24610,24610_20250327.htm,第３号議案,監査等委員である取締役３名選任の件,佐藤吉勝,可決,97.57
24610,24610_20250327.htm,第３号議案,監査等委員である取締役３名選任の件,丸野登紀子,可決,97.84
24610,24610_20250327.htm,第３号議案,監査等委員である取締役３名選任の件,小泉正明,可決,97.84
24610,24610_20250327.htm,第４号議案,補欠の監査等委員である取締役１名選任の件,山田憲次,可決,91.03
24610,24610_20250327.htm,第５号議案,当社の取締役、執行役員及び従業員並びに当社子会社の取締役及び従業員に対し、ストック・オプションとして新株予約権を発行する件,,可決,97.77
92510,92510_20250131.htm,第１号議案,取締役４名選任の件,市瀬一浩,可決,95.26
92510,92510_20250131.htm,第１号議案,取締役４名選任の件,駒田道洋,可決,95.95
92510,92510_20250131.htm,第１号議案,取締役４名選任の件,岩田真吾,可決,95.88
92510,92510_20250131.htm,第１号議案,取締役４名選任の件,井上直也,可決,95.87
92510,92510_20250131.htm,第２号議案,監査役２名選任の件,美和薫,可決,96.01
92510,92510_20250131.htm,第２号議案,監査役２名選任の件,小林修,可決,96.03
78310,78310_20250203.htm,第１号議案,取締役（監査等委員である取締役を除く。）４名選任の件,松浦昌宏,可決,99.39
78310,78310_20250203.htm,第１号議案,取締役（監査等委員である取締役を除く。）４名選任の件,若林圭太郎,可決,99.36
78310,78310_20250203.htm,第１号議案,取締役（監査等委員である取締役を除く。）４名選任の件,鈴木正守,可決,99.4
78310,78310_20250203.htm,第１号議案,取締役（監査等委員である取締役を除く。）４名選任の件,大関暁夫,可決,99.38
78310,78310_20250203.htm,第２号議案,監査等委員である取締役３名選任の件,北風英雄,可決,98.93
78310,78310_20250203.htm,第２号議案,監査等委員である取締役３名選任の件,染井法雄,可決,98.96
78310,78310_20250203.htm,第２号議案,監査等委員である取締役３名選任の件,高野寧績,可決,98.97
78310,78310_20250203.htm,第３号議案,補欠の監査等委員である取締役１名選任の件,須賀孝太郎,可決,99.47
78310,78310_20250203.htm,第４号議案,会計監査人選任の件,監査法人アリア,可決,99.41
21950,21950_20250328.htm,第１号議案,剰余金の処分の件,,可決,99.71
21950,21950_20250328.htm,第２号議案,取締役５名選任の件,熊野　英介,可決,99.44
21950,21950_20250328.htm,第２号議案,取締役５名選任の件,末次　貴英,可決,99.45
21950,21950_20250328.htm,第２号議案,取締役５名選任の件,岡田　健一,可決,99.52
21950,21950_20250328.htm,第２号議案,取締役５名選任の件,髙野　雅晴,可決,99.52
21950,21950_20250328.htm,第２号議案,取締役５名選任の件,清水　菜保子,可決,99.52
21950,21950_20250328.htm,第３号議案,監査役１名選任の件,長谷川　孝文,可決,99.56
68350,68350_20250328.htm,第１号議案,監査等委員でない取締役４名選任の件。サチエオオシマ、木村進一、高島虎明及びユージンリムを監査等委員でない取締役に選任する。,サチエオオシマ,可決,90.08
68350,68350_20250328.htm,第１号議案,監査等委員でない取締役４名選任の件。サチエオオシマ、木村進一、高島虎明及びユージンリムを監査等委員でない取締役に選任する。,木村進一,可決,95.64
68350,68350_20250328.htm,第１号議案,監査等委員でない取締役４名選任の件。サチエオオシマ、木村進一、高島虎明及びユージンリムを監査等委員でない取締役に選任する。,高島虎明,可決,95.33
68350,68350_20250328.htm,第１号議案,監査等委員でない取締役４名選任の件。サチエオオシマ、木村進一、高島虎明及びユージンリムを監査等委員でない取締役に選任する。,ユージンリム,可決,95.41
68350,68350_20250328.htm,第２号議案,監査等委員である取締役３名選任の件。井上隆司、石本和昭及びアッシュパドワルを監査等委員である取締役に選任する。,井上隆司,可決,90.34
68350,68350_20250328.htm,第２号議案,監査等委員である取締役３名選任の件。井上隆司、石本和昭及びアッシュパドワルを監査等委員である取締役に選任する。,石本和昭,可決,95.55
68350,68350_20250328.htm,第２号議案,監査等委員である取締役３名選任の件。井上隆司、石本和昭及びアッシュパドワルを監査等委員である取締役に選任する。,アッシュパドワル,可決,95.44
68350,68350_20250328.htm,第３号議案,ストック・オプションとして新株予約権を発行する件。当社の従業員、監査等委員でない取締役、監査等委員である取締役及び当社グループ会社の従業員、取締役、監査役に対しストック・オプションとして新株予約権を無償発行すること、及び募集事項の決定を当社取締役会に委任する。また、当社の監査等委員でない取締役及び監査等委員である取締役に対するストック・オプションとしての新株予約権の発行は、監査等委員でない取締役及び監査等委員である取締役に対する金銭でない報酬等に該当し、またその額が確定していないため、確定金額報酬とは別に、その具体的な内容及び具体的な算定方法についても、併せて承認する,該当なし,可決,95.02
62230,62230_20250328.htm,第１号議案,取締役(監査等委員である取締役を除く。)３名選任の件,隈 扶三郎,可決,99.73
62230,62230_20250328.htm,第１号議案,取締役(監査等委員である取締役を除く。)３名選任の件,下薗 誠,可決,99.73
62230,62230_20250328.htm,第１号議案,取締役(監査等委員である取締役を除く。)３名選任の件,平川 美和,可決,99.73
62230,62230_20250328.htm,第２号議案,監査等委員である取締役２名選任の件,内田 健二,可決,99.71
62230,62230_20250328.htm,第２号議案,監査等委員である取締役２名選任の件,市丸 信敏,可決,99.7
51100,51100_20250328.htm,第１号議案,第133期期末配当金は当社普通株式1株につき金29円とする。,,可決,99.61
51100,51100_20250328.htm,第２号議案,一部の役付取締役に関する規定を見直すとともに、社外取締役を含むその他の取締役が取締役会の招集権者および議長となることを可能とする旨、定款の変更を行う。,,可決,86.32
51100,51100_20250328.htm,第３号議案,取締役として、山本悟、西口豪一、大川直記、國安恭彰、川松英明、其田真理、谷所敬、札場操、本島なおみおよび上田善久の10名を選任する。,山本悟,可決,94.12
51100,51100_20250328.htm,第３号議案,取締役として、山本悟、西口豪一、大川直記、國安恭彰、川松英明、其田真理、谷所敬、札場操、本島なおみおよび上田善久の10名を選任する。,西口豪一,可決,98.16
51100,51100_20250328.htm,第３号議案,取締役として、山本悟、西口豪一、大川直記、國安恭彰、川松英明、其田真理、谷所敬、札場操、本島なおみおよび上田善久の10名を選任する。,大川直記,可決,98.56
51100,51100_20250328.htm,第３号議案,取締役として、山本悟、西口豪一、大川直記、國安恭彰、川松英明、其田真理、谷所敬、札場操、本島なおみおよび上田善久の10名を選任する。,國安恭彰,可決,98.82
51100,51100_20250328.htm,第３号議案,取締役として、山本悟、西口豪一、大川直記、國安恭彰、川松英明、其田真理、谷所敬、札場操、本島なおみおよび上田善久の10名を選任する。,川松英明,可決,98.82
51100,51100_20250328.htm,第３号議案,取締役として、山本悟、西口豪一、大川直記、國安恭彰、川松英明、其田真理、谷所敬、札場操、本島なおみおよび上田善久の10名を選任する。,其田真理,可決,98.99
51100,51100_20250328.htm,第３号議案,取締役として、山本悟、西口豪一、大川直記、國安恭彰、川松英明、其田真理、谷所敬、札場操、本島なおみおよび上田善久の10名を選任する。,谷所敬,可決,99.18
51100,51100_20250328.htm,第３号議案,取締役として、山本悟、西口豪一、大川直記、國安恭彰、川松英明、其田真理、谷所敬、札場操、本島なおみおよび上田善久の10名を選任する。,札場操,可決,99.21
51100,51100_20250328.htm,第３号議案,取締役として、山本悟、西口豪一、大川直記、國安恭彰、川松英明、其田真理、谷所敬、札場操、本島なおみおよび上田善久の10名を選任する。,本島なおみ,可決,98.88
51100,51100_20250328.htm,第３号議案,取締役として、山本悟、西口豪一、大川直記、國安恭彰、川松英明、其田真理、谷所敬、札場操、本島なおみおよび上田善久の10名を選任する。,上田善久,可決,99.49
51100,51100_20250328.htm,第４号議案,取締役の報酬等の額を現行の年額800百万円以内に据え置いたうえで、うち社外取締役分を年額100百万円以内に、監査役の報酬等の額を年額150百万円以内に、それぞれ改定する。,,可決,99.31
75180,75180_20250219.htm,第１号議案　株式併合の件,"当社の普通株式について、以下の内容の株式併合を実施するものであります。①　本株式併合の割合: 当社株式について、15,908,000株を１株に併合いたします。②　本株式併合の効力発生日: 2025年３月21日③　効力発生日における発行可能株式総数: 16株",null,可決,98.23
75180,75180_20250219.htm,第２号議案　定款一部変更の件,①　本株式併合に係る議案が原案どおり承認可決され、本株式併合の効力が発生した場合には、会社法第182条第２項の定めに従って、当社株式の発行可能株式総数は16株に減少することになります。かかる点を明確にするために、本株式併合の効力が発生することを条件として、現行定款第６条（発行可能株式総数）を変更するものであります。②　本株式併合に係る議案が原案どおり承認可決され、本株式併合の効力が発生した場合には、当社の発行済株式総数は４株となり、単元株式数を定める必要性がなくなります。そこで、本株式併合の効力が発生することを条件として、現在１単元100株となっている当社株式の単元株式数の定めを廃止するため、現行定款第７条（単元株式数）の全文を削除するとともに、当該変更に伴う条数の繰り上げを行うものであります。③　本株式併合に係る議案が原案どおり承認可決され、本株式併合の効力が発生した場合には、当社の株主はSCSK株式会社のみとなるため、定時株主総会の基準日に関する規定はその必要性を失うことになります。そこで、本株式併合の効力が発生することを条件として、現行定款第11条（定時株主総会の基準日）の全文を削除するとともに、当該変更に伴う条数の繰り上げを行うものであります。④　本株式併合に係る議案が原案どおり承認可決され、本株式併合の効力が発生した場合には、本株式併合の実施に伴って当社株式は上場廃止となるとともに、当社の株主は公開買付者のみとなるため、株主総会資料の電子提供措置に関する規定はその必要性を失うことになります。そこで、本株式併合の効力が発生することを条件として、現行定款第16条（電子提供措置等）の全文を削除するとともに、当該変更に伴う条数の繰り上げを行うものであります。,null,可決,98.23
75180,75180_20250219.htm,第３号議案　取締役（監査等委員である取締役を除く。）１名選任の件,公開買付者との経営統合の推進等を図るため、尾﨑務を取締役に選任するものであります。,尾﨑務,可決,98.22
68660,68660_20250228.htm,第１号議案,"剰余金の処分の件
①　配当財産の種類
金銭
②　配当財産の割当てに関する事項およびその総額
当社普通株式１株につき金100円　　総額1,353,364,800円
③　剰余金の配当が効力を生じる日
2025年２月28日",,可決,96.6
68660,68660_20250228.htm,第２号議案,"取締役９名選任の件
取締役として、岡澤尊宏氏、巣山芳計氏、久保田訓久氏、鷹野保直氏、田村義晴氏、丸田由香里氏、馬渡修氏、牧辰人氏および渡瀬ひろみ氏を選任する。",岡澤　尊宏,可決,94.8
68660,68660_20250228.htm,第２号議案,"取締役９名選任の件
取締役として、岡澤尊宏氏、巣山芳計氏、久保田訓久氏、鷹野保直氏、田村義晴氏、丸田由香里氏、馬渡修氏、牧辰人氏および渡瀬ひろみ氏を選任する。",巣山　芳計,可決,96.5
68660,68660_20250228.htm,第２号議案,"取締役９名選任の件
取締役として、岡澤尊宏氏、巣山芳計氏、久保田訓久氏、鷹野保直氏、田村義晴氏、丸田由香里氏、馬渡修氏、牧辰人氏および渡瀬ひろみ氏を選任する。",久保田　訓久,可決,96.5
68660,68660_20250228.htm,第２号議案,"取締役９名選任の件
取締役として、岡澤尊宏氏、巣山芳計氏、久保田訓久氏、鷹野保直氏、田村義晴氏、丸田由香里氏、馬渡修氏、牧辰人氏および渡瀬ひろみ氏を選任する。",鷹野　保直,可決,96.5
68660,68660_20250228.htm,第２号議案,"取締役９名選任の件
取締役として、岡澤尊宏氏、巣山芳計氏、久保田訓久氏、鷹野保直氏、田村義晴氏、丸田由香里氏、馬渡修氏、牧辰人氏および渡瀬ひろみ氏を選任する。",田村　義晴,可決,96.5
68660,68660_20250228.htm,第２号議案,"取締役９名選任の件
取締役として、岡澤尊宏氏、巣山芳計氏、久保田訓久氏、鷹野保直氏、田村義晴氏、丸田由香里氏、馬渡修氏、牧辰人氏および渡瀬ひろみ氏を選任する。",丸田　由香里,可決,96.5
68660,68660_20250228.htm,第２号議案,"取締役９名選任の件
取締役として、岡澤尊宏氏、巣山芳計氏、久保田訓久氏、鷹野保直氏、田村義晴氏、丸田由香里氏、馬渡修氏、牧辰人氏および渡瀬ひろみ氏を選任する。",馬渡　修,可決,96.5
68660,68660_20250228.htm,第２号議案,"取締役９名選任の件
取締役として、岡澤尊宏氏、巣山芳計氏、久保田訓久氏、鷹野保直氏、田村義晴氏、丸田由香里氏、馬渡修氏、牧辰人氏および渡瀬ひろみ氏を選任する。",牧　辰人,可決,96.6
68660,68660_20250228.htm,第２号議案,"取締役９名選任の件
取締役として、岡澤尊宏氏、巣山芳計氏、久保田訓久氏、鷹野保直氏、田村義晴氏、丸田由香里氏、馬渡修氏、牧辰人氏および渡瀬ひろみ氏を選任する。",渡瀬　ひろみ,可決,94.9
68660,68660_20250228.htm,第３号議案,"監査役１名選任の件
監査役として、高橋均氏を選任する。",高橋　均,可決,96.6
68660,68660_20250228.htm,第４号議案,"補欠監査役１名選任の件
補欠監査役として、岩本博昭氏を選任する。",岩本　博昭,可決,96.6
68660,68660_20250228.htm,第５号議案,"取締役（社外取締役を除く。）に対する事後交付型業績連動型株式報酬に係る報酬決定の件
取締役（社外取締役を除く。）に対し、事後交付型業績連動型株式報酬制度を導入し、その報酬枠は、交付する当社普通株式の総数および支給される金銭報酬債権の総額を、それぞれ年24千株以内および年額200,000千円以内とする。また、取締役（社外取締役を含む。）の固定報酬は、年額200,000千円以内に改定する。当該報酬額には、従来どおり使用人兼務取締役の使用人分給与は含まないものとする。これに伴い、取締役（社外取締役を除く。）の譲渡制限付株式に係る報酬枠は廃止する。",,可決,96.0
78460,78460_20250402.htm,第１号議案,取締役（監査等委員である取締役を除く。）７名選任の件,藤﨑　文男,可決,98.93
78460,78460_20250402.htm,第１号議案,取締役（監査等委員である取締役を除く。）７名選任の件,小平　岳志,可決,99.49
78460,78460_20250402.htm,第１号議案,取締役（監査等委員である取締役を除く。）７名選任の件,横山　和彦,可決,99.48
78460,78460_20250402.htm,第１号議案,取締役（監査等委員である取締役を除く。）７名選任の件,畑野　且次,可決,99.48
78460,78460_20250402.htm,第１号議案,取締役（監査等委員である取締役を除く。）７名選任の件,村松　昌信,可決,99.53
78460,78460_20250402.htm,第１号議案,取締役（監査等委員である取締役を除く。）７名選任の件,柴田　美鈴（戸籍上の氏名：小山　美鈴）,可決,99.34
78460,78460_20250402.htm,第１号議案,取締役（監査等委員である取締役を除く。）７名選任の件,河野　弘,可決,85.48
78460,78460_20250402.htm,第２号議案,取締役等に対する業績連動型株式報酬等の額及び内容の改定の件,,可決,99.65
45930,45930_20250327.htm,第１号議案,"現行定款第６条（発行可能株式総数）に定める当社の発行可能株式総数を１億3,470万8,000株から２億7,000万株に増加させる",null,可決,85.92
45930,45930_20250327.htm,第２号議案,資本金及び資本準備金の額の減少並びに剰余金の処分,null,可決,95.85
45930,45930_20250327.htm,第３号議案,取締役５名選任,鍵本忠尚,可決,94.75
45930,45930_20250327.htm,第３号議案,取締役５名選任,樫井正剛,可決,96.75
45930,45930_20250327.htm,第３号議案,取締役５名選任,リチャード・キンケイド,可決,96.86
45930,45930_20250327.htm,第３号議案,取締役５名選任,余語裕子,可決,97.24
45930,45930_20250327.htm,第３号議案,取締役５名選任,グレン・ゴームリー,可決,95.84
45930,45930_20250327.htm,第４号議案,補欠取締役１名選任,田村康一,可決,95.36
44500,44500_20250327.htm,第１号議案,"剰余金の処分の件。１株につき金11円00銭、総額32,380,370円の株主配当。効力発生日：2025年３月27日",null,可決,98.82
44500,44500_20250327.htm,第２号議案,取締役（監査等委員である取締役を除く。）５名選任の件,藤田勝彦,可決,98.75
44500,44500_20250327.htm,第２号議案,取締役（監査等委員である取締役を除く。）５名選任の件,高橋忠郎,可決,98.72
44500,44500_20250327.htm,第２号議案,取締役（監査等委員である取締役を除く。）５名選任の件,高森要,可決,98.73
44500,44500_20250327.htm,第２号議案,取締役（監査等委員である取締役を除く。）５名選任の件,川嶋しづ子,可決,98.72
44500,44500_20250327.htm,第２号議案,取締役（監査等委員である取締役を除く。）５名選任の件,佐藤成信,可決,98.72
44500,44500_20250327.htm,第３号議案,取締役（監査等委員である取締役を除く。）に対する譲渡制限付株式の付与のための報酬改定の件,null,可決,97.65
63610,63610_20250327.htm,第１号議案,"剰余金処分の件
・株主に対する配当財産の割当てに関する事項及びその総額
　　　当社普通株式１株につき金32円  総額14,781,290,400円
　・剰余金の配当が効力を生じる日
　　　2025年３月27日",,可決,99.5
63610,63610_20250327.htm,第２号議案,取締役10名選任の件,浅見 正男,可決,97.8
63610,63610_20250327.htm,第２号議案,取締役10名選任の件,細田 修吾,可決,99.5
63610,63610_20250327.htm,第２号議案,取締役10名選任の件,大枝 宏之,可決,99.3
63610,63610_20250327.htm,第２号議案,取締役10名選任の件,西山 潤子,可決,99.4
63610,63610_20250327.htm,第２号議案,取締役10名選任の件,藤本 美枝,可決,99.5
63610,63610_20250327.htm,第２号議案,取締役10名選任の件,長峰 明彦,可決,97.2
63610,63610_20250327.htm,第２号議案,取締役10名選任の件,島村 &#64074;哉,可決,99.5
63610,63610_20250327.htm,第２号議案,取締役10名選任の件,髙下 貞二,可決,99.0
63610,63610_20250327.htm,第２号議案,取締役10名選任の件,沼上 幹,可決,99.5
63610,63610_20250327.htm,第２号議案,取締役10名選任の件,北本 佳永子,可決,99.5
91730,91730_20250327.htm,第１号議案,剰余金の処分の件,,可決,99.62
91730,91730_20250327.htm,第２号議案,取締役５名選任の件,山﨑潤一,可決,99.45
91730,91730_20250327.htm,第２号議案,取締役５名選任の件,若林英一,可決,99.51
91730,91730_20250327.htm,第２号議案,取締役５名選任の件,櫻井和秀,可決,99.55
91730,91730_20250327.htm,第２号議案,取締役５名選任の件,倉﨑嘉典,可決,99.55
91730,91730_20250327.htm,第２号議案,取締役５名選任の件,竹崎啓介,可決,99.48
91730,91730_20250327.htm,第３号議案,監査役１名選任の件,中村雅俊,可決,99.46
91730,91730_20250327.htm,第４号議案,補欠監査役１名選任の件,石川二比古,可決,99.45
49350,49350_20250331.htm,第１号議案,剰余金処分の件,,可決,99.67
49350,49350_20250331.htm,第２号議案,取締役（監査等委員である取締役を除く。）５名選任の件,佐藤　透,可決,99.67
49350,49350_20250331.htm,第２号議案,取締役（監査等委員である取締役を除く。）５名選任の件,二田　俊作,可決,99.67
49350,49350_20250331.htm,第２号議案,取締役（監査等委員である取締役を除く。）５名選任の件,筒井　安規雄,可決,99.67
49350,49350_20250331.htm,第２号議案,取締役（監査等委員である取締役を除く。）５名選任の件,栗林 聡一,可決,99.67
49350,49350_20250331.htm,第２号議案,取締役（監査等委員である取締役を除く。）５名選任の件,山下 耕平,可決,99.67
77390,77390_20250331.htm,第１号議案,"剰余金の配当の件。当社普通株式１株につき金35円。配当総額　金1,431,402,280円。2025年３月28日より効力発生",,可決,99.5
77390,77390_20250331.htm,第２号議案,取締役11名選任の件,橋元　健,可決,85.89
77390,77390_20250331.htm,第２号議案,取締役11名選任の件,内山　毅,可決,96.57
77390,77390_20250331.htm,第２号議案,取締役11名選任の件,大北　浩之,可決,96.57
77390,77390_20250331.htm,第２号議案,取締役11名選任の件,勝山　陽,可決,96.6
77390,77390_20250331.htm,第２号議案,取締役11名選任の件,賀村　拓,可決,96.6
77390,77390_20250331.htm,第２号議案,取締役11名選任の件,酒匂信匡,可決,96.6
77390,77390_20250331.htm,第２号議案,取締役11名選任の件,戸苅利和,可決,96.33
77390,77390_20250331.htm,第２号議案,取締役11名選任の件,前川　篤,可決,96.6
77390,77390_20250331.htm,第２号議案,取締役11名選任の件,杉本和行,可決,96.56
77390,77390_20250331.htm,第２号議案,取締役11名選任の件,近藤智洋,可決,96.36
77390,77390_20250331.htm,第２号議案,取締役11名選任の件,山上圭子,可決,96.38
77390,77390_20250331.htm,第３号議案,監査役１名選任の件。監査役として、高橋純一を選任する,高橋純一,可決,99.34
77390,77390_20250331.htm,第４号議案,"取締役賞与支給の件。当期末時点の社外取締役を除く取締役８名に対し、取締役賞与総額82,200,000円を支給する",,可決,99.36
77390,77390_20250331.htm,第５号議案,"退任取締役に対する特別功労金支給の件。退任取締役酒巻　久に対し、特別功労金400,000,000円を支給する",酒巻　久,可決,89.69
29340,29340_20250227.htm,第１号議案　取締役５名選任の件,中村篤弘、樋口雄也、今村彰利、古川一輝及び秋田勉を取締役に選任する,中村篤弘,可決,92.24
29340,29340_20250227.htm,第１号議案　取締役５名選任の件,中村篤弘、樋口雄也、今村彰利、古川一輝及び秋田勉を取締役に選任する,樋口雄也,可決,99.67
29340,29340_20250227.htm,第１号議案　取締役５名選任の件,中村篤弘、樋口雄也、今村彰利、古川一輝及び秋田勉を取締役に選任する,今村彰利,可決,99.67
29340,29340_20250227.htm,第１号議案　取締役５名選任の件,中村篤弘、樋口雄也、今村彰利、古川一輝及び秋田勉を取締役に選任する,古川一輝,可決,99.66
29340,29340_20250227.htm,第１号議案　取締役５名選任の件,中村篤弘、樋口雄也、今村彰利、古川一輝及び秋田勉を取締役に選任する,秋田勉,可決,99.72
29340,29340_20250227.htm,第２号議案　監査役１名選任の件,木下晋吾を監査役に選任する,木下晋吾,可決,99.73
29340,29340_20250227.htm,第３号議案　会計監査人選任の件,監査法人ハイビスカスを会計監査人に選任する,監査法人ハイビスカス,可決,99.72
58420,58420_20250325.htm,第1号議案,取締役（監査等委員である取締役を除く。）6名選任の件。山本礼二郎、辺見芳弘、水谷謙作、仲田真紀子、竹内弘高、冨田勝を取締役（監査等委員である取締役を除く。）に選任する。,山本礼二郎,可決,95.866
58420,58420_20250325.htm,第1号議案,取締役（監査等委員である取締役を除く。）6名選任の件。山本礼二郎、辺見芳弘、水谷謙作、仲田真紀子、竹内弘高、冨田勝を取締役（監査等委員である取締役を除く。）に選任する。,辺見芳弘,可決,96.235
58420,58420_20250325.htm,第1号議案,取締役（監査等委員である取締役を除く。）6名選任の件。山本礼二郎、辺見芳弘、水谷謙作、仲田真紀子、竹内弘高、冨田勝を取締役（監査等委員である取締役を除く。）に選任する。,水谷謙作,可決,96.252
58420,58420_20250325.htm,第1号議案,取締役（監査等委員である取締役を除く。）6名選任の件。山本礼二郎、辺見芳弘、水谷謙作、仲田真紀子、竹内弘高、冨田勝を取締役（監査等委員である取締役を除く。）に選任する。,仲田真紀子,可決,96.251
58420,58420_20250325.htm,第1号議案,取締役（監査等委員である取締役を除く。）6名選任の件。山本礼二郎、辺見芳弘、水谷謙作、仲田真紀子、竹内弘高、冨田勝を取締役（監査等委員である取締役を除く。）に選任する。,竹内弘高,可決,97.507
58420,58420_20250325.htm,第1号議案,取締役（監査等委員である取締役を除く。）6名選任の件。山本礼二郎、辺見芳弘、水谷謙作、仲田真紀子、竹内弘高、冨田勝を取締役（監査等委員である取締役を除く。）に選任する。,冨田勝,可決,99.885
58420,58420_20250325.htm,第2号議案,監査等委員である取締役1名選任の件。菊地伸を監査等委員である取締役に選任する。,菊地伸,可決,84.814
39400,39400_20250327.htm,第１号議案,剰余金処分の件,null,可決,99.59
39400,39400_20250327.htm,第２号議案,取締役８名選任の件,野村　芳光,可決,99.05
39400,39400_20250327.htm,第２号議案,取締役８名選任の件,根本　康夫,可決,99.23
39400,39400_20250327.htm,第２号議案,取締役８名選任の件,内山　勉,可決,99.23
39400,39400_20250327.htm,第２号議案,取締役８名選任の件,杉山　雄一郎,可決,99.28
39400,39400_20250327.htm,第２号議案,取締役８名選任の件,鈴木　一聖,可決,99.32
39400,39400_20250327.htm,第２号議案,取締役８名選任の件,古屋　隼人,可決,99.39
39400,39400_20250327.htm,第２号議案,取締役８名選任の件,川崎　洋幸,可決,99.39
39400,39400_20250327.htm,第２号議案,取締役８名選任の件,太田　健一,可決,99.22
39400,39400_20250327.htm,第３号議案,監査等委員３名選任の件,冨谷　正明,可決,99.25
39400,39400_20250327.htm,第３号議案,監査等委員３名選任の件,田部井　修,可決,99.27
39400,39400_20250327.htm,第３号議案,監査等委員３名選任の件,日高　共子,可決,99.31
77930,77930_20250331.htm,第１号議案,取締役（監査等委員である取締役を除く。）５名選任の件,山川誠,可決,99.87
77930,77930_20250331.htm,第１号議案,取締役（監査等委員である取締役を除く。）５名選任の件,京田諭,可決,99.82
77930,77930_20250331.htm,第１号議案,取締役（監査等委員である取締役を除く。）５名選任の件,坊野寛,可決,99.89
77930,77930_20250331.htm,第１号議案,取締役（監査等委員である取締役を除く。）５名選任の件,栗原俊幸,可決,99.92
77930,77930_20250331.htm,第１号議案,取締役（監査等委員である取締役を除く。）５名選任の件,栢森加里矢,可決,99.91
77930,77930_20250331.htm,第２号議案,取締役（監査等委員である取締役を除く。）の報酬額改定の件,null,可決,99.81
319A0,319A0_20250331.htm,第１号議案,資本金の額の減少（減資）の件,,可決,100.0
29700,29700_20250327.htm,第２号議案　資本金減少の件,"１．減少する資本金の額：資本金の額71,720,000円のうち、51,720,000円を減少し、その減少額全額をその他資本剰余金に振り替える。２．資本金の額の減少が効力を生ずる日：2025年５月１日(予定)。３．資本金の額の減少の方法：発行済株式の総数の変更は行わず、資本金のみを減少する。",null,可決,99.95
29700,29700_20250327.htm,第３号議案　取締役（監査等委員である取締役を除く。）３名選任の件,髙村隼人、伊藤貴光及び近松敬倫を取締役（監査等委員である取締役を除く。）に選任する。,髙村　隼人,可決,99.95
29700,29700_20250327.htm,第３号議案　取締役（監査等委員である取締役を除く。）３名選任の件,髙村隼人、伊藤貴光及び近松敬倫を取締役（監査等委員である取締役を除く。）に選任する。,伊藤　貴光,可決,99.95
29700,29700_20250327.htm,第３号議案　取締役（監査等委員である取締役を除く。）３名選任の件,髙村隼人、伊藤貴光及び近松敬倫を取締役（監査等委員である取締役を除く。）に選任する。,近松　敬倫,可決,99.95
