year,code_market,company_name,auditor_before_setup,earliest_ir_date,ir_date,ir_links,report_date,report_links,purpose,committee_members,assistants,source_url,extracted_code,market_cap
2025,6594 東証プライム,ニデック株式会社,PwC Japan,2025-09-03,2025-09-03,http://www.daisanshaiinkai.com/cms/wp-content/uploads/2025/09/250903_daisansha6594.pdf,未公表,,（１）当社及びグループ会社における資産性にリスクのある資産に関する評価減の時期の恣意的な調整などの不適切な会計処理の疑義（テクノ事案含む）に係る事実関係の調査 （２）不適切な会計処理が判明した場合、その影響額の算定 （３）不適切な会計処理が判明した場合、その原因の究明及び再発防止策の提言 （４）その他、第三者委員会が必要と認めた事項,委員長：（西村あさひ法律事務所・外国法共同事業 弁護士） 平尾 覚 委員：（株式会社アカウンティング・アドバイザリー 公認会計士） 井上 寅喜 委員：（光和総合法律事務所 弁護士） 白井 真,,http://www.daisanshaiinkai.com,6594,2671.0
2025,8940 東証スタンダード,株式会社インテリックス,太陽,2025-08-22,2025/08/22 2025/09/08,http://www.daisanshaiinkai.com/cms/wp-content/uploads/2025/08/250822_fusei8940.pdf http://www.daisanshaiinkai.com/cms/wp-content/uploads/2025/08/250908_chousa8940.pdf,未公表,,＜社内調査＞ 事実関係の調査並びに再発防止に向けた取組策の検討等,,,http://www.daisanshaiinkai.com,8940,1053.0
2025,3765 東証プライム,ガンホー・オンライン・エンターテイメント株式会社,PwC Japan,2025-08-14,2025/08/14 2025/08/14,http://www.daisanshaiinkai.com/cms/wp-content/uploads/2025/08/250814_chousa3765.pdf http://www.daisanshaiinkai.com/cms/wp-content/uploads/2025/08/250814_chousa3765_2.pdf,2025-08-14,http://www.daisanshaiinkai.com/cms/wp-content/uploads/2025/08/250814_chousa3765.pdf,＜社内調査チーム＞ 本件不正行為に関する詳細な事実関係の調査、類似事案の有無の調査、原因分析及び再発防止策の立案,,,http://www.daisanshaiinkai.com,3765,2871.5
2025,3856 東証スタンダード,Abalance株式会社,中部総合,2025-08-12,2025/08/12 2025/09/02,http://www.daisanshaiinkai.com/cms/wp-content/uploads/2025/08/250812_daisansha3856.pdf http://www.daisanshaiinkai.com/cms/wp-content/uploads/2025/08/250902_daisansha3856.pdf,未公表,,（１）以下の事実関係に関する各調査 ① 監査等委員会による 2024 年３月 13 日付調査報告書に関する再調査 ② 大和町太陽光発電所に係る減損及び申請書類に対する調査 ③ 関連当事者取引に関する調査 （２）類似事象の有無の調査 （３）上記（１）及び（２）による当社の連結財務諸表等への影響額の算定 （４）上記（１）記載の事実が生じた原因究明と再発防止策の提言 （５）その他、委員会が必要と認めた事項,委員長：（本澤法律事務所 弁護士） 本澤 順子 委員：（片岡総合法律事務所 弁護士） 田中 貴一 委員：（やまとパートナーズ株式会社 公認会計士） 小黒 健三,,http://www.daisanshaiinkai.com,3856,1231.0
2025,6772 東証スタンダード,東京コスモス電機株式会社,かがやき,2025-08-08,2025/08/08 2025/08/12,http://www.daisanshaiinkai.com/cms/wp-content/uploads/2025/08/250808_chousa6772.pdf http://www.daisanshaiinkai.com/cms/wp-content/uploads/2025/08/250812_chousa6772.pdf,未公表,,＜特別調査委員会＞ 2025年6月10日付当社プレスリリース記載の本公開買付けの開始予定に関する意見並びに 2025年6月24日開催の当社第68回定時株主総会における本株主提案に対する当社の意見の決定及び公表に係る経緯の調査,委員長：（山口利昭法律事務所 弁護士・公認不正検査士） 山口 利昭 委員：（ひふみ総合法律事務所 弁護士・公認不正検査士） 矢田 悠 委員：（ひふみ総合法律事務所 弁護士） 小島 冬樹,,http://www.daisanshaiinkai.com,6772,
2025,1813 東証プライム,株式会社不動テトラ,あずさ,2025-08-06,2025-08-06,http://www.daisanshaiinkai.com/cms/wp-content/uploads/2025/08/250806_chousa1813.pdf,未公表,,＜特別委員会＞ （１）必要な事項についての原因究明 （２）原因究明の結果を踏まえた追加的な再発防⽌策の提言 （３）上記の結果を記載した報告書の作成,委員⻑：（プロアクト法律事務所 弁護⼠・公認不正検査⼠） 池永 朝昭 委員：（田辺総合法律事務所 弁護⼠・公認不正検査⼠） 中西 和幸 委員：（霽⽉法律事務所 弁護⼠・公認不正検査⼠） 大野 徹也,,http://www.daisanshaiinkai.com,1813,2681.0
2025,7832 東証プライム,株式会社バンダイナムコホールディングス,あずさ,2025-07-25,2025-07-25,http://www.daisanshaiinkai.com/cms/wp-content/uploads/2025/07/250725_chousa7832.pdf,未公表,,＜社内調査＞ 本件不正行為に関する調査,,,http://www.daisanshaiinkai.com,7832,4906.0
2025,6085 東証グロース,アーキテクツ・スタジオ・ジャパン株式会社,桜橋,2025-07-25,2025/07/25 2025/08/08 2025/08/29,http://www.daisanshaiinkai.com/cms/wp-content/uploads/2025/07/250725_chousa6085.pdf http://www.daisanshaiinkai.com/cms/wp-content/uploads/2025/07/250808_chousa6085.pdf http://www.daisanshaiinkai.com/cms/wp-content/uploads/2025/07/250829_chousa6085.pdf,未公表,,＜調査委員会＞ （１）本件不正行為等に係る事実の調査・確認 （２）同様の事実の有無の調査・確認 （３）元代表取締役の取締役解任事由の有無及び解任決議案上程の是非 （４）元代表取締役に対する法的責任追及の可否及び方法,委員長：（センテニアル法律事務所パートナー 弁護士） 石田 卓遠 委員：（当社監査等委員取締役 麻布総合会計事務所 公認会計士） 石塚 亮平 委員：（当社監査等委員取締役 東京南青山法律会計事 務所 公認会計士・弁護士） 𠮷原 慎一,,http://www.daisanshaiinkai.com,6085,278.0
2025,365A 東証スタンダード,伊澤タオル株式会社,三優,2025-07-18,2025/07/18 2025/08/29,http://www.daisanshaiinkai.com/cms/wp-content/uploads/2025/07/250718_daisansha_365A.pdf http://www.daisanshaiinkai.com/cms/wp-content/uploads/2025/07/250829_daisansha365A.pdf,未公表,,（１）本件報道に掲載された伊澤によるパワーハラスメント行為の有無 （２）本件報道に掲載された従業員の年次有給休暇の取得に関する事実の有無 （３）本件報道に掲載された新型コロナウイルス等に罹患した従業員への対応に関する事実の有無 （４）（１）に類似する事案の有無（弊社が旧伊澤タオル株式会社とインタークラフト通商株式会社を吸収合併し、現在の商号に変更した 2022年3月1日以降のものを対象。） （５）判明した問題に係る背景、原因の究明・分析（弊社におけるガバナンス上の問題点を含む。） （６）判明した問題に係る再発防止策の提言 （７）その他、当委員会が必要と認めた事項,委員長：（第一芙蓉法律事務所 弁護士） 小鍛冶 広道 委員：（第一芙蓉法律事務所 弁護士） 宇野 由隆 委員：（第一芙蓉法律事務所 弁護士） 池田 知朗 委員：（第一芙蓉法律事務所 弁護士） 柏戸 夏子 委員：（第一芙蓉法律事務所 弁護士） 金澤 康,,http://www.daisanshaiinkai.com,,
2025,6232 東証グロース,株式会社ACSL,アヴァンティア,2025-07-01,2025-07-01,http://www.daisanshaiinkai.com/cms/wp-content/uploads/2025/07/250701_chousa_6232.pdf,2025-07-14,http://www.daisanshaiinkai.com/cms/wp-content/uploads/2025/07/250714_chousa_6232.pdf,＜特別調査委員会＞ （１）本件事案に係る事実関係の解明 （２）本件事案に類似する事案（以下、「類似事案」といいます。）に係る事実関係の解明 （３）（１）及び（２）で判明した本件事案及び類似事案の原因等の分析及び再発防止策の提言,委員長：（アンダーソン・毛利・友常法律事務所外国法共同事業 弁護士） 西谷 敦 委員：（当社社外取締役（独立役員）監査等委員 公認会計士） 静 健太郎 委員：（当社社外取締役（独立役員）監査等委員 弁護士） 香月 由嘉 委員：（当社社外取締役（独立役員）監査等委員） 島津 忠美,アンダーソン・毛利・友常法律事務所外国法共同事業 弁護士 中原 隆雅 髙田 将寛 清水 愛衣加 髙橋 将希 中川 佳直 石川 雅人 北田 拓生 中野 健登 石井 南帆,http://www.daisanshaiinkai.com,6232,1080.0
2025,2978 東証グロース,株式会社ツクルバ,和泉,2025-06-27,2025-06-27,http://www.daisanshaiinkai.com/cms/wp-content/uploads/2025/06/250627_chousa2978.pdf,2025-09-12,http://www.daisanshaiinkai.com/cms/wp-content/uploads/2025/06/250912_chousa2978.pdf,＜社内調査委員会＞ （１）本件指摘内容に関する事実関係の調査 （２）その他、社内調査委員会が必要と認める事項,委員長：（当社社外取締役監査等委員、独立役員） 小林 賢治 委員：（当社社外取締役監査等委員（常勤）、独立役員 公認会計士） 西浦 千栄子 委員：（当社社外取締役監査等委員、独立役員 税理士） 石本 忠次,,http://www.daisanshaiinkai.com,2978,607.0
2025,6548 東証グロース,株式会社旅工房,やまと,2025-06-05,2025/06/05 2025/08/08 2025/08/29,http://www.daisanshaiinkai.com/cms/wp-content/uploads/2025/06/250605_chousa_6548.pdf http://www.daisanshaiinkai.com/cms/wp-content/uploads/2025/06/250808_chousa6548.pdf http://www.daisanshaiinkai.com/cms/wp-content/uploads/2025/06/250829_chousa6548.pdf,2025-09-01,http://www.daisanshaiinkai.com/cms/wp-content/uploads/2025/06/250901_chousa6548.pdf,＜特別調査委員会＞ （１）本件事案に関する事実関係の調査 （２）本件事案に類似する事案の存否及び事実関係の調査 （３）上記（１）及び（２）による当社の連結財務諸表への影響額の確認 （４）発生原因の分析と再発防止策の提言 （５）その他、特別調査委員会が必要と認めた事項,委員長：（アンダーソン・毛利・友常法律事務所 外国法共同事業 弁護士） 三宅 英貴 委員：（株式会社KPMG Forensic & Risk Advisory 公認会計士） 藤田 大介 委員：（アンダーソン・毛利・友常法律事務所 外国法共同事業 弁護士） 大西 良平 委員：（社外監査役・未来創造弁護士法人 弁護士） 野村 拓也,アンダーソン・毛利・友常法律事務所外国法共同事業 弁護士 髙橋 将希 北泉 隆之 重枝 綾音 古沢 亮介 株式会 KPMG Forensic & Risk Advisory 米国公認会計士 水上 浩 奥成 一平 株式会社KPMG Forensic & Risk Advisory 公認会計士 石坂 穏 折戸 伸樹 綾 浩平 株式会社KPMG Forensic & Risk Advisory 野崎 真樹 伊藤 希珠 岩本 早葵子 楊 宗翰 他 10名,http://www.daisanshaiinkai.com,6548,159.0
2025,7116 東証スタンダード,ダイワ通信株式会社,トーマツ,2025-06-02,2025/06/02 2025/07/31,http://www.daisanshaiinkai.com/cms/wp-content/uploads/2025/06/250602_chousa_7116.pdf http://www.daisanshaiinkai.com/cms/wp-content/uploads/2025/06/250731_chousa7116.pdf,2025-08-01,http://www.daisanshaiinkai.com/cms/wp-content/uploads/2025/06/250801_chousa7116.pdf,＜特別調査委員会＞ （１）事実関係の調査 （２）類似事象の有無の調査 （３）影響額の算定 （４）原因究明と再発防止策の提言 （５）その他、委員会が必要と認めた事項,委員長：（（渥美坂井法律事務所・外国法共同事業 弁護士・元最高検察庁次長検事） 山上 秀明 委員：（渥美坂井法律事務所・外国法共同事業 弁護士・公認不正検査士） 清水 真一郎 委員：（株式会社WARC 公認会計士） 杉田 篤史,,http://www.daisanshaiinkai.com,7116,1015.0
2025,5966 東証スタンダード,KTC(京都機械工具株式会社),PwC Japan,2025-06-02,2025-06-02,http://www.daisanshaiinkai.com/cms/wp-content/uploads/2025/06/250602_chousa_5966.pdf,2025-06-30,http://www.daisanshaiinkai.com/cms/wp-content/uploads/2025/06/250630_chousa5966.pdf,＜特別調査委員会＞ （１）当初事案に係る事実関係の調査 （２）KTC及びKTC連結子会社における当初事案に類似する事象の有無の調査 （３）上記につき不適切な会計処理が判明した場合における連結財務諸表等への影響額の算定 （４）上記にかかる原因の究明（当初事案の発生原因、内部統制にかかる状況等を含む）及び再発防止策の提言 （５）上記のほか、特別調査委員会が必要と認める事項,委員長：（プロアクト法律事務所 弁護士・公認不正検査士） 渡邉 宙志 委員：（堂島法律事務所 弁護士・公認不正検査士） 横瀬 大輝 委員：（FYI株式会社 公認会計士） 河江 健史,プロアクト法律事務所 弁護士 竹内 朗 福田 恵太 徳山 佳祐 田中 伸英 田畑 瑠巳 中島 永祥 堂島法律事務所 弁護士 柳 勝久 板﨑 遼 松浦 奨 株式会社ナナイロコンサルタンツ 公認会計士 井出 浩二 張本 和志 梶田 雄之 山本 陽平 𠮷田 壮志 岩下 耀平 寒川 貴弘 小石 彩萌 株式会社KPMG Forensic & Risk Advisory 公認会計士 藤田 大介 山口 孝之 ほか 11名 KTC職員 5名,http://www.daisanshaiinkai.com,5966,2470.0
2025,5966 東証スタンダード,KTC(京都機械工具株式会社),PwC Japan,2025-05-13,2025-05-13,http://www.daisanshaiinkai.com/cms/wp-content/uploads/2025/05/250513_chousa5966.pdf,特別調査委員会へ移行,,＜調査チーム＞ 本件事案についての全容解明、同種又は類似事案の存否の確認、発生原因の分析及び再発防止の策定等,外部専門家：（弁護士法人堂島法律事務所 弁護士・公認不正検査士） 横瀬 大輝 外部専門家：（FYI株式会社 公認会計士） 河江 健史 株式会社KPMG Forensic＆Risk Advisory,,http://www.daisanshaiinkai.com,5966,2470.0
2025,4666 東証プライム,パーク24株式会社,EY新日本,2025-05-30,2025-05-30,http://www.daisanshaiinkai.com/cms/wp-content/uploads/2025/05/250530_chousa4666.pdf,2025-07-15,http://www.daisanshaiinkai.com/cms/wp-content/uploads/2025/05/250715_chousa_4666.pdf,＜社内調査委員会＞ （１）当事案に関する事実関係およびその内容の調査 （２）当事案に類似する事象の有無およびその事実関係の調査 （３）（１）および（２）の原因分析ならびに再発防止策の提言,委員長：（取締役（社外・独立）・監査等委員） 長坂 隆 委員：（取締役（社外・独立）） 大浦 善光 委員：（取締役（社外・独立）・監査等委員） 丹生谷 美穂 委員：（取締役（社外・独立）） 黒木 彰子 委員：（取締役・監査等委員） 山中 新吾,ひふみ総合法律事務所 弁護士・公認不正検査士 矢田 悠 ひふみ総合法律事務所 弁護士 松原 由佳 篠田 春樹 髙橋 可奈,http://www.daisanshaiinkai.com,4666,2165.0
2025,6578 東証スタンダード,株式会社コレックホールディングス,有限責任パートナーズ綜合,2025-05-28,2025/05/28 2025/08/08,http://www.daisanshaiinkai.com/cms/wp-content/uploads/2025/05/250528_chousa6578.pdf http://www.daisanshaiinkai.com/cms/wp-content/uploads/2025/05/250814_chousa6578.pdf,2025-08-18,http://www.daisanshaiinkai.com/cms/wp-content/uploads/2025/05/250818_chousa6578.pdf,＜特別調査委員会＞ （１）本事案に関する事実関係の調査 （２）本事案に類似する事象の有無の調査 （３）調査の結果判明した事実が財務諸表に与える影響の有無、程度、内容等の検討 （４）本事案の原因分析及び再発防止策の検討,委員長：（佐藤総合法律事務所 弁護士） 佐藤 明夫 委員：（福崎法律事務所 弁護士） 福崎 真也 委員：（株式会社KIC 公認会計士） 和田 芳幸,佐藤総合法律事務所 弁護士 6名 株式会社KIC 公認会計士 10名,http://www.daisanshaiinkai.com,6578,309.0
2025,6763 東証プライム,帝国通信工業株式会社,トーマツ,2025-05-27,2025-05-27,http://www.daisanshaiinkai.com/cms/wp-content/uploads/2025/05/250527_chousa6763.pdf,未公表,,＜調査委員会＞ 事実関係の調査や再発防止策の策定,,,http://www.daisanshaiinkai.com,6763,2473.0
2025,4587 東証プライム,ペプチドリーム株式会社,あずさ,2025-05-13,2025-05-13,http://www.daisanshaiinkai.com/cms/wp-content/uploads/2025/05/250513_chousa4587.pdf,2025-08-06,http://www.daisanshaiinkai.com/cms/wp-content/uploads/2025/05/250806_chousa4587.pdf,＜特別調査委員会＞ （１）本件に係る事実関係及び類似する案件の存否の調査 （２）本件が生じた原因の究明（内部統制上の不備の可能性を含む）及び再発防止策の提言 （３）その他、特別調査委員会が必要と認める事項,委員長：（当社独立社外取締役・常勤監査等委員） 神谷 紀一郎 委員：（プロアクト法律事務所 弁護士・公認不正検査士） 竹内 朗 委員：（プロアクト法律事務所 弁護士・公認不正検査士） 岩渕 恵理,プロアクト法律事務所 弁護士 神田 詠守 株式会社foxcale 当社従業員数名（管理部門所属）,http://www.daisanshaiinkai.com,4587,1707.0
2025,2342 東証グロース,株式会社トランスジェニックグループ,トーマツ,2025-05-12,2025-05-12,http://www.daisanshaiinkai.com/cms/wp-content/uploads/2025/05/250512_chousa2342.pdf,2025-06-20,http://www.daisanshaiinkai.com/cms/wp-content/uploads/2025/05/250620_chousa_2342.pdf,＜外部調査＞ 客観的な観点から、事実確認の調査及び検証を行うため,,,http://www.daisanshaiinkai.com,2342,218.0
2025,9444 東証スタンダード,株式会社トーシンホールディングス,有限責任中部総合,2025-05-09,2025/05/09 2025/05/20 2025/08/29,http://www.daisanshaiinkai.com/cms/wp-content/uploads/2025/05/250509_daisansha9444.pdf http://www.daisanshaiinkai.com/cms/wp-content/uploads/2025/05/250520_daisansha9444.pdf http://www.daisanshaiinkai.com/cms/wp-content/uploads/2025/05/250829_daisansha9444.pdf,2025-09-04,http://www.daisanshaiinkai.com/cms/wp-content/uploads/2025/05/250904_daisansha9444.pdf,（１）本事案にかかる事実関係調査（同種又は類似事案の有無を含む。） （２）本事案による当社連結財務諸表等への影響の検討 （３）本事案が発生した原因の分析と再発防止策の検討・提言 （４）その他、第三者委員会が必要と認めた事項,委員長：（鈴木・久保田法律事務所 弁護士） 鈴木 智 委員：（鈴木・久保田法律事務所 弁護士） 委員：（矢野公認会計士事務所 公認会計士・税理士） 矢野 直,小池恭平公認会計士事務所 公認会計士 小池 恭平 筒井敬士公認会計士事務所 公認会計士・税理士 筒井 敬士 寺町公認会計士事務所 公認会計士・税理士・公認不正検査士 寺町 雅人 安田秀実公認会計士事務所 公認会計士 安田 秀実 レイファーストアドバイザリー株式会社 税理士・公認不正検査士・CDFP-P 藤居 幸祐,http://www.daisanshaiinkai.com,9444,622.0
2025,3814 東証グロース,株式会社アルファクス・フード・システム,HLB Meisei,2025-05-08,2025/05/08 2025/07/25,http://www.daisanshaiinkai.com/cms/wp-content/uploads/2025/05/250508_chousa3814.pdf http://www.daisanshaiinkai.com/cms/wp-content/uploads/2025/05/250725_chousa3814.pdf,2025-07-30,http://www.daisanshaiinkai.com/cms/wp-content/uploads/2025/05/250730_chousa3814.pdf,＜特別調査委員会＞ （１）会計処理に関する疑義についての客観的な事実関係の調査 （２）上記の調査及び検証の結果、財務諸表に影響を与えるものと認められる場合には、その影響額の調査 （３）上記について問題が認められた場合の原因の究明と再発防止策の提言 （４）その他、上記に付随して当委員会が必要と認めた事項,委員長：（神久治郎公認会計士事務所 公認会計士） 神久 治郎 委員：（関徹公認会計士事務所 公認会計士） 関 徹 委員：（弁護士法人ANSWERS 弁護士） 門松 優介,弁護士法人ANSWERZ 弁護士 安部 光陽 公認会計士 4名,http://www.daisanshaiinkai.com,3814,
2025,260A 東証グロース,株式会社オルツ,シドー,2025-04-25,2025/04/25 2025/07/25,http://www.daisanshaiinkai.com/cms/wp-content/uploads/2025/04/250425_daisansha260A.pdf http://www.daisanshaiinkai.com/cms/wp-content/uploads/2025/04/250725_daisansha260A.pdf,2025-07-29,http://www.daisanshaiinkai.com/cms/wp-content/uploads/2025/04/250729_daisansha260A.pdf,（１）本件疑義にかかる事実関係の解明（類似する事象の検証を含む） （２）連結財務諸表等への影響の有無の検討 （３）原因分析及び再発防止の提言,委員⻑：（弁護⼠法⼈⽠⽣‧⽷賀法律事務所 弁護士） ⼩⼭ 太⼠ 委員：（光和総合法律事務所 弁護士） ⽩井 真 委員：（PwCリスクアドバイザリー合同会社 公認会計士） 那須 美帆⼦,弁護士法人・瓜生糸賀法律事務所 弁護士 永井 克 高梨 未央 梅澤 慶太 光和総合法律事務所 弁護士 中澤 雄仁 野原 俊介 坂下 大貴 橋本 祥 森 大輝 渡辺 大祐 岡本 健太 宮﨑 一輝 原田 康平 津﨑 雄太 八雲法律事務所 弁護士 笠置 泰平 PwCリスクアドバイザリー合同会社 公認会計士 小澤 茂樹 成戸 宏隆 平田 進爾 相原 裕輔 PwCリスクアドバイザリー合同会社 徳野 文子 山本 せかい 藤田 亮 ほか 22名,http://www.daisanshaiinkai.com,,
2025,3697 東証プライム,株式会社SHIFT,EY新日本,2025-04-10,2025-04-10,http://www.daisanshaiinkai.com/cms/wp-content/uploads/2025/04/250410_fusei3697.pdf,未公表,,＜内部監査＞ 当社連結子会社のインフィニック株式会社における助成金の受給に関して、外部専門家の協力を得て実施,,,http://www.daisanshaiinkai.com,3697,1380.5
2025,9706 東証プライム,日本空港ビルデング株式会社,EY新日本,2025-04-03,2025-04-03,http://www.daisanshaiinkai.com/cms/wp-content/uploads/2025/04/250403_chousa9706.pdf,2025/05/09 2025/05/09,http://www.daisanshaiinkai.com/cms/wp-content/uploads/2025/04/250509_chousa9706_1.pdf http://www.daisanshaiinkai.com/cms/wp-content/uploads/2025/04/250509_chousa9706_2.pdf,＜特別調査委員会＞ 事実関係及び経緯などの調査を行うこと,,,http://www.daisanshaiinkai.com,9706,4757.0
2025,1925 東証プライム,大和ハウス工業株式会社,EY新日本,2025-03-28,2025-03-28,http://www.daisanshaiinkai.com/cms/wp-content/uploads/2025/03/250328_fusei1925.pdf,未公表,,＜社内調査＞ 本件不正行為に関する調査,,,http://www.daisanshaiinkai.com,1925,5452.0
2025,7071 東証プライム,株式会社アンビスホールディングス,PwC Japan,2025-03-27,2025-03-27,http://www.daisanshaiinkai.com/cms/wp-content/uploads/2025/03/250327_chousa7071.pdf,2025-08-08,http://www.daisanshaiinkai.com/cms/wp-content/uploads/2025/03/250808_chousa7071.pdf,＜特別調査委員会＞ （１）本件及び類似事案の有無に関する調査 （２）上記（１）の結果、問題があると判断された事案が認められた場合には事案が発生した原因の分析及び再発防止策の提言 （３）その他特別調査委員会が必要と認める事項,委員長：（桃尾・松尾・難波法律事務所・元福岡高等検察庁検事長 弁護士） 井上 宏 委員：（弁護士法人 瓜生・糸賀法律事務所・元大阪地方裁判所判事 弁護士） 澤田 忠之 委員：（U&Iアドバイザリーサービス株式会社 公認会計士） 山田 重嗣,弁護士法人瓜生・糸賀法律事務所 弁護士 13名 U&Iアドバイザリーサービス株式会社 公認会計士 2名 公認不正検査士 1名 デジタルフォレンジック担当者,http://www.daisanshaiinkai.com,7071,641.0
2025,2345 東証スタンダード,株式会社クシム,UHY東京,2025-03-28,2025-03-28,http://www.daisanshaiinkai.com/cms/wp-content/uploads/2025/03/250328_chousa2345.pdf,2025/04/04 2025/04/23,http://www.daisanshaiinkai.com/cms/wp-content/uploads/2024/11/250404_chousa2345.pdf http://www.daisanshaiinkai.com/cms/wp-content/uploads/2025/03/250423_chousa2345.pdf,＜特別調査委員会＞ 当該会計処理の適切性について調査・検証,委員長：（本澤法律事務所 弁護士） 本澤 順子 委員：（やまとパートナーズ株式会社 公認会計士） 小黒 健三 委員：（虎門中央法律事務所 弁護士） 北川 泰裕,長與公認会計士事務所 公認会計士 長與 明子 須田公認会計士事務所 公認会計士 須田 雅秋 虎門中央法律事務所 弁護士 荒井 隆男 佐藤 慶,http://www.daisanshaiinkai.com,2345,253.0
2025,4751 東証プライム,株式会社サイバーエージェント,トーマツ,2025-03-26,2025-03-26,http://www.daisanshaiinkai.com/cms/wp-content/uploads/2025/03/250326_chousa4751.pdf,2025-04-16,http://www.daisanshaiinkai.com/cms/wp-content/uploads/2025/03/250416_chousa4751.pdf,＜社内調査委員会＞ （１）本件に関する事実関係の調査 （２）本件による CyberOwl の財務諸表等への影響額の検証 （３）Cyber0wl において本件と同種又は類似事案を調査すべく、Cyber0wlのB氏が担当する現マーケティングメディア事業部に関する仕入及び売上の各取引、取引関係及び管理体制に関する必要な調査 （４）本調査の進捗により必要に応じた、サイバーエージェント及びサイバーエージェントの子会社における本件と同種又は類似事案の有無及びその内容等に関する調査 （５）前述（１）、（３）及び（４）で確認された事実に関する原因分析並びに再発防止策の検討及び提言 （６）前各号にかかる調査の結果等を記載した調査報告書の作成,委員長：（TMI総合法律事務所 弁護士） 波多江 崇 委員：（株式会社KPMG FAS 公認会計士） 藤田 大介 委員：（株式会社サイバーエージェント 常務執行役員） 武田 丈宏,TMI総合法律事務所 吉井 久美子 小林 祐太 株式会社KPMG FAS 斎田 修 山田 昂輝 宮村 恵理 Tay Tian Jye 李 予桐 折戸 伸樹 吉田 啓一郎 大川 秋晴 他6名,http://www.daisanshaiinkai.com,4751,1810.0
2025,2871 東証プライム,株式会社ニチレイ,EY新日本,2025-03-25,2025-03-25,http://www.daisanshaiinkai.com/cms/wp-content/uploads/2025/03/250325_chousa2871.pdf,2025/03/25 2025/03/27,http://www.daisanshaiinkai.com/cms/wp-content/uploads/2025/03/250325_chousa2871.pdf http://www.daisanshaiinkai.com/cms/wp-content/uploads/2025/03/250327_chousa2871.pdf,＜調査委員会＞ （１）X氏による不正行為の有無・内容を含む事実関係の解明、並びに類似の不正行為の有無・内容の調査 （２）X氏により不正行為が行われた原因の究明 （３）再発防止策の提言,委員長：（ニチレイ社外取締役） 濱島 健爾 委員：（ニチレイ社外監査役） 齊藤 雄彦 委員：（ニチレイ代表取締役社長） 大櫛 顕也 委員：（ニチレイ常勤監査役） 加藤 達志 委員：（アンダーソン・毛利・友常法律事務所 弁護士） 西谷 敦,,http://www.daisanshaiinkai.com,2871,1732.0
2025,1757 東証スタンダード,株式会社創建エース,公認会計士柴田洋 公認会計士大瀧秀樹,2025-03-19,2025-03-19,http://www.daisanshaiinkai.com/cms/wp-content/uploads/2025/03/250319_chousa1757.pdf,2025-06-30,http://www.daisanshaiinkai.com/cms/wp-content/uploads/2025/03/250630_chousa1757.pdf,＜特別調査委員会＞ （１）本件疑義に関する事実関係の調査および会計処理の適切性・妥当性についての検討 （２）本件疑義に類似、関係する事象の事実確認 （３）調査の結果、判明した事象が連結財務諸表に与える影響 （４）本件疑義の原因分析、適切な会計処理および再発防止策の提言 （５）その他、特別調査委員会が必要と認めた事項,委員長：（善国寺坂法律事務所 弁護士） 大下 良仁 委員：（たきざわ法律事務所 弁護士） 瀧澤 輝 委員：（新樹法律事務所 弁護士） 渡辺 治 委員：（佐々木公認会計士事務所 公認会計士） 佐々木 洋平 委員：（村田茂也公認会計士事務所 公認会計士） 村田 茂也,井出浩二公認会計士事務所 公認会計士 井出 浩二 影平公認会計士事務所 公認会計士 影平 真也 小嶋公認会計士事務所 公認会計士 小嶋 良樹 今西紘子公認会計士事務所 公認会計士 今西 紘子 小林純也公認会計士事務所 公認会計士 小林 純也 川中宏介公認会計士事務所 公認会計士 川中 宏介 古澤公認会計士事務所 公認会計士 古澤 卓 坪田公認会計士事務所 公認会計士 坪田 亮介,http://www.daisanshaiinkai.com,1757,2.0
2025,8894 東証スタンダード,株式会社REVOLUTION,EY新日本,2025-03-14,2025/03/14 2025/07/11,http://www.daisanshaiinkai.com/cms/wp-content/uploads/2025/03/250314_daisansha8894.pdf http://www.daisanshaiinkai.com/cms/wp-content/uploads/2025/03/250711_daisansha_8894.pdf,2025-07-14,http://www.daisanshaiinkai.com/cms/wp-content/uploads/2025/03/250714_daisansha_8894.pdf,（１）本株主優待に関する事実経緯の解明 （２）本新株予約権に関する事実経緯の解明 （３）その他当委員会が必要と認めた事項に関する事実経緯の解明 ① REV社によるWeCapital社に対する本株式交付に係る事項 ② REV社の筆頭株主である合同会社FO1（以下「FO1社」という。）の代表社員であるb氏によるREV社の経営に対する関与に係る事項 （４）上記（１）ないし（３）で判明した問題点の分析及びそれに対する提言,委員長：（ITN法律事務所、元最高検検事 弁護士） 名取 俊也 委員：（長島・大野・常松法律事務所 弁護士） 辺 誠祐 委員：（株式会社アカウンティング・アシスト 公認会計士） 茂田井 純一,長島・大野・常松法律事務所 弁護士 西村 修一 天井 周平 湯浅 諭 今野 恵一朗 初馬 眞人 金澤 亮太郎 株式会社アカウンティング・アシスト 公認会計士 加瀬 豊,http://www.daisanshaiinkai.com,8894,78.0
2025,7444 東証スタンダード,ハリマ共和物産株式会社,トーマツ,2025-03-04,2025-03-04,http://www.daisanshaiinkai.com/cms/wp-content/uploads/2025/03/250304_chousa7444.pdf,2025-03-31,http://www.daisanshaiinkai.com/cms/wp-content/uploads/2025/03/250331_chousa7444.pdf,＜特別調査委員会＞ （１）本件着服①に関する事実関係 （２）本件着服②に関する事実関係 （３）本件着服に類似する不正行為の有無 （４）上記（１）ないし（３）に係る原因の究明 （５）再発防止策の提言 （６）その他当委員会が調査を必要と認めた事項,委員長：（弁護士法人北浜法律事務所 弁護士） 渡辺 徹 委員：（弁護士法人北浜法律事務所 弁護士） 孝岡 裕介 委員：（弁護士法人北浜法律事務所 弁護士） 藤原 成和,弁護士法人北浜法律事務所 アソシエイト弁護士 堀山 輝 株式会社FRONTEO 株式会社ジイズスタッフ,http://www.daisanshaiinkai.com,7444,1925.0
2025,6376 東証プライム,日機装株式会社,トーマツ,2025-02-28,2025-02-28,http://www.daisanshaiinkai.com/cms/wp-content/uploads/2025/02/250228_chousa6376.pdf,2025-08-01,http://www.daisanshaiinkai.com/cms/wp-content/uploads/2025/02/250801_chousa6376.pdf,＜特別調査委員会＞ （１）本件事案の事実関係調査 （２）類似事案の有無の調査 （３）本件事案の発生原因の分析及び再発防止策の提言,委員長：（シティユーワ法律事務所 弁護士） 岸見 直幸 委員：（シティユーワ法律事務所 弁護士） 鹿倉 佑太 委員：（当社常勤監査役） 竹内 基裕,シティユーワ法律事務所 弁護士 8名,http://www.daisanshaiinkai.com,6376,1487.0
2025,6588 東証プライム,東芝テック株式会社,PwC Japan,2025-02-18,2025-02-18,http://www.daisanshaiinkai.com/cms/wp-content/uploads/2025/02/250218_chousa6588.pdf,2025-02-18,http://www.daisanshaiinkai.com/cms/wp-content/uploads/2025/02/250218_chousa6588.pdf,＜社内調査＞ 本件不正行為に関する事実調査,,,http://www.daisanshaiinkai.com,6588,3150.0
2025,6977 東証スタンダード,株式会社日本抵抗器製作所,仰星,2025-02-10,2025-02-10,http://www.daisanshaiinkai.com/cms/wp-content/uploads/2025/02/250210_chousa6977.pdf,2025-04-28,http://www.daisanshaiinkai.com/cms/wp-content/uploads/2025/02/250428_chousa6977.pdf,＜社内調査委員会＞ 事実関係の調査をはじめ不正行為の原因並びに今後取るべき対策について検討,委員長：（取締役） 森 悦夫 委員：（取締役） 魚 孝浩 委員：（社長室 室長） 木矢村 隆 委員：（財務管理部長） 中山 光孝 委員：（中山知康法律事務所） 中山 知康 委員：（白岩税理士事務所） 白岩 勇治,,http://www.daisanshaiinkai.com,6977,834.0
2025,1813 東証プライム,株式会社不動テトラ,あずさ,2025-02-07,2025-02-07,http://www.daisanshaiinkai.com/cms/wp-content/uploads/2025/02/250207_chousa1813.pdf,2025-03-31,http://www.daisanshaiinkai.com/cms/wp-content/uploads/2025/02/250331_chousa1813.pdf,＜社内調査委員会＞ （１）本件についての事実調査（類似案件等を含む） （２）本件に関する当社連結財務諸表への影響の算定 （３）本件の発生原因等の分析・評価 （４）本件に関する再発防止策の提言 （５）上記の調査結果等を記載した調査報告書の作成 （６）その他社内調査委員会が必要と認めた事項,委員長：（明哲綜合法律事務所 弁護士） 武井 洋一 委員：（FYI株式会社 公認会計士） 河江 健史 委員：（当社社外取締役 監査等委員 弁護士） 黒田 清行,社外調査補助者 弁護士 4名 公認会計士 5名 当社従業員 調査補助者 6名 調査事務局 10名 株式会社foxcale,http://www.daisanshaiinkai.com,1813,2681.0
2025,7116 東証スタンダード,ダイワ通信株式会社,トーマツ,2025-02-04,2025/02/04 2025/04/18 2025/04/21,http://www.daisanshaiinkai.com/cms/wp-content/uploads/2025/02/250204_daisansha7116.pdf http://www.daisanshaiinkai.com/cms/wp-content/uploads/2025/02/250418_daisansha7116.pdf http://www.daisanshaiinkai.com/cms/wp-content/uploads/2025/02/250421_daisansha7116-2.pdf,2025-04-21,http://www.daisanshaiinkai.com/cms/wp-content/uploads/2025/02/250421_daisansha7116.pdf,（１）DSS において本通報で言及されている不適切な会計上の処理を行っている疑義、具体的には、①DSS が代理店等に販売した商品を他の代理店等を介して再度仕入れて販売する取引が存在するという疑義及び②DSS が商品を出荷せずに代理店等に販売する取引が存在するという疑義(以下、まとめて「本件被疑事実」という。) に係る事実関係の調査 （２）本件被疑事実に類似する事象の有無等の調査 (件外調査の実施) （３）本件被疑事実 (及びこれに類似する事象)の存在が認定された場合の発生原因の解明及び究明並びに再発防止策の提言 （４）本件被疑事実 (及びこれに類似する事象)の存在が認定された場合の連結財務諸表への影響額の算定 （５）その他当委員会が調査を必要と認めた一切の事項の調査,委員長：（岩田合同法律事務所札幌オフィス パートナー弁護士） 永口 学 委員：（岩田合同法律事務所 パートナー弁護士・公認会計士） 武藤 雄木 委員：（太陽グラントソントン・アドバイザーズ株式会社 パートナー公認会計士） 垂水 敬,弁護士 青木 晋治 佐々木 智生 豊岡 啓人 武田 敦 堀田 凌平 田中 いづみ 公認会計士 前村 浩介 井戸 志生 今枝 侑子 ほか6名 その他パラリーガル、スタッフ等 中村 繭美 ほか20名,http://www.daisanshaiinkai.com,7116,1015.0
2025,7444 東証スタンダード,ハリマ共和物産株式会社,トーマツ,2025-02-03,2025-02-03,http://www.daisanshaiinkai.com/cms/wp-content/uploads/2025/02/250203_chousa7444.pdf,未公表,,＜特別調査委員会＞ 本件に係る事実関係の解明、その他の同種事例の有無の調査、発生原因の分析及び再発防止の策定等,,,http://www.daisanshaiinkai.com,7444,1925.0
2025,4676 東証プライム,株式会社フジ・メディア・ホールディングス,EY新日本,2025-01-23,2025/01/23 2025/03/05,http://www.daisanshaiinkai.com/cms/wp-content/uploads/2025/01/241223_chousa4676.pdf http://www.daisanshaiinkai.com/cms/wp-content/uploads/2025/01/250305_daisansha4676.pdf,2025/04/30 2025/04/30 2025/04/30,http://www.daisanshaiinkai.com/cms/wp-content/uploads/2025/01/250430_daisansha4676.pdf http://www.daisanshaiinkai.com/cms/wp-content/uploads/2025/01/250430_daisansha4676_2.pdf http://www.daisanshaiinkai.com/cms/wp-content/uploads/2025/01/250430_daisansha4676_3.pdf,（１）本事案へのフジテレビ及び当社の関わり （２）本事案と類似する事案の有無 （３）フジテレビが本事案を認識してから現在までのフジテレビ及び当社の事後対応 （４）当社及びフジテレビの内部統制・グループガバナンス・人権への取組み （５）判明した問題に関する原因分析、再発防止に向けた提言 （６）その他第三者委員会が必要と認めた事項,委員長：（プロアクト法律事務所 弁護士・公認不正検査士） 竹内 朗 委員：（国広総合法律事務所 弁護士） 五味 祐子 委員：（山口利昭法律事務所 弁護士・公認不正検査士） 山口 利昭,主任調査担当弁護士： プロアクト法律事務所 弁護士 渡邉 宙志 三浦法律事務所 弁護士 山口 亮子 プロアクト法律事務所 弁護士 池永 朝昭 真和総合法律事務所 弁護士 高橋 大祐 弁護士法人ANSWERZ 小林 美奈 調査担当弁護士： プロアクト法律事務所 徳山 佳祐 田中 伸英 岩渕 恵理 田畑 瑠巳 神田 詠守 中島 永祥 国広総合法律事務所 牧野 輝暁 上村 彩 三浦法律事務所 間瀬 まゆ子 小松 慶子 迫野 馨恵 加藤 佑子 後藤 徹也 齋藤 亮太 菅原 裕人 高橋 宗鷹 金井 悠太 榮村 将太 株式会社foxcale,http://www.daisanshaiinkai.com,4676,3491.0
2025,3561 東証プライム,株式会社力の源ホールディングス,三優,2025-01-22,2025-01-22,http://www.daisanshaiinkai.com/cms/wp-content/uploads/2024/12/250122_daisansha3561.pdf,2025-02-17,http://www.daisanshaiinkai.com/cms/wp-content/uploads/2024/12/250217_daisansha3561.pdf,（１）事実関係の調査 （２）事実認定及び評価・原因の分析 （３）再発防止策の策定 （４）本件に係る関係者の責任についての検討 （５）調査報告書の作成,委員長：（弁護士法人淀屋橋・山上合同 弁護士） 高杉 信匡 委員：（弁護士法人淀屋橋・山上合同 弁護士） 岩本 文男 委員：（弁護士法人淀屋橋・山上合同 弁護士） 古田 俊文,,http://www.daisanshaiinkai.com,3561,1527.0
2025,1764 東証スタンダード,工藤建設株式会社,FRIQ,2024-01-07,2024-01-07,http://www.daisanshaiinkai.com/cms/wp-content/uploads/2025/01/250107_chousa1764.pdf,2025/02/07 2025/02/10,http://www.daisanshaiinkai.com/cms/wp-content/uploads/2025/01/250207_chousa1764.pdf http://www.daisanshaiinkai.com/cms/wp-content/uploads/2025/01/250210_chousa1764.pdf,＜社内調査委員会＞ （１）本事案に関する事実関係の調査 （２）本事案に類似する事象の有無の調査 （３）本事案の原因分析及び再発防止策の提言 （４）本件事案に関する連結財務諸表等への影響額の確定 （５）その他、社内調査委員会が必要と認める事項,委員長：（プロアクト法律事務所 弁護士・公認不正検査士） 竹内 朗 委員：（当社社外取締役・独立役員） 平沼 義幸 委員：（当社社外監査役・独立役員 公認会計士） 水上 亮比呂 委員：（当社常勤監査役） 庄司 盛弘,プロアクト法律事務所 弁護士 田中 伸英 岩渕 恵理 神田 詠守 中島 永祥 株式会社foxcale,http://www.daisanshaiinkai.com,1764,2698.0
2025,6594 東証プライム,ニデック株式会社,PwC Japan,2025-09-03,2025-09-03,http://www.daisanshaiinkai.com/cms/wp-content/uploads/2025/09/250903_daisansha6594.pdf,未公表,,（１）当社及びグループ会社における資産性にリスクのある資産に関する評価減の時期の恣意的な調整などの不適切な会計処理の疑義（テクノ事案含む）に係る事実関係の調査 （２）不適切な会計処理が判明した場合、その影響額の算定 （３）不適切な会計処理が判明した場合、その原因の究明及び再発防止策の提言 （４）その他、第三者委員会が必要と認めた事項,委員長：（西村あさひ法律事務所・外国法共同事業 弁護士） 平尾 覚 委員：（株式会社アカウンティング・アドバイザリー 公認会計士） 井上 寅喜 委員：（光和総合法律事務所 弁護士） 白井 真,,http://www.daisanshaiinkai.com/2025/,6594,2671.0
2025,8940 東証スタンダード,株式会社インテリックス,太陽,2025-08-22,2025/08/22 2025/09/08,http://www.daisanshaiinkai.com/cms/wp-content/uploads/2025/08/250822_fusei8940.pdf http://www.daisanshaiinkai.com/cms/wp-content/uploads/2025/08/250908_chousa8940.pdf,未公表,,＜社内調査＞ 事実関係の調査並びに再発防止に向けた取組策の検討等,,,http://www.daisanshaiinkai.com/2025/,8940,1053.0
2025,3765 東証プライム,ガンホー・オンライン・エンターテイメント株式会社,PwC Japan,2025-08-14,2025/08/14 2025/08/14,http://www.daisanshaiinkai.com/cms/wp-content/uploads/2025/08/250814_chousa3765.pdf http://www.daisanshaiinkai.com/cms/wp-content/uploads/2025/08/250814_chousa3765_2.pdf,2025-08-14,http://www.daisanshaiinkai.com/cms/wp-content/uploads/2025/08/250814_chousa3765.pdf,＜社内調査チーム＞ 本件不正行為に関する詳細な事実関係の調査、類似事案の有無の調査、原因分析及び再発防止策の立案,,,http://www.daisanshaiinkai.com/2025/,3765,2871.5
2025,3856 東証スタンダード,Abalance株式会社,中部総合,2025-08-12,2025/08/12 2025/09/02,http://www.daisanshaiinkai.com/cms/wp-content/uploads/2025/08/250812_daisansha3856.pdf http://www.daisanshaiinkai.com/cms/wp-content/uploads/2025/08/250902_daisansha3856.pdf,未公表,,（１）以下の事実関係に関する各調査 ① 監査等委員会による 2024 年３月 13 日付調査報告書に関する再調査 ② 大和町太陽光発電所に係る減損及び申請書類に対する調査 ③ 関連当事者取引に関する調査 （２）類似事象の有無の調査 （３）上記（１）及び（２）による当社の連結財務諸表等への影響額の算定 （４）上記（１）記載の事実が生じた原因究明と再発防止策の提言 （５）その他、委員会が必要と認めた事項,委員長：（本澤法律事務所 弁護士） 本澤 順子 委員：（片岡総合法律事務所 弁護士） 田中 貴一 委員：（やまとパートナーズ株式会社 公認会計士） 小黒 健三,,http://www.daisanshaiinkai.com/2025/,3856,1231.0
2025,6772 東証スタンダード,東京コスモス電機株式会社,かがやき,2025-08-08,2025/08/08 2025/08/12,http://www.daisanshaiinkai.com/cms/wp-content/uploads/2025/08/250808_chousa6772.pdf http://www.daisanshaiinkai.com/cms/wp-content/uploads/2025/08/250812_chousa6772.pdf,未公表,,＜特別調査委員会＞ 2025年6月10日付当社プレスリリース記載の本公開買付けの開始予定に関する意見並びに 2025年6月24日開催の当社第68回定時株主総会における本株主提案に対する当社の意見の決定及び公表に係る経緯の調査,委員長：（山口利昭法律事務所 弁護士・公認不正検査士） 山口 利昭 委員：（ひふみ総合法律事務所 弁護士・公認不正検査士） 矢田 悠 委員：（ひふみ総合法律事務所 弁護士） 小島 冬樹,,http://www.daisanshaiinkai.com/2025/,6772,
2025,1813 東証プライム,株式会社不動テトラ,あずさ,2025-08-06,2025-08-06,http://www.daisanshaiinkai.com/cms/wp-content/uploads/2025/08/250806_chousa1813.pdf,未公表,,＜特別委員会＞ （１）必要な事項についての原因究明 （２）原因究明の結果を踏まえた追加的な再発防⽌策の提言 （３）上記の結果を記載した報告書の作成,委員⻑：（プロアクト法律事務所 弁護⼠・公認不正検査⼠） 池永 朝昭 委員：（田辺総合法律事務所 弁護⼠・公認不正検査⼠） 中西 和幸 委員：（霽⽉法律事務所 弁護⼠・公認不正検査⼠） 大野 徹也,,http://www.daisanshaiinkai.com/2025/,1813,2681.0
2025,7832 東証プライム,株式会社バンダイナムコホールディングス,あずさ,2025-07-25,2025-07-25,http://www.daisanshaiinkai.com/cms/wp-content/uploads/2025/07/250725_chousa7832.pdf,未公表,,＜社内調査＞ 本件不正行為に関する調査,,,http://www.daisanshaiinkai.com/2025/,7832,4906.0
2025,6085 東証グロース,アーキテクツ・スタジオ・ジャパン株式会社,桜橋,2025-07-25,2025/07/25 2025/08/08 2025/08/29,http://www.daisanshaiinkai.com/cms/wp-content/uploads/2025/07/250725_chousa6085.pdf http://www.daisanshaiinkai.com/cms/wp-content/uploads/2025/07/250808_chousa6085.pdf http://www.daisanshaiinkai.com/cms/wp-content/uploads/2025/07/250829_chousa6085.pdf,未公表,,＜調査委員会＞ （１）本件不正行為等に係る事実の調査・確認 （２）同様の事実の有無の調査・確認 （３）元代表取締役の取締役解任事由の有無及び解任決議案上程の是非 （４）元代表取締役に対する法的責任追及の可否及び方法,委員長：（センテニアル法律事務所パートナー 弁護士） 石田 卓遠 委員：（当社監査等委員取締役 麻布総合会計事務所 公認会計士） 石塚 亮平 委員：（当社監査等委員取締役 東京南青山法律会計事 務所 公認会計士・弁護士） 𠮷原 慎一,,http://www.daisanshaiinkai.com/2025/,6085,278.0
2025,365A 東証スタンダード,伊澤タオル株式会社,三優,2025-07-18,2025/07/18 2025/08/29,http://www.daisanshaiinkai.com/cms/wp-content/uploads/2025/07/250718_daisansha_365A.pdf http://www.daisanshaiinkai.com/cms/wp-content/uploads/2025/07/250829_daisansha365A.pdf,未公表,,（１）本件報道に掲載された伊澤によるパワーハラスメント行為の有無 （２）本件報道に掲載された従業員の年次有給休暇の取得に関する事実の有無 （３）本件報道に掲載された新型コロナウイルス等に罹患した従業員への対応に関する事実の有無 （４）（１）に類似する事案の有無（弊社が旧伊澤タオル株式会社とインタークラフト通商株式会社を吸収合併し、現在の商号に変更した 2022年3月1日以降のものを対象。） （５）判明した問題に係る背景、原因の究明・分析（弊社におけるガバナンス上の問題点を含む。） （６）判明した問題に係る再発防止策の提言 （７）その他、当委員会が必要と認めた事項,委員長：（第一芙蓉法律事務所 弁護士） 小鍛冶 広道 委員：（第一芙蓉法律事務所 弁護士） 宇野 由隆 委員：（第一芙蓉法律事務所 弁護士） 池田 知朗 委員：（第一芙蓉法律事務所 弁護士） 柏戸 夏子 委員：（第一芙蓉法律事務所 弁護士） 金澤 康,,http://www.daisanshaiinkai.com/2025/,,
2025,6232 東証グロース,株式会社ACSL,アヴァンティア,2025-07-01,2025-07-01,http://www.daisanshaiinkai.com/cms/wp-content/uploads/2025/07/250701_chousa_6232.pdf,2025-07-14,http://www.daisanshaiinkai.com/cms/wp-content/uploads/2025/07/250714_chousa_6232.pdf,＜特別調査委員会＞ （１）本件事案に係る事実関係の解明 （２）本件事案に類似する事案（以下、「類似事案」といいます。）に係る事実関係の解明 （３）（１）及び（２）で判明した本件事案及び類似事案の原因等の分析及び再発防止策の提言,委員長：（アンダーソン・毛利・友常法律事務所外国法共同事業 弁護士） 西谷 敦 委員：（当社社外取締役（独立役員）監査等委員 公認会計士） 静 健太郎 委員：（当社社外取締役（独立役員）監査等委員 弁護士） 香月 由嘉 委員：（当社社外取締役（独立役員）監査等委員） 島津 忠美,アンダーソン・毛利・友常法律事務所外国法共同事業 弁護士 中原 隆雅 髙田 将寛 清水 愛衣加 髙橋 将希 中川 佳直 石川 雅人 北田 拓生 中野 健登 石井 南帆,http://www.daisanshaiinkai.com/2025/,6232,1080.0
2025,2978 東証グロース,株式会社ツクルバ,和泉,2025-06-27,2025-06-27,http://www.daisanshaiinkai.com/cms/wp-content/uploads/2025/06/250627_chousa2978.pdf,2025-09-12,http://www.daisanshaiinkai.com/cms/wp-content/uploads/2025/06/250912_chousa2978.pdf,＜社内調査委員会＞ （１）本件指摘内容に関する事実関係の調査 （２）その他、社内調査委員会が必要と認める事項,委員長：（当社社外取締役監査等委員、独立役員） 小林 賢治 委員：（当社社外取締役監査等委員（常勤）、独立役員 公認会計士） 西浦 千栄子 委員：（当社社外取締役監査等委員、独立役員 税理士） 石本 忠次,,http://www.daisanshaiinkai.com/2025/,2978,607.0
2025,6548 東証グロース,株式会社旅工房,やまと,2025-06-05,2025/06/05 2025/08/08 2025/08/29,http://www.daisanshaiinkai.com/cms/wp-content/uploads/2025/06/250605_chousa_6548.pdf http://www.daisanshaiinkai.com/cms/wp-content/uploads/2025/06/250808_chousa6548.pdf http://www.daisanshaiinkai.com/cms/wp-content/uploads/2025/06/250829_chousa6548.pdf,2025-09-01,http://www.daisanshaiinkai.com/cms/wp-content/uploads/2025/06/250901_chousa6548.pdf,＜特別調査委員会＞ （１）本件事案に関する事実関係の調査 （２）本件事案に類似する事案の存否及び事実関係の調査 （３）上記（１）及び（２）による当社の連結財務諸表への影響額の確認 （４）発生原因の分析と再発防止策の提言 （５）その他、特別調査委員会が必要と認めた事項,委員長：（アンダーソン・毛利・友常法律事務所 外国法共同事業 弁護士） 三宅 英貴 委員：（株式会社KPMG Forensic & Risk Advisory 公認会計士） 藤田 大介 委員：（アンダーソン・毛利・友常法律事務所 外国法共同事業 弁護士） 大西 良平 委員：（社外監査役・未来創造弁護士法人 弁護士） 野村 拓也,アンダーソン・毛利・友常法律事務所外国法共同事業 弁護士 髙橋 将希 北泉 隆之 重枝 綾音 古沢 亮介 株式会 KPMG Forensic & Risk Advisory 米国公認会計士 水上 浩 奥成 一平 株式会社KPMG Forensic & Risk Advisory 公認会計士 石坂 穏 折戸 伸樹 綾 浩平 株式会社KPMG Forensic & Risk Advisory 野崎 真樹 伊藤 希珠 岩本 早葵子 楊 宗翰 他 10名,http://www.daisanshaiinkai.com/2025/,6548,159.0
2025,7116 東証スタンダード,ダイワ通信株式会社,トーマツ,2025-06-02,2025/06/02 2025/07/31,http://www.daisanshaiinkai.com/cms/wp-content/uploads/2025/06/250602_chousa_7116.pdf http://www.daisanshaiinkai.com/cms/wp-content/uploads/2025/06/250731_chousa7116.pdf,2025-08-01,http://www.daisanshaiinkai.com/cms/wp-content/uploads/2025/06/250801_chousa7116.pdf,＜特別調査委員会＞ （１）事実関係の調査 （２）類似事象の有無の調査 （３）影響額の算定 （４）原因究明と再発防止策の提言 （５）その他、委員会が必要と認めた事項,委員長：（（渥美坂井法律事務所・外国法共同事業 弁護士・元最高検察庁次長検事） 山上 秀明 委員：（渥美坂井法律事務所・外国法共同事業 弁護士・公認不正検査士） 清水 真一郎 委員：（株式会社WARC 公認会計士） 杉田 篤史,,http://www.daisanshaiinkai.com/2025/,7116,1015.0
2025,5966 東証スタンダード,KTC(京都機械工具株式会社),PwC Japan,2025-06-02,2025-06-02,http://www.daisanshaiinkai.com/cms/wp-content/uploads/2025/06/250602_chousa_5966.pdf,2025-06-30,http://www.daisanshaiinkai.com/cms/wp-content/uploads/2025/06/250630_chousa5966.pdf,＜特別調査委員会＞ （１）当初事案に係る事実関係の調査 （２）KTC及びKTC連結子会社における当初事案に類似する事象の有無の調査 （３）上記につき不適切な会計処理が判明した場合における連結財務諸表等への影響額の算定 （４）上記にかかる原因の究明（当初事案の発生原因、内部統制にかかる状況等を含む）及び再発防止策の提言 （５）上記のほか、特別調査委員会が必要と認める事項,委員長：（プロアクト法律事務所 弁護士・公認不正検査士） 渡邉 宙志 委員：（堂島法律事務所 弁護士・公認不正検査士） 横瀬 大輝 委員：（FYI株式会社 公認会計士） 河江 健史,プロアクト法律事務所 弁護士 竹内 朗 福田 恵太 徳山 佳祐 田中 伸英 田畑 瑠巳 中島 永祥 堂島法律事務所 弁護士 柳 勝久 板﨑 遼 松浦 奨 株式会社ナナイロコンサルタンツ 公認会計士 井出 浩二 張本 和志 梶田 雄之 山本 陽平 𠮷田 壮志 岩下 耀平 寒川 貴弘 小石 彩萌 株式会社KPMG Forensic & Risk Advisory 公認会計士 藤田 大介 山口 孝之 ほか 11名 KTC職員 5名,http://www.daisanshaiinkai.com/2025/,5966,2470.0
2025,5966 東証スタンダード,KTC(京都機械工具株式会社),PwC Japan,2025-05-13,2025-05-13,http://www.daisanshaiinkai.com/cms/wp-content/uploads/2025/05/250513_chousa5966.pdf,特別調査委員会へ移行,,＜調査チーム＞ 本件事案についての全容解明、同種又は類似事案の存否の確認、発生原因の分析及び再発防止の策定等,外部専門家：（弁護士法人堂島法律事務所 弁護士・公認不正検査士） 横瀬 大輝 外部専門家：（FYI株式会社 公認会計士） 河江 健史 株式会社KPMG Forensic＆Risk Advisory,,http://www.daisanshaiinkai.com/2025/,5966,2470.0
2025,4666 東証プライム,パーク24株式会社,EY新日本,2025-05-30,2025-05-30,http://www.daisanshaiinkai.com/cms/wp-content/uploads/2025/05/250530_chousa4666.pdf,2025-07-15,http://www.daisanshaiinkai.com/cms/wp-content/uploads/2025/05/250715_chousa_4666.pdf,＜社内調査委員会＞ （１）当事案に関する事実関係およびその内容の調査 （２）当事案に類似する事象の有無およびその事実関係の調査 （３）（１）および（２）の原因分析ならびに再発防止策の提言,委員長：（取締役（社外・独立）・監査等委員） 長坂 隆 委員：（取締役（社外・独立）） 大浦 善光 委員：（取締役（社外・独立）・監査等委員） 丹生谷 美穂 委員：（取締役（社外・独立）） 黒木 彰子 委員：（取締役・監査等委員） 山中 新吾,ひふみ総合法律事務所 弁護士・公認不正検査士 矢田 悠 ひふみ総合法律事務所 弁護士 松原 由佳 篠田 春樹 髙橋 可奈,http://www.daisanshaiinkai.com/2025/,4666,2165.0
2025,6578 東証スタンダード,株式会社コレックホールディングス,有限責任パートナーズ綜合,2025-05-28,2025/05/28 2025/08/08,http://www.daisanshaiinkai.com/cms/wp-content/uploads/2025/05/250528_chousa6578.pdf http://www.daisanshaiinkai.com/cms/wp-content/uploads/2025/05/250814_chousa6578.pdf,2025-08-18,http://www.daisanshaiinkai.com/cms/wp-content/uploads/2025/05/250818_chousa6578.pdf,＜特別調査委員会＞ （１）本事案に関する事実関係の調査 （２）本事案に類似する事象の有無の調査 （３）調査の結果判明した事実が財務諸表に与える影響の有無、程度、内容等の検討 （４）本事案の原因分析及び再発防止策の検討,委員長：（佐藤総合法律事務所 弁護士） 佐藤 明夫 委員：（福崎法律事務所 弁護士） 福崎 真也 委員：（株式会社KIC 公認会計士） 和田 芳幸,佐藤総合法律事務所 弁護士 6名 株式会社KIC 公認会計士 10名,http://www.daisanshaiinkai.com/2025/,6578,309.0
2025,6763 東証プライム,帝国通信工業株式会社,トーマツ,2025-05-27,2025-05-27,http://www.daisanshaiinkai.com/cms/wp-content/uploads/2025/05/250527_chousa6763.pdf,未公表,,＜調査委員会＞ 事実関係の調査や再発防止策の策定,,,http://www.daisanshaiinkai.com/2025/,6763,2473.0
2025,4587 東証プライム,ペプチドリーム株式会社,あずさ,2025-05-13,2025-05-13,http://www.daisanshaiinkai.com/cms/wp-content/uploads/2025/05/250513_chousa4587.pdf,2025-08-06,http://www.daisanshaiinkai.com/cms/wp-content/uploads/2025/05/250806_chousa4587.pdf,＜特別調査委員会＞ （１）本件に係る事実関係及び類似する案件の存否の調査 （２）本件が生じた原因の究明（内部統制上の不備の可能性を含む）及び再発防止策の提言 （３）その他、特別調査委員会が必要と認める事項,委員長：（当社独立社外取締役・常勤監査等委員） 神谷 紀一郎 委員：（プロアクト法律事務所 弁護士・公認不正検査士） 竹内 朗 委員：（プロアクト法律事務所 弁護士・公認不正検査士） 岩渕 恵理,プロアクト法律事務所 弁護士 神田 詠守 株式会社foxcale 当社従業員数名（管理部門所属）,http://www.daisanshaiinkai.com/2025/,4587,1707.0
2024,3182 東証プライム,オイシックス・ラ・大地株式会社,トーマツ,2024-12-26,2024-12-26,http://www.daisanshaiinkai.com/cms/wp-content/uploads/2024/12/241226_chousa3182.pdf,2025-03-27,http://www.daisanshaiinkai.com/cms/wp-content/uploads/2024/12/250327_chousa3182.pdf,＜原因究明・内部統制強化チーム＞ 不適切な会計処理の発生背景・原因、具体的な方法・内容、過大計上額等を特定,委員：（三浦法律事務所 弁護士 公認会計士） 木内 敬 委員：（当社取締役） 松本 浩平 委員：（当社常勤監査役 独立役員） 乙部 智佳 委員：（当社常勤監査役 独立役員） 諸江 幸祐 委員：（当社社外監査役 独立役員 弁護士） 小久保 崇 委員：（当社社外監査役 独立役員 公認会計士） 和田 健吾 委員：（当社内部監査室 室長） 沓間 秀樹,,http://www.daisanshaiinkai.com/2024/,3182,1644.0
2024,6081 東証グロース,アライドアーキテクツ株式会社,PwC Japan,2024-12-24,2024/12/24 2025/01/31 2025/02/28,http://www.daisanshaiinkai.com/cms/wp-content/uploads/2024/12/241224_chousa6081.pdf http://www.daisanshaiinkai.com/cms/wp-content/uploads/2024/12/250131_chousa6081.pdf http://www.daisanshaiinkai.com/cms/wp-content/uploads/2024/12/250228_chousa6081.pdf,2025-03-07,http://www.daisanshaiinkai.com/cms/wp-content/uploads/2024/12/250307_chousa6081.pdf,＜調査委員会＞ （１）本事案に関する事実関係(同種又は類似事案の存否を含む)の確認 （２）本事案による当社の連結財務諸表及び財務諸表への影響の検討 （３）本事案が発生した原因の究明と再発防止策の提言 （４）その他、本委員会が必要と認めた事項,委員長：（当社社外取締役（監査等委員）） 小副川 俊朗 委員：（当社社外取締役（監査等委員）） 大村 健 委員：（当社社外取締役（監査等委員）） 渡邉 淳 委員：（早川・村木経営法律事務所 弁護士） 早川 明伸 委員：（弁護士法人ほくと総合法律事務所 弁護士） 中原 健夫 委員：（株式会社 KIC 公認会計士） 高木 明,早川・村木経営法律事務所 弁護士 谷貝 彰紀 西野 肇 佐藤 勇 松尾 梨奈 石崎 仁紘 弁護士法人ほくと総合法律事務所 弁護士 倉橋 博文 鹿毛 俊輔 鈴木 裕也 又吉 重樹 辻野 菜津美 公認会計士チーム 河江 健史 井出 浩二 谷本 宏太 只野 真吾 堀本 明 本田 景子 佐々木 洋平 信田 淳 及川 翔太 松田 尚樹 谷脇 至峰 増田 温 古澤 卓 柴田 康太 合田 幹孝 他4名 太陽グラントソントン・アドバイザーズ(株) 垂水 敬 前村 浩介 井戸 志生 今枝 侑子 (株)JPリサーチ&コンサルティング 古野 啓介 進藤 玄 島 浩二 尾崎 和彦 KLDiscovery Ontrack(株) 吉田 克也 林川 蘭 バンガンダマンエスマエルジャネザ,http://www.daisanshaiinkai.com/2024/,6081,233.0
2024,9444 東証スタンダード,株式会社トーシンホールディングス,東海会計社,2024-12-13,2024/12/13 2024/12/20,http://www.daisanshaiinkai.com/cms/wp-content/uploads/2024/12/241213_daisansha9444.pdf http://www.daisanshaiinkai.com/cms/wp-content/uploads/2024/12/241220_chousa9444.pdf,2025-02-14,http://www.daisanshaiinkai.com/cms/wp-content/uploads/2024/12/250214_daisansha9444.pdf,（１）社内調査により判明した本事案にかかる事実関係調査 （２）本件に類似する事象の有無の調査 （３）再発防止策の検討・提言 （４）その他、第三者委員会が必要と認めた事項,委員長：（弁護士法人オールスター 弁護士） 中畑 章生 委員：（弁護士法人オールスター 弁護士） 星野 一郎 委員：（矢野公認会計士事務所 公認会計士） 矢野 直,藤居税理⼠事務所 CDFP-P・税理⼠・公認不正検査⼠ 藤居 幸祐 寺町公認会計⼠事務所 公認会計⼠・税理⼠ 寺町 雅⼈ ほか公認会計士 5名,http://www.daisanshaiinkai.com/2024/,9444,622.0
2024,7806 東証グロース,株式会社MTG,PwC Japan,2024-12-13,2024/12/13 2025/02/07,http://www.daisanshaiinkai.com/cms/wp-content/uploads/2024/12/241213_chousa7806.pdf http://www.daisanshaiinkai.com/cms/wp-content/uploads/2024/12/250207_chousa7806.pdf,2025-02-10,http://www.daisanshaiinkai.com/cms/wp-content/uploads/2024/12/250210_chousa7806.pdf,＜特別調査委員会＞ （１）本件に関する事実関係及びその内容の調査 （２）本件に類似する事象の有無及び存在する場合の事実関係の調査 （３）調査の結果判明した事実がMTGの連結財務諸表に与える影響 （４）上記（１）及び（２）の原因分析及び再発防止策の提言 （５）その他、特別調査委員会が必要と認めた事項,委員長：（ひふみ総合法律事務所 パートナー弁護士・公認不正検査士） 矢田 悠 委員：（ひふみ総合法律事務所 パートナー弁護士） 小島 冬樹 委員：（株式会社KIC 公認会計士） 伊藤 俊哉,ひふみ総合法律事務所 弁護士 松原 由佳 生井 佳代 ひふみ総合法律事務所 公認不正検査士 松村 幸歩 株式会社KIC 公認会計士 高木 明 飯田 晋平 寒川 貴弘 岩下 耀平 角 尚大 中山 竜二 株式会社foxcale 公認会計士 小池 赳司 吉津 亮介 株式会社foxcale 公認不正検査士 西川 順子 株式会社foxcale 福田 昌志,http://www.daisanshaiinkai.com/2024/,7806,4605.0
2024,3480 東証プライム,株式会社ジェイ・エス・ビー,トーマツ,2024-12-13,2024-12-13,http://www.daisanshaiinkai.com/cms/wp-content/uploads/2025/01/241213_chousa3480.pdf,2025-01-15,http://www.daisanshaiinkai.com/cms/wp-content/uploads/2025/01/250115_chousa3480.pdf,＜特別調査委員会＞ （１）Xd氏による視察、研修における経費の不正使用の疑いに係る事実関係の調査 （２）Xd氏の経費使用に係るその他の不正行為の有無に関する調査 （３）上記（１）（２）に関する原因究明及び再発防止策の提言 （４）その他当委員会が JSB と協議の上、必要と認めた事項,委員長：（北田幹直法律事務所 弁護士） 北田 幹直 委員：（上願敏來税理士事務所 税理士） 上願 敏來 委員：（冨村・林谷法律事務所 弁護士） 林谷 浩二,ひふみ総合法律事務所 弁護士 矢田 悠 小島 冬樹 松原 由佳 生井 佳代,http://www.daisanshaiinkai.com/2024/,3480,230.5
2024,2004 東証プライム,昭和産業株式会社,EY新日本,2024-12-12,2024-12-12,http://www.daisanshaiinkai.com/cms/wp-content/uploads/2024/12/241212_chousa2004.pdf,2024-12-12,http://www.daisanshaiinkai.com/cms/wp-content/uploads/2024/12/241212_chousa2004.pdf,＜社内調査委員会＞ 本件不正行為に関する調査,,,http://www.daisanshaiinkai.com/2024/,2004,3135.0
2024,7435 東証スタンダード,株式会社ナ・デックス,トーマツ,2024-12-09,2024-12-09,http://www.daisanshaiinkai.com/cms/wp-content/uploads/2024/12/241209_chousa7435.pdf,2025-02-14,http://www.daisanshaiinkai.com/cms/wp-content/uploads/2024/12/250214_chousa7435.pdf,＜特別調査委員会＞ （１）本事案にかかる事実関係の調査 （２）本事案に類似する事案の有無の調査 （３）本事案に関する連結財務諸表等への影響額の確定 （４）本事案が発生した原因の分析と再発防止策の提言,委員長：（ひのき綜合法律事務所 弁護士） 矢崎 信也 副委員長：（加藤克彦公認会計士税理士事務所 公認会計士） 加藤 克彦 委員：（弁護士法人御園総合法律事務所 弁護士） 菅沼 勝己 委員：（異相・村瀬法律事務所 弁護士） 村瀬 俊高 委員：（ひのき綜合法律事務所 弁護士） 貝沼 宏徳,,http://www.daisanshaiinkai.com/2024/,7435,994.0
2024,5185 東証プライム,株式会社フコク,EY新日本,2025-02-14,2025-02-14,http://www.daisanshaiinkai.com/cms/wp-content/uploads/2024/11/241129_chousa5185.pdf http://www.daisanshaiinkai.com/cms/wp-content/uploads/2024/11/250214_chousa5185.pdf,2025-02-21,http://www.daisanshaiinkai.com/cms/wp-content/uploads/2024/11/250221_chousa5185.pdf,＜特別調査委員会＞ （１）本件疑義に関する事実関係の調査 （２）上海フコク並びにフコクのその他の連結子会社及び持分法適用関連会社における本件疑義と類似する事案の有無及び事実関係の調査 （３）（１）及び（２）に係る原因分析及び再発防止策の提言 （４）その他、当委員会が必要と認めた事項,委員⻑：（弁護士法人大江橋法律事務所 弁護士） 松井 衡 委員：（弁護士法人大江橋法律事務所 弁護士） 小田 勇一 委員：（株式会社KPMG FAS 公認会計士） 藤田 大介,弁護士法人 大江橋法律事務所 弁護士 大多 和樹 浅利 美 池田 幸来子 竹田 昌史 弁護士法人 大江橋法律事務所 外国弁護士 錢 家傑 上海翰凌律師事務所 中国律師 孫 宇川 張 テイ 株式会社KPMG FAS及びそのメンバーファーム 公認会計士 宇野 真悟 ほか20名（内17名はKPMG Advisory (China) Limited）,http://www.daisanshaiinkai.com/2024/,5185,1924.0
2024,4813 東証プライム,株式会社ACCESS,あずさ,,11/29/2024,http://www.daisanshaiinkai.com/cms/wp-content/uploads/2024/11/241129_chousa4813.pdf,06/30/2025,http://www.daisanshaiinkai.com/cms/wp-content/uploads/2024/11/250630_chousa4813.pdf,＜特別調査委員会＞ （１）本件疑義の事実関係の解明（類似する問題の有無の確認を含む。） （２）本件疑義によるACCESS連結財務諸表等への影響の検討 （３）発生原因の分析 （４）再発防止策の提言,委員長：（森・濱田松本法律事務所 弁護士） 藤津 康彦 委員：（EYフォレンジック・アンド・インテグリティ合同会社 公認会計士） 金子 昌嗣 委員：（当社社外取締役） 水盛 五実,森・濱田松本法律事務所外国法共同事業 弁護士 宮田 俊 御代田 有恒 田中 亜樹 塚田 智宏 佐藤 浩由 飯野 悠介 板根 靖奈 中野 進一郎 門田 航希 橋永 果南 髙久 保香子 森・濱田松本法律事務所外国法共同事業 外国法弁護士 Colin Trehearne EY新日本有限責任監査法人 Forensics事業部 公認会計士 曽木 貴子 越山 泰先 髙津 正義 瀬尾 聡 EY新日本有限責任監査法人 Forensics事業部 池上 弘樹 川原田 麻美 内山 輝久 周 斐 ほか 18名,http://www.daisanshaiinkai.com/2024/,4813,601.0
2024,6744 東証プライム,能美防災株式会社,あずさ,2024-11-27,2024-11-27,http://www.daisanshaiinkai.com/cms/wp-content/uploads/2024/11/241127_chousa6744.pdf,2025-07-30,http://www.daisanshaiinkai.com/cms/wp-content/uploads/2024/11/250730_chousa6744.pdf,＜外部調査委員会＞ （１）能美防災及び能美防災のグループ会社における監理技術者資格者証の申請に係る実務経験又は指導監督的実務経験の不備に関する調査、及び当該調査に付随する事項の調査 （２）元請工事における不備のある監理技術者資格者証の利用実績の有無に関する調査 （３）原因分析及び再発防止策の提言 （４）その他当委員会が調査を必要と認めた一切の事項,委員長：（三浦法律事務所パートナー 弁護士） 寺田 昌弘 委員：（三浦法律事務所パートナー 弁護士） 坂尾 佑平 委員：（三浦法律事務所パートナー 弁護士） 齋藤 亮太,三浦法律事務所 弁護士 松井 知行 田中 太郎 蛯原 俊輔 皆元 大毅 舘﨑 友輔 清水 裕大 遠藤 政佑 越場 真琴 株式会社foxcale,http://www.daisanshaiinkai.com/2024/,6744,3920.0
2024,9603 東証プライム,株式会社エイチ・アイ・エス,トーマツ,2024-11-25,2024/11/25 2024/12/13,http://www.daisanshaiinkai.com/cms/wp-content/uploads/2024/11/241125_chousa9603.pdf http://www.daisanshaiinkai.com/cms/wp-content/uploads/2024/11/241213_chousa9603.pdf,2025-03-21,http://www.daisanshaiinkai.com/cms/wp-content/uploads/2024/11/250321_chousa9603.pdf,＜特別調査委員会＞ （１）雇調金等の不正・不適正受給の有無に関する調査 （２）原因分析 （３）再発防止策の提言,委員長：（アンダーソン・毛利・友常法律事務所 弁護士） 安藤 紘人 委員：（株式会社KPMG FAS 公認会計士） 藤田 大介 委員：（当社独立社外取締役 監査等委員 公認会計士） 金子 寛人,アンダーソン・毛利・友常法律事務所 外国法共同事業 弁護士 大槻 健介 池田 彩穂里 髙田 将寛 清水 愛衣加 髙橋 将希 原口 夕梨花 餅原 波音 齋藤 凌 田中 奈央 平松 佳樹 北田 拓生 大宮 葵陽 中野 健登 德永 大誠 酒寄 里彩 山脇 沙弥 久冨 駿介 高橋 慶伍 高田 歩 小原 久嗣 山口 雅彦 伊藤 公洋 長谷川 達 高野 聖也 大島 考雄 川崎 惠 渡邊 俊行 株式会社KPMG FAS 水上 浩 奥成 一平 伊藤 希珠 李 予桐 川辺 雄二 比佐 若葉 福嶋 徹夫 神永 朝紀 大川 秋晴 森下 祥行 Yang Sichang 長澤 紘汰 他 17名,http://www.daisanshaiinkai.com/2024/,9603,1393.0
2024,2345 東証スタンダード,株式会社クシム,UHY東京,2024-11-25,2024/11/25 2024/12/09,http://www.daisanshaiinkai.com/cms/wp-content/uploads/2024/11/241125_chousa2345.pdf http://www.daisanshaiinkai.com/cms/wp-content/uploads/2024/11/241209_chousa2345.pdf,2025//01/09,http://www.daisanshaiinkai.com/cms/wp-content/uploads/2024/11/250109_chousa2345.pdf,＜社内調査委員会＞ （１）取締役田原弘貴氏の社内情報漏洩、不適切行為への関与の有無の事実調査 （２）上記に類似する事案の有無およびその内容等に関する調査 （３）発生原因の究明と分析 （４）その他社内調査委員会が必要と認めた事項,委員長：（当社社外取締役監査等委員） 望月 真克 委員：（渥美坂井法律事務所・外国法共同事業 シニアパートナー弁護士） 水上 高佑 委員：（渥美坂井法律事務所・外国法共同事業 パートナー弁護士） 清水 真一郎,,http://www.daisanshaiinkai.com/2024/,2345,253.0
2024,7735 東証プライム,株式会社SCREENホールディングス,あずさ,2024-11-14,2024/11/14 2025/01/10,http://www.daisanshaiinkai.com/cms/wp-content/uploads/2024/11/241114_chousa7735.pdf http://www.daisanshaiinkai.com/cms/wp-content/uploads/2024/11/250110_chousa7735.pdf,2025-01-14,http://www.daisanshaiinkai.com/cms/wp-content/uploads/2024/11/250114_chousa7735.pdf,＜特別調査委員会＞ （１）事実関係の調査 （２）類似事象の有無の調査 （３）影響額の算定 （４）原因究明と再発防止策の提言 （５）その他、当委員会が必要と認めた事項,委員⻑：（当社社外監査役 公認会計士） 横⼭ 誠二 委員：（当社社外監査役 弁護士） 吉川 哲朗 委員：（デロイト トーマツ ファイナンシャルアドバイザリー合同会社 公認会計士） 佐藤 保則 委員：（弁護士法人三宅法律事務所 弁護士） 松本 好史,デロイトトーマツファイナンシャルアドバイザリー合同会社 公認会計士 び弁護士法人三宅法律事務所 弁護士,http://www.daisanshaiinkai.com/2024/,7735,12900.0
2024,8309 東証プライム・名証プレミア,三井住友トラストグループ株式会社,あずさ,2024-11-12,2024-11-12,http://www.daisanshaiinkai.com/cms/wp-content/uploads/2024/11/241112_chousa8309.pdf,2025-05-01,http://www.daisanshaiinkai.com/cms/wp-content/uploads/2024/11/250501_chousa8309.pdf,＜調査委員会＞ （１）元社員のインサイダー取引の事実調査 （２）元社員の類似取引調査 （３）元社員以外の類似取引の有無調査 （４）発生原因の究明と分析（インサイダー取引の未然防止に関わる社内ルールの有効性調査を含む） （５）再発防止策の提言,委員長：（三井住友トラストグループ株式会社独立社外取締役 監査委員） 榊原 一夫 委員：（三井住友信託銀行株式会社独立社外取締役 監査等委員） 伊達 英文 委員：（日比谷パーク法律事務所 弁護士） 松山 遙,アンダーソン・毛利・友常法律事務所外国法共同事業 弁護士 三宅 英貴 渋谷 武宏 大西 良平 光木 春太 向佐 祐一 中川 佳直 石川 雅人 岡 勇輝 天野 尊仁 北泉 隆之 佐藤 大来 PwCリスクアドバイザリー合同会社,http://www.daisanshaiinkai.com/2024/,8309,4253.0
2024,4418 東証グロース,株式会社JDSC,トーマツ,2024-11-12,2024-11-12,http://www.daisanshaiinkai.com/cms/wp-content/uploads/2024/11/241112_chousa4418.pdf,2025-02-13,http://www.daisanshaiinkai.com/cms/wp-content/uploads/2024/11/250213_chousa4418.pdf,＜調査委員会＞ 本件の事実関係、影響額を含め、全容解明のため,,,http://www.daisanshaiinkai.com/2024/,4418,943.0
2024,6464 東証プライム,株式会社ツバキ・ナカシマ,EY新日本,2024-11-11,2024-11-11,http://www.daisanshaiinkai.com/cms/wp-content/uploads/2024/11/241111_chousa6464.pdf,2025-02-17,http://www.daisanshaiinkai.com/cms/wp-content/uploads/2024/11/250217_chousa6464.pdf,＜特別調査委員会＞ （１）本件に関する事実経緯の調査及び原因の究明 （２）その他の当社製品の品質に関わる重大な不適切行為の有無の調査 （３）2018年に設置した特別調査委員会の報告書をうけた再発防止策の有効性および本件との関連性についての検証 （４）本件発生の背景としてガバナンス・組織風土との関連性の検証と、検証を踏まえた実効性のある再発防止策の検討及び提言 （５）その他上記に関連する事項で特別調査委員会が必要と認めた事項,委員長：（大江橋法律事務所 弁護士） 畝本 毅 委員：（西村あさひ法律事務所 弁護士） 平尾 覚 委員：（西村あさひ法律事務所 弁護士） 八木 浩史,西村あさひ法律事務所・外国法共同事業 弁護士 9名 デロイトトーマツファイナンシャルアドバイザリー合同会社 公認会計士 8名 スタッフ 40名,http://www.daisanshaiinkai.com/2024/,6464,354.0
2024,6087 東証スタンダード,株式会社アビスト,アーク,2024-10-30,2024-10-30,http://www.daisanshaiinkai.com/cms/wp-content/uploads/2024/10/241030_chousa6087.pdf,2024-12-20,http://www.daisanshaiinkai.com/cms/wp-content/uploads/2024/10/241220_chousa6087.pdf,＜特別調査委員会＞ （１） 本件事案に関する事実関係の調査 （２） 本件事案に類似する事案の存否及び事実関係の調査 （３） 上記（１）及び（２）による業績への影響額の確認 （４） 上記（１）及び（２）が生じた原因究明と再発防止策の策定 （５） その他、特別調査委員会が必要と認めた事項,委員長：（独立社外取締役（監査等委員）阿部・井窪・片 山法律事務所 弁護士） 江幡 奈歩 委員：（独立社外取締役（監査等委員） 公認会計士） 山本 守 委員：（石嵜・山中総合法律事務所 弁護士） 岸 聖太郎,,http://www.daisanshaiinkai.com/2024/,6087,3420.0
2024,2121 東証プライム,株式会社MIXI,PwC Japan,2024-10-30,2024-10-30,http://www.daisanshaiinkai.com/cms/wp-content/uploads/2024/10/241030_chousa2121.pdf,2024/12/26 2024/12/27,http://www.daisanshaiinkai.com/cms/wp-content/uploads/2024/10/241226_chousa2121.pdf http://www.daisanshaiinkai.com/cms/wp-content/uploads/2024/10/241227_chousa2121.pdf,＜調査チーム＞ （１）本件疑義に関する事実調査 （２）本件疑義の類似事案の有無の調査 （３）本件疑義の原因の分析 （４）再発防止策の提言,,,http://www.daisanshaiinkai.com/2024/,2121,3350.0
2024,8697 東証プライム,株式会社日本取引所グループ,トーマツ,2024-10-29,2024-10-29,http://www.daisanshaiinkai.com/cms/wp-content/uploads/2024/10/241029_chousa8697.pdf,未公表,,＜調査検証委員会＞ （１）本件事案の発生原因の究明 （２）再発防止策に関する評価,委員長：（指名委員会委員 リスクポリシー委員会委員長） 竹野 康造 委員：（報酬委員会委員長 監査委員会委員） 釡 和明 委員：（監査委員会委員 リスクポリシー委員会委員） 住田 清芽 委員：（監査委員会委員 リスクポリシー委員会委員） 松本 光弘,,http://www.daisanshaiinkai.com/2024/,8697,1580.0
2024,1833 東証プライム,株式会社奥村組,トーマツ,2024-10-24,2024-10-24,http://www.daisanshaiinkai.com/cms/wp-content/uploads/2024/10/241024_chousa1833.pdf,2025-01-15,http://www.daisanshaiinkai.com/cms/wp-content/uploads/2024/10/250115_chousa1833.pdf,＜社内調査委員会＞ （１）本件事案にかかる事実関係の調査 （２）本件事案に類似する事案の有無の調査 （３）本件事案に関する連結財務諸表等への影響額の確定 （４）本件事案の原因等の分析（動機・経緯・指示命令系統等） （５）再発防止策の策定等,委員長：（社外取締役監査等委員 弁護士） 小寺 哲夫 委員：（社外取締役監査等委員 公認会計士） 西原 健二 委員：（三島会計事務所 公認会計士・税理士） 三島 圭史 委員：（弁護士・公認不正検査士、ひふみ総合法律事務所） 矢田 悠 委員：代表取締役常務執行役員 管理本部長） 松島 弘幸,ひふみ総合法律事務所 小島冬樹 堤大輔 金竜貴 生井佳代 玉川法律事務所 玉川竜大 公認会計士 河江健史 張本和志 村田茂也 佐々木洋平 小嶋良樹 川中宏介 吉田壮志他5名 太陽グラントソントン・アドバイザーズ株式会社 垂水敬 前村浩介 井戸志生,http://www.daisanshaiinkai.com/2024/,1833,4855.0
2023,6523 東証プライム,PHCホールディングス株式会社,あずさ,2023-12-25,2023-12-25,http://www.daisanshaiinkai.com/cms/wp-content/uploads/2023/12/231225_chousa6523.pdf,2024/04/26 2024/06/06,http://www.daisanshaiinkai.com/cms/wp-content/uploads/2023/12/240426_chousa6523.pdf http://www.daisanshaiinkai.com/cms/wp-content/uploads/2023/12/240606_chousa6523.pdf,＜外部調査委員会＞ （１）本事案（LSIM の中央総合ラボラトリーで、免疫関係の検査 85 項目において月次で測定機器の精度管理図を作成する際に、実測値と異なる数値を意図的に用い、不適切な精度管理図を作成していたこと）の事実関係の解明 （２）LSIM において、他に品質管理に関する不適切な事象がないかの調査 （３）判明した品質管理に関する不適切な事象についての原因の究明と再発防止策の提言,委員長：（公益財団法人日本建築衛生管理教育センター理事長 医学博士） 宇都宮 啓 副委員長：（西村あさひ法律事務所・外国法共同事業 弁護士） 平尾 覚 委員：（慶応義塾大学名誉教授 医学博士） 岡本 真一郎 委員：（アボットジャパン合同会社 千葉大学客員准教授） 田村 圭 委員：（西村あさひ法律事務所・外国法共同事業 弁護士） 八木 浩史,西村あさひ法律事務所 弁護士 株式会社foxcale,http://www.daisanshaiinkai.com/2023/,6523,1017.0
2023,4205 東証プライム,日本ゼオン株式会社,EY新日本,2023-12-22,2023/12/22 2024/03/28,http://www.daisanshaiinkai.com/cms/wp-content/uploads/2023/12/231222_chousa4205.pdf http://www.daisanshaiinkai.com/cms/wp-content/uploads/2023/12/240328_chousa4205.pdf,2024-04-03,http://www.daisanshaiinkai.com/cms/wp-content/uploads/2023/12/240403_chousa4205.pdf,＜再発防止特別検討委員会＞ 本件の嫌疑およびこれに関連する事実関係の検証、原因究明並びに再発防止策の提言,委員長：（プロアクト法律事務所 弁護士） 池永 朝昭 委員：（霽月法律事務所 弁護士） 大野 徹也 委員：（当社社外取締役） 秋山 美紀 委員：（当社社外取締役） 升味 佐江子,アンダーソン・毛利・友常法律事務所外国法共同事業 弁護士 日下部 真治 三宅 英貴 岡崎 真弓 谷川原 淑恵 堤 彩香 北田 拓生 齋藤 凌 小倉 輝洋 北泉 隆之 株式会社foxcale 公認会計士 小池 赳司 吉津 亮介 株式会社foxcale 福田 昌志,http://www.daisanshaiinkai.com/2023/,4205,1723.5
2023,3556 東証グロース・名証メイン,リネットジャパングループ株式会社,京都,2023-12-20,2023-12-20,http://www.daisanshaiinkai.com/cms/wp-content/uploads/2023/12/231220_chousa3556.pdf,2024-03-28,http://www.daisanshaiinkai.com/cms/wp-content/uploads/2023/12/240328_chousa3556.pdf,＜当社適正調査＞ 現地調査の適正性を確保しながら、再発防止策を含めた内部統 制の再構築及び過年度（対象年度は調査結果に依ります）を含めた当社連結財務諸表への影響額の確認と修正について調査と検討を行い、適正な財務報告への対応を行うもの,,,http://www.daisanshaiinkai.com/2023/,3556,1057.0
2023,9161 東証プライム,ID&Eホールディングス株式会社,PwCあらた,2023-12-08,2023-12-08,http://www.daisanshaiinkai.com/cms/wp-content/uploads/2023/12/231208_chousa9161.pdf,2023-12-08,http://www.daisanshaiinkai.com/cms/wp-content/uploads/2023/12/231208_chousa9161.pdf,＜緊急対策本部＞ 事実関係の確認と原因究明、再発防止策の策定、並びに当該社員が従事したすべての業務について緊急点検,,,http://www.daisanshaiinkai.com/2023/,9161,
2023,6523 東証プライム,PHCホールディングス株式会社,あずさ,2023-12-08,2023-12-08,http://www.daisanshaiinkai.com/cms/wp-content/uploads/2023/12/231208_chousa6523.pdf,未公表,,＜調査チーム＞ 他に品質管理に関する不適切な事象がないかの確認を含めた事実調査及び原因分析等を行うこと,,,http://www.daisanshaiinkai.com/2023/,6523,1017.0
2023,9791 東証スタンダード,株式会社ビケンテクノ,EY新日本,2023-12-01,2023-12-01,http://www.daisanshaiinkai.com/cms/wp-content/uploads/2023/12/231201_chousa9791.pdf,2024-02-14,http://www.daisanshaiinkai.com/cms/wp-content/uploads/2023/12/240214_chousa9791.pdf,＜調査委員会＞ （１）本件不正行為に関する事実関係の調査（類似事象の存否を含む） （２）本件不正行為が生じた原因の分析と再発防止策の立案 （３）その他、調査委員会が必要と認めた事項,委員⻑：（弁護士法人第一法律事務所 弁護士） 村中 徹 委員：（株式会社KPMG FAS 公認会計士） 藤田 大介 委員：（弁護士法人第一法律事務所 弁護士・公認会計士） 平井 優祐,外部の弁護士 1名及び公認会計士 4名を含む、計16名,http://www.daisanshaiinkai.com/2023/,9791,1255.0
2023,7832 東証プライム,株式会社バンダイナムコホールディングス,あずさ,2023-11-24,2023-11-24,http://www.daisanshaiinkai.com/cms/wp-content/uploads/2023/11/231124_chousa7832.pdf,2023-11-24,http://www.daisanshaiinkai.com/cms/wp-content/uploads/2023/11/231124_chousa7832.pdf,＜内部調査委員会＞ 本件不正行為に関する調査,,,http://www.daisanshaiinkai.com/2023/,7832,4906.0
2023,2445 東証プライム,株式会社タカミヤ,EY新日本,2023-11-09,2023-11-09,http://www.daisanshaiinkai.com/cms/wp-content/uploads/2023/11/231109_chousa2445.pdf,2023-12-14,http://www.daisanshaiinkai.com/cms/wp-content/uploads/2023/11/231214_chousa2445.pdf,＜社内調査委員会＞ 本事案の解明および類似の事案の有無について徹底的に調査するため,,,http://www.daisanshaiinkai.com/2023/,2445,376.0
2023,8070 東証プライム,東京産業株式会社,あずさ,2024-01-15,2024-01-15,http://www.daisanshaiinkai.com/cms/wp-content/uploads/2023/11/240115_chousa8070_2-1.pdf,2024-04-01,http://www.daisanshaiinkai.com/cms/wp-content/uploads/2023/11/240401_chousa8070-1.pdf,＜外部調査委員会（追加調査）＞ （１）N案件追加費用の会計処理の適切性 （２）上記（１）に類似する事象に関する会計処理の適切性 （３）上記（１）（２）に不適切な点が認められた場合の原因分析及び再発防止策の提言 （４）その他上記（１）～（３）に付随する事項として、当委員会が調査の必要があると判断した事項の調査,委員長：（弁護士法人ほくと総合法律事務所 弁護士） 中原 健夫 委員：（弁護士法人ほくと総合法律事務所 弁護士） 倉橋 博文 委員：（株式会社アカウンティング・アドバイザリー 公認会計士） 井上 寅喜,弁護士法人ほくと総合法律事務所 弁護士 金子 恭介 又吉 重樹 若狹 周作 高橋 康平 岩永 航 株式会社アカウンティング・アドバイザリー 公認会計士 池内 宏幸 株式会社アカウンティング・アドバイザリー 弁護士 平井 太 公認会計士河合健一事務所 公認会計士 河合 健一 松田公認会計士事務所 公認会計士 松田 雄祐 田中義孝公認会計士事務所 公認会計士 田中 義孝,http://www.daisanshaiinkai.com/2023/,8070,950.0
2023,8070 東証プライム,東京産業株式会社,あずさ,2023-11-08,2023/11/08 2024/01/15,http://www.daisanshaiinkai.com/cms/wp-content/uploads/2023/11/231108_chousa8070.pdf http://www.daisanshaiinkai.com/cms/wp-content/uploads/2023/11/240115_chousa8070_2.pdf,2024-01-15,http://www.daisanshaiinkai.com/cms/wp-content/uploads/2023/11/240115_chousa8070.pdf,＜外部調査委員会＞ （１）本件に係る事実関係の調査および長期未収入金の回収可能性の評価等に関する当社の管理・検討状況の調査 （２）本件に類似する事象の有無の調査 （３）上記各号の調査結果を踏まえた当社財務諸表等への影響の検討 （４）長期未収入金の回収可能性の評価等に不適切性があると認められた場合、その原因の究明および再発防止策の検討・提言 （５）上記各号の事項を遂行した結果に基づく調査報告書の作成および当社への提出 （６）その他外部調査委員会が必要と認めた事項,委員長：（弁護士法人ほくと総合法律事務所 弁護士） 中原 健夫 委員：（弁護士法人ほくと総合法律事務所 弁護士） 倉橋 博文 委員：（株式会社アカウンティング・アドバイザリー 公認会計士） 井上 寅喜,弁護士法人ほくと総合法律事務所 弁護士 金子 恭介 又吉 重樹 若狹 周作 株式会社アカウンティング・アドバイザリー 公認会計士 池内 宏幸 大川 圭美,http://www.daisanshaiinkai.com/2023/,8070,950.0
2023,8043 東証プライム,スターゼン株式会社,EY新日本,2023-11-08,2023-11-08,http://www.daisanshaiinkai.com/cms/wp-content/uploads/2023/11/231108_chousa8043.pdf,2024-01-15,http://www.daisanshaiinkai.com/cms/wp-content/uploads/2023/11/240115_chousa8043.pdf,＜特別調査委員会＞ （１）本件に関する事実関係の調査 （２）本件・類似取引の存否及び内容の確認 （３）本件によるスターゼン連結財務諸表等への影響額の確認 （４）本件が生じた原因の分析と再発防止策の提言 （５）その他、本委員会が必要と認めた事項,委員長：（和田・市村法律事務所 弁護士） 和田 衞 委員：（TMI総合法律事務所 弁護士） 滝 琢磨 委員：（PwCビジネスアシュアランス合同会社 公認会計士） 本多 守,TMI総合法律事務所 菊田 行紘 森川 久範 吉井 久美子 篠原 一生 田山 翔 須藤 洋平 小林 祐太 芳賀 友香 小関 雄也 長島 誠 齊藤 駿介 大坪 俊一 小林 尚登 内田 裕也 橋元 啓太 中山 翔太 平田 優佳 植田 一平 PwCビジネスアシュアランス合同会社（PwCのメンバーファームを含む。） 田島 靖大 奈良 周明 徳野 文子 他 27名 晴海協和法律事務所 森本 哲也 和田・市村法律事務所 西岡 環,http://www.daisanshaiinkai.com/2023/,8043,1225.0
2023,4611 東証プライム,大日本塗料株式会社,あずさ,2023-10-27,2023/10/27 2023/11/06,http://www.daisanshaiinkai.com/cms/wp-content/uploads/2023/10/231027_chousa4611.pdf http://www.daisanshaiinkai.com/cms/wp-content/uploads/2023/10/231106_chousa4611.pdf,2025-05-12,http://www.daisanshaiinkai.com/cms/wp-content/uploads/2023/10/250512_chousa4611.pdf,＜特別調査委員会＞ （１）岡山化工事案の事実関係の調査 （２）当社グループにおける岡山化工事案類似の不適切行為事案の存否及び内容の調査 （３）（１）及び（２）に関する原因分析、再発防止策の提言 （４）その他、特別調査委員会が必要と認めた事項,委員長：（弁護士法人北浜法律事務所 東京事務所 パートナー/弁護士） 籔内 俊輔 委員：（当社独立社外取締役） 佐藤 弘志 委員：（当社独立社外取締役） 杉浦 秀樹,弁護士法人北浜法律事務所 弁護士 東目 拓也 佐々木 隼 稲田 珠青 門脇 優介 谷村 篤哉 水谷 一太 北浜法律事務所・外国法共同事業 弁護士 青山 和真 藤原 咲樹 佐藤 優馬 池川 愛乃 長船 かれん 竹井 一将 九鬼 陽光 小島 凛 吉澤 海都,http://www.daisanshaiinkai.com/2023/,4611,1320.0
2023,4887 東証プライム,サワイグループホールディングス株式会社,あずさ,2023-10-23,2023-10-23,http://www.daisanshaiinkai.com/cms/wp-content/uploads/2023/10/231023_chousa4887.pdf,2023-10-23,http://www.daisanshaiinkai.com/cms/wp-content/uploads/2023/10/231023_chousa4887.pdf,＜特別調査委員会＞ （１）本件不適切試験に関する事実関係の調査 （２）本件不適切試験に係る製造販売業者の各種対応に関する事実関係の調査 （３）（１）及び（２）の不適切な行為又は対応に関する発生原因の分析 （４）（３）を踏まえた再発防止策の提言,委員：（森・濱田松本法律事務所 弁護士） 堀尾 貴将 委員：（東京理科大学薬学部教授） 櫻井 信豪 委員：（沢井製薬監査役） 相見 智之,森・濱田松本法律事務所 弁護士 8名 AOSデータ株式会社,http://www.daisanshaiinkai.com/2023/,4887,2023.0
2023,2667 東証スタンダード,株式会社イメージワン,フロンティア,2023-10-16,2023/10/16 2023/11/21 2024/01/15,http://www.daisanshaiinkai.com/cms/wp-content/uploads/2023/10/231016_daisansha2667.pdf http://www.daisanshaiinkai.com/cms/wp-content/uploads/2023/10/231121_daisansha2667.pdf http://www.daisanshaiinkai.com/cms/wp-content/uploads/2023/10/240115_chousa2667.pdf,2024-01-16,http://www.daisanshaiinkai.com/cms/wp-content/uploads/2023/10/240116_chousa2667.pdf,（１）本件疑惑に係る事実関係その他不正な行為（以下本件疑惑と併せて「本件疑惑等」といいます。）の有無の調査 （２）本件疑惑等が事実であることが判明した場合、その影響額の算定 （３）本件疑惑等が事実であることが判明した場合、その原因の究明及び再発防止策の提言 （４）上記各号の事項を遂行した結果に基づく調査報告書の作成及びその調査報告書の当社への提出 （５）その他、第三者委員会が必要と認めた事項,委員：（坂朋法律事務所 弁護士・公認会計士） 坂本 朋博 委員：（琴平綜合法律事務所 弁護士） 大下 良仁 委員：（たきざわ法律事務所 弁護士） 瀧澤 輝 委員：（縁監査法人 公認会計士） 東海林 秀樹,新樹法律事務所 弁護士・公認不正検査士 渡辺 治 首都圏新宿法律事務所 弁護士 高野 洋平 たきざわ法律事務所 弁護士 石井 洸希 佐々木公認会計士事務所 公認会計士 佐々木 洋平 CFO-Partners株式会社 公認会計士 井上 直樹,http://www.daisanshaiinkai.com/2023/,2667,241.0
2023,7953 東証スタンダード,菊水化学工業株式会社,仰星,2023-10-10,2023/10/10 2023/10/17 2023/12/15,http://www.daisanshaiinkai.com/cms/wp-content/uploads/2023/10/231010_chousa7953.pdf http://www.daisanshaiinkai.com/cms/wp-content/uploads/2023/10/231017_chousa7953.pdf http://www.daisanshaiinkai.com/cms/wp-content/uploads/2023/10/231215_chousa7953.pdf,2023-12-18,http://www.daisanshaiinkai.com/cms/wp-content/uploads/2023/10/231218_chousa7953.pdf,＜調査委員会＞ （１）本件に係る事実関係の調査 （２）類似事象の有無の確認 （３）財務諸表への影響額の算定 （４）その他、調査委員会が必要と認めた事項,委員長：（後藤・鈴木法律事務所 弁護士） 鈴木 智洋 委員：（佐藤滝彦事務所 公認会計士） 佐藤 滝彦 委員：（矢野公認会計士事務所 公認会計士） 矢野 直 委員：（当社社外監査役 荒川紳示公認会計士事務所 公認会計士） 荒川 紳示 委員：（当社社外監査役 服部豊法律事務所 弁護士） 服部 郁,弁護士法人後藤・鈴木法律事務所 弁護士 木河 賢二 弁護士法人後藤・鈴木法律事務所 弁護士・中小企業診断士 久保田 理貴 落合公認会計士事務所 公認会計士・税理士 落合 克己 藤居税理士事務所 税理士・公認不正検査士 藤居 幸祐,http://www.daisanshaiinkai.com/2023/,7953,407.0
2023,1885 東証プライム,東亜建設工業株式会社,EY新日本,2023-10-03,2023-10-03,http://www.daisanshaiinkai.com/cms/wp-content/uploads/2023/10/231003_chousa1885.pdf,2023/11/10 2023/12/21,http://www.daisanshaiinkai.com/cms/wp-content/uploads/2023/10/231110_chousa1885.pdf http://www.daisanshaiinkai.com/cms/wp-content/uploads/2023/10/231221_chousa1885.pdf,＜社内調査委員会＞ （１）本件不正行為に関する事実関係の調査 （２）本件不正行為に類似する他の不正行為の有無の調査 （３）本件不正行為が信幸建設の財務諸表に与える影響把握 （４）発生原因の分析と再発防止策の提言検討,委員長：（あさひ法律事務所 弁護士） 西岡 清一郎 副委員長：（社外取締役監査等委員 公認会計士・税理士） 佐々野 未知 委員：（あさひ法律事務所 弁護士） 上床 竜司 委員：（取締役監査等委員） 小川 信行 委員：（取締役執行役員管理本部長） 中尾 剛,外部の弁護士 4名 外部の公認会計士 3名 当社従業員 13名,http://www.daisanshaiinkai.com/2023/,1885,2171.0
2023,7676 東証グロース,株式会社グッドスピード,A＆Aパートナーズ,2023-09-29,2023/09/29 2023/10/06 2023/12/27,http://www.daisanshaiinkai.com/cms/wp-content/uploads/2023/09/230929_chousa7676.pdf http://www.daisanshaiinkai.com/cms/wp-content/uploads/2023/09/231006_daisansha7676.pdf http://www.daisanshaiinkai.com/cms/wp-content/uploads/2023/09/231227_daisansha7676.pdf,2024-01-04,http://www.daisanshaiinkai.com/cms/wp-content/uploads/2023/09/240104_daisansha7676.pdf,（１）主に売上計上時期に関する疑義についての客観的な事実関係の調査 （２）類似事象の有無の調査 （３）上記の調査及び検証の結果、連結財務諸表に影響を与えるものと認められる場合には、その影響額の調査 （４）上記について問題が認められた場合の原因の究明及び再発防止策の提言 （５）その他、上記に付随して当委員会が必要と認めた事項,委員長：（株式会社アカウンティング・アドバイザリー 公認会計士） 井上 寅喜 委員：（大知法律事務所 弁護士） 高野 哲也 委員：（能勢公認会計士事務所 公認会計士・税理士） 能勢 元 委員：（後藤公認会計士事務所 公認会計士・税理士・公認情報システム監査人） 後藤 幸男,大知法律事務所 弁護士 山下 嘉 岸本 悠 中村 望 永田町リーガルアドバイザー株式会社 公認会計士 立神 悠樹 小松 啓 永田町リーガルアドバイザー株式会社 公認不正検査士 関 孝徳 ほか 2名 株式会社KPMG FAS 公認会計士 藤田 大介 斎田 修 株式会社KPMG FAS 公認不正検査士 中村 久美子 ほか 13名,http://www.daisanshaiinkai.com/2023/,7676,
2023,1890 東証プライム,東洋建設株式会社,EY新日本,2023-09-20,2023/09/20 2023/12/28,http://www.daisanshaiinkai.com/cms/wp-content/uploads/2023/09/230920_chousa1890.pdf http://www.daisanshaiinkai.com/cms/wp-content/uploads/2023/09/231228_chousa1890.pdf,2024-03-05,http://www.daisanshaiinkai.com/cms/wp-content/uploads/2023/09/240305_chousa1890.pdf,＜調査受託者による調査＞ 下記(１)乃至(３)の事項に関する当社のガバナンス上の瑕疵（調査対象者（当時の役職員5名及び調査受託者の勧告があった場合は当社とYFOの合意により追加指定された役員）の善管注意義務・忠実義務違反等）の有無に関して、別紙に定める調査の各目的事項について、調査及び検討させる。 （１）株式会社インフロニア・ホールディングス（以下「インフロニア」といいます。）が 2022年3月23日に開始した当社株式に対する公開買付けに対する当社の賛同表明のプロセス （２）当社の第100回定時株主総会での買収防衛策議案及び取締役選任議案の策定、上程及び撤回に係るプロセス （３）YFO及び株式会社KITEによる非公開化提案を含む対抗提案に対する当社の検討・意思決定プロセス,調査受託者：（牛島総合法律事務所 弁護士） 牛島 信 調査受託者：（森・濱田松本法律事務所 弁護士） 奥田 洋一,牛島総合法律事務所 弁護士 渡邉 弘志 薬師寺 怜 大澤 貴史 冨永 千紘 福田 航 佐藤 和哉 堀田 稜人 森・濱田松本法律事務所 弁護士 藤津 康彦 朽網 友章 佐藤 浩由 中尾 匡利 塚田 智宏 大屋 広貴 島田 泰河,http://www.daisanshaiinkai.com/2023/,1890,1085.0
2023,7098 TOKYO PRO Market,株式会社エージェント,大有,2023-09-14,2023/09/14 2023/09/28,http://www.daisanshaiinkai.com/cms/wp-content/uploads/2023/09/230914_chousa7098.pdf http://www.daisanshaiinkai.com/cms/wp-content/uploads/2023/09/230928_chousa7098.pdf,2023-12-26,http://www.daisanshaiinkai.com/cms/wp-content/uploads/2023/09/231226_daisansha7098.pdf,（１）本件疑義に係る事実関係の調査、本件疑義に係る会計処理の検証および社内体制の不備の有無 （２）本件疑義の類似事案の有無の確認 （３）上記（１）および（２）において問題が発見された場合には、その原因究明および再発防止策の提言,委員長：（リップル法律事務所 弁護士） 西脇 威夫 委員：（リップル法律事務所 弁護士） 石﨑 明人 委員：（リップル法律事務所 弁護士） 森田 裕子 委員：（中野智美公認会計士・税理士事務所 公認会計士） 中野 智美 委員：（手島亜紀公認会計士事務所 公認会計士） 手島 亜紀,,http://www.daisanshaiinkai.com/2023/,7098,
2023,3418 東証グロース,株式会社バルニバービ,かがやき,2023-09-14,2023-09-14,http://www.daisanshaiinkai.com/cms/wp-content/uploads/2023/09/230914_chousa3418.pdf,未公表,,＜外部調査委員会＞ 本件期末配当及び中間配当に関する事実関係の調査、発生原因の究明、関係者等の責任の検討及び再発防止策の提言を行うこと,委員長：（馬場・澤田法律事務所 弁護士） 大坪 和敏 委員：（虎ノ門3丁目法律事務所 弁護士） 大川原 紀之 委員：（藤原公認会計士事務所 公認会計士） 藤原 哲,,http://www.daisanshaiinkai.com/2023/,3418,1135.0
2022,2402 東証グロース,株式会社アマナ,EY新日本,2022-12-22,2022/12/22 2023/01/19 2023/03/31 2023/05/08,http://www.daisanshaiinkai.com/cms/wp-content/uploads/2022/12/221222_chousa2402.pdf http://www.daisanshaiinkai.com/cms/wp-content/uploads/2022/12/230119_chousa2402.pdf http://www.daisanshaiinkai.com/cms/wp-content/uploads/2022/12/230331_chousa2402.pdf http://www.daisanshaiinkai.com/cms/wp-content/uploads/2022/12/230508_chousa2402.pdf,2023-05-11,http://www.daisanshaiinkai.com/cms/wp-content/uploads/2022/12/230511_chousa2402.pdf,＜特別調査委員会＞ （１）X 氏不正案件及び Y 不正案件に係る疑義に関する事実関係の調査 （２）本件疑義と同種事項の有無の調査 （３）上記の調査の結果、発見された事項の発生原因の分析と再発防止策の策定及び提言 （４）その他、上記に付随して当委員会が必要と認めた事項,委員長：（弁護士法人ほくと総合法律事務所 弁護士） 倉橋 博文 委員：（リーガレックス合同会社 公認会計士） 金子 広行 委員：（渥美坂井法律事務所・外国法共同事業 弁護士） 清水 真一郎 委員：（プロアクト法律事務所 弁護士・公認不正検査士） 竹内 朗,弁護士法人ほくと総合法律事務所 弁護士 千葉 恵介 奥津 啓太 塚本 弥石 山本 裕人 藪田 崇之 岩永 航 渥美坂井法律事務所・外国法共同事業 弁護士 宮西 啓介 宮前 豪 塚本 美咲 西尾 順一 プロアクト法律事務所 弁護士 渡邉 宙志 田中 伸英 徳山 佳祐 神田 詠守 リーガレックス合同会社 公認会計士 8名 太陽グラントソントン・アドバイザーズ株式会社 公認会計士 垂水 敬 前村 浩介 公認会計士等 8名,http://www.daisanshaiinkai.com/2022/,2402,
2022,9702 東証プライム,株式会社アイ・エス・ビー,トーマツ,2022-12-20,2022/12/20 2022/12/23,http://www.daisanshaiinkai.com/cms/wp-content/uploads/2022/12/221220_chousa9702.pdf http://www.daisanshaiinkai.com/cms/wp-content/uploads/2022/12/221223_chousa9702.pdf,2023-02-28,http://www.daisanshaiinkai.com/cms/wp-content/uploads/2022/12/230228_chousa9702.pdf,＜特別調査委員会＞ （１）2019年1月1日をもってSSS社に吸収合併される前のインフィックス株式会社及び SSS 社において不適切な取引が行われていた疑いのある事案に関する事実関係の調査 （２）本事案に類似する事象の有無の調査 （３）本事案が事実であることが判明した場合、その影響額の算定 （４）本事案が事実であることが判明した場合、その原因の分析及び再発防止策の提言 （５）その他、特別調査委員会が必要と認めた事項,委員長：（弁護士法人三宅法律事務所 弁護士） 渡邉 雅之 委員：（ひかり監査法人 公認会計士） 野中 泰弘 委員：（当社社外取締役（監査等委員）明哲綜合法律事務所 弁護士） 清水 亜希,弁護士 5名 公認会計士 3名 株式会社FRONTEO,http://www.daisanshaiinkai.com/2022/,9702,1790.0
2022,7719 東証スタンダード,株式会社東京衡機,アスカ,2022-12-09,2022/12/09 2023/02/28,http://www.daisanshaiinkai.com/cms/wp-content/uploads/2022/12/221209_daisansha7719.pdf http://www.daisanshaiinkai.com/cms/wp-content/uploads/2022/12/230228_daisansha7719.pdf,2023-03-03,http://www.daisanshaiinkai.com/cms/wp-content/uploads/2022/12/230304_daisansha7719.pdf,（１）外部機関より指摘された商事事業に係る売上計上等に係る疑義及びG1 社の連結要否の検討についての客観的な事実関係の調査 （２）類似取引の有無の調査 （３）上記の調査及び検証の結果、これが連結財務諸表に影響を与えるものと認められる場合には、その影響額の算定 （４）上記について問題が認められた場合の原因の究明及び再発防止策の提言 （５）その他、上記に付随して当委員会が必要と認めた事項,委員長：（弁護士法人ほくと総合法律事務所 パートナー弁護士） 倉橋 博文 委員：（高橋法律事務所 代表弁護士） 高橋 謙 委員：（㈱アカウンティング・アドバイザリー代表取締役社長 公認会計士） 井上 寅喜,弁護士法人ほくと総合法律事務所 弁護士 高橋 康平 金子 恭介 大知法律事務所 弁護士 高野 哲也 山下 嘉 岸本 悠 金侑 里香 株式会社アカウンティング・アドバイザリー 公認会計士 池内 宏幸 齋藤 哲 株式会社アカウンティング・アドバイザリー 弁護士 平井 太,http://www.daisanshaiinkai.com/2022/,7719,283.0
2022,8038 東証スタンダード,東都水産株式会社,EY新日本,2022-12-06,2022/12/06 2023/01/13,http://www.daisanshaiinkai.com/cms/wp-content/uploads/2022/12/221206_chousa8038.pdf http://www.daisanshaiinkai.com/cms/wp-content/uploads/2022/12/230113_chousa8038.pdf,未公表,,＜検証委員会＞ (1) 本件告発に係る事実に対するこれまでの当社の対応の検証 (2) 当社の情報管理体制の検証 (3) 上記(1)及び(2)において問題が発見された場合には、その原因究明及び再発防止策の提言,委員長：（日比谷総合法律事務所 弁護士、元検事） 神垣 清水 委員：（弁護士法人琴平綜合法律事務所 弁護士、元判事補） 大下 良仁 委員：（東京理科大学大学院経営学研究科教授） 宮永 雅好,,http://www.daisanshaiinkai.com/2022/,8038,
2022,6035 東証プライム,株式会社アイ・アールジャパンホールディングス,PwCあらた,2022-11-14,2022/11/14 2022/12/08,http://www.daisanshaiinkai.com/cms/wp-content/uploads/2022/11/221114_daisansha6035.pdf http://www.daisanshaiinkai.com/cms/wp-content/uploads/2022/11/221208_daisansha6035.pdf,2023-03-07,http://www.daisanshaiinkai.com/cms/wp-content/uploads/2022/11/230307_daisansha6035.pdf,（１）2022年11月10日にダイヤモンド・オンラインが報じた記事の内容についての事実関係 （２）当社の元役員（栗尾拓滋氏）または他の役職員に類似の問題があるかについての事実関係 （３）（１）または（２）によって判明した問題の指摘とその原因の究明 （４）再発防止策の提言,委員長：（山口利昭法律事務所 弁護士・公認不正検査士） 山口 利昭 委員：（プロアクト法律事務所 弁護士・公認不正検査士） 竹内 朗 委員：（弁護士法人北浜法律事務所 弁護士・公認不正検査士） 渡辺 徹 委員：（T&K法律事務所 弁護士） 戸澤 晃広,プロアクト法律事務所 弁護士 池永 朝昭 渡邉 宙志 田中 伸英 徳山 佳祐 株式会社foxcale 専門家 3名 長田 圭介 神田 詠守 弁護士法人北浜法律事務所 弁護士 谷口 明史 中嶋 隆則 東目 拓也 覺道 佳優 吉谷 心太郎 谷口 尚暉 T&K法律事務所 弁護士 瀬川 哲弘 岡田 侑子 成田 凌 髙原 駿介 本郷 達也,http://www.daisanshaiinkai.com/2022/,6035,880.0
2022,6189 東証プライム,株式会社グローバルキッズ COMPANY,太陽,2022-11-11,2022-11-11,http://www.daisanshaiinkai.com/cms/wp-content/uploads/2022/11/221111_chousa6189.pdf,未公表,,＜社内調査＞ 原因経緯を含め詳細な調査,,,http://www.daisanshaiinkai.com/2022/,6189,793.0
2022,2892 東証スタンダード,日本食品化工株式会社,トーマツ,2022-10-31,2022-10-31,http://www.daisanshaiinkai.com/cms/wp-content/uploads/2022/10/221031_chousa2892.pdf,2022-10-31,http://www.daisanshaiinkai.com/cms/wp-content/uploads/2022/10/221031_chousa2892.pdf,＜調査委員会＞ 本件不正行為に関する事実関係の調査、社内の共謀・組織的関与の有無の調査、原因分析及び再発防止に向けた提言,委員長：(西村あさひ法律事務所 弁護士） 泰田 啓太 委員：（株式会社すばるイノベーション 公認会計士） 松原 龍二 委員：（日本食品化工株式会社 監査等委員取締役） 田辺 研一郎 委員：（日本食品化工株式会社 内部監査室室長） 木村 亨,西村あさひ法律事務所 弁護士 3名 株式会社すばるイノベーション 公認会計士 2名,http://www.daisanshaiinkai.com/2022/,2892,3690.0
2022,3808 名証ネクスト,株式会社オウケイウェイヴ,柴田洋、大瀧秀樹,2022-10-25,2022-10-25,http://www.daisanshaiinkai.com/cms/wp-content/uploads/2022/10/221025_daisansha3808.pdf,2023-01-20,http://www.daisanshaiinkai.com/cms/wp-content/uploads/2022/10/230120_chousa3808.pdf,(1) 本件事案に関する事実関係の確認並びにこれらに関連するOK FUND及びアップライツに対する当社の子会社管理・内部管理上の問題に関する調査・分析 (2) 本件事案に類似する事案の有無の確認 (3) 上記(1)で確認された事実関係を踏まえた、本件事案に係る過年度の会計処理及び開示の適切性の検討並びに連結財務諸表等への影響の有無の確認 (4) アップライツ及びOK FUNDの連結・子会社範囲の認定プロセスの適切性の確認 (5) 原因分析及び再発防止策の提言,委員長：（長島・大野・常松法律事務所パートナー 弁護士） 田原 一樹 委員：（長島・大野・常松法律事務所パートナー 弁護士） 辺 誠祐 委員：（株式会社アカウンティング・アシスト代表取締役 公認会計士・税理士） 茂田井 純一,長島・大野・常松法律事務所 弁護士 入谷 淳 新納 亜美 町田 雄輝 今野 恵一朗 杉本 直之 株式会社アカウンティング・アシスト 公認会計士・税理士 加瀬 豊 株式会社foxcale,http://www.daisanshaiinkai.com/2022/,3808,
2022,3931 東証グロース,株式会社バリューゴルフ,あずさ,2022-10-21,2022-10-21,http://www.daisanshaiinkai.com/cms/wp-content/uploads/2022/10/221021_chousa3931.pdf,2022/12/02 2022/12/09,http://www.daisanshaiinkai.com/cms/wp-content/uploads/2022/10/221202_chousa3931.pdf http://www.daisanshaiinkai.com/cms/wp-content/uploads/2022/10/221209_chousa3931.pdf,＜外部調査チーム＞ （１）本事案の事実関係の確認 （２）株式会社産経旅行における類似事案の有無の確認（調査対象期間：当社が株式を取得した2018年8月以降） （３）上記を踏まえた公表済の決算等への影響額の確認 （４）本事案の発生原因の究明と再発防止策の提言,委員：（関谷・宗像法律事務所所属 弁護士） 宗像 雄 委員：（弁護士法人トライデント 虎ノ門オフィス所属 弁護士・公認会計士 ） 村上 芳文,,http://www.daisanshaiinkai.com/2022/,3931,1650.0
2022,3674 東証グロース,株式会社オークファン,アヴァンティア,2022-10-21,2022-10-21,http://www.daisanshaiinkai.com/cms/wp-content/uploads/2022/10/221021_chousa3674.pdf,2023-01-13,http://www.daisanshaiinkai.com/cms/wp-content/uploads/2022/10/230113_chousa3674.pdf,＜特別調査委員会＞ （１）本件架空取引に関する事実関係の調査 （２）本件架空取引に類似する事象の有無及びその内容の調査 （３）不適切な会計処理が判明した場合における、過年度決算の会計処理に及ぼす影響の調査 （４）不適切な会計処理が判明した場合における、原因の究明と再発防止策の提言 （５）その他当委員会が必要と認めた事項,委員：（大江橋法律事務所 弁護士） 山口 幹生 委員：（株式会社 KPMG FAS 公認会計士） 高岡 俊文 委員：（大江橋法律事務所 弁護士） 小田 勇一,弁護士法人大江橋法律事務所 弁護士 大多 和樹 福冨 友美 土屋 佑貴 立村 達哉 植田 美咲 株式会社KPMG FAS 公認会計士 須賀 永治 山口 孝之 床井 宏行 デジタル・フォレンジック担当 山田 昴輝 外12名,http://www.daisanshaiinkai.com/2022/,3674,371.0
2022,4837 東証スタンダード,シダックス株式会社,あずさ,2022-10-07,2022-10-07,http://www.daisanshaiinkai.com/cms/wp-content/uploads/2022/10/221007_chousa4837.pdf,2023-05-31,http://www.daisanshaiinkai.com/cms/wp-content/uploads/2022/10/230531_chousa4837.pdf,＜調査委員会＞ 情報流出経緯の特定、原因究明、その他全社的な情報管理体制リスクの洗い出しおよび再発防止策、内部統制の再構築のための方策の策定,委員長：（元名古屋高等検察庁検事長、T&K 法律事務所 弁護士） 岩村 修二 委員：（当社社外監査役、弁護士法人Authense法律事務所 弁護士） 高橋 麻理 委員：（日比谷パーク法律事務所 弁護士） 野宮 拓 委員：（T&K 法律事務所 弁護士） 片岡 良平,,http://www.daisanshaiinkai.com/2022/,4837,
2022,9468 東証プライム,株式会社KADOKAWA,EY新日本,2022-10-05,2022-10-05,http://www.daisanshaiinkai.com/cms/wp-content/uploads/2022/10/221005_chousa9468.pdf,2023-01-23,http://www.daisanshaiinkai.com/cms/wp-content/uploads/2022/10/230124_chousa9468.pdf,＜ガバナンス検証委員会＞ （１）一連の贈賄問題（以下「本件」という。）に関する事実関係の調査 （２）本件を生じさせた KADOKAWA のガバナンス、内部統制に関する原因の究明 （３）再発防止策の提言,委員長 ：（中村・角田・松本法律事務所 弁護士） 中村 直人 委員：（国広総合法律事務所 弁護士） 國廣 正 委員：（中村・角田・松本法律事務所 弁護士） 山田 和彦 委員：（社外取締役） 鵜浦 博夫 委員：（社外取締役） ジャーマン・ルース マリー,中村・角田・松本法律事務所 弁護士 松下 隼人 霽月法律事務所 弁護士・公認不正検査士 大野 徹也 国広総合法律事務所 弁護士 五味 祐子 池田 晃司 牧野 輝暁 KPMG FAS,http://www.daisanshaiinkai.com/2022/,9468,3390.0
2022,7701 東証プライム,株式会社島津製作所,トーマツ,2022-09-30,2022-09-30,http://www.daisanshaiinkai.com/cms/wp-content/uploads/2023/02/220930_chousa7701.pdf,2023-02-10,http://www.daisanshaiinkai.com/cms/wp-content/uploads/2023/02/230210_chousa7701.pdf,＜外部調査委員会＞ 島津製作所および島津メディカルにて、不正があった先の医療機関への補償を行うとともに、再発防止策の検討と推進を実効的に行うことができるよう、 (i) 本件不正行為がいつ、どこで、誰によって行われていたのか、その地理的・時間的・人的範囲がどこまで広がっていたのか、 (ii) 本件不正行為がなぜ行われたのか、なぜ早期に発見・是正されなかったのかを解明・分析し、 (iii) 原因分析・再発防止の検討を行うこと,委員長：（中村・角田・松本法律事務所 弁護士） 倉橋 雄作 委員：（森寿明法律事務所 弁護士） 森 寿明 委員：（株式会社KPMG FAS 公認会計士） 西嶌 宏之,中村・角田・松本法律事務所 弁護士 壱岐 祐哉 渡邉 凌 弁護士法人大江橋法律事務所 弁護士 逸見 佳代 上田廣一法律事務所 弁護士 折戸 誠子 株式会社KPMG FAS 吉岡 一真 水上 浩 伊藤 希珠,http://www.daisanshaiinkai.com/2022/,7701,3713.0
2022,1967 東証スタンダード,株式会社ヤマト,太陽,2022-09-27,2022-09-27,http://www.daisanshaiinkai.com/cms/wp-content/uploads/2022/09/220927_chousa1967.pdf,2022-10-28,http://www.daisanshaiinkai.com/cms/wp-content/uploads/2022/09/221028_chousa1967.pdf,＜社内調査委員会＞ （１）本件不正行為の全容の解明 （２）本件不正行為の原因の究明 （３）本件不正行為の再発防止策の策定,委員長：（取締役副社長執行役員） 吉井 誠 副委員長：（取締役執行役員管理本部長） 藤井 政宏 委員：（経理部長 公認会計士） 熊谷 信考 委員：（内部監査室長） 佐藤 正彦 オブサーバー：（取締役 社外取締役） 石田 哲博 委員(事務局長) ：（コンプライアンス統括室長 ） 柴山 徳一郎,あさひ法律事務所 顧問弁護士 南部 恵一,http://www.daisanshaiinkai.com/2022/,1967,2148.0
2022,9761 東証スタンダード,東海リース株式会社,トーマツ,2022-09-22,2022-09-22,http://www.daisanshaiinkai.com/cms/wp-content/uploads/2022/08/220922_chousa9761.pdf,2022-11-11,http://www.daisanshaiinkai.com/cms/wp-content/uploads/2022/09/221111_chousa9761.pdf,＜外部調査委員会＞ （１）東海リースの前常務取締役であり、かつ、東海ハウスの元代表取締役社長であった、A 氏及びその関係者が、A 氏が東海ハウスの取締役に就任した 2013 年11 月以降において、東海ハウスにおいて行った不正行為の事実関係に関する調査（社内調査委員会において判明した不正行為以外の不正行為の有無に関する調査も含む） （２）上記（１）で確認された事実関係の原因分析及び再発防止に向けた提言 （３）その他当委員会が調査を必要と認めた一切の事項,委員長：（梅田新道法律事務所パートナー 弁護士） 松井 俊輔 委員：（北浜法律事務所パートナー 弁護士） 渡辺 徹,北浜法律事務所・外国法共同事業 弁護士 村田 航椰 河合 かれん,http://www.daisanshaiinkai.com/2022/,9761,2427.0
2022,9761 東証スタンダード,東海リース株式会社,トーマツ,2022-08-19,2022-08-19,http://www.daisanshaiinkai.com/cms/wp-content/uploads/2022/08/220819_chousa9761.pdf,外部調査委員会へ引き継ぎ,,＜社内調査委員会＞ 不適切な取引の内容を明らかにするとともに、他の事案が発生していないかを明らかにすること,委員：社外取締役監査等委員 松井 巧 委員：社外取締役監査等委員 西野 但 委員：梅田総合法律事務所 弁護士 高橋 幸平,,http://www.daisanshaiinkai.com/2022/,9761,2427.0
2022,3167 東証プライム,株式会社TOKAIホールディングス,トーマツ,2022-09-22,2022/09/22 2022/10/11 2022/12/14,http://www.daisanshaiinkai.com/cms/wp-content/uploads/2022/09/220922_chousa3167.pdf http://www.daisanshaiinkai.com/cms/wp-content/uploads/2022/09/221011_chousa3167.pdf http://www.daisanshaiinkai.com/cms/wp-content/uploads/2022/09/221214_chousa3167.pdf,2022/12/15 2022/12/28,http://www.daisanshaiinkai.com/cms/wp-content/uploads/2022/09/221215_chousa3167.pdf http://www.daisanshaiinkai.com/cms/wp-content/uploads/2022/09/221228_chousa3167.pdf,＜特別調査委員会＞ （１）鴇田氏による会食費用の不適切な経費精算に関する事実関係の調査 （２）上記（１）に類似する事案（鴇田氏による不適切な経費の使用事案）の有無及びその内容等に関する調査 （３）上記（１）及び（２）の調査で確認された事実に関する原因分析及び再発防止策の提言 （４）その他委員会が合理的に必要と認めた事項,委員長：（弁護士法人ほくと総合法律事務所 弁護士） 中原 健夫 委員：（株式会社アカウンティング・アドバイザリー 公認会計士） 井上 寅喜 委員：（株式会社アカウンティング・アドバイザリー 弁護士） 平井 太,株式会社アカウンティング・アドバイザリー 公認会計士 大橋 大輔 浅海 英孝 今関 洋介 石田 悠馬 中村 将崇 向井 一洋 弁護士法人ほくと総合法律事務所 弁護士 高橋 康平 中野 雅文 太宰 賢二 奥津 啓太 又吉 重樹 岩永 航 のぞみ総合法律事務所 弁護士 大東 泰雄 吉田 元樹 福塚 侑也 白水 裕基,http://www.daisanshaiinkai.com/2022/,3167,1068.0
2022,9318 東証スタンダード,アジア開発キャピタル株式会社,アリア,2022-09-20,2022-09-20,http://www.daisanshaiinkai.com/cms/wp-content/uploads/2022/07/220920_chousa9318.pdf,2022-10-14,http://www.daisanshaiinkai.com/cms/wp-content/uploads/2022/09/221014_chousa9318.pdf,＜監査役会による件外調査＞ （１）過去の資産購入及び経費の支出に関する事実関係の調査及びこれに関連する内部統制上の問題に関する調査並びに分析 （２）上記（１）を踏まえた発生原因の分析及び再発防止策の提言,アジア開発キャピタル株式会社 監査役会 常勤監査役 福田 裕 監査役 松田 勉 監査役 中山 住人,大知法律事務所 弁護士 高野 哲也 金井 暁 岸本 悠 北川 翔一,http://www.daisanshaiinkai.com/2022/,9318,
2022,2743 東証スタンダード,ピクセルカンパニーズ株式会社,アリア,2022-09-12,2022/09/12 2022/09/29,http://www.daisanshaiinkai.com/cms/wp-content/uploads/2022/09/220912_chousa2743.pdf http://www.daisanshaiinkai.com/cms/wp-content/uploads/2022/09/220929_chousa2743.pdf,2022-10-19,http://www.daisanshaiinkai.com/cms/wp-content/uploads/2022/09/221019_chousa2743.pdf,＜社内調査委員会＞ ピクセルソリューションズ株式会社元代表取締役増井氏に関する不正が疑われる事案の社内調査業務（類似事案の調査含む）及び再発防止策の提言,委員長：（弁護士法人ニューポート法律事務所 弁護士） 戸田 裕典 委員：（東京フィナンシャルアドバイザーズ株式会社 公認会計士） 能勢 元,当社常勤監査役（事務局） 矢尾板 裕介 弁護士法人ニューポート法律事務所 弁護士 鈴木 多門,http://www.daisanshaiinkai.com/2022/,2743,166.0
2022,3808 名証ネクスト,株式会社オウケイウェイヴ,柴田洋、大瀧秀樹,2022-09-01,2022-09-01,http://www.daisanshaiinkai.com/cms/wp-content/uploads/2022/09/220901_chousa3808.pdf,未公表,,＜社内調査委員会＞ 事実確認と真相究明,,,http://www.daisanshaiinkai.com/2022/,3808,
2021,2191 JASDAQ,テラ株式会社,太陽,2021-12-20,2021/12/20 2022/02/28,http://www.daisanshaiinkai.com/cms/wp-content/uploads/2021/12/211220_chousa2191.pdf http://www.daisanshaiinkai.com/cms/wp-content/uploads/2021/12/220228_chousa2191.pdf,2022/03/04 2022/03/22,http://www.daisanshaiinkai.com/cms/wp-content/uploads/2021/12/220304_chousa2191.pdf http://www.daisanshaiinkai.com/cms/wp-content/uploads/2021/12/220322_chousa2191.pdf,＜社内調査委員会（追加調査２回目）＞ (１)当社のセネジェニックス・ジャパンを割当先とした第三者割当増資に関して失権に至るまでの一連の経緯（払込期日が２回に亘り変更された事実経過を含む。）の事実調査、及び、同経緯を踏まえて、これに関連する当社の適時開示の内容の適正性、失権を防止する観点から当社の対応に不足していた点その他不適正な点が無かったか否かの検証及び不適正な点がある場合における原因分析並びに再発防止策の提言 (２)当社とD教授との間に係る事実関係、原因分析及び再発防止策,委員：（東京市谷法律事務所 弁護士） 平 英毅 委員：（東京市谷法律事務所 弁護士） 中村 涼,,http://www.daisanshaiinkai.com/2021/,2191,
2021,2127 東証1,株式会社日本Ｍ＆Ａセンターホールディングス,トーマツ,2021-12-20,2021-12-20,http://www.daisanshaiinkai.com/cms/wp-content/uploads/2021/12/211220_chousa2127.pdf,2022-02-14,http://www.daisanshaiinkai.com/cms/wp-content/uploads/2021/12/220214_chousa2127.pdf,＜社内調査委員会＞ （１）株式会社日本 M&A センターホールディングスの完全子会社である株式会社日本 M&A センターにおいて、調査対象となる不正案件の有無及び内容を、2016年4月1日から 2021年9月30日までの期間について調査して解明すること。 （２）上場企業として金融商品取引法、連結財務諸表の用語、様式及び作成方法に関する規則及び東京証券取引所規則に基づき開示している決算（本決算、四半期決算を含む）に与える影響を調査すること。 （３）本件不正の再発防止策を検討し、貴社に提言すること。,委員長：（三宅坂総合法律事務所 弁護士） 山岸 洋 委員：（三宅坂総合法律事務所 弁護士） 井上 裕也 委員：（株式会社青山トラスト会計社 公認会計士） 久米 雅彦 委員：（株式会社青山トラスト会計社 公認会計士） 池川 穣 委員：（社外取締役（監査等委員）・独立役員・弁護士） 木下 直樹 委員：（社外取締役（監査等委員）・独立役員） 山田 善則,弁護士 江端 重信 大場 寿人 森川 友尋 下瀬 隆士 加賀山 晧 菅原 光祥 松下 知輝 小島 啓 中谷 岳 田中 宏明 山本 淳也 原 香奈 公認会計士 小壁 雄志 後藤 浩太,http://www.daisanshaiinkai.com/2021/,2127,805.8
2021,6272 東証1,レオン自動機株式会社,トーマツ,2021-12-17,2021/12/17 2022/01/06,http://www.daisanshaiinkai.com/cms/wp-content/uploads/2021/12/211217_chousa6272.pdf http://www.daisanshaiinkai.com/cms/wp-content/uploads/2021/12/220106_daisansha6272.pdf,第三者委員会へ移行,,＜社内調査委員会＞ 本件事実関係の全容解明及び影響額の確定、原因分析、再発防止策の立案等を行うため,委員長：（当社代表取締役） 小林 幹央 委員：（当社取締役常務執行役員） 金子 保 委員：（当社常務執行役員管理統括部長） 福田 忠男 委員：（当社内部監査室長） 設楽 正樹,当社常勤監査役（オブザーバー） 宮岡 正 平林 亮子 横山 不二夫 平原 興 横山 薫,http://www.daisanshaiinkai.com/2021/,6272,1383.0
2021,9603 東証1,株式会社エイチ・アイ・エス,トーマツ,2021-12-09,2021-12-09,http://www.daisanshaiinkai.com/cms/wp-content/uploads/2021/12/211209_chousa9603-1.pdf,2021-12-24,http://www.daisanshaiinkai.com/cms/wp-content/uploads/2021/12/211224_chousa9603.pdf,＜調査委員会＞ （１）本疑惑に関する事実関係の解明 （２）MIKI 及び JPH における類似事案の有無等の確認 （３）当社グループ全社における㈱JHAT との取引有無の調査 （４）当社国内グループ全社における Go To トラベル事業給付金申請状況の調査,委員長：（さくら共同法律事務所 弁護士） 荒竹 純一 副委員長：（当社取締役上席執行役員 最高財務責任者） 矢田 素史 委員：（当社独立社外取締役監査等委員 公認会計士） 梅田 常和,,http://www.daisanshaiinkai.com/2021/,9603,1393.0
2021,2484 JASDAQ,株式会社出前館,EY新日本,2021-11-30,2021-11-30,http://www.daisanshaiinkai.com/cms/wp-content/uploads/2021/11/211130_chousa2484.pdf,2021-12-28,http://www.daisanshaiinkai.com/cms/wp-content/uploads/2021/11/211228_chousa2484.pdf,＜社内調査委員会＞ （１）未収入金・未払金の誤謬金額の確定 （２）外注費（配達代行委託業者への支払い）の精査 （３）類似事案の有無の確認 （４）連結財務諸表等への影響額の算定 （５）原因分析と再発防止策の提言 （６）その他社内調査委員会が必要と認めた事項,委員長：（アンダーソン・毛利・友常法律事務所外国法共同事業 弁護士） 三宅 英貴 委員：（株式会社アカウンティング・アドバイザリー 公認会計士） 井上 寅喜 委員：（当社執行役員CFO） 矢野 哲,アンダーソン・毛利・友常法律事務所外国法共同事業 弁護士・公認会計士 塩野 祐輝 株式会社アカウンティング・アドバイザリー 公認会計士 池内 宏幸,http://www.daisanshaiinkai.com/2021/,2484,166.0
2021,6178 東証1,日本郵政株式会社,あずさ,2021-11-26,2021-11-26,http://www.daisanshaiinkai.com/cms/wp-content/uploads/2021/11/211126_chousa6178.pdf,2021-12-22,http://www.daisanshaiinkai.com/cms/wp-content/uploads/2021/11/211222_chousa6178.pdf,＜外部調査チーム＞ ① 日本郵便本社の本事案当時の経営幹部及び関係役員等の関与状況等に関する調査 ② ①に関連するメール等のデジタルフォレンジック調査 ③ 本調査により認定した事実を踏まえた政治資金規正法への抵触の有無の調査,渥美坂井法律事務所・外国法共同事業,,http://www.daisanshaiinkai.com/2021/,6178,1535.5
2021,5076 東証1,インフロニア・ホールディングス株式会社,EY新日本,2021-11-19,2021-11-19,http://www.daisanshaiinkai.com/cms/wp-content/uploads/2021/11/211119_chousa5076.pdf,未公表,,＜特別調査委員会＞ 本件の事実関係及び原因等の調査,,,http://www.daisanshaiinkai.com/2021/,5076,4640.0
2021,4617 東証1,中国塗料株式会社,EY新日本,2021-11-17,2021/11/17 2021/12/24,http://www.daisanshaiinkai.com/cms/wp-content/uploads/2021/11/211117_chousa4617.pdf http://www.daisanshaiinkai.com/cms/wp-content/uploads/2021/11/211224_chousa4617.pdf,2021/12/27 2022/01/31,http://www.daisanshaiinkai.com/cms/wp-content/uploads/2021/11/211227_chousa4617.pdf http://www.daisanshaiinkai.com/cms/wp-content/uploads/2021/11/220131_chousa4617.pdf,＜調査委員会＞ （１）本件に関する事実関係の調査 （２）本件による連結財務諸表等への影響額の検証 （３）CMP上海及び CMP上海以外の子会社における本件と同種又は類似事案の有無及びその内容等に関する調査 （４）前述（１）及び（３）で確認された事実に関する原因分析並びに再発防止策の検討及び提言 （５）前各号にかかる調査の結果等を記載した調査報告書の作成,委員長：（TMI 総合法律事務所 弁護士） 滝 琢磨 委員：（TMI 総合法律事務所 弁護士／公認会計士） 吉井 久美子 委員：（PwCビジネスアシュアランス合同会社 公認会計士） 本多 守,TMI総合法律事務所 包城 偉豊 小田 智典 四方 岳 梅田 朋子 秋月 亮平 藤森 翔太 石戸 あかね 福岡 大河 服部 公亮 鄭 依晨 PwCビジネスアシュアランス合同会社 中山 崇 田島 靖大 寺本 昌弘 大角 泰史 成戸 宏隆 石川 良亮 高橋 翔太 龍 麻友 他18名,http://www.daisanshaiinkai.com/2021/,4617,3610.0
2021,3647 東証2,株式会社ジー・スリーホールディングス,赤坂,2021-11-10,2021/11/10 2021/11/24 2021/12/15 2022/01/28,http://www.daisanshaiinkai.com/cms/wp-content/uploads/2021/11/211110_chousa3647.pdf http://www.daisanshaiinkai.com/cms/wp-content/uploads/2021/11/211124_chousa3647.pdf http://www.daisanshaiinkai.com/cms/wp-content/uploads/2021/11/211215_chousa3647.pdf http://www.daisanshaiinkai.com/cms/wp-content/uploads/2021/11/220128_chousa3647.pdf,2022-02-02,http://www.daisanshaiinkai.com/cms/wp-content/uploads/2021/11/2200202_chousa3647.pdf,＜特別調査委員会＞ （１） 外部機関から指摘・質問を受けた案件に係る事実関係の調査 （２） （１）に類似する問題の存否及び事実関係の調査 （３） （１）及び（２）に関する組織的関与の有無 （４） （１）～（３）について問題のある事項と判断された場合、事実関係の原因分析及び再発防止策の提言 （５） その他当委員会が必要と判断した事項及びこれに関連する事項,委員長：（田辺総合法律事務所 弁護士） 中西 和幸 委員：（シティユーワ法律事務所 弁護士） 寺田 昌弘 委員：（PwCアドバイザリー合同会社 公認会計士） 那須 美帆子,田辺総合法律事務所 弁護士 薄井 琢磨 伊藤 英之 鈴木 翼 大寺 正史 シティユーワ法律事務所 弁護士 貞弘 賢太郎 島田 雄介 塚本 弥石 石神 脩平 北岡 諭 佐藤 彩花 PwCアドバイザリー合同会社 公認会計士 日下 洋輔 田中 泰生 相原 祐輔 PwCアドバイザリー合同会社 徳野 文子 他 14名,http://www.daisanshaiinkai.com/2021/,3647,172.0
2021,6541 東証1,グレイステクノロジー株式会社,EY新日本,2021-11-09,2021/11/09 2022/01/14,http://www.daisanshaiinkai.com/cms/wp-content/uploads/2021/11/211109_chousa6541.pdf http://www.daisanshaiinkai.com/cms/wp-content/uploads/2021/11/220114_chousa6541.pdf,2022-01-27,http://www.daisanshaiinkai.com/cms/wp-content/uploads/2021/11/220127_chousa6541.pdf,＜特別調査委員会＞ （１）本件に係る事実関係の調査 （２）本件に類似する事象の有無の調査 （３）上記につき不適切な会計処理が判明した場合における当社財務諸表への影響額の確定 （４）不適切な会計処理が判明した場合には、その原因の究明と再発防止策の提言 （５）上記のほか、当委員会が必要と認める事項,委員長：（東京富士法律事務所 弁護士） 小澤 徹夫 委員：（東京富士法律事務所 弁護士） 足立 学 委員：（株式会社アカウンティング・アドバイザリー 公認会計士） 井上 寅喜,東京富士法律事務所 弁護士 廣瀬 正剛 プロアクト法律事務所 弁護士・公認不正検査士 大野 徹也 渡邉 宙志 田中 伸英 岩渕 恵理 株式会社アカウンティング・アドバイザリー 公認会計士 長谷川 直彦 大橋 大輔 弁護士 平井 太 ほか 1 名 株式会社ＫＰＭＧ ＦＡＳ 公認会計士 藤田 大介 見越 敬夫 斎田 修 水野 宏之 公認不正検査士 中村 久美子 ほか 11 名,http://www.daisanshaiinkai.com/2021/,6541,
2021,2427 東証1,株式会社アウトソーシング,トーマツ,2021-11-05,2021-11-05,http://www.daisanshaiinkai.com/cms/wp-content/uploads/2021/11/211105_chousa2427.pdf,2021-12-28,http://www.daisanshaiinkai.com/cms/wp-content/uploads/2021/11/211228_chousa2427-1.pdf,＜調査委員会＞ （１）本件社内調査により検出された本件 EN 疑義の調査 （２）本件 EN 疑義の類似事案その他の件外調査 （３）不適切な会計処理が判明した場合、その影響額の算定 （４）不適切な会計処理が判明した場合、その原因の究明及び再発防止策の提言 （５）その他、当委員会が必要と認めた事項,委員長 ：（弁護士法人大江橋法律事務所（東京事務所） 弁護士） 関口 智弘 委員：（公認会計士宇澤事務所 公認会計士・公認不正検査士） 宇澤 亜弓 委員：（弁護士法人大江橋法律事務所（東京事務所） 弁護士） 逸見 佳代,弁護士法人大江橋法律事務所（東京事務所） 弁護士 土屋 佑貴 角野 真美 大八木 雄也 纐纈 悠介 株式会社 KPMG FAS 公認会計士 高岡 俊文 須賀 永治 山口 孝之 床井 宏行 外 16 名 有限責任あずさ監査法人 公認会計士等6名,http://www.daisanshaiinkai.com/2021/,2427,
2021,6849 東証1,日本光電工業株式会社,東陽,2021-11-04,2021-11-04,http://www.daisanshaiinkai.com/cms/wp-content/uploads/2021/11/211104_chousa6849.pdf,未公表,,＜社内調査委員会＞ 全容解明に向けて詳細な事実関係の確認と原因究明および再発防止策の策定,,,http://www.daisanshaiinkai.com/2021/,6849,1738.0
2021,6182 マザーズ,株式会社メタリアル,アヴァンティア,2021-10-15,2021-10-15,http://www.daisanshaiinkai.com/cms/wp-content/uploads/2021/10/211015_chousa6182.pdf,2021/11/29 2021/11/30,http://www.daisanshaiinkai.com/cms/wp-content/uploads/2021/10/211129_chousa6182.pdf http://www.daisanshaiinkai.com/cms/wp-content/uploads/2021/10/211130_chousa6182.pdf,＜特別調査委員会＞ （１）本件調査事項に関する事実関係及び会計処理の調査 （２）本件調査事項に類似した取引の有無の検証（件外調査事項） （３）上記（１）及び（２）による連結財務諸表への影響額の確定 （４）上記（１）及び（２）が生じた原因分析と再発防止策の提言 （５）上記の他、当委員会が必要と認めた事項,委員長：（弁護士法人ほくと総合法律事務所 弁護士） 中原 健夫 委員：（弁護士法人ほくと総合法律事務所 弁護士） 倉橋 博文 委員：（株式会社アカウンティング・アドバイザリー 公認会計士） 井上 寅喜,弁護士法人ほくと総合法律事務所 弁護士 高橋 康平 中野 雅文 又吉 重樹 藪田 崇之 株式会社アカウンティング・アドバイザリー 公認会計士 池内 宏幸 浅海 英孝 中田 尚 石田 悠真 株式会社 KPMG FAS（デジタル・フォレンジック） 公認会計士 藤田 大介 見越 敬夫 株式会社 KPMG FAS（デジタル・フォレンジック） 中村 久美子 他 4 名,http://www.daisanshaiinkai.com/2021/,6182,608.0
2021,6173 マザーズ,株式会社アクアライン,トーマツ,2021-10-14,2021-10-14,http://www.daisanshaiinkai.com/cms/wp-content/uploads/2021/10/211014_daisansha6173.pdf,2021-12-03,http://www.daisanshaiinkai.com/cms/wp-content/uploads/2021/10/211203_daisansha6173.pdf,①顧客宛通知を行ったことを受けて2021年10月22日までにアクアラインに問い合わせがあった案件 ②本件処分の対象となった 3案件を担当したアクアラインのサービススタッフが 2015年8月31日（アクアラインの東京証券取引所マザーズ上場時）から2021年10月14日までに関与した過去案件 ③（前記①及び②の案件を含む）2015年8月31日（アクアラインの東京証券取引所マザーズ上場時）から 2021年 10月14日までに顧客からアクアラインに寄せられた前記 3 案件と同種又は類似の案件（消費生活センターへの相談案件を含む。） を対象として、特に特商法違反の有無等のほか、法令違反行為が経営陣からの指示によるものか否か、組織的なものか否かなどについて本調査を実施するとともに、アクアラインが、本件処分を踏まえた再発防止策の一環として構築した新モデルに関して、特に特商法に係る適法性の観点から本調査を実施し、本調査報告書をもって本調査の結果を報告するとともに、原因分析及び再発防止策に関する検討・提言を行うもの,委員長：（TMI総合法律事務所大阪オフィス 弁護士） 大島 正照 委員：（TMI総合法律事務所 弁護士） 鈴木 弘記 委員：（TMI総合法律事務所 弁護士） 安藤 庸博 委員：（リーガレックス合同会社 公認会計士・公認不正検査士） 立川 正人,TMI総合法律事務所 弁護士 森川 久範 森安 博行 大嵜 将史 内野 寛信 山口 貴臣 矢川 乾介 宮上 泰明 安里 祐介 鈴木 雄貴 中津川 望 安 昌秀 郭 宗浩 加藤 大地 木山 健太朗 小島 瑞穂 中沢 大佑 東 駿佑 平井 希依 八尾 理菜 吉岡 美紀 リーガレックス合同会社 公認会計士・公認不正検査士 髙山 清子 公認会計士 金子 広行 石塚 勝仁 その他、公認会計士 3 名,http://www.daisanshaiinkai.com/2021/,6173,345.0
2021,9903 JASDAQ,株式会社カンセキ,EY新日本,2021-10-08,2021/10/08 2021/10/11,http://www.daisanshaiinkai.com/cms/wp-content/uploads/2021/10/211008_daisansha9903.pdf http://www.daisanshaiinkai.com/cms/wp-content/uploads/2021/10/211011_daisansha9903.pdf,2021-11-09,http://www.daisanshaiinkai.com/cms/wp-content/uploads/2021/10/211109_daisansha9903.pdf,（１） 本件不正行為に係る事実関係の調査 （２） 類似事案の有無及び事実関係の調査 （３） 本件不正行為及び類似事案の会計上の影響の検討 （４） 本件不正行為の発生原因の分析及び再発防止策の提言,委員長：（銀座中央法律事務所 弁護士） 有田 知德 委員：（シティユーワ法律事務所 弁護士） 政木 道夫 委員：（ACE コンサルティング株式会社 公認会計士） 小川 真人,弁護士 5 名 公認会計士 2 名,http://www.daisanshaiinkai.com/2021/,9903,864.0
2021,3167 東証1,株式会社ＴＯＫＡＩホールディングス,トーマツ,2021-10-08,2021-10-08,http://www.daisanshaiinkai.com/cms/wp-content/uploads/2021/10/211008_chousa3167.pdf,2021-12-24,http://www.daisanshaiinkai.com/cms/wp-content/uploads/2021/10/211224_chousa3167.pdf,＜社内調査委員会＞ 詳細な内容の解明、管理者の責任、原因究明および再発防止の策定,,,http://www.daisanshaiinkai.com/2021/,3167,1068.0
2021,4286 東証1,株式会社レッグス,京都,2021-09-29,2021-09-29,http://www.daisanshaiinkai.com/cms/wp-content/uploads/2021/09/210929_chousa4286.pdf,2021-09-29,http://www.daisanshaiinkai.com/cms/wp-content/uploads/2021/09/210929_chousa4286-1.pdf,＜特別調査委員会＞ 本件不正行為の全容の解明調査,,,http://www.daisanshaiinkai.com/2021/,4286,981.0
2021,5935 JASDAQ,元旦ビューティ工業株式会社,トーマツ,2021-09-01,2021-09-01,http://www.daisanshaiinkai.com/cms/wp-content/uploads/2021/09/210901_chousa5935.pdf,2021/11/15 2021/11/18,http://www.daisanshaiinkai.com/cms/wp-content/uploads/2021/09/211115_chousa5935.pdf http://www.daisanshaiinkai.com/cms/wp-content/uploads/2021/09/211118_chousa5935.pdf,＜不正取引調査委員会＞ （１）本件の事実関係の調査・確認 （２）類似事案の有無の調査 （３）本件の財務諸表への影響検討 （４）本件が生じた原因分析及び再発防止策の提言,委員長：（当社常勤監査役） 堀内 明 委員：（遠藤秀幸法律事務所 弁護士） 遠藤 秀幸 委員：（当社社外取締役） 南 元一 委員：（当社社外監査役 殿木公認会計士事務所 公認会計士・税理士） 殿木 輝 委員：（当社社外監査役 LBA アドバイザリー株式会社 公認会計士・税理士） 岸井 幸生 委員：（当社管理本部長） 柴田 健二,,http://www.daisanshaiinkai.com/2021/,5935,
2021,8418 東証1,株式会社山口フィナンシャルグループ,あずさ,2021-08-31,2021/08/31 2021/09/30,http://www.daisanshaiinkai.com/cms/wp-content/uploads/2021/08/210831_chousa8418.pdf http://www.daisanshaiinkai.com/cms/wp-content/uploads/2021/08/210930_chousa8418.pdf,2021-10-14,http://www.daisanshaiinkai.com/cms/wp-content/uploads/2021/08/211014_chousa8418.pdf,＜社内調査本部＞ 「新銀行設立にかかる案件の進め方」及びこれに関連する事象について、事実関係等を詳細に確認した上で、当社の取締役会が従来認識している事実以外にさらにガバナンス上の問題がなかったか等を調査するもの,本部長：（取締役監査等委員） 福田 進 副本部長：（専務執行役員監査部長） 田辺 修司 アドバイザー：（弁護士法人 中央総合法律事務所 弁護士） 錦野 裕宗 アドバイザー：（弁護士法人 中央総合法律事務所 弁護士） 鍜治 雄一 アドバイザー：（弁護士法人 中央総合法律事務所 弁護士） 小宮 俊,,http://www.daisanshaiinkai.com/2021/,8418,1797.0
2021,6050 東証1,イー・ガーディアン株式会社,太陽,2021-08-31,2021-08-31,http://www.daisanshaiinkai.com/cms/wp-content/uploads/2021/08/210831_chousa6050.pdf,2021-11-11,http://www.daisanshaiinkai.com/cms/wp-content/uploads/2021/08/211111_chousa6050.pdf,＜調査委員会＞ （１）本件に関する事実関係の確認 （２）本件による業績への影響額の確認 （３）本件が生じた原因分析と再発防止策の提言 （４）その他、調査委員会が必要と認めた事項,委員長：（当社社外取締役監査等委員 公認会計士） 楠美 雅堂 委員：（あたご法律事務所 弁護士） 瀧澤 秀俊 委員：（当社社外取締役監査等委員 弁護士） 大川 康平 委員：（当社社外取締役監査等委員 公認会計士） 峯尾 商衡 委員：（当社総務部内部監査担当） 藤倉 邦之,公認会計士 2名 表参道パートナーズ法律事務所 弁護士 赤坂屋 潤 唐木 大輔 大原 宏晶 イー・ガーディアン株式会社職員,http://www.daisanshaiinkai.com/2021/,6050,2110.0
2020,3101 東証1,東洋紡株式会社,あずさ,2020-12-29,2020/12/29 2021/02/03,http://www.daisanshaiinkai.com/cms/wp-content/uploads/2020/12/201229_chousa3101.pdf http://www.daisanshaiinkai.com/cms/wp-content/uploads/2020/12/210203_chousa3101.pdf,未公表,,＜対応委員会＞ 実態把握と原因究明,,,http://www.daisanshaiinkai.com/2020/,3101,1164.0
2020,8203 東証1・福証,株式会社ミスターマックス・ホールディングス,EY新日本,2020-12-28,2020-12-28,http://www.daisanshaiinkai.com/cms/wp-content/uploads/2020/12/201228_chousa8203.pdf,2021-02-15,http://www.daisanshaiinkai.com/cms/wp-content/uploads/2020/12/210215_chousa8203.pdf,＜社内調査委員会＞ ① 本件事案の事実関係調査 ② 類似事案の有無の調査 ③ 本件事案の会計上の影響の検討 ④ 本件事案の発生原因の分析及び再発防止策の提言,委員長：（シティユーワ法律事務所 弁護士） 政木 道夫 委員：（当社取締役執行役員） 小田 康徳 委員：（当社執行役員） 村垣 浩一 委員：（（株）アカウンティング・アドバイザリー 公認会計士） 井上 寅喜 委員：（シティユーワ法律事務所 弁護士） 松尾 宗太郎 委員：（シティユーワ法律事務所 弁護士） 岸見 直幸,シティユーワ法律事務所 弁護士 2名 株式会社アカウンティング・アドバイザリー 公認会計士 2名 株式会社 KPMG FAS 公認会計士等の不正調査の専門家 5名,http://www.daisanshaiinkai.com/2020/,8203,864.0
2020,8061 東証1,西華産業株式会社,明光,2020-12-28,2020/12/28 2021/02/01,http://www.daisanshaiinkai.com/cms/wp-content/uploads/2020/12/201228_chousa8061.pdf http://www.daisanshaiinkai.com/cms/wp-content/uploads/2020/12/210201_chousa8061.pdf,2021-05-21,http://www.daisanshaiinkai.com/cms/wp-content/uploads/2020/12/210521_chousa8061.pdf,＜調査委員会＞ 不祥事の発生を防止できなかったこと、および自浄的に早期に発見できなかったことについて、根源的な要因を究明するとともに、同社のみならず当社グループ全体として有効な再発防止策を見い出し推し進めていくため,,,http://www.daisanshaiinkai.com/2020/,8061,5910.0
2020,6753 東証1,シャープ株式会社,PwCあらた,2020-12-25,2020-12-25,http://www.daisanshaiinkai.com/cms/wp-content/uploads/2020/12/201225_chousa6753.pdf,2021-03-12,http://www.daisanshaiinkai.com/cms/wp-content/uploads/2020/12/210312_chousa6753.pdf,＜調査委員会＞ ・本件に関する事実関係及び会計処理の調査（類似事象の存否を含む） ・本件による連結財務諸表への影響額の確定 ・本件が生じた原因の分析と再発防止策の立案 ・その他、調査委員会が必要と認めた事項,委員長：（弁護士法人第一法律事務所 弁護士） 村中 徹 委員：（加藤公認会計士事務所 公認会計士） 加藤 正憲 委員：（当社独立社外取締役・監査等委員・姫岩公 会計士事務所 公認会計士） 姫岩 康雄 委員：（当社管理統轄本部管理本部 本部長） 榊原 聡,外部の弁護士 3名 公認会計士及びフォレンジック専門家 23名 シャープ調査チーム（社内弁護士2名を含む）,http://www.daisanshaiinkai.com/2020/,6753,858.0
2020,5162 JASDAQ,株式会社朝日ラバー,東陽,2020-12-21,2020/12/21 2020/12/28 2021/01/29,http://www.daisanshaiinkai.com/cms/wp-content/uploads/2020/12/201221_chousa5162.pdf http://www.daisanshaiinkai.com/cms/wp-content/uploads/2020/12/201228_chousa5162.pdf http://www.daisanshaiinkai.com/cms/wp-content/uploads/2020/12/210129_chousa5162.pdf,2021-03-15,http://www.daisanshaiinkai.com/cms/wp-content/uploads/2020/12/210315_chousa5162.pdf,＜社内調査委員会＞ 本件の事実関係の確認、本件が生じた原因の分析と再発防止策の提言、当社連結財務諸表への影響額の算定及び、その他、調査委員会が必要と認めた事項,委員長：（当社取締役） 田崎 益次 委員：（当社取締役 監査等委員） 髙木 和久 委員：（当社社外取締役 監査等委員） 馬場 正治 委員：（当社社外取締役 監査等委員 弁護士） 筑紫 勝麿 委員：（当社執行役員管理本部長） 堀 信幸 委員：（篠崎・進士法律事務所 弁護士） 杉山 一郎 委員：（税理士法人第一経理 税理士） 長谷川 元彦 委員：（上海阿愛西商務咨詢事務所 中国公認会計士）現地法人での調査 毛 已巳 委員：（広東卓建律師事務所 中国弁護士）現地法人での調査 尹 秀鍾,,http://www.daisanshaiinkai.com/2020/,5162,623.0
2020,7196 東証1,株式会社Ｃａｓａ,トーマツ,2020-12-07,2020-12-07,http://www.daisanshaiinkai.com/cms/wp-content/uploads/2020/12/201207_chousa7196.pdf,2021/02/01 2021/02/26,http://www.daisanshaiinkai.com/cms/wp-content/uploads/2020/12/210201_chousa7196.pdf http://www.daisanshaiinkai.com/cms/wp-content/uploads/2020/12/210226_chousa7196.pdf,＜特別調査委員会＞ 本件に関する事実関係を調査して審議するとともに、当社に対して調査結果を報告し、必要な限りにおいて改善提案をすること,委員長：（山岡総合法律事務所 弁護士） 山岡 通浩 委員：（山岡総合法律事務所 弁護士） 鈴木 優吾 委員：（当社社外監査役 弁護士） 廣田 聡,株式会社 JP リサーチ＆コンサルティング,http://www.daisanshaiinkai.com/2020/,7196,783.0
2020,3036 東証1,アルコニックス株式会社,EY新日本,2020-12-04,2020/12/04 2020/12/11,http://www.daisanshaiinkai.com/cms/wp-content/uploads/2020/12/201204_chousa3036.pdf http://www.daisanshaiinkai.com/cms/wp-content/uploads/2020/12/201211_chousa3036.pdf,2021/02/05 2021/02/08,http://www.daisanshaiinkai.com/cms/wp-content/uploads/2020/12/210205_chousa3036.pdf http://www.daisanshaiinkai.com/cms/wp-content/uploads/2020/12/210208_chousa3036.pdf,＜特別調査委員会＞ ① 本件会計処理に関する事実関係の調査 ② 本件会計処理の他、同様の事象の有無についての調査に対する指導・助言 ③ 本件会計処理が発生した要因の分析、及び再発防止策の策定並びに提言,委員長：（シティユーワ法律事務所 弁護士） 南 敏文 委員：（シティユーワ法律事務所 弁護士） 貞弘 賢太郎 委員：（株式会社アカウンティング アドバイザリー 公認会計士） 井上 寅喜 委員：（当社社外監査役、荻公認会計士事務所 公認会計士） 荻 茂生 委員：（当社社外監査役、シティユーワ法律事務所 弁護士 公認不正検査士） 武田 涼子,シティユーワ法律事務所 弁護士 4名 株式会社アカウンティング アドバイザリー 公認会計士 5名 PwCビジネスアシュアランス合同会社 公認会計士等の不正調査の専門家 9名,http://www.daisanshaiinkai.com/2020/,3036,2138.0
2020,1762 東証1,株式会社髙松コンストラクショングループ,あずさ,2020-12-02,2020-12-02,http://www.daisanshaiinkai.com/cms/wp-content/uploads/2020/12/201202_fusei1762.pdf,2020-12-02,http://www.daisanshaiinkai.com/cms/wp-content/uploads/2020/12/201202_fusei1762-1.pdf,＜社内調査委員会＞ 弁護士等の社外の専門家も含めた徹底した調査,,,http://www.daisanshaiinkai.com/2020/,1762,3355.0
2020,6752 東証1,パナソニック株式会社,あずさ,2020-11-27,2020-11-27,http://www.daisanshaiinkai.com/cms/wp-content/uploads/2020/11/201127_daisansha6752.pdf,2021-08-31,http://www.daisanshaiinkai.com/cms/wp-content/uploads/2020/11/210831_daisansha6752.pdf,① パナソニック環境エンジ及び PCMC 社において、技術検定試験における受験資格である所定の実務経験を充足していない状況にあった従業員が同試験を受験し、不正又は不適切に施工管理技士資格を取得している問題に係る一連の経緯（別紙 1-1 のグループ会社の役員の認識及び当該会社の関与の有無・程度を含む。）。ただし、パナソニックグループとしての原因分析及び再発防止策の提言に係る調査・検討等に限られ、グループ会社の各個社の原因分析及び再発防止策の提言に関する調査等及び施工管理技士資格等の実務経験に関する調査等は含まない。 ② パナソニックの監査役が取締役会を通じて、第三者委員会をして調査等せしめることを委嘱することがある場合は、かかる事項。 ③ その他第三者委員会が調査を必要と認めた一切の行為（当該行為の調査をパナソニックが拒絶することはできない。）。,委員長：（丸の内総合法律事務所 弁護士） 川俣 尚高 委員：（岩田合同法律事務所 弁護士） 本村 健 委員：（丸の内総合法律事務所 弁護士） 長島 亘 委員：（岩田合同法律事務所 弁護士） 青木 晋治 委員：（岩田合同法律事務所 弁護士） 角野 秀 委員：（丸の内総合法律事務所 弁護士） 若林 功 委員：（岩田合同法律事務所 弁護士） 森 駿介,丸の内総合法律事務所 弁護士 岩元 昭博 木村 一輝 堀口 佐耶香 加藤 将平 佐々木 賢治 岩田合同法律事務所 弁護士 石川 哲平 藤沼 香桜里 伊東 夏帆 野口 大資 安西 一途,http://www.daisanshaiinkai.com/2020/,6752,1550.5
2020,6419 東証1,株式会社マースグループホールディングス,太陽,2020-11-27,2020-11-27,http://www.daisanshaiinkai.com/cms/wp-content/uploads/2020/11/201127_chousa6419.pdf,2020-11-27,http://www.daisanshaiinkai.com/cms/wp-content/uploads/2020/11/201127_chousa6419-1.pdf,＜社内調査委員会＞,,,http://www.daisanshaiinkai.com/2020/,6419,3250.0
2020,7518 東証1,ネットワンシステムズ株式会社,トーマツ,2020-11-16,2020-11-16,http://www.daisanshaiinkai.com/cms/wp-content/uploads/2020/11/201116_chousa7518-2.pdf,2020-12-16,http://www.daisanshaiinkai.com/cms/wp-content/uploads/2020/11/201216_chousa7518-2.pdf,＜社内調査チーム＞ 原価計上不足の疑義についての調査及び過年度の会計処理についての検討,,ひふみ総合法律事務所 弁護士 矢田 悠 神村 泰輝,http://www.daisanshaiinkai.com/2020/,7518,
2020,9412 東証1,株式会社スカパーＪＳＡＴホールディングス,トーマツ,2020-11-13,2020-11-13,http://www.daisanshaiinkai.com/cms/wp-content/uploads/2020/11/201113_chousa9412.pdf,2020-11-13,http://www.daisanshaiinkai.com/cms/wp-content/uploads/2020/11/201113_chousa9412-1.pdf,＜外部調査委員会＞ 同案件に関する事案の徹底解明と原因究明の調査,,,http://www.daisanshaiinkai.com/2020/,9412,1433.0
2020,2402 マザーズ,株式会社アマナ,EY新日本,2020-11-04,2020/11/04 2020/12/01,http://www.daisanshaiinkai.com/cms/wp-content/uploads/2020/11/201104_chousa2402.pdf http://www.daisanshaiinkai.com/cms/wp-content/uploads/2020/11/201201_chousa2402.pdf,2020-12-15,http://www.daisanshaiinkai.com/cms/wp-content/uploads/2020/11/201215_chousa2402.pdf,＜特別調査委員会＞ ①当該会計処理に関する事実関係の調査 ②当該会計処理と同種事項の有無の調査 ③上記①及び②の結果発見された事項の発生原因の分析と再発防止策の策定・提言,委員長：（公認会計士笹本憲一事務所 公認会計士） 笹本 憲一 委員：（河江健史会計事務所 公認会計士） 河江 健史 委員：（大知法律事務所 弁護士） 高野 哲也 委員：（ひふみ総合法律事務所 弁護士） 矢田 悠 委員：（CPA パートナーズ株式会社 公認会計士） 三平 充宏,大知法律事務所 弁護士 岸本 悠 内山 悠太郎 ひふみ総合法律事務所 弁護士 神村 泰輝 西澤 祐樹 PwC ビジネスアシュアランス合同会社 公認会計士等 25 名（日本における PwC グローバルネットワークのメンバーファームを含む） 公認会計士 張本 和志 中野 陽介 影平 真也 飯田 晋平 田村 亮人 他 2 名,http://www.daisanshaiinkai.com/2020/,2402,
2020,5711 東証1,三菱マテリアル株式会社,あずさ,2020-11-02,2020-11-02,http://www.daisanshaiinkai.com/cms/wp-content/uploads/2020/11/201102_chousa5711.pdf,未公表,,＜外部調査委員会＞ 関係者へのヒアリング、デジタル・フォレンジック調査や会計データを含む関連書類の精査等、本件事案の事実関係に係る調査,,,http://www.daisanshaiinkai.com/2020/,5711,2638.0
2020,7518 東証1,ネットワンシステムズ株式会社,トーマツ,2020-11-02,2020/11/02 2020/11/16,http://www.daisanshaiinkai.com/cms/wp-content/uploads/2020/11/201102_chousa7518.pdf http://www.daisanshaiinkai.com/cms/wp-content/uploads/2020/11/201116_chousa7518.pdf,2020/12/14 2020/12/16 2021/03/18 2021/03/18,http://www.daisanshaiinkai.com/cms/wp-content/uploads/2020/11/201214_chousa7518.pdf http://www.daisanshaiinkai.com/cms/wp-content/uploads/2020/11/201216_chousa7518-1.pdf http://www.daisanshaiinkai.com/cms/wp-content/uploads/2020/11/210318_chousa7518-1.pdf http://www.daisanshaiinkai.com/cms/wp-content/uploads/2020/11/210318_chousa7518-2.pdf,＜外部調査委員会＞ （１）本件に係る事実関係の調査 （２）本件に類似する事象の有無の調査 （３）本件が事実であることが判明した場合、必要に応じ、その原因の究明及び再発防止策の提言 （４）上記各号の委嘱事項を遂行した結果に基づく調査報告書の作成、及びその調査報告書の当社への提出 （５）その他、外部調査委員会が必要と認めた事項,委員長：（岩田合同法律事務所 弁護士） 本村 健 委員：（片岡総合法律事務所 弁護士） 長谷川 紘之 委員：（岩田合同法律事務所 弁護士） 冨田 雄介 委員：（和田会計事務所 公認会計士） 和田 芳幸 委員：（株式会社クリフィックスＦＡＳ 公認会計士） 近藤 弘 委員：（株式会社G&S ソリューションズ 公認会計士） 山田 勝也,岩田合同法律事務所 弁護士 唐澤 新 齋藤 弘樹 山名 淳一 堀 譲 堀 優夏 福地 拓己 米国ニュー ヨー ク州弁護士 Sander Cohen パラリーガル・スタッフ等 岡本 有平 塩野 由姫 鈴木 梨奈 土井 真波 水尾 麻理絵 片岡総合法律事務所 弁護士 福田 隆行 柳原 悠輝 山根 祐輔 中里 拓也 宜保 茉利子 公認会計士チーム CAPパートナーズ株式会社 公認会計士 山口 満 片岡 宏介 株式会社 ク リフィックス FAS 公認会計士 辻本 真介 神原 大樹 髙木公認会計士事務所 公認会計士 髙木 明 CPAコンサルティング株式会社 公認会計士 萩原 正也 日髙康輝公認会計士・税理士事務所 公認会計士 日髙 康輝 フォワードコンサルテ ィング株式会社 公認会計士 細川 泰弘 吉日圭太公認会計士事務所 公認会計士 吉田 圭太 渡部亮公認会計士事務所 公認会計士 渡部 亮 他 1名 株式会社 foxcale 公認会計士 小池 赳司 シニアアソシエイト 林 美雪,http://www.daisanshaiinkai.com/2020/,7518,
2020,6675 東証1,サクサホールディングス株式会社,EY新日本,2020-10-23,2020-10-23,http://www.daisanshaiinkai.com/cms/wp-content/uploads/2020/10/201023_chousa6675.pdf,2021/02/26 2021/03/02 2021/03/12,http://www.daisanshaiinkai.com/cms/wp-content/uploads/2020/10/210226_chousa6675.pdf http://www.daisanshaiinkai.com/cms/wp-content/uploads/2020/10/210302_chousa6675.pdf http://www.daisanshaiinkai.com/cms/wp-content/uploads/2020/10/210312_chousa6675.pdf,＜役員等責任調査委員会＞ 本件事案の発⽣時に取締役、監査役および会計監査⼈であった者について、本件事案に関連して、その職務執⾏に関する任務懈怠責任の有無を調査し、損害賠償責任を含めた経営者の責任のあり⽅について、当社が適切かつ公正な判断を⾏うために、監査役会および取締役会に対して報告および提⾔を⾏うもの,委員長：（中央⼤学⼤学院法務研究科教授、アンダーソン・⽑利・友常法律事務所 弁護⼠） 加藤 新太郎 委員：（中村・⾓⽥・松本法律事務所 弁護士） 中村 直⼈ 委員：（公認会計⼠宇澤事務所 公認会計士） 宇澤 亜⼸,中村・角田・松本法律事務所 弁護士 仁科 秀隆 松下 隼人,http://www.daisanshaiinkai.com/2020/,6675,5270.0
2020,2764 東証1,株式会社ひらまつ,EY新日本,2020-10-23,2020-10-23,http://www.daisanshaiinkai.com/cms/wp-content/uploads/2020/10/201023_chousa2764.pdf,2020/12/25 2020/12/28,http://www.daisanshaiinkai.com/cms/wp-content/uploads/2020/10/201225_chousa2764.pdf http://www.daisanshaiinkai.com/cms/wp-content/uploads/2020/10/201228_chousa2764.pdf,＜外部調査委員会＞ (ア)本事案に関する経緯・事実関係（Y社に対する資金還流の有無を含む。）の調査 (イ)上記①の結果による対象会社の財務諸表等への影響についての検討 (ウ)本事案に類似した事案（Y社又はその関係者を相手方として行われた取引であって、会計処理の妥当性に関して本事案に類似の疑義のある取引）の存否についての調査 (エ)本事案に関し、対象会社の現経営陣であるA氏及びB氏並びにC氏が、会計処理の修正を要する事実について、その修正を避ける意図をもって、会計監査人に対し、自ら秘匿し、又は対象会社役職員に秘匿を指示した事実の有無の調査 (オ)上記(ア)、(ウ)及び(エ)の調査結果を踏まえて必要な場合には、本事案に係る原因の究明及び再発防止策の提言,委員長：（長島・大野・常松法律事務所 弁護士） 小林 英明 委員：（長島・大野・常松法律事務所 弁護士） 田中 俊平 委員：（デロイト トーマツ ファイナンシャルアドバイザリー合同会社 公認会計士） 中島 祐輔 委員：（長島・大野・常松法律事務所 弁護士） 眞武 慶彦 委員：（長島・大野・常松法律事務所 弁護士） 入谷 淳,長島・大野・常松法律事務所 弁護士 デロイト トーマツ ファイナンシャルアドバイザリー合同会社 公認会計士,http://www.daisanshaiinkai.com/2020/,2764,126.0
2020,7519 JASDAQ,五洋インテックス株式会社,フロンティア,2020-10-20,2020-10-20,http://www.daisanshaiinkai.com/cms/wp-content/uploads/2020/10/201020_chousa7519.pdf,2021-02-12,http://www.daisanshaiinkai.com/cms/wp-content/uploads/2020/10/210212_chousa7519.pdf,＜外部調査委員会＞ 当社従業員が主張している当社連結子会社との金銭貸借について、またその他契約についても外部の専門家による客観的な調査により、その経緯及び存在、整合性を、精査すること,委員長：（永井康之法律事務所 弁護士） 永井 康之 委員：（弁護士法人清和 弁護士） 笹尾 菜穂子 委員：（暁アカウンティングアドバイザリー 公認会計士・税理士） 鎌田 修誠,,http://www.daisanshaiinkai.com/2020/,7519,
2020,6058 東証1,株式会社ベクトル,東陽,2020-10-09,2020-10-09,http://www.daisanshaiinkai.com/cms/wp-content/uploads/2020/10/201009_chousa6058.pdf,2020-11-13,http://www.daisanshaiinkai.com/cms/wp-content/uploads/2020/10/201113_chousa6058.pdf,＜社内調査委員会＞ （１）本件に関する事実関係（類似事象の存否を含む。）の調査 （２）本件による連結財務諸表への影響額の確定 （３）本件が生じた要因の究明と再発防止策の提言,委員長：（当社社外監査役） 柳沼 賢司 委員：（河野公認会計士事務所 公認会計士） 河野 浩人 委員：（潮見坂綜合法律事務所 弁護士） 吉羽 真一郎 委員：（当社取締役経営管理本部長 あしたのチーム取締役（非常勤）） 後藤 洋介,潮見坂綜合法律事務所 弁護士 阿南 剛 笠野 さち子 安達 裕 齊藤公彦会計事務所 公認会計士・税理士 齊藤 公彦 亀岡公認会計士事務所 公認会計士 亀岡 慎平 大塚和辰公認会計士事務所 公認会計士・税理士 大塚 和辰,http://www.daisanshaiinkai.com/2020/,6058,1178.0
2019,6740 東証1,株式会社ジャパンディスプレイ,あずさ,2019-12-24,2019/12/24 2019/12/26,http://www.daisanshaiinkai.com/cms/wp-content/uploads/2019/12/191224_daisansha6740.pdf http://www.daisanshaiinkai.com/cms/wp-content/uploads/2019/12/191226_daisansha6740.pdf,2020-04-13,http://www.daisanshaiinkai.com/cms/wp-content/uploads/2019/12/200413_chousa6740.pdf,（１） 本件に係る事実関係の調査 （２） 当社の事業開始時（2012 年４月）から 2019 年９月までの間（以下「調査対象期間」といいます。）における本件に類似する事象の有無の調査 （３） 不適切な会計処理が判明した場合、その影響額の算定 （４） 不適切な会計処理が判明した場合、その原因の究明及び再発防止策の提言 （５） その他、第三者委員会が必要と認めた事項,委員長：（弁護士法人大江橋法律事務所 弁護士） 国谷 史朗 委員：（EY フォレンジック・アンド・インテグリティ合同会社 公認会計士） 荒張 健 委員：（弁護士法人大江橋法律事務所 弁護士） 関口 智弘,弁護士法人大江橋法律事務所 弁護士 逸見 佳代 倉持 大 宮本 聡 土屋 佑貴 橋本 小智 角野 真美 平岡 絢 簑田 由香 大八木 雄也 福田 竜也 EY 新日本有限責任監査法人 公認会計士 田谷 直樹 曽木 貴子 日置 敏之 越山 泰先 中村 武史 東 万里子 和栗 裕樹 デジタル・フォレンジック担当 布施 和弘 外 148 名 EY 中国 4 名,http://www.daisanshaiinkai.com/2019/,6740,21.0
2019,7518 東証1,ネットワンシステムズ株式会社,トーマツ,2019-12-13,2019-12-13,http://www.daisanshaiinkai.com/cms/wp-content/uploads/2019/12/191213_chousa7518.pdf,2020/02/13 2020/03/12,http://www.daisanshaiinkai.com/cms/wp-content/uploads/2019/12/200213_chousa7518.pdf http://www.daisanshaiinkai.com/cms/wp-content/uploads/2019/12/200312_chousa7518-1.pdf,＜特別調査委員会＞ 本件の事実関係の解明、並びに事実と認められた場合の原因の究明、類似事象の有無の確認、当社連結財務諸表への影響額の算定、及び再発防止策の提言,委員長：（濵法律事務所 弁護士） 濵 邦久 委員：（芝・田中経営法律事務所 弁護士） 芝 昭彦 委員：（株式会社ＫＰＭＧ ＦＡＳ 弁護士・公認会計士） 岩田 知孝,和田法律事務所 弁護士 西岡 環 ＴＭＩ総合法律事務所 弁護士 菊田 行紘 田代 啓史郎 高野 大滋郎 近藤 圭介 鈴木 弘記 山口 俊 合田 顕宏 松永 耕明 熊澤 啓介 藤井 裕季 中村 恵太 岩田 周 南 悠樹 平 龍大 山田 皓介 鍛治 亮太 川浦 翔太 大栢 美緒 清水 一平 正田 琢也 板井 遼平 株式会社ＫＰＭＧ ＦＡＳ 公認会計士 見越 敬夫 山田 昂輝 他7名,http://www.daisanshaiinkai.com/2019/,7518,
2019,2327 東証1,日鉄ソリューションズ株式会社,あずさ,2019-12-13,2019-12-13,http://www.daisanshaiinkai.com/cms/wp-content/uploads/2019/12/191213_chousa2327.pdf,2020-02-06,http://www.daisanshaiinkai.com/cms/wp-content/uploads/2019/12/200206_chousa2327.pdf,＜特別調査委員会＞ ・本件に関する事実関係（類似事象の存否を含む）の確認 ・本件による当社連結財務諸表等への影響額の確認 ・本件が生じた原因の分析と再発防止策の提言 ・その他、特別調査委員会が必要と認めた事項,委員長：（アンダーソン・毛利・友常法律事務所 弁護士） 三宅 英貴 委員：（株式会社アカウンティングアドバイザリー 公認会計士） 井上 寅喜 委員：（当社社外監査役 公認会計士） 樋口 哲朗,,http://www.daisanshaiinkai.com/2019/,2327,3719.0
2019,3246 東証1・福証,株式会社コーセーアールイー,トーマツ,2019-12-09,2019-12-09,http://www.daisanshaiinkai.com/cms/wp-content/uploads/2019/12/191209_chousa3246.pdf,2020-01-31,http://www.daisanshaiinkai.com/cms/wp-content/uploads/2019/12/200131_chousa3246.pdf,調査の独立性・中立性を担保して客観的な調査を実施するため,長島・大野・常松法律事務所,,http://www.daisanshaiinkai.com/2019/,3246,676.0
2019,7958 東証1,天馬株式会社,あずさ,2019-12-02,2019-12-02,http://www.daisanshaiinkai.com/cms/wp-content/uploads/2019/12/191202_daisansha7958.pdf,2020/03/13 2020/04/02,http://www.daisanshaiinkai.com/cms/wp-content/uploads/2019/12/200313_chousa7958.pdf http://www.daisanshaiinkai.com/cms/wp-content/uploads/2019/12/200402_chousa7958.pdf,① X 国天馬の役職員が 2019 年に X 国税務局職員に対して現金を交付した問題（以下「本事案」という。）に係る事実関係の調査 ② 本事案に類似する問題（以下「類似事案」という。）の存否及び事実関係の調査 ③ 上記①及び②で確認された事実関係の原因分析及び再発防止策の提言,委員長：（弁護士法人トラスト 早川経営法律事務所 弁護士） 早川 明伸 委員：（プロアクト法律事務所 弁護士・公認不正検査士） 竹内 朗 委員：（ＥＹフォレンジック・アンド・インテグリティ合同会社 公認会計士） 金子 昌嗣,弁護士法人トラスト 早川経営法律事務所 弁護士 國分 吾郎 渡邊 俊彦 田中 佑佳 プロアクト法律事務所 弁護士 田中 伸英 弁護士・公認不正検査士 松葉 優子 EY 新日本有限責任監査法人及び各国 EY メンバーファーム 横田 祐次 緒方 幸司 中田 泰記 東野 拓人 田中 水織 他 68 名,http://www.daisanshaiinkai.com/2019/,7958,
2019,6740 東証1,株式会社ジャパンディスプレイ,あずさ,2019-12-02,2019/12/02 2019/12/03,http://www.daisanshaiinkai.com/cms/wp-content/uploads/2019/12/191202_chousa6740.pdf http://www.daisanshaiinkai.com/cms/wp-content/uploads/2019/12/191203_chousa6740.pdf,未公表,,＜特別調査委員会＞ （１） 本件に係る事実関係の調査 （２） 本件に類似する事象の有無の調査 （３） 不適切な会計処理が判明した場合、その影響額の算定 （４） 不適切な会計処理が判明した場合、その原因の究明及び再発防止策の提言 （５） その他、特別調査委員会が必要と認めた事項,委員長：（森・濱田松本法律事務所 弁護士） 藤津 康彦 委員：（EY フォレンジック・アンド・インテグリティ合同会社 公認会計士） 荒張 健 委員：（（当社執行役員 法務・コンプライアンス担当 弁護士） 岡田 拓也,森・濱田松本法律事務所 EY 新日本有限責任監査法人,http://www.daisanshaiinkai.com/2019/,6740,21.0
2019,5915 東証1,株式会社駒井ハルテック,EY新日本,2019-11-22,2019-11-22,http://www.daisanshaiinkai.com/cms/wp-content/uploads/2019/11/191122_chousa5915.pdf,未公表,,＜特別調査委員会＞ 本件の全容解明及び同類の事案の有無について徹底的に調査するため。,弁護士法人御堂筋法律事務所 弁護士 4名 株式会社ＫＰＭＧ ＦＡＳ 弁護士・公認会計士 1名,株式会社ＫＰＭＧ ＦＡＳ 有限責任あずさ監査法人,http://www.daisanshaiinkai.com/2019/,5915,1650.0
2019,6740 東証1,株式会社ジャパンディスプレイ,あずさ,2019-11-21,2019-11-21,http://www.daisanshaiinkai.com/cms/wp-content/uploads/2019/11/191121_chousa6740.pdf,未公表,,＜社内調査委員会＞,,,http://www.daisanshaiinkai.com/2019/,6740,21.0
2019,7806 マザーズ,株式会社ＭＴＧ,トーマツ,2019-11-19,2019-11-19,http://www.daisanshaiinkai.com/cms/wp-content/uploads/2019/11/191119_chousa7806.pdf,2019-12-09,http://www.daisanshaiinkai.com/cms/wp-content/uploads/2019/11/191209_chousa7806-1.pdf,,,,http://www.daisanshaiinkai.com/2019/,7806,4605.0
2019,7932 JASDAQ,株式会社ニッピ,トーマツ,2019-11-12,2019-11-12,http://www.daisanshaiinkai.com/cms/wp-content/uploads/2019/11/191112_chousa7932.pdf,2019-12-11,http://www.daisanshaiinkai.com/cms/wp-content/uploads/2019/11/191211_chousa7932.pdf,＜社内特別調査委員会＞ ① 本件不正行為の事実関係及び金額の解明 ② 類似事象の有無の確認 ③ その他不正行為の有無の確認 ④ 本件不正行為の原因分析 ⑤ 本件不正行為の再発防止策の提言,委員長：（当社社外監査役） 早山 徹 委員：（当社常勤監査役） 吉田 安 委員：（三宅坂総合法律事務所 弁護士） 篠田 憲明 委員：（株式会社 KPMG FAS 公認会計士） 髙岡 俊文 委員：（当社取締役労務人事部長） 大浦 顕逸,三宅坂総合法律事務所 弁護士 下瀬 隆士 野田 陽一 中谷 岳 株式会社 KPMG FAS 公認会計士 須賀 永治 水野 宏之 米国公認会計士 荒木 吾郎 他、株式会社 KPMG FAS 11名 KPMG 24 名 金杜法律事務所 弁護士 閔 煒 王 臻婷 洪 曉芸 陸 妲汐 他、金杜法律事務所 1 名,http://www.daisanshaiinkai.com/2019/,7932,11890.0
2019,4998 東証2,フマキラー株式会社,あずさ,2019-11-08,2019-11-08,http://www.daisanshaiinkai.com/cms/wp-content/uploads/2019/11/191108_chousa4998.pdf,2019-12-09,http://www.daisanshaiinkai.com/cms/wp-content/uploads/2019/11/191209_chousa4998.pdf,＜社内調査チーム＞ 1． 本件取引に関する事実関係の調査 2． 本件取引と同種取引の有無の調査 3． 上記 1.および 2.の結果発見された取引の原因分析および再発防止策の提言,,,http://www.daisanshaiinkai.com/2019/,4998,1245.0
2019,3103 東証1,ユニチカ株式会社,トーマツ,2019-11-01,2019-11-01,http://www.daisanshaiinkai.com/cms/wp-content/uploads/2019/11/191101_chousa3103-1.pdf,2020-03-19,http://www.daisanshaiinkai.com/cms/wp-content/uploads/2019/11/200319_chousa3103.pdf,＜外部調査委員会＞ 当事者、関係者からの聴取を行うなど原因究明と再発防止策の検討、策定、実行,委員長：（弁護士） 森信 静治 委員：（弁護士） 吉村 信幸 委員：（弁護士） 瀬川 武生 委員：（弁護士） 奥野 弘幸 委員：（弁護士） 城之内 太志,,http://www.daisanshaiinkai.com/2019/,3103,213.0
2019,8570 東証1,イオンフィナンシャルサービス株式会社,トーマツ,2019-11-01,2019-11-01,http://www.daisanshaiinkai.com/cms/wp-content/uploads/2019/11/191101_chousa8570.pdf,未公表,,,,,http://www.daisanshaiinkai.com/2019/,8570,1532.5
2019,8267 東証1,イオン株式会社,トーマツ,2019-11-01,2019-11-01,http://www.daisanshaiinkai.com/cms/wp-content/uploads/2019/11/191101_chousa8267.pdf,未公表,,,,,http://www.daisanshaiinkai.com/2019/,8267,1819.5
2019,6502 東証2・名証,株式会社 東芝,PwCあらた,2019-10-31,2019-10-31,http://www.daisanshaiinkai.com/cms/wp-content/uploads/2019/11/191031_fusei6502.pdf,未公表,,,,,http://www.daisanshaiinkai.com/2019/,6502,
2019,8803 東証1・名証1 福岡・札幌,平和不動産株式会社,東陽,2019-10-30,2019-10-30,http://www.daisanshaiinkai.com/cms/wp-content/uploads/2019/10/191030_chousa8803.pdf,2019/12/12 2019/12/13,http://www.daisanshaiinkai.com/cms/wp-content/uploads/2019/10/191212_chousa8803.pdf http://www.daisanshaiinkai.com/cms/wp-content/uploads/2019/10/191213_chousa8803.pdf,＜社内調査委員会＞ ① 本件不正行為に関する事実関係（類似事案の存否を含む。）の調査 ② 上記①による当社連結財務諸表・個別財務諸表への影響の検討 ③ 本件不正行為が生じた原因究明と再発防止策の提言,委員長：（当社 代表取締役） 土本 清幸 委員：（当社 取締役常務執行役員） 山田 和雄 委員：（当社 取締役常務執行役員） 岩崎 範郎 委員：（当社 常勤監査役） 加藤 尚人 委員：（森・濱田松本法律事務所 弁護士） 藤津 康彦 委員：（デロイト トーマツ ファイナンシャルアドバイザリー合同会社 公認会計士） 中島 祐輔,当社企画総務部、法務室、財務部、監査役室及び内部監査部の担当者 森・濱田松本法律事務所 弁護士 新井 朗司 眞木 純平 山川 佳子 本井 豊 荻野 績 片野 泰世 デロイト トーマツ ファイナンシャルアドバイザリー合同会社 公認会計士 垂水 敬 公認会計士 5名 他 33名,http://www.daisanshaiinkai.com/2019/,8803,2389.0
2019,4634 東証1,東洋インキＳＣホールディングス,トーマツ,2019-10-11,2019-10-11,http://www.daisanshaiinkai.com/cms/wp-content/uploads/2019/10/191011_chousa4634.pdf,2019-12-11,http://www.daisanshaiinkai.com/cms/wp-content/uploads/2019/10/191211_chousa4634.pdf,＜特別調査委員会＞ （１）本件に関する事実関係の調査 （２）本件に類似する案件の存否 （３）本件による連結財務諸表への影響額の確定 （４）本件が生じた原因の究明及び再発防止策の提言,委員長：（当社社外取締役 弁護士） 甘利 公人 委員：（EY フォレンジック・アンド・インテグリティ合同会社 公認会計士） 荒張 健 委員：（西村あさひ法律事務所 弁護士） 平尾 覚,EY 新日本有限責任監査法人 公認会計士 金子 昌嗣 吉田 靖孝 東 万里子 他 50名 西村あさひ法律事務所 弁護士 鈴木 悠介 秋吉 諒 他 3名,http://www.daisanshaiinkai.com/2019/,4634,3175.0
2019,9503 東証1,関西電力株式会社,トーマツ,2019-10-02,2019/10/02 2019/10/09 2019/12/15,http://www.daisanshaiinkai.com/cms/wp-content/uploads/2019/10/191002_chousa9503.pdf http://www.daisanshaiinkai.com/cms/wp-content/uploads/2019/10/191009_chousa9503.pdf http://www.daisanshaiinkai.com/cms/wp-content/uploads/2019/10/191215_chousa9503.pdf,2020/03/14 2020/03/18,http://www.daisanshaiinkai.com/cms/wp-content/uploads/2019/10/200314_daisansha9503.pdf http://www.daisanshaiinkai.com/cms/wp-content/uploads/2019/10/200318_daisansha9503.pdf,１．森山氏関係追加調査 森山氏との間で本件類似の金品提供の事例はないか ２．類似事案調査 工事等発注や地域対応を行うにあたり、社外から不適切な金品提供された事案がないか ３．本件の事実関係・原因究明の結果に関する検証 これまでの調査委員会の調査プロセス・調査結果および会社の対応の妥当性,委員長：（Ｔ＆Ｔﾊﾟｰﾄﾅｰｽﾞ法律事務所 弁護士） 但木 敬一 委員：（半蔵門総合法律事務所 弁護士） 奈良 道博 委員：（大手町法律事務所 弁護士） 貝阿彌 誠 特別顧問：（久保井総合法律事務所 弁護士） 久保井 一匡,森・濱田松本法律事務所 弁護士 北田 幹直 横田 真一朗 山内 洋嗣 山田 徹 臼井 慶宜 田尻 佳菜子 木山 二郎 北 和尚 黒田 大介 小林 雄介 小田 輝 加藤 裕之 眞木 純平 千原 剛 村田 昇洋 後潟 伸吾 片野 泰世 近藤 武尊 中津 卓 平岡 優 山内 裕雅 奥田 敦貴 髙橋 圭,http://www.daisanshaiinkai.com/2019/,9503,2285.5
2019,2178 マザーズ,株式会社トライステージ,EY新日本,2019-09-30,2019-09-30,http://www.daisanshaiinkai.com/cms/wp-content/uploads/2019/09/190930_chousa2178.pdf,未公表,,＜社内調査委員会＞ 本件の全容解明及び同類の事案の有無について徹底的に調査するため,委員長：（当社常勤監査役 独立役員） 太田 譲治 委員：（新霞が関綜合法律事務所 弁護士） 白川 純子 委員：（新霞が関綜合法律事務所 弁護士） 安東 恭一 委員：（公認会計士，公認不正検査士） 辻 さちえ 委員：（当社経営企画部長） 福田 大,,http://www.daisanshaiinkai.com/2019/,2178,
2019,9692 東証1,株式会社シーイーシー,PwCあらた,2019-09-17,2019/09/17 2019/10/17,http://www.daisanshaiinkai.com/cms/wp-content/uploads/2019/09/190917_chousa9692.pdf http://www.daisanshaiinkai.com/cms/wp-content/uploads/2019/09/191017_chousa9692.pdf,2019-11-08,http://www.daisanshaiinkai.com/cms/wp-content/uploads/2019/09/191108_chousa9692.pdf,＜特別調査委員会＞ ・本件に関する事実関係（類似事象の存否を含む。）の調査 ・本件による連結財務諸表への影響額の確定 ・本件が生じた要因の究明 ・その他、特別調査委員会が必要と認めた事項,委員長：（当社社外監査役 公認会計士） 谷口 勝則 委員：（当社社外監査役 弁護士） 仲谷 栄一郎 委員：（光和総合法律事務所 弁護士） 白井 真 委員：（河江健史会計事務所 公認会計士） 河江 健史 委員：（弁護士法人ほくと総合法律事務所 弁護士） 倉橋 博文,光和総合法律事務所 弁護士 木谷 太郎 中澤 雄仁 神田 泰行 渡邊 涼介 藤井 奏子 坂下 大貴 橋本 祥 石塚 幸子 弁護士法人ほくと総合法律事務所 弁護士 奥津 啓太 又吉 重樹 鈴木 裕也 福田 哲也 宇井 美礼 DTFA 公認会計士8名 公認不正検査士1名 その他40名 リーガレックス合同会社 公認会計士10名 株式会社BESTTRADE 公認会計士18名,http://www.daisanshaiinkai.com/2019/,9692,2438.0
2018,8854 東証2,株式会社日住サ－ビス,あずさ,2018-12-28,2018-12-28,http://www.daisanshaiinkai.com/cms/wp-content/uploads/2018/12/181228_daisansha8854.pdf,2019-01-31,http://www.daisanshaiinkai.com/cms/wp-content/uploads/2018/12/190131_daisansha8854-1.pdf,① 本件嫌疑に関する事実関係の調査 ② 類似事案の有無に関する調査 ③ ①および②に問題点がある場合の原因分析 ④ 本件嫌疑への関与者の有無に関する調査 ⑤ 上記を踏まえた再発防止策の検討・提言 ⑥ その他、当委員会が必要と認めた事項,委員長：（山口利昭法律事務所 弁護士・公認不正検査士） 山口 利昭 委員：（しぶや総合法律事務所 弁護士・公認不正検査士） 渋谷 元宏 委員：（MYK アドバイザリー株式会社 公認会計士・公認不正検査士） 立川 正人,デロイト トーマツ ファイナンシャルアドバイザリー合同会社 公認会計士・公認不正検査 士 1名 公認会計士 2名 公認不正検査士 2名 その他 7名,http://www.daisanshaiinkai.com/2018/,8854,
2018,3174 JASDAQ,株式会社ハピネス・アンド・ディ,新日本,2018-12-25,2018-12-25,http://www.daisanshaiinkai.com/cms/wp-content/uploads/2018/12/181225_chousa3174.pdf,2019-01-15,http://www.daisanshaiinkai.com/cms/wp-content/uploads/2018/12/190115_chousa3174.pdf,＜社内調査委員会＞ 本件の事実の解明、原因究明、被害額の調査及び類似事案の有無、並びに決算への影響及び再発防止策等を確認するもの。,,,http://www.daisanshaiinkai.com/2018/,3174,704.0
2018,3186 東証1、名証1,株式会社ネクステージ,トーマツ,2018-12-21,2018-12-21,http://www.daisanshaiinkai.com/cms/wp-content/uploads/2018/12/181221_chousa3186-1.pdf,,,＜社内調査委員会＞,,,http://www.daisanshaiinkai.com/2018/,3186,2337.0
2018,3445 東証1,株式会社ＲＳ Ｔｅｃｈｎｏｌｏｇｉｅｓ,あずさ,2018-12-14,2018/12/14 2019/01/16,http://www.daisanshaiinkai.com/cms/wp-content/uploads/2018/12/181214_chousa3445.pdf http://www.daisanshaiinkai.com/cms/wp-content/uploads/2018/12/190116_chousa3445.pdf,2019-02-01,http://www.daisanshaiinkai.com/cms/wp-content/uploads/2018/12/190201_chousa3445.pdf,＜特別調査委員会＞ ①本件取引の事実関係の解明 ②類似取引の有無の確認 ③本件取引の原因の究明 ④再発防止策の提言,委員長：（株式会社アカウンティング・アドバイザリー 公認会計士） 井上 寅喜 委員：（弁護士法人ほくと総合法律事務所 弁護士） 中原 健夫 委員：（弁護士法人ほくと総合法律事務所 弁護士） 岡本 大毅,弁護士法人ほくと総合法律事務所 弁護士 横瀬 大輝 又吉 重樹 株式会社アカウンティング・アドバイザリー 公認会計士 池内 宏幸 斎藤 哲 森元 義貴,http://www.daisanshaiinkai.com/2018/,3445,3890.0
2018,3803 JASDAQ,イメージ情報開発株式会社,アスカ,2018-12-14,2018/12/14 2019/02/07,http://www.daisanshaiinkai.com/cms/wp-content/uploads/2018/12/181214_daisansha3803.pdf http://www.daisanshaiinkai.com/cms/wp-content/uploads/2018/12/190207_daisansha3803.pdf,2019-02-12,http://www.daisanshaiinkai.com/cms/wp-content/uploads/2018/12/190212_daisansha3803.pdf,① 当社が外部から指摘された不正会計の可能性にかかる問題点の調査を行い、事実関係を把握したうえで、当社が行った会計処理が適切であったかを判断する。 ② 上記①の判断を踏まえて、当社が行うべき適切な会計処理について検討を行う。 ③ 上記①及び②を踏まえ、再発防止策を提言する。,委員長：（弁護士法人浜田卓二郎事務所 弁護士） 浜田 卓二郎 委員：（大原法律事務所 弁護士） 田辺 一男 委員：（志目公認会計士・税理士・行政書士事務所 公認会計士） 志目 健二,公認会計士 成田 まどか,http://www.daisanshaiinkai.com/2018/,3803,1152.0
2018,6958 東証1,日本シイエムケイ株式会社,新宿,2018-12-14,2018-12-14,http://www.daisanshaiinkai.com/cms/wp-content/uploads/2018/12/181214_chousa6958.pdf,2019-03-29,http://www.daisanshaiinkai.com/cms/wp-content/uploads/2018/12/190329_chousa6958.pdf,＜外部調査委員会＞ 客観的かつ公平な調査、事実関係の解明、原因の分析及びこれらを踏まえた再発防止策の検討,,,http://www.daisanshaiinkai.com/2018/,6958,357.0
2018,7997 東証2,株式会社くろがね工作所,グラヴィタス,2018-12-07,2018/12/07 2018/12/14,http://www.daisanshaiinkai.com/cms/wp-content/uploads/2018/12/181207_daisansha7997.pdf http://www.daisanshaiinkai.com/cms/wp-content/uploads/2018/12/181214_daisansha7997.pdf,2019-03-04,http://www.daisanshaiinkai.com/cms/wp-content/uploads/2018/12/190304_daisansha7997.pdf,・不適切な会計処理の有無及び事実関係の調査 ・不適切な会計処理が発生した根本原因の調査及び検討 ・現状の内部管理体制の問題点の調査及び検討 ・再発防止策の検討及び提言,委員長：（三木秀夫法律事務所 弁護士） 三木 秀夫 委員：（安原公認会計事務所 公認会計士） 安原 徹 委員：（森澤武雄法律事務所 弁護士） 森澤 武雄,三木秀夫法律事務所 弁護士 向井 謙二 辻 壮一郎 石原公認会計士事務所 公認会計士 石原 佳和 我那覇公認会計士事務所 公認会計士 我那覇 篤司 石原公認会計事務所 公認会計士 石原 美保 吉田公認会計士事務所 公認会計士 吉田 恭子,http://www.daisanshaiinkai.com/2018/,7997,1058.0
2018,4968 東証1,荒川化学工業株式会社,新日本,,,,2018-11-20,http://www.daisanshaiinkai.com/cms/wp-content/uploads/2018/11/181120_chousa4968.pdf,＜事故調査委員＞ 事故原因および再発防止対策について議論するもの,委員長：（岡山大学 名誉教授 大学院 自然科学研究科 特任教授） 鈴木 和彦 委員：（東京工業大学 環境・社会理工学院 イノベーション科学系・技術経営専門職学位課程 特任教授） 中村 昌允 委員：（東京大学 大学院 工学系研究科 教授） 土橋 律 委員：（公益社団法人 産業安全技術協会 常務理事） 山隈 瑞樹 委員：（荒川化学工業株式会社 専務取締役（代表取締役）） 眞鍋 好輝 委員：（荒川化学工業株式会社 取締役 生産本部長） 西川 学 委員：（荒川化学工業株式会社 執行役員 生産本部 副本部長） 橋本 大司 委員：（荒川化学工業株式会社 品質環境保安室 室付部長） 大島 弘一郎,,http://www.daisanshaiinkai.com/2018/,4968,1151.0
2018,3528 東証2,株式会社プロスペクト,ハイビスカス,2018-11-20,2018/11/20 2018/11/28,http://www.daisanshaiinkai.com/cms/wp-content/uploads/2018/11/181120_chousa3528.pdf http://www.daisanshaiinkai.com/cms/wp-content/uploads/2018/11/181128_chousa3528.pdf,2018-12-13,http://www.daisanshaiinkai.com/cms/wp-content/uploads/2018/11/181213_chousa3528.pdf,＜特別調査委員会＞ 1. 本案件に係る税金費用の再算定に関する検証 2. その他の海外案件の検証 3. 上記検証に伴い会計処理上の疑義が生じた場合の当該処理に関する検証 4. 原因分析及び再発防止策の提言 5. その他、当委員会が必要と認めた事項,委員長：（岩田合同法律事務所 弁護士） 本村 健 委員：（光和総合法律事務所 弁護士） 白井 真 委員：（河江健史会計事務所 公認会計士） 河江 健史 委員：（株式会社 Atlas Accounting 公認会計士） 吉田 浩平 委員：（岩田合同法律事務所 弁護士） 永口 学,光和総合法律事務所 弁護士 伊藤 信彦 野原 俊介 藤井 奏子 岩田合同法律事務所 弁護士・公認会計士 浜崎 祐紀 パラリーガル・通訳・翻訳・スタッフ等 6名 公認会計士 松成 文貴 加瀬 直樹 遠藤 正一 中野 陽介 梶田 雄之 佐藤 憲介 長谷川 雄史 吉田 圭太 島谷 秀一 髙嶋 悠也,http://www.daisanshaiinkai.com/2018/,3528,
2018,7211 東証1,三菱自動車工業株式会社,EY新日本,2018-11-20,2018-11-20,http://www.daisanshaiinkai.com/cms/wp-content/uploads/2018/11/181120_chousa7211.pdf,2019-01-18,http://www.daisanshaiinkai.com/cms/wp-content/uploads/2018/11/190118_chousa7211.pdf,＜内部調査＞ 当社取締役会長が逮捕されたことを受けて、ゴーン氏が日産自動車株式会社（“日産自動車”）において行ったのと同様の不正行為が行われていなかったかどうかについて調査するもの。,,,http://www.daisanshaiinkai.com/2018/,7211,420.1
2018,7201 東証1,日産自動車株式会社,新日本,2018-11-19,2018-11-19,http://www.daisanshaiinkai.com/cms/wp-content/uploads/2018/11/181119_fusei7201.pdf,2019-09-09,http://www.daisanshaiinkai.com/cms/wp-content/uploads/2018/11/190909_chousa7201.pdf,【内部調査】 代表取締役会長及び代表取締役を巡る不正行為の調査,,,http://www.daisanshaiinkai.com/2018/,7201,363.0
2018,3071 東証2,株式会社ストリーム,KDA,2018-11-09,2018/11/09 2018/12/11,http://www.daisanshaiinkai.com/cms/wp-content/uploads/2018/11/181109_chousa3071-1.pdf http://www.daisanshaiinkai.com/cms/wp-content/uploads/2018/11/181211_chousa3071.pdf,2018/12/19 2019/01/09,http://www.daisanshaiinkai.com/cms/wp-content/uploads/2018/11/181219_chousa3071.pdf http://www.daisanshaiinkai.com/cms/wp-content/uploads/2018/11/190109_chousa3071.pdf,＜社内調査委員会＞ ① 本件合意の存否及びその内容 ② 本件合意が有する法的効果並びに法令抵触の有無及びその内容 ③ 本件合意に関する甲の当時の取締役及び監査役並びに従業員（以下「役職員」という。）の認識の有無及び対応状況 ④ 本件新株予約権発行に関する劉氏、張氏その他の役職員の法的責任の有無及びその内容 ⑤ 本件新株予約権発行に係るストリーム社の内部統制の状況及びその問題点,委員長：（總山法律事務所 弁護士） 總山 哲 委員：（光和総合法律事務所 弁護士） 小林 正樹 委員：（御宿・長町法律事務所 弁護士） 朝妻 健,,http://www.daisanshaiinkai.com/2018/,3071,111.0
2018,6973 東証1,協栄産業株式会社,保森会計事務所,2018-11-02,2018-11-02,http://www.daisanshaiinkai.com/cms/wp-content/uploads/2018/12/181102_daisansha6973.pdf,2018/12/10 2018/12/19,http://www.daisanshaiinkai.com/cms/wp-content/uploads/2018/11/181219_daisansha6973.pdf http://www.daisanshaiinkai.com/cms/wp-content/uploads/2018/12/181210_daisansha6973.pdf,事案の徹底調査と原因の究明,委員長：（弁護士） 大澤 孝征 委員：（弁護士） 池本 壽美子 委員：（弁護士） 岩田 修一,,http://www.daisanshaiinkai.com/2018/,6973,3910.0
2018,5408 東証1,株式会社中山製鋼所,あずさ,2018-10-31,2018-10-31,http://www.daisanshaiinkai.com/cms/wp-content/uploads/2018/11/181031_chousa5408-1.pdf,2019-01-31,http://www.daisanshaiinkai.com/cms/wp-content/uploads/2018/11/190131_chousa5408.pdf,,,,http://www.daisanshaiinkai.com/2018/,5408,683.0
2018,2499 東証2,日本和装ホールディングス株式会社,トーマツ,2018-10-31,2018-10-31,http://www.daisanshaiinkai.com/cms/wp-content/uploads/2018/11/181031_chousa2499.pdf,2018-10-31,http://www.daisanshaiinkai.com/cms/wp-content/uploads/2018/11/181031_chousa2499-1.pdf,①今般発覚した関連当事者取引2についての経緯・内容・問題点 ②関連当事者取引についての当社の内部管理体制等 ③東京証券取引所市場第⼀部銘柄指定審査における当社の対応の経緯・問題点,委員長：（国広総合法律事務所 弁護⼠・公認不正検査⼠） 中村 克⼰ 委員：（社外取締役） ⼩濵 直⼈ 委員：（社外取締役 公認会計⼠） 安⽥ 憲⽣ 委員：（社外監査役 公認会計⼠） ⼆反⽥ 友次 委員：（社外監査役 弁護⼠） 三好 豊,国広総合法律事務所 弁護士 池⽥ 晃司,http://www.daisanshaiinkai.com/2018/,2499,372.0
2018,3857 JASDAQ,株式会社ラック,アヴァンティア,2018-10-31,2018-10-31,http://www.daisanshaiinkai.com/cms/wp-content/uploads/2018/12/181031_chousa3857.pdf,2018-12-03,http://www.daisanshaiinkai.com/cms/wp-content/uploads/2018/12/181203_chousa3857.pdf,事実関係の調査,,,http://www.daisanshaiinkai.com/2018/,3857,
2018,6465 東証1、名証1,ホシザキ株式会社,トーマツ,2018-10-30,2018-10-30,http://www.daisanshaiinkai.com/cms/wp-content/uploads/2018/10/181030_chousa6465-1.pdf,2018/12/05 2018/12/06 2018/12/27,http://www.daisanshaiinkai.com/cms/wp-content/uploads/2018/10/181205_chousa6465.pdf http://www.daisanshaiinkai.com/cms/wp-content/uploads/2018/10/181206_chousa6465.pdf http://www.daisanshaiinkai.com/cms/wp-content/uploads/2018/10/181227_chousa6465.pdf,＜社内調査委員会＞ （１）本件に関する事実関係（類似事象の存否を含む。）の調査 （２）本件による連結財務諸表への影響額の確定 （３）本件が生じた要因の究明と再発防止策の提言,委員長：（森・濱田松本法律事務所 弁護士） 藤津 康彦 委員：（招和法律事務所 弁護士・公認会計士） 岩田 知孝 委員：（当社社外取締役監査等委員 弁護士） 元松 茂 委員：（当社取締役 経理部、グループ管理部担当） 小倉 大造,森・濱田松本法律事務所 弁護士 園田 観希央 金丸 由美 北 和尚 村井 智顕 塚田 智宏 小中 諒 株式会社ＫＰＭＧ ＦＡＳ 公認会計士 見越 敬夫 簗瀬 誠一 山田 昂輝 吉岡 一真 他 7名,http://www.daisanshaiinkai.com/2018/,6465,5833.0
2018,1873 東証1,株式会社日本ハウスホールディングス,優成,2018-10-26,2018/10/26 2018/11/05,http://www.daisanshaiinkai.com/cms/wp-content/uploads/2018/10/181026_chousa1873.pdf http://www.daisanshaiinkai.com/cms/wp-content/uploads/2018/10/181105_chousa1873.pdf,2018-12-17,http://www.daisanshaiinkai.com/cms/wp-content/uploads/2018/10/181217_chousa1873.pdf,＜特別調査委員会＞ （1） 本件にかかる事実関係の調査 （2） 上記（1）で確認された事実関係に関する原因分析及び再発防止策の提言 （3） その他、当委員会が必要と認め、貴社と合意した事項,委員長：（平出・高橋法律事務所 弁護士） 平出 晋一 委員：（深山・小金丸法律会計事務所 弁護士） 深山 雅也 委員：（PwC ビジネスアシュアランス合同会社 公認会計士） 那須 美帆子 委員：（かわぐち総合会計事務所 公認会計士） 川口 友久,平出・髙橋法律事務所 弁護士 志村 聡 中澤法律事務所 弁護士 中澤 歩 PwC ビジネスアシュアランス合同会社 公認会計士 丸山 琢永 他 13 名,http://www.daisanshaiinkai.com/2018/,1873,314.0
2018,7597 JASDAQ,東京貴宝株式会社,優成,2018-10-26,2018/10/26 2018/11/01 2018/12/07,http://www.daisanshaiinkai.com/cms/wp-content/uploads/2018/10/181026_chousa7597.pdf http://www.daisanshaiinkai.com/cms/wp-content/uploads/2018/10/181101_daisansha7597.pdf http://www.daisanshaiinkai.com/cms/wp-content/uploads/2018/10/181207_daisansha7597.pdf,2018/12/14 2018/12/14 2018/12/14 2018/12/14 2018/12/14,http://www.daisanshaiinkai.com/cms/wp-content/uploads/2018/10/181214_daisansha7597-1.pdf http://www.daisanshaiinkai.com/cms/wp-content/uploads/2018/10/181214_daisansha7597-2.pdf http://www.daisanshaiinkai.com/cms/wp-content/uploads/2018/10/181214_daisansha7597-3.pdf http://www.daisanshaiinkai.com/cms/wp-content/uploads/2018/10/181214_daisansha7597-4.pdf http://www.daisanshaiinkai.com/cms/wp-content/uploads/2018/10/181214_daisansha7597-5.pdf,当社から独立し、かつ客観的にその取引の詳細を明かにするほか、原因究明、再発防止策の提言、類似事象の有無などについて調査するもの。,委員長：（弁護士） 飯塚 孝徳 委員：（弁護士） 森 直樹 委員：（公認会計士） 村井 直志,LM法律事務所 弁護士 上野 尚文 小川 貴大 清水 祐大 弁護士法人 ほくと総合法律事務所 弁護士 倉橋 博文 横瀬 大輝 又吉 重樹 鈴木 裕也 中里会計事務所 公認会計士 中里 拓哉 公認会計士・税理士・社会保険労務士 中雅俊事務所 公認会計士 中 俊也,http://www.daisanshaiinkai.com/2018/,7597,
2018,4333 東証1,株式会社東邦システムサイエンス,新日本,2018-10-26,2018-10-26,http://www.daisanshaiinkai.com/cms/wp-content/uploads/2018/10/181026_chousa4333.pdf,2018-11-14,http://www.daisanshaiinkai.com/cms/wp-content/uploads/2018/10/181114_chousa4333.pdf,＜社内調査委員会＞ ① 本件不正行為に関する事実関係の調査 ② 本件不正行為と同種の不正行為の有無の調査 ③ 上記①及び②の結果発見された不正行為の発生原因の分析及び再発防止策の提言,委員長：（常勤監査役） 鈴木 光一 委員：（監査役） 武間 久男 委員：（執行役員 経理部長） 吉田 博英 委員：（中村・角田・松本法律事務所 弁護士） 中村 直人 委員：（中村・角田・松本法律事務所 弁護士） 中島 正裕 委員：（中村・角田・松本法律事務所 弁護士） 後藤 晃輔,株式会社 KPMG FAS パートナー 公認会計士 髙岡 俊文 シニアマネージャー 情報処理安全確保支援士 遠藤 正樹 その他10名,http://www.daisanshaiinkai.com/2018/,4333,1260.0
2017,9792 東証1,株式会社ニチイ学館,京都,2017-12-14,2017-12-14,http://www.daisanshaiinkai.com/cms/wp-content/uploads/2017/12/171214_daisansha9792.pdf,2018-02-28,http://www.daisanshaiinkai.com/cms/wp-content/uploads/2017/12/180228_daisansha9792.pdf,当該事件の発生原因の徹底究明し、再発防止策を講じるため。,委員長：（延命法律事務所 弁護士） 延命 政之 委員：（大森法律事務所 弁護士） 大森 一志 委員：（社会福祉法人 桜井の里福祉会 専務理事・総合施設長） 佐々木 勝則,,http://www.daisanshaiinkai.com/2017/,9792,
2017,1822 東証1,大豊建設株式会社,あずさ,2017-12-08,2017/12/08 2017/12/19,http://www.daisanshaiinkai.com/cms/wp-content/uploads/2017/12/171208_chousa1822.pdf http://www.daisanshaiinkai.com/cms/wp-content/uploads/2017/12/171219_daisansha1822.pdf,2018-02-02,http://www.daisanshaiinkai.com/cms/wp-content/uploads/2017/12/180202_chousa1822.pdf,① 会社調査の妥当性についての検証 ② 他の類似事例の有無の調査,委員長：（弁護士法人北浜法律事務所 弁護士） 坂井 一郎 委員：（弁護士法人イノベンティア 弁護士） 町野 静 委員：（河江健史会計事務所 公認会計士） 河江 健史,弁護士 松下 外 東海 秀樹 税理士 樋渡 信也,http://www.daisanshaiinkai.com/2017/,1822,859.0
2017,2121 マザーズ,株式会社ミクシィ,トーマツ,2017-12-07,2017/12/07 2017/12/12,http://www.daisanshaiinkai.com/cms/wp-content/uploads/2017/12/171207_chousa2121.pdf http://www.daisanshaiinkai.com/cms/wp-content/uploads/2017/12/171212_chousa2121.pdf,2017-12-27,http://www.daisanshaiinkai.com/cms/wp-content/uploads/2017/12/171227_chousa2121.pdf,＜社内調査委員会＞ ① 商標法違反及び不正競争防止法違反の容疑に関する事実（以下、「本件事実」という。）及び経緯の確認 ② 本件事実の原因の究明 ③ 昨今の情勢を踏まえたチケットの二次流通仲介事業のプラットフォームに内在するリスク・問題点の検討,委員長：（森・濱田松本法律事務所 弁護士） 上村 哲史 委員：（当社社外監査役 弁護士） 佐藤 孝幸 委員：（当社社外監査役 公認会計士） 若松 弘之,,http://www.daisanshaiinkai.com/2017/,2121,3350.0
2017,6942 JASDAQ,株式会社ソフィアホールディングス,明治アーク,2017-12-01,2017-12-01,http://www.daisanshaiinkai.com/cms/wp-content/uploads/2017/12/171201_chousa6942.pdf,2017-12-22,http://www.daisanshaiinkai.com/cms/wp-content/uploads/2017/12/171222_chousa6942.pdf,＜内部調査委員会＞ （1）2014 年（平成 26 年）3 月期にソフィアデジタルが株式会社Ａ（以下「Ａ社」という。）に対して販売し、売上計上した 250 台の ARecX6 について架空売上が存在するか（その全部若しくは一部について売上計上すべきでなかったものがあるか否か）、その結果、2014 年（平成 26 年）3 月 31 日時点でソフィアデジタルが保有していたARecX6 の在庫の帳簿価額について、棚卸資産評価損を計上すべきであったかどうか （2）2014 年（平成 26 年）3 月期と 2015 年（平成 27 年）3 月期のソフィアグループの内部統制は機能していたかどうか,委員長：（社外取締役 弁護士 公認会計士） 鈴木 規央 委員：（社外監査役 弁護士） 伊藤 雅浩 委員：（社外監査役 公認会計士 税理士） 川島 渉,シティユーワ法律事務所 弁護士 長木 裕史,http://www.daisanshaiinkai.com/2017/,6942,1271.0
2017,5711 東証1,三菱マテリアル株式会社,あずさ,2017-12-01,2017-12-01,http://www.daisanshaiinkai.com/cms/wp-content/uploads/2017/12/171201_chousa5711.pdf,2017/12/28 2018/02/20 2018/03/28,http://www.daisanshaiinkai.com/cms/wp-content/uploads/2017/12/171228_chousa5711.pdf http://www.daisanshaiinkai.com/cms/wp-content/uploads/2017/12/180220_chousa5711.pdf http://www.daisanshaiinkai.com/cms/wp-content/uploads/2017/12/180328_chousa5711.pdf,＜特別調査委員会＞ 本件時間に関する以下の調査を行い、本件事案の事実関係、原因、影響を適切に把握するとともに、本件事案に対するMMCグループ全体の対策（再発防止策を含む）案の策定を行うこと等を目的とする。 ① MSCの本件事案 ② MCIの本件事案 ③ MMCグループの品質管理に係るグループ・ガバナンスシステム等 ④ 本件事案に関連して本委員会が必要と判断したそのほかの事項,委員長：（当社 社外監査役） 得能 摩利子 委員：（当社 社外監査役） 渡辺 博史 委員：（一般社団法人日本能率協会 常務理事） 武中 和昭 委員：（当社 取締役副社長執行役員） 小野 直樹 委員：（当社 経営戦略本部法務部長） 長野 潤,,http://www.daisanshaiinkai.com/2017/,5711,2638.0
2017,3402 東証1,東レ株式会社,新日本,2017-11-28,2017-11-28,http://www.daisanshaiinkai.com/cms/wp-content/uploads/2017/12/171128_chousa3402.pdf,2017/12/27 2017/12/27 2018/03/30,http://www.daisanshaiinkai.com/cms/wp-content/uploads/2017/11/180330_chousa3402.pdf http://www.daisanshaiinkai.com/cms/wp-content/uploads/2017/12/171227_chousa3402_1.pdf http://www.daisanshaiinkai.com/cms/wp-content/uploads/2017/12/171227_chousa3402_2.pdf,＜有識者委員会＞ 本件データの書換問題について、THC及びそれを監督・指導する親会社としての立場の東レにおいて行った調査内容、調査結果、当該結果を受けての再発防止策及び対外対応の妥当性を調査・評価すること。,委員長：（奥野総合法律事務所 弁護士） 藤田 昇三 委員：（桃尾・松尾・難波法律事務所 弁護士） 松尾 眞 委員：（卓照綜合法律事務所 弁護士） 永井 敏雄,桃尾・松尾・難波法律事務所 弁護士 大江 耕治 高石 直樹 松尾 剛行 角元 洋利 朝倉 亮太,http://www.daisanshaiinkai.com/2017/,3402,982.6
2017,7201 東証1,日産自動車株式会社,新日本,,,,2017-11-17,http://www.daisanshaiinkai.com/cms/wp-content/uploads/2017/11/171117_chousa7201.pdf,不適切な完成検査の過去からの運用状況等、事実関係やその原因についての調査,西村あさひ法律事務所,,http://www.daisanshaiinkai.com/2017/,7201,363.0
2017,2388 JASDAQ,株式会社ウェッジホールディングス,アリア,2017-11-17,2017/11/17 2017/12/11,http://www.daisanshaiinkai.com/cms/wp-content/uploads/2017/11/171117_daisansha2388.pdf http://www.daisanshaiinkai.com/cms/wp-content/uploads/2017/11/171211_daisansha2388.pdf,2017-12-12,http://www.daisanshaiinkai.com/cms/wp-content/uploads/2017/11/171212_daisansha2388.pdf,キプロス及びシンガポールの借主に対する貸付金とその利息収入について、 （１）本件取引等の事実関係の調査 （２）本件取引等の適正性の調査 （３）本件取引等に関する法的問題及び責任の有無等に関する検討 （４）その他、第三者委員会が必要と認めた事項,委員長：（大知法律事務所 弁護士） 高野 哲也 委員：（東京フィナンシャル・アドバイザーズ株式会社 公認会計士） 能勢 元 委員：（ＬＲ会計 公認会計士） 山田 幸平,,http://www.daisanshaiinkai.com/2017/,2388,72.0
2017,7762 東証1,シチズン時計株式会社,日本橋,2017-11-10,2017-11-10,http://www.daisanshaiinkai.com/cms/wp-content/uploads/2017/11/171110_daisansha7762.pdf,2018-02-09,http://www.daisanshaiinkai.com/cms/wp-content/uploads/2017/11/180209_daisansha7762.pdf,(1) 本件不適切行為の事実関係の調査 (2) 本件不適切行為に類似した事象の存否及び取引先企業との取決めの遵守状況に関する事実関係の調査 (3) 本件不適切行為の原因分析及び再発防止策の検討・提言 (4) 本件不適切行為に関する法的問題及び責任の有無等に関する検討 (5) 必要と認められた場合には、本件不適切行為の対象となる製品の品質等の検証 (6) その他、第三者委員会が必要と認めた事項,委員長：（宗像紀夫法律事務所 弁護士） 宗像 紀夫 委員：（大江橋法律事務所 弁護士） 名取 俊也 委員：（北浜法律事務所 弁護士） 籔内 俊輔,大江橋法律事務所 弁護士 古川 昌平 松永 崇 北浜法律事務所 弁護士 藤田 俊輔,http://www.daisanshaiinkai.com/2017/,7762,1045.0
2017,5912 東証1,ＯＳＪＢホールディングス株式会社,あずさ,2017-11-09,2017-11-09,http://www.daisanshaiinkai.com/cms/wp-content/uploads/2017/11/171109_chousa5912.pdf,2017-12-13,http://www.daisanshaiinkai.com/cms/wp-content/uploads/2017/11/171213_chousa5912.pdf,＜社内調査委員会＞ （１）国税局から指摘を受けた、以下の不正行為に係る事実関係の調査及び類似案件の有無の調査 ① 協力会社に対し架空又は水増し発注を行い、その架空又は水増し発注額の一部又は全部をキックバックとして受け取る行為 ② 協力会社である設計事務所に対し設計業務の架空発注を行い、その架空発注額等をプールさせて協力会社への支払いに充当する行為 ③ 工事現場で発生したスクラップ等の売却代金・自動販売機の販売手数料の着服 ④ PC 工法の販売促進を目的とした営業代理等を行う会社に対する販売促進手数料を、当該会社又は同会社が指定する別会社に対し「施工図代」又は「設計外注費」名目で支払う行為 ⑤ 工事原価の付け替え行為（ある工事に計上すべき原価又は費用を他の工事の原価として計上する行為） （２）上記不正行為が行われた原因及び背景の調査、ならびに再発防止策の検討,委員長：（取締役 内部統制担当 経営企画担当） 橋本 幸彦 委員：（取締役 経理財務担当 総務担当 コンプライアンス担当） 髙井 繁 委員：（社外取締役 独立役員） 住江 清 委員：（常勤監査役） 久米 清忠 委員：（社外監査役 独立役員） 桃崎 有治 委員：（経理財務室長） 谷原 幸一 委員：（経営企画室長） 行松 俊樹,アンダーソン・毛利・友常法律事務所 弁護士 西谷 敦 以下6名 PwC アドバイザリー合同会社 佐々木 健仁 以下28名,http://www.daisanshaiinkai.com/2017/,5912,
2017,2220 東証1,亀田製菓株式会社,トーマツ,2017-10-31,2017/10/31 2017/12/06,http://www.daisanshaiinkai.com/cms/wp-content/uploads/2017/10/171031_chousa2220.pdf http://www.daisanshaiinkai.com/cms/wp-content/uploads/2017/10/171206_chousa2220.pdf,2017-12-14,http://www.daisanshaiinkai.com/cms/wp-content/uploads/2017/10/171214_chousa2220.pdf,＜独立調査委員会＞ ① 本件不正会計処理の事実関係の確認 ② 類似事象の有無の確認 ③ 本件不正会計処理の原因分析 ④ 本件不正会計処理の再発防止策の提言,委員長：（当社社外取締役 独立役員） 前田 仁 委員：（当社社外取締役 独立役員） 坂本 正元 委員：（三宅坂総合法律事務所 弁護士） 篠田 憲明 委員：（株式会社 KPMG FAS 公認会計士） 髙岡 俊文,三宅坂総合法律事務所 弁護士 下瀬 隆士 野田 陽一 株式会社 KPMG FAS 公認会計士 須賀 永治 株式会社 KPMG FAS 米国公認会計士 荒木 吾郎 他、株式会社 KPMG FAS 14 名 KPMG バンコクオフィス 4 名,http://www.daisanshaiinkai.com/2017/,2220,
2017,2749 東証1,株式会社ＪＰホールディングス,東海会計社,2017-10-17,2017/10/17 2017/11/14,http://www.daisanshaiinkai.com/cms/wp-content/uploads/2017/10/171017_daisansha2749.pdf http://www.daisanshaiinkai.com/cms/wp-content/uploads/2017/10/171114_daisansha2749.pdf,2017/11/16 2017/12/05,http://www.daisanshaiinkai.com/cms/wp-content/uploads/2017/10/171116_daisansha2749.pdf http://www.daisanshaiinkai.com/cms/wp-content/uploads/2017/10/171205_daisansha2749.pdf,（１） 前代表者が対象会社の代表取締役に在籍した当時に行ったと対象会社が指摘している重大なセクシャルハラスメントに該当する事実及びこれと関連性を有する前代表者の行為に関する事実関係の中立的な調査 （２） 上記（１）の調査結果を踏まえた対象会社の再発防止策、セクシャルハラスメントに対する取組み状況についての検証及び評価,委員長：（奥綜合法律事務所 弁護士） 奥 国範 委員：（あたご法律事務所 弁護士） 氏原 隆弘 委員：（エトワール総合法律事務所 弁護士） 大畑 敦子,千鳥ヶ淵法律事務所 弁護士 高橋 未紗 銀座ブロード法律事務所 弁護士 枝廣 恭子 弁護士法人Martial Arts 弁護士 市原 麻衣,http://www.daisanshaiinkai.com/2017/,2749,623.0
2017,5406 東証1,株式会社神戸製鋼所,あずさ,2017-10-08,2017/10/08 2017/10/26 2017/12/21 2018/02/27,http://www.daisanshaiinkai.com/cms/wp-content/uploads/2017/10/171008_chousa5406.pdf http://www.daisanshaiinkai.com/cms/wp-content/uploads/2017/10/171026_chousa5406-1.pdf http://www.daisanshaiinkai.com/cms/wp-content/uploads/2017/10/171221_chousa6425.pdf http://www.daisanshaiinkai.com/cms/wp-content/uploads/2017/10/180227_chousa5406.pdf,2018-03-06,http://www.daisanshaiinkai.com/cms/wp-content/uploads/2017/10/180306_chousa5406.pdf,① 一連の不適切行為に関する事実関係の調査及び原因の究明のために行われた自主点検及び緊急監査の適正性、妥当性の再検証 ② 不適切行為の直接的な原因に加え、企業風土、コンプライアンス及び組織運営体制といった背景となる要因の究明並びに再発防止のための改善策の提案 ③ その他外部調査委員会が必要と認めた事項の調査,委員長：（元福岡高検検事長 弁護士） 松井 巌 委員：（元札幌高裁長官、元公正取引委員会委員 弁護士） 山崎 恒 委員：（元検事 弁護士） 和田 衛,,http://www.daisanshaiinkai.com/2017/,5406,1865.5
2017,9790 東証1,福井コンピュータホールディングス株式会社,トーマツ,2017-09-29,2017-09-29,http://www.daisanshaiinkai.com/cms/wp-content/uploads/2017/09/170929_daisansha9790.pdf,2017/11/06 2017/11/17,http://www.daisanshaiinkai.com/cms/wp-content/uploads/2017/09/171106_daisansha9790.pdf http://www.daisanshaiinkai.com/cms/wp-content/uploads/2017/09/171117_daisansha9790.pdf,(1) 本件取引の事実関係の調査 (2) 本件取引に関する内部統制、コンプライアンス、コーポレートガバナンス上の問題点の有無の調査 (3) 問題点がある場合における発生原因の究明、再発防止策の検討・提言 (4) その他、第三者委員会が必要と認めた事項,委員長：（潮見坂綜合法律事務所 弁護士） 清水 真 委員：（潮見坂綜合法律事務所 弁護士） 阿南 剛 委員：（潮見坂綜合法律事務所 弁護士） 後藤 高志 委員：（よつば総合会計事務所 公認会計士） 濱田 清仁,,http://www.daisanshaiinkai.com/2017/,9790,3325.0
2017,3390 JASDAQ,INEST株式会社,あずさ,2017-09-22,2017/09/22 2017/10/26,http://www.daisanshaiinkai.com/cms/wp-content/uploads/2017/09/170922_chousa3390.pdf http://www.daisanshaiinkai.com/cms/wp-content/uploads/2017/09/171026_chousa3390.pdf,2017-11-08,http://www.daisanshaiinkai.com/cms/wp-content/uploads/2017/09/171108_chousa3390.pdf,＜内部調査委員会＞ ① 本件不正行為に係る事実関係及びその発生原因その他の背景事情を解明すること ② 上記①により解明された事実関係の法的評価（民事責任及び刑事責任発生の可能性についての評価）を行うこと,委員長：（光和総合法律事務所 弁護士） 白井 真 委員：（河江健史会計事務所 公認会計士） 河江 健史 委員：（当社 社外監査役 税理士） 河合 宏一 委員：（当社 社外監査役 弁護士） 竹中 由重,光和総合法律事務所 弁護士 中澤 雄仁 坂下 大貴 渡辺 大祐 橋本 祥 会計チーム 公認会計士 土井 貴達 吉田 圭太 吉田 浩平 高嶋 悠也 小池 赳司 他8名,http://www.daisanshaiinkai.com/2017/,3390,1294.0
2017,6901 東証1,澤藤電機株式会社,PwCあらた,2017-09-14,2017-09-14,http://www.daisanshaiinkai.com/cms/wp-content/uploads/2017/09/170914_chousa6901.pdf,2017-11-10,http://www.daisanshaiinkai.com/cms/wp-content/uploads/2017/09/171110_chousa6901.pdf,＜特別調査委員会＞ ① 本件会計処理に関する事実関係の調査 ② 本件会計処理の他に同様の事象が存在しないかの調査 ③ 本件会計処理が発生した要因の分析および再発防止策の策定・提言,委員長：（当社常務取締役 内部統制管掌） 曽根 健 委員：（当社経営企画部部長） 町田 宏史 委員：（伊藤見富法律事務所 弁護士） 吉村 龍吾 委員：（株式会社ＡＧＳコンサルティング 公認会計士） 田中 亮宇,伊藤 見富法律事務所 弁護士 斎藤 三義 古田 暁洋 株式会社 AGS コンサルティング 公認会計士 榊隆 宏 幅 隆太郎,http://www.daisanshaiinkai.com/2017/,6901,1044.0
2017,1971 東証2,中央ビルト工業株式会社,トーマツ,2017-09-01,2017/09/01 2017/09/07,http://www.daisanshaiinkai.com/cms/wp-content/uploads/2017/09/170901_chousa1971.pdf http://www.daisanshaiinkai.com/cms/wp-content/uploads/2017/09/170907_chousa1971.pdf,2017/12/04 2017/12/07,http://www.daisanshaiinkai.com/cms/wp-content/uploads/2017/09/171204_chousa1971.pdf http://www.daisanshaiinkai.com/cms/wp-content/uploads/2017/09/171207_chousa1971.pdf,① 本件疑義について、その事実関係及び問題点を調査分析すること ② 本件疑義に類似・関連する事例の有無及び内容を調査分析すること ③ 本件疑義及びこれに類似・関連する事例に係る適切な会計処理を検討すること。 ④ 再発防止策の検討及び提言を行うこと,委員長：（弁護士法人中島信一郎法律事務所 弁護士） 中島 信一郎 委員：（ACE コンサルティング㈱代表 公認会計士） 小川 真人 委員：（当社監査等委員） 岡田 一馬,ACEコンサルティング株式会社 公認会計士 伊藤 浩平 堀場 直人 わたなべ法律会計事務所 弁護士 渡邊 昌裕 中島信一郎法律事務所 弁護士 棒田 洋平,http://www.daisanshaiinkai.com/2017/,1971,
2017,7878 JASDAQ,株式会社光彩工芸,ナカチ,2017-08-18,2017/08/18 2017/08/22,http://www.daisanshaiinkai.com/cms/wp-content/uploads/2017/08/170818_chousa7878.pdf http://www.daisanshaiinkai.com/cms/wp-content/uploads/2017/08/170822_chousa7878.pdf,2017/09/25 2017/10/16,http://www.daisanshaiinkai.com/cms/wp-content/uploads/2017/08/170925_chousa7878.pdf http://www.daisanshaiinkai.com/cms/wp-content/uploads/2017/08/171016_chousa7878.pdf,＜内部調査委員会＞ ①本件に起因する会計に与える影響および金額の見積りに必要な調査 ②事実関係、事態発生の背景等の調査、発生原因および問題点の調査分析 ③本件発生に関する内部統制、コンプライアンス、ガバナンス上の問題点の調査分析 ④上記を踏まえた、当社が行うべき再発防止策の策定,委員長：（真法律会計事務所 弁護士） 三谷 和久 委員：（埴原法律事務所 弁護士） 新里 清高 委員：（税理士法人丸の内ビジネスコンサルティング 公認会計士） 紺谷 宏,真法律会計事務所 弁護士 佐藤 彰男 大野 俊介 櫻田 悠水 司法書士 稲富 奈緒子 税理士法人丸の内ビジネスコンサルティング 公認会計士 金光 良昭 間 達哉 木部 竜二 山口 哲生,http://www.daisanshaiinkai.com/2017/,7878,1209.0
2017,8113 東証1,ユニ・チャーム株式会社,PwCあらた,2017-08-10,2017/08/10 2017/08/18,http://www.daisanshaiinkai.com/cms/wp-content/uploads/2017/08/170810_chousa8113.pdf http://www.daisanshaiinkai.com/cms/wp-content/uploads/2017/08/170818_chousa8113.pdf,2017-09-13,http://www.daisanshaiinkai.com/cms/wp-content/uploads/2017/08/170913_chousa8113.pdf,＜社内調査委員会＞ ① 販促費期ズレ（先送り）に係る事実関係の調査 ② 販促費期ズレ（先送り）に類似する事象の有無の調査 ③ 発生原因の分析及び再発防止策の提言,委員長：（取締役監査等委員） 浅田 茂 委員：（執行役員経営監査部担当） 知名 俊郎 委員：（経営監査部長及び委員） 谷崎 正慶 委員：（法務部長代理） 小澤 一郎 委員：（森・濱田松本法律事務所 弁護士） 藤津 康彦 委員：（株式会社 KPMG FAS 公認会計士） 高岡 俊文,森・濱田松本法律事務所 弁護士 株式会社 KPMG FAS 公認会計士,http://www.daisanshaiinkai.com/2017/,8113,986.0
2017,6715 東証1,株式会社ナカヨ,新日本,2017-08-09,2017/08/09 2017/08/10,http://www.daisanshaiinkai.com/cms/wp-content/uploads/2017/08/170809_chousa6715.pdf http://www.daisanshaiinkai.com/cms/wp-content/uploads/2017/08/170810_chousa6715.pdf,2017-09-12,http://www.daisanshaiinkai.com/cms/wp-content/uploads/2017/08/170912_chousa6715.pdf,＜社内調査委員会＞ ①本件疑義に関わる不正取引の事実関係の調査 ②同種取引の有無の調査 ③上記取引の原因分析 ④再発防止策の提言,委員長：（加藤公認会計士事務所 公認会計士） 加藤 正憲 委員：（壱岐坂下法律事務所 弁護士） 阿部 造一 委員：（当社社外取締役） 江口 武夫 委員：（当社常勤監査役） 坂口 隆彦 委員：（当社非常勤監査役） 藤本 謹三 委員：（当社非常勤監査役） 田中 信義,,http://www.daisanshaiinkai.com/2017/,6715,
2016,9747 東証1,株式会社アサツー ディ・ケイ,新日本,2016-12-27,2016-12-27,http://www.daisanshaiinkai.com/cms/wp-content/uploads/2016/12/161227_chousa9747.pdf,2017/01/06 2017/01/10,http://www.daisanshaiinkai.com/cms/wp-content/uploads/2016/12/170106_chousa9747.pdf http://www.daisanshaiinkai.com/cms/wp-content/uploads/2016/12/170110_chousa9747.pdf,＜特別調査委員会＞ ①ゴンゾ検出事項に係る事実関係の解明 ②上記①に係る会計処理について問題点がある場合の原因解明（関与者の故意・過失の有無を含む。）及びその再発防止策の提言 ③上記①及び②に関連して当委員会が必要と認めた事項,委員長：（公認会計士宇澤事務所 公認会計士・公認不正検査士） 宇澤 亜弓 委員：（シティユーワ法律事務所 弁護士） 石井 輝久 委員：（祝田法律事務所 弁護士） 熊谷 真喜,株式会社 KPMG FAS 公認会計士 高岡 俊文 須賀 永治 他 6 名 シティユーワ律事務所 弁護士 長木 裕史 市橋 卓 その他弁護士・法律事務職員 2名 祝田法律事務所 弁護士 清野 訟一 榎木 智浩,http://www.daisanshaiinkai.com/2016/,9747,
2016,2743 JASDAQ,ピクセルカンパニーズ株式会社,明誠,2016-12-09,2016/12/09 2016/12/22,http://www.daisanshaiinkai.com/cms/wp-content/uploads/2016/12/161209_chousa2743.pdf http://www.daisanshaiinkai.com/cms/wp-content/uploads/2016/12/161222_chousa2743.pdf,2017-01-31,http://www.daisanshaiinkai.com/cms/wp-content/uploads/2016/12/170131_chousa2743.pdf,＜社内調査委員会＞ 今回の事象に関する事実関係の認定、発生原因及び問題点の調査分析、その他同種事案の有無調査を行うと共に、会計処理の適正性・妥当性についての検討。また内部統制・コンプライアンス・ガバナンス上の問題点の調査分析を行い、そして、再発防止の提言を行うもの。,委員長：（豊島総合法律事務所 弁護士） 豊島 國史 委員：（東京フィナンシャル・アドバイザーズ株式会社 公認会計士） 能勢 元 委員：（当社監査役（社外）） 櫻井 紀昌 委員：（当社監査役（社外）） 中里 猛志,弁護士 ３名 公認会計士 ２名,http://www.daisanshaiinkai.com/2016/,2743,166.0
2016,2432 東証1,株式会社ディー・エヌ・エー,新日本,2016-12-05,2016/12/05 2016/12/15,http://www.daisanshaiinkai.com/cms/wp-content/uploads/2016/12/161205_daisansha2432.pdf http://www.daisanshaiinkai.com/cms/wp-content/uploads/2016/12/161215_daisansha2432-1.pdf,2017/03/13 2017/03/13 2017/03/13,http://www.daisanshaiinkai.com/cms/wp-content/uploads/2016/12/170313_daisansha2432-1.pdf http://www.daisanshaiinkai.com/cms/wp-content/uploads/2016/12/170313_daisansha2432-2.pdf http://www.daisanshaiinkai.com/cms/wp-content/uploads/2016/12/170313_daisansha2432-3.pdf,①本問題について詳細な事実関係の調査 ②本問題の原因の究明（直接的な原因のみならず、企業風土、コンプライアンス及び組織運営体制の課題といった背景となる要因等を含む。） ③必要な改善提案,委員長：（元日本アイ・ビー・エム株式会社取締役 弁護士） 名取 勝也 委員：（元新日本製鐵株式会社常務取締役 弁護士） 西川 元啓 委員：（国立情報学研究所客員教授 弁護士） 岡村 久道 委員：（元東京地方検察庁特捜部検事 弁護士） 沖田 美恵子,西村あさひ法律事務所 弁護士 梅林 啓 水島 淳 泰田 啓太 山田 徹 荒井 喜美 冨谷 治亮 河野 匠範 鈴木 悠介 伊豆 明彦 北住 敏樹 前川 良介 石堂 伶奈 河野 光輝 東條 桜子 西田 朝輝 細谷 夏生 クロールインターナショナルインク,http://www.daisanshaiinkai.com/2016/,2432,2412.5
2016,4911 東証1,株式会社 資生堂,あずさ,2016-12-02,2016-12-02,http://www.daisanshaiinkai.com/cms/wp-content/uploads/2016/12/161202_chousa4911.pdf,未公表,,原因の解明と再発防止,,,http://www.daisanshaiinkai.com/2016/,4911,2396.0
2016,1882 東証1,東亜道路工業株式会社,新日本,2016-11-11,2016/11/11 2016/11/14,http://www.daisanshaiinkai.com/cms/wp-content/uploads/2016/11/161111_chousa1882.pdf http://www.daisanshaiinkai.com/cms/wp-content/uploads/2016/11/161114_chousa1882.pdf,2016-12-12,http://www.daisanshaiinkai.com/cms/wp-content/uploads/2016/11/161212_chousa1882.pdf,(1)今回の事象に関する事実関係の認定、発生原因及び問題点の調査分析その他同種事象の有無調査 (2)今回の事象に関する内部統制、コンプライアンス、ガバナンス上の問題点の調査分析 (3)上記(1)及び(2)の調査分析結果の報告及び再発防止策の提言,委員長：（光和総合法律事務所 弁護士） 石川 哲夫 委員：（社本公一会計事務所 公認会計士） 社本 公一 委員：（光和総合法律事務所 弁護士） 坂下 大貴 委員：（社外監査役 常勤監査役） 森 信一,,http://www.daisanshaiinkai.com/2016/,1882,1656.0
2016,3286 マザーズ・福証,トラストホールディングス株式会社,三優,2016-11-04,2016-11-04,http://www.daisanshaiinkai.com/cms/wp-content/uploads/2016/11/161104_chousa3286.pdf,2016-12-06,http://www.daisanshaiinkai.com/cms/wp-content/uploads/2016/11/161206_chousa3286.pdf,＜社内調査委員会＞ 本件不適切会計処理に係る事実関係を解明するとともに、平成28 年 6 月期第 2 四半期（平成 27 年 10 月～）以降の TNW 社の全事業（本ウォーター事業、不動産事業、アミューズメント事業）及び当社グループの主力事業である駐車場事業を中心として当社グループにおいて類似の事象が存しないかを調査し、併せて本件不適切会計処理の原因究明と再発防止策の提言を行うもの。,委員長：（当社社外取締役） 木下 敏之 委員：（当社社外監査役／常勤） 市原 一也 委員：（当社社外監査役） 江口 秀人 委員：（当社社外監査役） 梁井 純輔 委員：（当社管理部部長） 北嶋 重晴 委員：（徳永・松崎・斉藤法律事務所 弁護士） 熊谷 善昭 委員：（株式会社アーク・フィナンシャル ・インテリジェンス 公認会計士） 寺崎 晋介,,http://www.daisanshaiinkai.com/2016/,3286,881.0
2016,3673 東証1,株式会社ブロードリーフ,あずさ,2016-10-28,2016-10-28,http://www.daisanshaiinkai.com/cms/wp-content/uploads/2016/10/161028_chousa3673.pdf,2016/12/29 2017/01/31,http://www.daisanshaiinkai.com/cms/wp-content/uploads/2016/10/161229_chousa3673.pdf http://www.daisanshaiinkai.com/cms/wp-content/uploads/2016/10/170131_chousa3673.pdf,①本件不正行為に関する事案関係の調査 ②本件不正行為に類似する不正の有無の調査 ③本件不正行為が当社の会計処理に及ぼす影響の調査 ④発生原因の分析 ⑤再発防止策の提言,委員長：（常勤監査役） 青木 伸也 委員：（森・濱田松本法律事務所パートナー 弁護士） 藤津 康彦 委員：（株式会社プロキューブジャパン 公認会計士） 大塚 晃 委員：（株式会社プロキューブジャパン 公認会計士） 松下 剛士,森・濱田松本法律事務所 弁護士 新井 朗司 塚田 智宏 株式会社プロキューブジャパン 公認会計士 衣笠 洋子 石北 章太,http://www.daisanshaiinkai.com/2016/,3673,717.0
2016,6493 東証2,日鍛バルブ株式会社,新日本,2016-10-25,2016/10/25 2016/10/31,http://www.daisanshaiinkai.com/cms/wp-content/uploads/2016/10/161025_futekisetsu6493.pdf http://www.daisanshaiinkai.com/cms/wp-content/uploads/2016/10/161031_chousa6493.pdf,2016-12-09,http://www.daisanshaiinkai.com/cms/wp-content/uploads/2016/10/161209_chousa6493.pdf,＜社内調査委員会＞ ① 本件不適切会計処理に係る事実関係の調査 ② 本件不適切会計処理に類似する事象の有無の調査 ③ 判明した事項が当社の過年度の会計処理に及ぼす影響の調査 ④ 発生原因の分析及び再発防止策の提言,委員長：（当社常務取締役 当社グローバル・コンプライアンス責任者） 李 太煥 委員：（森・濱田松本法律事務所 弁護士） 奥田 洋一 委員：（Ｕ＆Ｉアドバイザリーサービス株式会社 公認会計士） 山田 重嗣 委員：（当社独立社外監査役） 下山 秀弥,森・濱田松本法律事務所 弁護士 藤津 康彦 矢田 悠 田尻 佳菜子 塚田 智宏 千原 剛 デロイトトーマツファイナンシャルアドバイザリー合同会社 北京U&Iアドバイザリーサービス有限公司,http://www.daisanshaiinkai.com/2016/,6493,574.0
2016,4064 東証1,日本カーバイド工業株式会社,トーマツ,2016-10-19,2016-10-19,http://www.daisanshaiinkai.com/cms/wp-content/uploads/2016/10/161019_chousa4064.pdf,2016-12-02,http://www.daisanshaiinkai.com/cms/wp-content/uploads/2016/10/161202_chousa4064.pdf,＜特別調査委員会＞ ① 本件不適切行為の疑義に関する事実関係及び発生原因の調査分析 ② 同種事象の有無の調査 ③ 上記①及び②の調査結果を踏まえた再発防止策の提言,委員長：（当社代表取締役社長） 松尾 時雄 委員：（株式会社 KPMG FAS 公認会計士） 髙岡 俊文 委員：（弁護士法人小野総合法律事務所 弁護士） 藤村 啓,弁護士法人小野総合法律事務所 弁護士 小池 孝史 株式会社 KPMG FAS 公認会計士 藤田 大介 他13名,http://www.daisanshaiinkai.com/2016/,4064,2245.0
2016,3674 マザーズ,株式会社オークファン,あずさ,2016-10-14,2016-10-14,http://www.daisanshaiinkai.com/cms/wp-content/uploads/2016/11/161014_kansanin3674.pdf,2016-11-11,http://www.daisanshaiinkai.com/cms/wp-content/uploads/2016/11/161111_chousa3674.pdf,a 事実関係及び問題点の調査分析 b 会計処理についての検討 c 当委員会が調査の過程において必要と認める一切の事項及び行為,委員長：（常勤監査役） 平野 良一 委員：（東京フィナンシャル・アドバイザーズ株式会社 公認会計士） 能勢 元 委員：（松村総合法律事務所 弁護士） 松村 正哲,,http://www.daisanshaiinkai.com/2016/,3674,371.0
2016,4324 東証1,株式会社電通,トーマツ,2016-09-23,2016/09/23 2016/12/26,http://www.daisanshaiinkai.com/cms/wp-content/uploads/2016/09/160923_futekisetsu4324.pdf http://www.daisanshaiinkai.com/cms/wp-content/uploads/2016/09/161226_chousa4324.pdf,2017-01-17,http://www.daisanshaiinkai.com/cms/wp-content/uploads/2016/09/170117_chousa4324.pdf,＜社内調査委員会＞ 不適切業務が発生した原因の解明を含む業務実態の把握、検証を企図した調査,委員長：（取締役副社長執行役員） 中本 祥一 委員：外部の専門家を含む全4名,,http://www.daisanshaiinkai.com/2016/,4324,3221.0
2016,7715 東証1,長野計器株式会社,トーマツ,2016-09-16,2016-09-16,http://www.daisanshaiinkai.com/cms/wp-content/uploads/2016/09/160916_chousa7715.pdf,2016-10-14,http://www.daisanshaiinkai.com/cms/wp-content/uploads/2016/09/161014_chousa7715.pdf,＜社内調査委員会＞ ①本件不適切会計処理の内容、 ②本件不適切会計処理の動機及び原因・背景、 ③本件不適切会計処理の当社連結財務諸表に与える影響、 ④当社の他の連結子会社における同様の不適切会計処理の存否、および ⑤再発防止策の分析・検討を行うこと,常務取締役経理部・情報システム部担当 眞島 政弘 常務取締役法務・コンプライアンス部担当 小松 哲夫 常勤監査役 今井 善治 伊藤見富法律事務所 弁護士 吉村 龍吾 公認会計士 中嶋 克久,当社従業員 ４名（総務統括部所属１名、経理部所属２名、法務・コンプライアンス部所属１名） 外部弁護士 ３名 外部公認会計士 ２名,http://www.daisanshaiinkai.com/2016/,7715,2081.0
2016,9232 東証1,株式会社パスコ,あずさ,2016-08-03,2016-08-03,http://www.daisanshaiinkai.com/cms/wp-content/uploads/2016/09/160803_chousa9232.pdf,2016-09-14,http://www.daisanshaiinkai.com/cms/wp-content/uploads/2016/09/160914_chousa9232.pdf,① 本件不適切会計処理に係る事実関係の有無及び発生原因等について ② 本件不適切会計処理の会計上の適正性・妥当性について ③ 本件不適切会計処理の内部統制・コンプライアンス・ガバナンスからの問題点について ④ 本件不適切会計処理以外の不適切な会計処理の有無について ⑤ 再発防止の提言,委員長：（元名古屋高等検察庁検事長 弁護士） 髙野 利雄 委員：（あさひ法律事務所 弁護士） 中久保 満昭 委員：（伊藤公認会計士事務所 公認会計士） 伊藤 修平,その他弁護士及び公認会計士,http://www.daisanshaiinkai.com/2016/,9232,
2016,3691 マザーズ,株式会社リアルワールド,あずさ,2016-08-29,2016-08-29,http://www.daisanshaiinkai.com/cms/wp-content/uploads/2016/08/160829_chousa3691.pdf,2016-09-15,http://www.daisanshaiinkai.com/cms/wp-content/uploads/2016/08/160915_chousa3691.pdf,＜独立調査委員会＞ ①本件各取引に関する事実関係及び問題点の調査分析 ②本件各取引に係る会計処理についての検討 ③ 当委員会が調査の過程において必要と認める一切の事項及び行為,委員：（日比谷総合法律事務所 弁護士） 神垣 清水 委員：（松村総合法律事務所 弁護士） 松村 正哲 委員：（東京フィナンシャル・アドバイザーズ株式会社 公認会計士） 能勢 元,,http://www.daisanshaiinkai.com/2016/,3691,1366.0
2016,4764 JASDAQ,株式会社デジタルデザイン,清和,2016-08-09,2016-08-09,http://www.daisanshaiinkai.com/cms/wp-content/uploads/2016/08/160809_daisansha4764.pdf,2016-08-31,http://www.daisanshaiinkai.com/cms/wp-content/uploads/2016/08/160831_daisansha4764.pdf,当該不適切な経費処理について、事実関係の調査を行い、それに至った原因を究明し、再発防止策の検討・提言を行う事。,委員長：（小笠原六川国際総合法律事務所 代表パートナー 弁護士） 六川 浩明 委員：（公認会計士、税理士） 北村 恵美,,http://www.daisanshaiinkai.com/2016/,4764,
2016,2705 JASDAQ,株式会社大戸屋ホールディングス,三優,2016-08-09,2016-08-09,http://www.daisanshaiinkai.com/cms/wp-content/uploads/2016/08/160809_daisansha2705.pdf,2016/10/04 2016/10/04 2016/10/04,http://www.daisanshaiinkai.com/cms/wp-content/uploads/2016/08/0f680c9ab702cab35afd21a55a7f1eaa.pdf http://www.daisanshaiinkai.com/cms/wp-content/uploads/2016/08/161001_chousa2705.pdf http://www.daisanshaiinkai.com/cms/wp-content/uploads/2016/08/161001_chousa2705_2.pdf,当社及びグループ会社において、現在顕在化している懸案事項（当社筆頭株主及び一部大株主との関係を含む）について、コンプライアンス及びガバナンスの観点から、客観的な立場からの事実関係の調査、審議、助言を行うこと。,委員長：（郷原総合コンプライアンス法律事務所 弁護士） 郷原 信郎 委員：（弁護士） 赤松 幸夫 委員：（公認会計士） 樋口 哲朗,,http://www.daisanshaiinkai.com/2016/,2705,5790.0
2016,6839 東証1,船井電機株式会社,トーマツ,2016-08-04,2016-08-04,http://www.daisanshaiinkai.com/cms/wp-content/uploads/2016/08/160804_chousa6839.pdf,2016-10-13,http://www.daisanshaiinkai.com/cms/wp-content/uploads/2016/08/161013_chousa6839.pdf,＜社内調査委員会＞ ①今回発覚した不適切な会計処理の概要、経緯および発生原因の調査と再発防止策の提言 ②その他、社内調査委員会が必要と認めた対象事項についての調査,委員長： （当社取締役） 牧浦 弘幸 委員：（当社取締役 監査等委員長） 石崎 弘 委員： （監査室） 山口 義人,,http://www.daisanshaiinkai.com/2016/,6839,
2016,3501 東証1,住江織物株式会社,トーマツ,2016-07-29,2016-07-29,http://www.daisanshaiinkai.com/cms/wp-content/uploads/2016/07/160729_daisansha3501.pdf,2016/10/25 2016/10/28 2016/11/04,http://www.daisanshaiinkai.com/cms/wp-content/uploads/2016/07/161025_daisansha3501.pdf http://www.daisanshaiinkai.com/cms/wp-content/uploads/2016/07/161028_daisansha3501.pdf http://www.daisanshaiinkai.com/cms/wp-content/uploads/2016/07/161104_daisansha3501.pdf,当社がとるべき会計処理の検討を行う為、不適切会計の兆候のある事実関係について、米国における外部調査機関による調査を更に拡大深化させて継続する事と並行して、STA で発見された不適切な会計処理の兆候について、これらを示唆・強要する直接的関与だけでなく、過大な圧力を掛けるといった間接的な形での当社の関与の有無や現状の内部統制上の問題点等についての調査及び分析並びにその他、第三者委員会が必要と認めた全ての事項について調査及び分析を行うもの。,委員長：（弁護士法人三宅法律事務所 代表社員 弁護士） 千森 秀郎 委員：（弁護士法人三宅法律事務所 パートナー 弁護士） 黒田 清行 委員：（中辻公認会計士事務所 公認会計士） 中辻 義則,,http://www.daisanshaiinkai.com/2016/,3501,1217.0
2016,4764 JASDAQ,株式会社デジタルデザイン,清和,2016-07-26,2016-07-26,http://www.daisanshaiinkai.com/cms/wp-content/uploads/2016/07/160726_chousa4764.pdf,未公表,,＜内部調査委員会＞ より詳細な調査を迅速に実施するもの。,,,http://www.daisanshaiinkai.com/2016/,4764,
2016,1868 東証1,三井ホーム株式会社,あずさ,2016-07-25,2016-07-25,http://www.daisanshaiinkai.com/cms/wp-content/uploads/2016/07/160725_chousa1868.pdf,2016-08-02,http://www.daisanshaiinkai.com/cms/wp-content/uploads/2016/07/160802_chousa1868.pdf,＜社内調査委員会＞ 本件不適切会計処理に係る事実関係を解明し、当社の他の事業部門において同様の事象が存在しないかを調査し、併せて本件不適切会計処理の原因の究明、分析と再発防止策の提言等を行うこと。,委員長：（取締役常務執行役員） 山本 実 委員：（総務部長） 徳田 荘二 委員：（経理部長） 樺澤 久人 委員：（監査室長） 藤竹 貴義 委員：（人事部長） 五井 尚人,法律事務所 コンサルティング会社,http://www.daisanshaiinkai.com/2016/,1868,
2015,9936 東証1,株式会社 王将フードサービス,トーマツ,2015-12-28,2015/12/28 2016/01/05,http://www.daisanshaiinkai.com/cms/wp-content/uploads/2015/12/151228_daisansha9936.pdf http://www.daisanshaiinkai.com/cms/wp-content/uploads/2015/12/160105_daisansha9936.pdf,2016-03-29,http://www.daisanshaiinkai.com/cms/wp-content/uploads/2015/12/160329_daisansha9936.pdf,（１）当社のコーポレート・ガバナンス体制（反社会的勢力に対する防止体制を含む。）全般の評価 （２）当社が反社会的勢力と関係があるか否かの調査 （３）当社がステークホルダーの皆様から信頼を得るための積極的な提言,委員長：（弁護士法人あしのは法律事務所 代表社員弁護士） 大仲 土和 委員：（プロアクト法律事務所 代表 弁護士） 竹内 朗 委員： （公認会計士宇澤事務所 代表 公認会計士） 宇澤 亜弓,プロアクト法律事務所 弁護士 大野 徹也 渡邉 宙志 KPMG 執行役員パートナー 公認会計士 高岡 俊文 KPMG シニアマネージャー 公認会計士 須賀 永治 ほか 7 名 JPR&C 代表取締役 古野 啓介 ほか 10 名,http://www.daisanshaiinkai.com/2015/,9936,3840.0
2015,3222 東証1,ユナイテッド・スーパーマーケット・ホールディングス株式会社,トーマツ,2015-10-22,2015-10-22,http://www.daisanshaiinkai.com/cms/wp-content/uploads/2015/12/151022_chousa3222.pdf,2015-12-25,http://www.daisanshaiinkai.com/cms/wp-content/uploads/2015/12/151225_chousa3222.pdf,（１）本事案の事実関係の徹底解明 （２）トラベル社及びその他子会社の内部管理体制の実態確認 （３）カスミ社の子会社管理体制の実態確認 （４）本事案発生要因の究明と再発防止策の策定 （５）関係者の責任と処分の提言 （６）トラベル社内部管理体制の提言 （７）カスミ社の子会社管理体制の提言,委員長：（カスミ社顧問弁護士） 蓑毛 良和 副委員長：（公認会計士・税理士） 三井 聡 委員：（カスミ社顧問弁護士） 志甫 治宣 委員 安 隆之（カスミ社顧問弁護士） 委員：（カスミ社代表取締役） 藤田 元宏 委員：（カスミ社経理財務部マネジャー） 杉山 勝 委員：（カスミ社経営企画部マネジャー） 辻本 英史 委員：（カスミ社監査マネジャー） 大内 哲也,,http://www.daisanshaiinkai.com/2015/,3222,990.0
2015,2721 JASDAQ,株式会社ジェイホールディングス,清和監査法人,2015-12-21,2015-12-21,http://www.daisanshaiinkai.com/cms/wp-content/uploads/2015/12/151221_daisansha2721.pdf,2016-02-12,http://www.daisanshaiinkai.com/cms/wp-content/uploads/2015/12/160212_daisansha2721.pdf,１）当社ならびに当社連結子会社における過去 5 年間（平成 23 年 1 月 1 日から平成27 年 12 月 31 日）における、取引に関する事実関係および社内手続きを含む内部管理体制の確認、ならびに問題点の調査分析を行うこと。 ２）上記１）に関して、問題点が確認された場合には、その指摘、原因の究明および再発防止策に関する提言を行うこと。,委員長：（海星法律事務所 弁護士） 澤井 康生 委員：（東京弁護士会 常議員 弁護士） 山勝 幹之 委員：（伊藤会計事務所 公認会計士） 伊藤 英佑,公認会計士 河江 健史,http://www.daisanshaiinkai.com/2015/,2721,180.0
2015,7841 JASDAQ,株式会社遠藤製作所,トーマツ,2015-12-15,2015-12-15,http://www.daisanshaiinkai.com/cms/wp-content/uploads/2015/12/151215_chousa7841.pdf,2016-01-29,http://www.daisanshaiinkai.com/cms/wp-content/uploads/2015/12/160129_chousa7841.pdf,＜調査委員会＞ 平成 21年頃から不正行為発覚までの約 7 年間、当社元取締役が虚偽・架空の経費計上により、自身の旅費交通費や飲食代等を不当に請求し、会社資金を私的に流用した不正行為が判明。事実関係の徹底した調査・検証と有効な再発防止策の策定を行うもの。,委員長：（当社社外監査役 弁護士） 相馬 卓 副委員長：（当社常務取締役管理部門担当） 佐藤 俊明 副委員長 村田 國弘 （当社タイ統括駐在室長） 委員：（当社常勤社外監査役 独立役員） 岩尾 秀之 委員： （当社社外監査役 税理士） 佐野 榮偉 委員： （当社社外取締役） 片山 隆二,,http://www.daisanshaiinkai.com/2015/,7841,1276.0
2015,6177 マザーズ,ＡｐｐＢａｎｋ株式会社,トーマツ,2015-12-15,2015/12/15 2015/12/24,http://www.daisanshaiinkai.com/cms/wp-content/uploads/2015/12/151215_chousa6177.pdf http://www.daisanshaiinkai.com/cms/wp-content/uploads/2015/12/151224_chousa6177.pdf,2016-01-28,http://www.daisanshaiinkai.com/cms/wp-content/uploads/2015/12/160128_chousa6177.pdf,＜社内調査委員会＞ 当社元役員が、経理部門に在職した期間を通じて、当社の金銭を業務上横領していた疑いのある事実が判明。 ① 本件不正取引に関する事実関係の調査 ② その他同種事象の有無の調査 ③ 上記①及び②の調査結果を踏まえた再発防止策の提言,委員長： （当社社外監査役 公認会計士） 松岡 一臣 委 員： （長島・大野・常松法律事務所 弁護士） 藤原 総一郎 委 員： （Field-R法律事務所 弁護士） 小西 智志 委 員： （当社社外監査役） 秋山 政徳 委 員： （当社常勤監査役） 鈴木 佐知子,弁護士法人瓜生・糸賀法律事務所 弁護士 澤田 忠之 他 2 名 株式会社ＫＰＭＧ ＦＡＳ 公認会計士 髙岡 俊文 藤田 大介 他 4 名,http://www.daisanshaiinkai.com/2015/,6177,219.0
2015,7853 東証2,株式会社フード・プラネット,東京第一監査法人,2015-12-03,2015/12/03 2016/01/15,http://www.daisanshaiinkai.com/cms/wp-content/uploads/2015/12/151203_daisansha78531.pdf http://www.daisanshaiinkai.com/cms/wp-content/uploads/2015/12/160115_daisansha7853.pdf,2016-01-20,http://www.daisanshaiinkai.com/cms/wp-content/uploads/2015/12/160120_daisansha7853.pdf,（１）平成26 年７月に開始した本件事業に関する事実関係及び問題点の調査分析 （２）本件事業に係る会計処理についての検討 （３）売上計上の妥当性等の問題が存在する場合は、その再発防止策の提言 （４）その他、第三者委員会が調査の過程において必要と認める事項,委員長：（二重橋法律事務所 弁護士） 大塚 和成 委 員：（坂朋法律事務所 弁護士 ） 坂本 朋博 委 員：（公認会計士） 岩崎 康子,,http://www.daisanshaiinkai.com/2015/,7853,
2015,2315 JASDAQ,株式会社ＳＪＩ,赤坂満秋・海生裕明,2015-11-25,2015-11-25,http://www.daisanshaiinkai.com/cms/wp-content/uploads/2015/11/151125_chousa2315.pdf,2015-12-29,http://www.daisanshaiinkai.com/cms/wp-content/uploads/2015/11/151229_chousa2315.pdf,＜社内調査委員会＞ 平成27年８月７日の社外委員会からの検証報告書を受領後、内部管理体制の整備において、国内および海外におけるハードウェア取引における李元取締役の返済原資と株式会社キング・テックへの貸付金の関連性を含む過去の取引の適切性について再度点検した結果、取引の適切性に関してより深い調査が必要と判断したもの。,委員長：（松田綜合法律事務所 弁護士） 大橋 君平 委員：（松田綜合法律事務所 弁護士） 兼定 尚幸 委員：（株式会社ＳＪＩ 内部監査室長） 鎌田 俊一郎,,http://www.daisanshaiinkai.com/2015/,2315,126.0
2015,8095 東証1,イワキ株式会社,あずさ,2015-11-20,2015-11-20,http://www.daisanshaiinkai.com/cms/wp-content/uploads/2016/01/151120_fusei8095.pdf,2016/01/13 2016/01/13,http://www.daisanshaiinkai.com/cms/wp-content/uploads/2016/01/160113_chousa8095.pdf http://www.daisanshaiinkai.com/cms/wp-content/uploads/2016/01/160113_kansanin9898-2.pdf,① 本件不正行為に関する社内調査に対する公正中立な検証 ② 本件不正行為に関する第三者による独自の調査 ③ 再発防止策の検討及び提言,委員長：（元横浜地検検事正・前公正取引委員会委員 弁護士） 神垣 清水 委員：（株式会社クリフィックス FAS 代表取締役 公認会計士） 近藤 弘 委員：（二重橋法律事務所パートナー 弁護士） 大塚 和成,株式会社クリフィックス FAS 公認会計士 佐藤 純也 進士 敦史 二重橋法律事務所 弁護士 西岡 祐介 江口 真理恵 高田 翔行,http://www.daisanshaiinkai.com/2015/,8095,525.0
2015,7851 東証2,カワセコンピュータサプライ株式会社,トーマツ,2015-11-16,2015/11/16 2015/11/18,http://www.daisanshaiinkai.com/cms/wp-content/uploads/2015/11/151116_daisansha7851.pdf http://www.daisanshaiinkai.com/cms/wp-content/uploads/2015/11/151118_daisansha7851.pdf,2015/12/07 2015/12/07,http://www.daisanshaiinkai.com/cms/wp-content/uploads/2015/11/151207_daisansha7851_1.pdf http://www.daisanshaiinkai.com/cms/wp-content/uploads/2015/11/151207_daisansha7851_2.pdf,営業取引の一部に売上金額と原価、証跡の関連性、流通販売形態の 取引において他と異なる利益率及び重複計上が懸念される取引について、当該営業取引に関する事実関係・原因究明を調査し、再発防止策の検討・提言、同種事例の有無の調査を目的とする。,委員長：（弁護士法人 淀屋橋・山上合同 弁護士） 井口 敦 委員：（弁護士法人 淀屋橋・山上合同 弁護士） 藤田 清文 委員：（河江健史会計事務所 公認会計士） 河江 健史,弁護士法人 淀屋橋・山上合同 弁護士 大場 規安 竹本 英世 石原 遥平 公認会計士 青木 幹雄 山下 将則 増田 吉彦 黒川 剛史 他３名,http://www.daisanshaiinkai.com/2015/,7851,264.0
2015,2538 東証2,ジャパン・フード＆リカー・アライアンス株式会社,栄監査法人,2015-11-06,2015/11/06 2015/11/17 2015/12/04 2015/12/8,http://www.daisanshaiinkai.com/cms/wp-content/uploads/2015/11/151106_chousa2538.pdf http://www.daisanshaiinkai.com/cms/wp-content/uploads/2015/11/151117_chousa2538.pdf http://www.daisanshaiinkai.com/cms/wp-content/uploads/2015/11/151204_chousa2538.pdf http://www.daisanshaiinkai.com/cms/wp-content/uploads/2015/11/151208_chousa2538.pdf,2015-12-18,http://www.daisanshaiinkai.com/cms/wp-content/uploads/2015/12/151218_chousa2538.pdf,＜独立調査委員会＞ 盛田㈱における拡売費の見積もりが過少であった件に関する事実関係、及び盛田㈱を含めた J 社グループにおける類似案件の存否を調査し、経営者の関与の有無及びその度合いについて事実認定を行うとともに、不適切なものの存在が認められる場合には、その背景や原因を分析し再発防止策を提言すること。,委員長：（TMI 総合法律事務所 弁護士） 相澤 光江 委員：（TMI 総合法律事務所 弁護士） 谷津 朋美 委員：（TMI 総合法律事務所 弁護士） 相澤 豪,TMI 総合法律事務所 弁護士 衛藤 佳樹 篠原 一生,http://www.daisanshaiinkai.com/2015/,2538,
2015,2538 東証2,ジャパン・フード＆リカー・アライアンス株式会社,栄監査法人,2015-11-06,2015/11/06 2015/11/17 2015/12/04,http://www.daisanshaiinkai.com/cms/wp-content/uploads/2015/11/151106_chousa2538.pdf http://www.daisanshaiinkai.com/cms/wp-content/uploads/2015/11/151117_chousa2538.pdf http://www.daisanshaiinkai.com/cms/wp-content/uploads/2015/11/151204_chousa2538.pdf,2015-12-08,http://www.daisanshaiinkai.com/cms/wp-content/uploads/2015/11/151208_chousa2538.pdf,＜独立調査委員会＞ 本件疑義に係る事項として栄監査法人より指摘された以下の事項について、 i） 事実関係及びその経緯・動機を把握し、 ii） 会長の代表取締役としての善管注意義務（会社法第330条、民法第644条）及び忠実義務（会社法第355条）の違反の有無についての法的評価を行い、さらに iii） 当社内部統制システムの不備又はこれが有効に機能していないおそれについての判断を示すとともに、これらに問題が存在した時はその原因を分析し再発防止策を提言すること。,委員長：（TMI総合法律事務所 弁護士） 相澤 光江 副委員長：（田淵公認会計士事務所 公認会計士） 田淵 正信 副委員長：（アンダーソン・毛利友常法律事務所 弁護士） 増田 健一 委員：（TMI総合法律事務所 弁護士） 相澤 豪 委員：（TMI総合法律事務所 弁護士） 谷津 朋美 委員：（TMI総合法律事務所 弁護士） 米田 紀子 委員：（アンダーソン・毛利友常法律事務所 弁護士） 塚本 英巨 委員：（河江健史会計事務所 公認会計士） 河江 健史,TMI 総合法律事務所 弁護士 佐藤 竜明 篠原 一生 アンダーソン・毛利・友常法律事務所 弁護士 竹本 康彦 公認会計士 樫本 尚彦 張本 和志 土井 貴達 他６名,http://www.daisanshaiinkai.com/2015/,2538,
2015,2538 東証2,ジャパン・フード＆リカー・アライアンス株式会社,栄監査法人,2015-11-06,2015-11-06,http://www.daisanshaiinkai.com/cms/wp-content/uploads/2015/11/151106_chousa2538.pdf,2015-10-15,http://www.daisanshaiinkai.com/cms/wp-content/uploads/2015/11/151106_chousa2538.pdf,＜独立調査委員会＞ 本件疑義に係る事項として栄監査法人より指摘された以下の事項について、 i） 事実関係及びその経緯・動機を把握し、 ii） 会長の代表取締役としての善管注意義務（会社法第330条、民法第644条）及び忠実義務（会社法第355条）の違反の有無についての法的評価を行い、さらに iii） 当社内部統制システムの不備又はこれが有効に機能していないおそれについての判断を示すとともに、これらに問題が存在した時はその原因を分析し再発防止策を提言すること。,委員長：（TMI総合法律事務所 弁護士） 相澤 光江 副委員長：（アンダーソン・毛利友常法律事務所 弁護士） 増田 健一 委員：（TMI総合法律事務所 弁護士） 相澤 豪 委員：（TMI総合法律事務所 弁護士） 谷津 朋美 委員：（TMI総合法律事務所 弁護士） 米田 紀子 委員：（アンダーソン・毛利友常法律事務所 弁護士） 塚本 英巨,TMI総合法律事務所 弁護士 佐藤 竜明 篠原 一生 アンダーソン・毛利友常法律事務所 弁護士 竹本 康彦,http://www.daisanshaiinkai.com/2015/,2538,
2015,7238 東証1,曙ブレーキ工業株式会社,トーマツ,2015-11-04,2015-11-04,http://www.daisanshaiinkai.com/cms/wp-content/uploads/2015/11/151104_chousa7238.pdf,2015-12-15,http://www.daisanshaiinkai.com/cms/wp-content/uploads/2015/11/151215_chousa7238.pdf,＜調査委員会＞ ① 本件不適切会計処理の内容の詳細及びその影響額 ② 本件不適切会計処理と同様の会計処理の有無及びその影響額 ③ 本件不適切会計処理の発生原因の究明と再発防止策の提言,委員長：（当社 社外監査役、弁護士） 本間 通義 副委員長：（当社 社外監査役、公認会計士） 遠藤 今朝夫 委員：（当社 常務執行役員・コンプライアンス担当） 藤本 吉彦 委員：（当社 法務・総務部 部長） 渡邉 高夫 委員：（当社 監査部 部長代行） 小野寺 勝弘,,http://www.daisanshaiinkai.com/2015/,7238,115.0
2015,6641 東証1,日新電機株式会社,あずさ,2015-10-28,2015-10-28,http://www.daisanshaiinkai.com/cms/wp-content/uploads/2015/11/151028_chousa6641.pdf,2015-11-12,http://www.daisanshaiinkai.com/cms/wp-content/uploads/2015/11/151112_chousa6641.pdf,＜内部調査委員会＞ 仕掛品の一部につき 10.2 億円（製造原価ベース）の過大計上が発生した経緯及び長年に亘り実態が把握できなかった直接・間接の理由、システム面並びに業務プロセス・体制上の問題点などを調査し、再発防止策を提言する。,委員長：（代表取締役社長） 小畑 英明 委員：（社外取締役、大学大学院教授） 百合野 正博 委員： （社外監査役） 森田 衛 委員： （社外監査役、弁護士） 田中 等 委員：（社外監査役、公認会計士） 佐伯 剛 委員：（常務取締役、人事部等所管） 延 昌秀 委員：（常務取締役、経理部等所管） 植野 正,当社法務室・経理部・情報システム部所属の社員,http://www.daisanshaiinkai.com/2015/,6641,
2015,3407 東証1,旭化成株式会社,PwCあらた,2015-10-23,2015-10-23,http://www.daisanshaiinkai.com/2015/../wp-content/uploads/2015/10/151023_chousa3407.pdf,2016/01/08 2016/02/09,http://www.daisanshaiinkai.com/2015/../wp-content/uploads/2015/10/160108_chousa3407.pdf http://www.daisanshaiinkai.com/2015/../wp-content/uploads/2015/10/160209_chousa3407.pdf,"＜外部調査委員会＞ ① 旭化成建材が杭工事を施工した横浜市所在のマンションの不具合等に関する、調査委員会（社内）が実施する調査結果の検証、事実関係の調査（施工報告書の施工データ等の調査および関係者への聴取を含む）、原因分析、および再発防止策の提言。 ② 旭化成建材が施工した過去 10 年間の杭工事施工実績（3,040 件）の調査方法などに関する指導および助言。",委員長 ：（元福岡高等検察庁検事長 弁護士） 鈴木 和宏 委員：（大森法律事務所 弁護士） 大森 一志 委員：（島田法律事務所 弁護士） 沖田 美恵子,,http://www.daisanshaiinkai.com/2015/,3407,1203.0
2015,7758 東証2,株式会社セコニックホールディングス,新日本,2015-10-22,2015-10-22,http://www.daisanshaiinkai.com/2015/../wp-content/uploads/2015/11/151022_chousa7758.pdf,2015-11-11,http://www.daisanshaiinkai.com/2015/../wp-content/uploads/2015/11/151111_chousa7758.pdf,＜社内調査委員会＞ 株式会社セコニック電子福島事業所において、平成 27 年 8 月31 日実施の実地棚卸において一部の棚卸在庫の帳簿残高が 44 百万円過大計上されていることが判明。 本件の事実確認および原因究明等の調査を目的とする。,委員長：（当社監査等委員、独立社外取締役、公認会計士） 村田 憲司 委 員：（当社監査等委員） 平林 純一 委 員：鈴木章浩（当社取締役管理本部長） 委 員：（当社執行役員、経理財務部長） 佐藤 重朗,当社内部統制監査室および経理部のメンバー,http://www.daisanshaiinkai.com/2015/,7758,
2015,3088 東証1,株式会社マツモトキヨシホールディングス,トーマツ,2015-10-15,2015-10-15,http://www.daisanshaiinkai.com/2015/../wp-content/uploads/2015/10/151015_chousa3088.pdf,2015-11-11,http://www.daisanshaiinkai.com/2015/../wp-content/uploads/2015/10/151111_chousa3088.pdf,＜調査委員会＞ ① 今回の事象に関する事実関係の調査 ② 本件の他に同様の事象が存在しないかの調査 ③ 今回の事象による影響額に関する会計処理方法の提言 ④ 今回の事象が発生した要因と再発防止策の策定・提言 ⑤ 関係者への責任追及、及び処分に関する提言,委員長：（当社顧問弁護士） 三好 徹 委員：（当社専務取締役 管理統括管掌） 成田 一夫 委員：（当社執行役員 内部統制統括室長） 小部 真吾 委員：（当社執行役員 財務経理部長） 石橋 昭男 委員：（当社補欠社外監査役、弁護士） 妹尾 佳明 委員：（公認会計士・税理士） 成瀬 徹,,http://www.daisanshaiinkai.com/2015/,3088,3097.0
2015,2400 JASDAQ,株式会社メッセージ,トーマツ,2015-10-05,2015-10-05,http://www.daisanshaiinkai.com/2015/../wp-content/uploads/2015/10/151005_daisansha2400.pdf,2015-12-07,http://www.daisanshaiinkai.com/2015/../wp-content/uploads/2015/10/151207_daisansha2400.pdf,当社及び当社の子会社である積和サポートシステム株式会社が運営する施設における施設運営及び当社の本社による各施設の業務管理体制、経営陣によるコーポレートガバナンス体制の構築等に問題がないか、網羅的に調査し、事実関係及び発生原因を解明し、責任の所在を明確にするとともに、再発防止策の提言を行うこと。,委員長：（佐藤総合法律事務所代表 弁護士） 佐藤 明夫 委員：（元最高検察庁検事・青陵法律事務所 弁護士） 安田 博延 委員：（大阪大学大学院人間科学研究科教授 大学教授） 佐藤 眞一,,http://www.daisanshaiinkai.com/2015/,2400,
2015,9973 JASDAQ,株式会社小僧寿し,監査法人和宏事務所,2015-10-02,2015/10/02 2015/10/07,http://www.daisanshaiinkai.com/2015/../wp-content/uploads/2015/10/151002_chousa9973.pdf http://www.daisanshaiinkai.com/2015/../wp-content/uploads/2015/10/151007_chousa9973.pdf,2015/11/13 2015/11/30,http://www.daisanshaiinkai.com/2015/../wp-content/uploads/2015/10/151113_chousa9973.pdf http://www.daisanshaiinkai.com/2015/../wp-content/uploads/2015/10/151130_chousa9973.pdf,＜調査委員会＞ (1) 今回の事象に関する事実関係の調査 (2) 本件の他に同様の事象が存在しないかの調査 (3) 今回の事象により発生した損害額に関する会計処理方法の提言 (4) 今回の事象が発生した要因と再発防止策の策定・提言 (5) 関係者への責任追及、及び処分に関する提言,委員長：（税理士法人東京フィナンシャル会計事務所 公認会計士） 能勢 元 委員：（二重橋法律事務所パートナー 弁護士） 高谷 裕介 委員：（当社常勤監査役） 楠原 正人 委員：（当社社外監査役 弁護士） 藤戸 久寿 委員：（当社社外監査役） 松本 幸夫,,http://www.daisanshaiinkai.com/2015/,9973,25.0
2015,3647 東証2,株式会社コネクトホールディングス,アーク監査法人,2015-09-24,2015-09-24,http://www.daisanshaiinkai.com/2015/../wp-content/uploads/2015/09/150924_daisansha3647.pdf,2015/10/26 2015/10/26,http://www.daisanshaiinkai.com/2015/../wp-content/uploads/2015/09/151026_daisansha3647-1.pdf http://www.daisanshaiinkai.com/2015/../wp-content/uploads/2015/09/151026_daisansha3647-2.pdf,（1） 株式会社エコ・ボンズの平成 27 年 8 月期における営業取引（本件含め全 7 件）に関する事実関係及び問題点の調査分析。 （2） 上記（１）について、問題ある営業取引と判断された場合には、その指摘と原因究明、及び再発防止策に関する提言。,委員長：（オーデリック株式会社社外監査役 弁護士） 中西 和幸 委員：（松山公認会計士事務所 公認会計士） 松山 昌司 委員：（河江健史会計事務所 公認会計士） 河江 健史,田辺総合法律事務所 弁護士 貝塚 光啓 伊藤 英之 公認会計士 土井 貴達 増田 吉彦 市川 雅浩 他２名 AOSリーガルテック株式会社 重政 孝 藤木 隆三,http://www.daisanshaiinkai.com/2015/,3647,172.0
2014,9704 東証1,株式会社アゴーラ・ホスピタリティー・グループ,アヴァンティア,2014-12-17,2014/12/17 2015/03/02,http://www.daisanshaiinkai.com/cms/wp-content/uploads/2019/09/141217_chousa9704.pdf http://www.daisanshaiinkai.com/cms/wp-content/uploads/2019/09/150302_chousa9704.pdf,2015-03-20,http://www.daisanshaiinkai.com/cms/wp-content/uploads/2019/09/150320_chousa9704.pdf,＜社内調査委員会＞ (1) 本件霊園事業に関する持分 70％取得時及びそれ以降の BSI 社株式の評価に関する事実関係の調査(以下、当委員会が行った調査を｢本件調査｣という。)、認定及び問題点の有無の分析並びに BSI 社株式に関する価値評価及び会計処理の適正性・妥当性の検証 (2) 上記(1)の検証結果に基づく過年度の会計処理の訂正要否の検討及び訂正が必要となる場合の範囲・影響額等の確認 (3) 上記(1)(2)を踏まえた原因分析と再発防止策の提言,委員長：（西村あさひ法律事務所 弁護士） 渋谷 卓司 委員：（株式会社 AGS コンサルティング 公認会計士） 松本 亨 委員：（AHG 取締役 CFO） 佐藤 暢樹,,http://www.daisanshaiinkai.com/2014/,9704,64.0
2014,3170 JASDAQ,株式会社アイセイ薬局,新日本,2014-11-28,2014-11-28,http://www.daisanshaiinkai.com/cms/wp-content/uploads/2014/11/3170_201411281.pdf,2015-01-30,http://www.daisanshaiinkai.com/cms/wp-content/uploads/2014/11/150130_daisansha3170.pdf,（１）過去の一部の工事請負契約、土地賃貸借契約及び不動産売買契約等につき、適切な会計処理が行われていなかったなどの疑義が生じており、当該会計処理に関する事実関係を調査し、会計処理の適正性・妥当性について検討を行うとともに、会計処理が適正性・妥当性を欠くと判断した場合には、その原因究明を行い、当社がとるべき会計処理の検討を行う。 （２）上記（１）を踏まえ、再発防止策の提言を行う。 （３）その他第三者委員会が必要と認めた調査対象事項についても調査を行う。,委員長：（あさひ法律事務所 弁護士） 那須 弘平 委員：（阿部・井窪・片山法律事務所 弁護士） 伊藤 尚 委員：（AGS税理士法人・㈱AGSコンサルティング 公認会計士・税理士） 古田 十 委員：（公認会計士宇澤事務所 公認会計士・公認不正検査士） 宇澤 亜弓,株式会社 KPMG FAS 高岡 俊文（パートナー，公認会計士） 藤田 大介（ディレクター，公認会計士）他 15 名 あさひ法律事務所 上床 竜司（弁護士） 山崎 純（弁護士） 阿部・井窪・片山法律事務所 須崎 利泰（弁護士） 飯田 岳（弁護士） 株式会社 AGS コンサルティング 江波戸 正人（税理士） 丸山 悠由（公認会計士） 谷垣 眞也（公認会計士） 筒井 寛和（公認会計士）,http://www.daisanshaiinkai.com/2014/,3170,
2014,6079 マザーズ,株式会社エナリス,トーマツ,2014-11-20,2014/11/20 2014/12/12 2014/12/19,http://www.daisanshaiinkai.com/cms/wp-content/uploads/2015/01/6079_20141120.pdf http://www.daisanshaiinkai.com/cms/wp-content/uploads/2015/01/6079_20141212.pdf http://www.daisanshaiinkai.com/cms/wp-content/uploads/2015/01/6079_20141219.pdf,2014/12/12 2014/12/18,http://www.daisanshaiinkai.com/cms/wp-content/uploads/2015/01/6079_20141212_report.pdf http://www.daisanshaiinkai.com/cms/wp-content/uploads/2015/01/6079_20141219_report.pdf,（１）会計処理に疑義が生じた株式会社エナリスとAY社株式会社との取引及びその他の会計処理に疑義の生じる可能性がある取引等について網羅的に調査を行い、事実関係及び株式会社エナリスが行うべき適切な会計処理の検討を行い、調査の結果判明した事実関係及び株式会社エナリスが行うべき適切な会計処理につき報告することを目的としている。 （２）上記の事実関係を基に、発生原因及び責任の所在並びに再発防止策の分析検討を行った結果を株式会社エナリスに対して報告することを目的としている。,委員長：（日野正晴法律事務所 弁護士） 日野 正晴 委員：（水上法律事務所 弁護士） 水上 洋 委員：（太陽有限責任監査法人 公認会計士） 和田 芳幸,記載なし,http://www.daisanshaiinkai.com/2014/,6079,
2014,7743 東証2,株式会社シード,あらた,2014-11-11,2014/11/11 2014/12/10 2014/12/24,http://www.daisanshaiinkai.com/cms/wp-content/uploads/2015/01/eir-1.pdf http://www.daisanshaiinkai.com/cms/wp-content/uploads/2015/01/eir-2.pdf http://www.daisanshaiinkai.com/cms/wp-content/uploads/2015/01/eir.pdf,2014-12-10,http://www.daisanshaiinkai.com/cms/wp-content/uploads/2014/11/7743_20141210_report.pdf,① 本件取引に関する当社による事実関係の調査方法、調査内容及び結果の検証（そのために必要な範囲の調査も含む） ② 本件取引と類似の取引の有無（他に漏れている関連当事者の有無）に関する当社による事実関係の調査方法、調査内容及び結果の検証（そのために必要な範囲の調査も含む） ③ 本件取引が事前に防止されなかったこと、及び早期に発見されなかった原因の調査分析 ④ 再発防止策（ガバナンス上の対策の検討を含む）の提言及び関係者の責任の所在に関する意見,委員長：（柏木総合法律事務所 弁護士、慶應義塾大学法科大学院教授） 福井 琢 委員：（公認会計士原田恒敏事務所 公認会計士） 原田 恒敏 委員：（㈱シード社外監査役） 種房 俊二,柏木総合法律事務所 迫 友広,http://www.daisanshaiinkai.com/2014/,7743,551.0
2014,7708 JASDAQ,石山Gateway Holdings株式会社,東京中央,2014-11-07,2014-11-07,http://www.daisanshaiinkai.com/cms/wp-content/uploads/2014/11/7708_20141107.pdf,2014-12-12,http://www.daisanshaiinkai.com/cms/wp-content/uploads/2014/11/7708_20141212_report.pdf,（１）GWHによる下記行為に関する事実関係の調査（発生原因及び問題点の調査・分析を含む。） （２）GWHの調査対象行為に係る会計処理が、会計ルールに違反するか否かについて、GWHの取締役会への答申 （３）その他、GWHの会計処理とその開示のあり方や、必要に応じて再発防止策についての調査及び答申 ■下記行為 ①GWH及びGWHの子会社における会計処理のうち、過年度における発電機の売買に関するものとしてGWHが個別調査を要請した行為 ②平成25年7月以降（過年度における）①の行為に類似する行為 ③その他当委員会が調査を必要と認めた一切の行為（疑義を避けるため、当該行為の調査をGWHが拒絶する事はできないことを確認する）,委員長：（弁護士法人ほくと総合法律事務所 弁護士） 石毛 和夫 委員：（河江健史会計事務所 公認会計士） 河江 健史 委員：（岩田合同法律事務所 弁護士） 木村 健,弁護士法人ほくと総合法律事務所 千葉 恵介 井田 大輔 横瀬 大輝 他 岩田合同法律事務所 永口 学 加藤 真由美 武藤 雄木 笹川 豪介 都 志明 他 公認会計士 青木 幹雄 山田 勝也 土井 貴達 力示 龍臣 高野 博幸 新日本有限責任監査法人FIDS 荒張 健 那須 美帆子 皆山 寛之 萬 仁志 柳 裕二 他,http://www.daisanshaiinkai.com/2014/,7708,
2014,1884 東証１,日本道路株式会社,新日本,2014-11-05,2014/11/05 2014/12/05,http://www.daisanshaiinkai.com/cms/wp-content/uploads/2014/11/1884_20141105.pdf http://www.daisanshaiinkai.com/cms/wp-content/uploads/2014/11/1884_20141205.pdf,2014-12-05,http://www.daisanshaiinkai.com/cms/wp-content/uploads/2014/11/1884_20141205_report.pdf,①社内調査委員会による社内調査を行ったところ、甲出張所において、特定の案件に発生した工事原価を別の案件の工事原価として付け替える「原価移動」等が行われていたことが判明し、会計監査人から社内調査の網羅性等につき疑義を呈されたことから、本件疑義に関する事実関係の認定、発生原因及び問題点の調査分析その他全社的な同種事象の有無調査 ②本件疑義に関する内部統制、コンプライアンス、ガバナンス上の問題点の調査分析 ③上記①及び②の調査分析結果の報告及び再発防止策の提言 を行うことを目的としている。,委員長：（公認会計士宇澤事務所 公認会計士） 宇澤 亜弓 委員：（TMI総合法律事務所 弁護士） 大井 哲也 委員：（TMI総合法律事務所 弁護士・公認会計士） 手島 厚,㈱KPMG FAS 高岡 俊文 須賀 永治 水野 宏之 他10名 TMI総合法律事務所 桝田 慎介 平木 伸佳 海住 幸生 佐々木 政明 工藤 竜之進 小櫃 吉高 他6名,http://www.daisanshaiinkai.com/2014/,1884,2510.0
2014,5122 東証１,オカモト株式会社,新日本,2014-11-04,2014/11/04 2014/12/10,http://www.daisanshaiinkai.com/cms/wp-content/uploads/2014/11/5122_20141104.pdf http://www.daisanshaiinkai.com/cms/wp-content/uploads/2014/11/5122_20141210.pdf,2014-12-10,http://www.daisanshaiinkai.com/cms/wp-content/uploads/2014/11/5122_20141210_report.pdf,①平成24年3月期から平成27年3月期の第1四半期までに行われた疑いのある棚卸資産の数量と評価額に関する不適切な会計処理（②～⑤において総称 して「本件」という）に関する事実認定（経緯・手法・規模等） ②本件の背景及び原因 ③本件の再発防止策のあり方（内部統制及び法令遵守体制についての検討を含む） ④本件にかかる会社の現・旧役職員の責任のあり方 ⑤本件と類似する事象の有無（対象：直近決算）,委員長：（梶谷綜合法律事務所 弁護士） 岡 正晶 委員：（阿部・井窪・片山法律事務所 弁護士） 伊藤 尚 委員：（㈱グローバル・パートナーズ・コンサルティング 公認会計士・税理士） 高田 正昭,阿部・井窪・片山法律事務所 須崎 利泰 飯田 岳,http://www.daisanshaiinkai.com/2014/,5122,5270.0
2014,2453 東証１ ・名証１,ジャパンベストレスキューシステム株式会社,トーマツ,2014-10-29,2014/10/29 2014/11/11,http://www.daisanshaiinkai.com/cms/wp-content/uploads/2014/10/2453_20141029.pdf http://www.daisanshaiinkai.com/cms/wp-content/uploads/2014/10/2453_20141111.pdf,2014-11-10,http://www.daisanshaiinkai.com/cms/wp-content/uploads/2014/10/2453_20141110_report.pdf,①a氏個人によるAへの出資の有無及び同社のJBR子会社・関連会社への該当の有無 ②a氏個人による出資又は融資に関する関連当事者の範囲の網羅性 ③a氏個人による出資、融資、遊興費等に係る資金がJBRグループから不適正に流出されたものであるか ④バイノスの不適正な会計処理に対するa氏の関与の有無,委員長：（弁護士法人大江橋法律事務所 弁護士） 嶋寺 基 委員：（弁護士法人大江橋法律事務所 弁護士） 倉持 大 委員：（泉会計事務所 公認会計士） 泉 範行,公認会計士 松田 隆志,http://www.daisanshaiinkai.com/2014/,2453,
2014,3587 JASDAQ,グローバルアジアホールディングス株式会社,アリア,2014-10-27,2014-10-27,http://www.daisanshaiinkai.com/cms/wp-content/uploads/2014/10/3587_20141027.pdf,2015/01/21 2015/01/27 2015/02/04,http://www.daisanshaiinkai.com/cms/wp-content/uploads/2014/10/150121_daisansha3587.pdf http://www.daisanshaiinkai.com/cms/wp-content/uploads/2014/10/150127_daisansha35871.pdf http://www.daisanshaiinkai.com/cms/wp-content/uploads/2014/10/150204_daisansha3587.pdf,①平成26年6月に出金された増資資金のうち、内容が明らかとなっていない約192百万円に関する実態調査 ②平成27年3月期第1四半期において特別損失を計上した、資産性や回収可能性に疑義が生じている預け金や営業保証金に関する実態調査 ③社内調査の過程で生じた疑問点（昨年実施された増資の振込金の出金、並行して実行された融資の目的など）に関する調査 ④①から③の発生原因や経緯の調査 ⑤①から③の責任の所在の明確化 ⑥①から③の再発防止策に関する提言,委員長：（逢坂貞夫法律事務所 弁護士） 逢坂 貞夫 委員：（ふじ合同法律事務所 弁護士） 中込 秀樹 委員：（東京ライジング総合会計事務所 公認会計士） 石崎 秀明,弁護士 田 勝己 片岡 剛 尾山 祐介 平田 香織 岡山 大輔 神前 吾郎 公認会計士 峯尾 商衡 楠 壽大,http://www.daisanshaiinkai.com/2014/,3587,
2014,5603 東証１,虹技株式会社,新日本,2014-10-31,2014/10/31 2014/12/12,http://www.daisanshaiinkai.com/cms/wp-content/uploads/2014/10/5601_20141212.pdf http://www.daisanshaiinkai.com/cms/wp-content/uploads/2014/10/5603_20141031.pdf,2014-12-12,http://www.daisanshaiinkai.com/cms/wp-content/uploads/2014/10/5601_20141212_report.pdf,本件会社鉄鋼事業部における不適切な会計処理（仕掛品および製品の不正計上）に関する事実調査、原因究明および再発防止策の提言,委員長：（弁護士法人東町法律事務所 弁護士） 上谷 佳宏 委員：（弁護士法人東町法律事務所 弁護士） 木下 卓男 委員：（飯田健一公認会計士事務所 公認会計士） 飯田 健一,弁護士法人東町法律事務所 虎頭 信宏 西川 精一 名倉 大貴 井茂公認会計士事務所 井茂 博之 豊見里公認会計士事務所 豊見里 隆一,http://www.daisanshaiinkai.com/2014/,5603,1268.0
2014,8104 札証,株式会社クワザワ,新日本,2014-10-23,2014/10/23 2014/12/12,http://www.daisanshaiinkai.com/cms/wp-content/uploads/2014/10/8104_20141023.pdf http://www.daisanshaiinkai.com/cms/wp-content/uploads/2014/10/8104_20141212.pdf,2014-12-12,http://www.daisanshaiinkai.com/cms/wp-content/uploads/2014/10/8104_20141212ir.pdf,株式会社クワザワに対し、外部からクワザワ従業員口座に不適切な金員が流入しているとの指摘があったことから、クワザワにて内部調査委員会が組織され調査が開始されたが、新たな事実・事件が発覚したこともあり、第三者委員会において、 （１）不適切な行為の有無、その原因の究明 （２）（１）の類似行為の有無 （３）会社内部の管理体制の問題点の抽出・分析 （４）再発防止策の検討・提言 を目的として活動を行った。,委員長：（岩本・佐藤法律事務所 弁護士） 岩本 勝彦 委員：（林菜つみ法律事務所 弁護士） 林 菜つみ 委員：（公認会計士酒井純事務所 公認会計士・税理士） 酒井 純 委 員：（上田恵一公認会計士事務所 公認会計士・税理士） 上田 恵一,公認会計士大和事務所 大和 真祐 おおがゆ法律事務所 井上 智輝,http://www.daisanshaiinkai.com/2014/,8104,591.0
2014,2315 JASDAQ,株式会社SJI,清和,2014-10-10,2014-10-10,http://www.daisanshaiinkai.com/cms/wp-content/uploads/2014/10/2315_20141010.pdf,2015/01/30 2015/01/30 2015/01/30 2015/02/03 2015/08/07,http://www.daisanshaiinkai.com/cms/wp-content/uploads/2014/10/150130_daisansha2315_1.pdf http://www.daisanshaiinkai.com/cms/wp-content/uploads/2014/10/150130_daisansha2315_2.pdf http://www.daisanshaiinkai.com/cms/wp-content/uploads/2014/10/150130_daisansha2315_3.pdf http://www.daisanshaiinkai.com/cms/wp-content/uploads/2014/10/150203_daisansha2315.pdf http://www.daisanshaiinkai.com/cms/wp-content/uploads/2014/10/150807_chousa2315.pdf,（１）過年度のハードウェア取引の一部が通常の商取引ではなく実質的には金融取引であった可能性についての調査および原因の究明 （２）当社および当社子会社において社内の承認手続を経ずに債務保証が行われた可能性についての調査および原因の究明 （３）当社および当社子会社においてその他の不適切な取引が行われた可能性についての調査および原因の究明 （４）以上の取引の結果として誤った会計処理が行われた可能性があることについての調査及び原因の究明,委員長：（渥美坂井法律事務所・外国法共同事業 弁護士） 根津 宏行 委員：（渥美坂井法律事務所・外国法共同事業 弁護士） 早川 真崇 委員：（Cenxus税理士法人・監査法人東海会計社 公認会計士・税理士） 青島 信吾,,http://www.daisanshaiinkai.com/2014/,2315,126.0
2014,8160 東証１ ・名証１,株式会社木曽路,トーマツ,2014-09-10,2014/09/10 2014/12/24 2014/12/25,http://www.daisanshaiinkai.com/cms/wp-content/uploads/2014/09/8160_20140910.pdf http://www.daisanshaiinkai.com/cms/wp-content/uploads/2014/09/8160_20141224.pdf http://www.daisanshaiinkai.com/cms/wp-content/uploads/2014/09/8160_20141225.pdf,2014/12/23 2014/12/25,http://www.daisanshaiinkai.com/cms/wp-content/uploads/2014/09/8160_20141223_report1.pdf http://www.daisanshaiinkai.com/cms/wp-content/uploads/2014/09/8160_20141225ir1.pdf,平成24年から平成26年の間に、いわゆる銘柄牛メニューの一部について、通常の和牛特選霜降肉を提供していたことが判明したとされた銘柄牛の偽装提供事案について、 （１）社内調査の内容・結果に関する検証、不足する調査の指摘 （２）発生原因・問題点の調査分析と、責任の所在の究明 （３）本件に関する内部統制、コンプライアンス上の問題点の究明 （４）当社の業務改善、再発防止策の策定に関する提言 を行うものである。,委員長：（弁護士法人愛知総合法律事務所 弁護士） 熊田 士朗 委員：（佐尾・井上法律事務所 弁護士） 井上 尚司 委員：（かがやき監査法人 公認会計士） 稲垣 靖,全国食肉公正取引協議会 専務理事 小林 喜一 弁護士法人愛知総合法律事務所 横井 優太,http://www.daisanshaiinkai.com/2014/,8160,2538.0
2014,4793 JASDAQ,株式会社富士通ビー・エス・シー,新日本,2014-07-07,2014/07/07 2014/08/14,http://www.daisanshaiinkai.com/cms/wp-content/uploads/2015/01/4793_20140707.pdf http://www.daisanshaiinkai.com/cms/wp-content/uploads/2015/01/4793_20140814.pdf,2014-08-14,http://www.daisanshaiinkai.com/cms/wp-content/uploads/2015/01/4793_20140814_report.pdf,（１）本件疑義（未請求売掛金、未契約の仕掛品に関する不適切な会計処理が行われた可能性）に関する事実関係及び問題点の調査分析 （２）本件疑義に関する取引に係る適正な会計処理の検討 （３）再発防止策の検討及び提言,委員長：（公認会計士宇澤事務所 公認会計士・公認不正検査士） 宇澤 亜弓 委員：（村島・穂積法律事務所 弁護士） 村島 俊宏 委員：（二重橋法律事務所 弁護士） 熊谷 真喜,㈱KPMG FAS 高岡 俊文 須賀 永治 他11名 二重橋法律事務所 江口 真理恵,http://www.daisanshaiinkai.com/2014/,4793,
2014,2453 東証１ ・名証１,ジャパンベストレスキューシステム株式会社,トーマツ,2014-06-14,2014/06/14 2014/07/28,http://www.daisanshaiinkai.com/cms/wp-content/uploads/2014/06/2453_20140614.pdf http://www.daisanshaiinkai.com/cms/wp-content/uploads/2014/06/2453_20140728.pdf,2014-07-25,http://www.daisanshaiinkai.com/cms/wp-content/uploads/2014/06/2453_20140725_report.pdf,①本件バイノス案件について、C氏、D氏、E氏又はF氏がバイノスの不適正な売上計上を認識し又はこれに関与したか否か ②本件NDG案件について、 a)JBR各取締役が本件投融資を実行すると決定した判断が取締役としての善管注意義務違反にあたるか b)NDGの資金の調達及び使途について不適正な点がみられないか等の事実関係を調査すること 調査の結果、C氏、D氏、E氏若しくはF氏がバイノスの不適正な売上計上を認識し若しくはこれに関与した事実が確認された場合、又は、本件NDG案件に関する調査の結果判明した事実が不適切と判断される場合には、その原因の究明を行い、再発防止策を提言することとした。,委員長：（弁護士法人港国際法律事務所 弁護士） 玄 君先 委員：（ウイズダム法律事務所 弁護士） 飛田 博 委員：（みかさ監査法人 公認会計士） 安田 幸一,弁護士法人港国際法律事務所 田中 紀行 仲田 隆介 坂本 大輔 ウイズダム法律事務所 江嵜 宗利 みかさ監査法人 井山 栄治 太田 行,http://www.daisanshaiinkai.com/2014/,2453,
2014,2724 JASDAQ,インスパイアー株式会社,清和,2014-06-09,2014/06/09 2014/06/19 2014/07/15,http://www.daisanshaiinkai.com/cms/wp-content/uploads/2014/06/2724_20140609.pdf http://www.daisanshaiinkai.com/cms/wp-content/uploads/2014/06/2724_20140619.pdf http://www.daisanshaiinkai.com/cms/wp-content/uploads/2014/06/2724_20140715.pdf,2014-07-15,http://www.daisanshaiinkai.com/cms/wp-content/uploads/2014/06/2724_20140715_report.pdf,本件システム開発について、立上げの経緯、システム開発の実施の有無、 その経過及び状況等に関する事実関係の調査を行うとともに、その会計処理の適切性及 び妥当性についての検討を行うこと。,委員長：（森・濱田松本法律事務所 弁護士） 井上 愛朗 委員：（森・濱田松本法律事務所 弁護士） 川端 健太 委員：（森・濱田松本法律事務所 弁護士） 長谷 修太郎 委員：（松山公認会計士税理士事務所 公認会計士） 松山 昌司,A社（システム・コンテンツ開発業）,http://www.daisanshaiinkai.com/2014/,2724,
2014,2453 東証１ ・名証１,ジャパンベストレスキューシステム株式会社,トーマツ,2014-05-02,2014/05/02 2014/06/03,http://www.daisanshaiinkai.com/cms/wp-content/uploads/2014/05/2453_20140502.pdf http://www.daisanshaiinkai.com/cms/wp-content/uploads/2014/05/2453_20140603.pdf,2014-06-02,http://www.daisanshaiinkai.com/cms/wp-content/uploads/2014/05/2453_20140602_report.pdf,①バイノスの売上計上等に関する事実関係及び問題点の調査分析 ②バイノスがとるべき会計処理についての検討 ③バイノスと JBRLとの間の賃貸借契約に関する内部調査委員会の報告書の検証 ④賃貸料、売上計上等に問題が存在する場合は、その再発防止策の提言,委員長：（成和明哲法律事務所 弁護士） 土岐 敦司 委員：（尾崎法律事務所 弁護士） 尾崎 行正 委員：（優成監査法人 公認会計士） 渡邊 芳樹,弁護士 8名 公認会計士 4名 公認会計士試験合格者 2名,http://www.daisanshaiinkai.com/2014/,2453,
2014,7550 東証１,株式会社ゼンショーホールディングス,あらた,2014-04-28,2014/04/28 2014/04/30 2014/07/31 2014/07/31,http://www.daisanshaiinkai.com/cms/wp-content/uploads/2014/04/7550_20140428.pdf http://www.daisanshaiinkai.com/cms/wp-content/uploads/2014/04/7550_20140430.pdf http://www.daisanshaiinkai.com/cms/wp-content/uploads/2014/04/7550_20140731_1.pdf http://www.daisanshaiinkai.com/cms/wp-content/uploads/2014/04/7550_20140731_2.pdf,2014-07-31,http://www.daisanshaiinkai.com/cms/wp-content/uploads/2014/04/7550_20140731_report.pdf,①地元出身の幹部がより地域に密着した経営を行い、従業員の声を 迅速に反映できる風通しのよい環境を実現するべく、全国に7つの地域運営会社を設立し、それぞれがすき家店舗を運営する分社化を実施し、 ②労働環境改善に関してZHD社に提言を行うことを目的として、 労働環境改善に関する第三者委員会を設置することとした。,委員長：（日比谷パーク法律事務所 弁護士） 久保利 英明 委員：（国広総合法律事務所 弁護士） 國廣 正 委員：（一般社団法人経営倫理実践研究センター） 村松 邦子,日比谷パーク法律事務所 野宮 拓 国広総合法律事務所 中村 克己 日比谷パーク法律事務所 小川 直樹 井上 拓,http://www.daisanshaiinkai.com/2014/,7550,9525.0
2014,6625 JASDAQ,JALCOホールディングス株式会社,KDA,2014-02-25,2014/02/25 2014/03/04 2014/04/25 2014/05/30 2014/06/06 2014/09/12,http://www.daisanshaiinkai.com/cms/wp-content/uploads/2014/02/6625_20140225.pdf http://www.daisanshaiinkai.com/cms/wp-content/uploads/2014/02/6625_20140304.pdf http://www.daisanshaiinkai.com/cms/wp-content/uploads/2014/02/6625_20140425.pdf http://www.daisanshaiinkai.com/cms/wp-content/uploads/2014/02/6625_20140530.pdf http://www.daisanshaiinkai.com/cms/wp-content/uploads/2014/02/6625_20140606.pdf http://www.daisanshaiinkai.com/cms/wp-content/uploads/2014/02/6625_20140912.pdf,2014-05-30,http://www.daisanshaiinkai.com/cms/wp-content/uploads/2014/02/6625_20140530_report.pdf,100％子会社であるJASとオムコ社との間のパチンコ及びパチスロの中古遊技機の販売に係る取引において、不正行為が行われており、当該取引に関連して、 ①関連する事実関係（オムコ社の不正行為の有無、対象会社の関与の有無その他関連する事実について）の調査、発生原因及び問題点の分析 ②上記①の事実関係の調査結果に基づき過年度の会計処理の訂正の要否の判断、及び過年度の会計処理の訂正が必要となる場合、その範囲・影響額の確認 ③上記①及び②について、問題があるとの結果になった場合の再発防止策に関する提言 を目的とする。,委員長：（弁護士法人三宅法律事務所 弁護士） 渡邉 雅之 委員：（みかさ監査法人 公認会計士） 安田 幸一 委員：（池亀公認会計士事務所 公認会計士） 池亀 均,弁護士法人三宅法律事務所 森 進吾 舩坂 芳紀 みかさ監査法人 井山 栄治,http://www.daisanshaiinkai.com/2014/,6625,391.0
2014,8922 マザーズ,日本アセットマーケティング株式会社,UHY東京,2014-02-21,2014/02/21 2014/02/26 2014/03/28 2014/04/11,http://www.daisanshaiinkai.com/cms/wp-content/uploads/2014/02/8922_20140221.pdf http://www.daisanshaiinkai.com/cms/wp-content/uploads/2014/02/8922_20140226.pdf http://www.daisanshaiinkai.com/cms/wp-content/uploads/2014/02/8922_20140328.pdf http://www.daisanshaiinkai.com/cms/wp-content/uploads/2014/02/8922_20140411.pdf,2014-03-28,http://www.daisanshaiinkai.com/cms/wp-content/uploads/2014/02/8922_20140328_report.pdf,① 平成24年3月期における2件のソフトウェアの販売取引につき、売上高の計上方法に関する事実関係、発生原因及び問題点の調査分析を行うとともに、会計処理の適正性・妥当性について検討を行う。 ② 上記①を踏まえ、日本 AM が採るべき会計処理について検討を行う。 ③ 上記①を踏まえ、再発防止策の提言を行う。,委員長：（二重橋法律事務所 弁護士） 大塚 和成 委員：（日比谷パーク法律事務所 弁護士） 水野 信次 委員：（横山経営会計事務所 公認会計士・税理士） 横山 友之,二重橋法律事務所 小林 研介 清野 訟一,http://www.daisanshaiinkai.com/2014/,8922,
2013,4714 東証１,株式会社リソー教育,九段,2013-12-16,2013/12/16 2014/02/10 2014/02/14,http://www.daisanshaiinkai.com/cms/wp-content/uploads/2014/02/4714_20131216.pdf http://www.daisanshaiinkai.com/cms/wp-content/uploads/2014/02/4714_20140210.pdf http://www.daisanshaiinkai.com/cms/wp-content/uploads/2014/02/4714_20140214.pdf,2014-02-10,http://www.daisanshaiinkai.com/cms/wp-content/uploads/2014/02/4714_20140210_report.pdf,①株式会社リソー教育及び同社の連結子会社である株式会社名門会における不適切な会計処理に関する事実関係、発生原因及び問題点の調査分析並びに会計処理の適正性の検討 ②上記①の調査分析結果等に基づく適正な会計数値の認定 ③上記①の調査分析結果等に基づく再発防止策の提言,委員長：（高野法律事務所 弁護士） 高野 利雄 委員：（日比谷総合法律事務所 弁護士） 神垣 清水 委員：（晴海協和法律事務所 弁護士） 佐々木 善三 委員：（仰星監査法人 公認会計士） 南 成人,弁護士 9名 公認会計士 24名 IT専門家 2名,http://www.daisanshaiinkai.com/2013/,4714,225.0
2013,2533 東証１,オエノンホールディングス株式会社,新日本,2013-11-29,2013/11/29 2014/02/14 2014/02/26,http://www.daisanshaiinkai.com/cms/wp-content/uploads/2014/02/2533_20131129.pdf http://www.daisanshaiinkai.com/cms/wp-content/uploads/2014/02/2533_20140214.pdf http://www.daisanshaiinkai.com/cms/wp-content/uploads/2014/02/2533_20140226.pdf,2014-02-12,http://www.daisanshaiinkai.com/cms/wp-content/uploads/2014/02/2533_20140212_report.pdf,① 富久娘酒造が製造する商品における醸造アルコールの不適切な使用及び規格外米の不適切な使用に係る不正･不適切な行為（以下｢本件不祥事｣という。）に関する事実関係及びこれに係る経過、背景、原因等事実の究明並びに同事実に対する評価 ② 本件不祥事における関係者の責任と処分 ③ 本件不祥事及び類似事案の再発防止策並びに本件を契機とするオエノン社及び富久娘酒造を含む子会社、関連会社におけるコーポレートガバナンスの構築についての提言,委員長：（半蔵門総合法律事務所 弁護士） 奈良 道博 委員：（堂島法律事務所 弁護士） 中井 康之 委員：（古屋税理士事務所 税理士） 古屋 好清,堂島法律事務所 山本 淳 永田 雄一 恒吉税理士事務所 恒吉 良典,http://www.daisanshaiinkai.com/2013/,2533,595.0
2013,6944 JASDAQ,株式会社アイレックス,新日本,2013-11-22,2013/11/22 2014/03/07,http://www.daisanshaiinkai.com/cms/wp-content/uploads/2014/03/6944_20131122.pdf http://www.daisanshaiinkai.com/cms/wp-content/uploads/2014/03/6944_20140307.pdf,2014-03-07,http://www.daisanshaiinkai.com/cms/wp-content/uploads/2014/03/6944_20140307_report.pdf,①ARX社大阪支店の仕掛品の実態を明らかにすることとし、併せて、ARX社の営業部門又は他の視点や同社の連結子会社にも類似事象が存在しないか否かを分析、検討すること。 ②受注政策のソフトウェア取引の売上計上において、同社が平成２２年４月から採用している工場進行基準の会計処理が個々の取引において適切に行われていたかの調査。 ③同社の主要な取引類型の一つであるシステムエンジニア（SE）の派遣及び業務委託契約の売上計上において、架空売上が全調査対象期間以外の会計期間、並びに、ARX社の連結子会社にも存在していなかったか、またARXグループのその他主要な勘定科目における不適切な会計処理の有無についての調査。,委員長：（新四谷法律事務所 弁護士） 澤井 英久 委員：（弁護士法人霞門法律事務所 弁護士） 根岸 清一 委員：（公認会計士伊藤事務所 公認会計士） 伊藤 大義,新四谷法律事務所 青木 清志 松本 公介 山田二郎法律事務所 澤井 裕 デロイト トーマツ フィナンシャルアドバイザリー㈱ 松澤 公貴 他12名,http://www.daisanshaiinkai.com/2013/,6944,
2013,4798 東証２,株式会社エル・シ・エーホールディングス,アリア,2013-11-15,2013/11/15 2013/11/19 2013/12/27,http://www.daisanshaiinkai.com/cms/wp-content/uploads/2015/01/4798_20131115.pdf http://www.daisanshaiinkai.com/cms/wp-content/uploads/2015/01/4798_20131119.pdf http://www.daisanshaiinkai.com/cms/wp-content/uploads/2015/01/4798_20131227.pdf,2013-12-26,http://www.daisanshaiinkai.com/cms/wp-content/uploads/2015/01/4798_20131226_report.pdf,証券取引等監視委員会開示検査課（SESC）より、平成21年4月28日付にて決議した第三者割当増資により現物出資を受けた不動産の一部につき、評価額が過大に計上されているとの指摘を受けた件に関し、SESCの指摘する疑義について、その事実の有無を判断し、株式会社エル・シー・エーホールディングスから諮問を受けた事項について検討、報告するため。,委員：（二重橋法律事務所 弁護士） 川村 一博 委員：（㈱日本都市鑑定 不動産鑑定士） 奥出 研二 委員：（山田幸平公認会計士事務所） 山田 幸平,記載なし,http://www.daisanshaiinkai.com/2013/,4798,
2013,1419 東証１ ・福証,タマホーム株式会社,トーマツ,2013-11-15,2013/11/15 2014/02/10 2014/02/17,http://www.daisanshaiinkai.com/cms/wp-content/uploads/2014/02/1419_20131115.pdf http://www.daisanshaiinkai.com/cms/wp-content/uploads/2014/02/1419_20140210.pdf http://www.daisanshaiinkai.com/cms/wp-content/uploads/2014/02/1419_20140217.pdf,2014-02-07,http://www.daisanshaiinkai.com/cms/wp-content/uploads/2014/02/1419_201402101.pdf,①JWにおける太陽光システムの販売、与信、提携その他これに関連する取引に係る事実認定 ②本件取引に係る法令違反又は内規違反その他の不正行為があった場合、その背景、原因及び責任の所在の解明 ③JWにおける本件取引の内部管理体制に関する調査 ④タマホームにおける本件取引に係るJWの管理体制に関する調査 ⑤本件取引に関して不正行為又は内部管理体制若しくは子会社管理体制の不備があった場合、その再発防止に関する提言,委員長：（中村・角田・松本法律事務所 弁護士） 中村 直人 委員：（中村・角田・松本法律事務所 弁護士） 松本 真輔 委員：（中村・角田・松本法律事務所 弁護士） 山田 和彦 委員：（中村・角田・松本法律事務所 弁護士） 後藤 晃輔,㈱KPMG FAS 高岡 俊史 堀田 知行 須賀 永治 井上 健一 由良 亘行 佐野 智康 野崎 真樹 渡辺 慎一郎 土井 宏哲,http://www.daisanshaiinkai.com/2013/,1419,3690.0
2013,7516 東証１,コーナン商事株式会社,トーマツ,2013-10-15,2013/10/15 2013/11/06 2013/11/15,http://www.daisanshaiinkai.com/cms/wp-content/uploads/2015/01/7516_20131015.pdf http://www.daisanshaiinkai.com/cms/wp-content/uploads/2015/01/7516_20131106.pdf http://www.daisanshaiinkai.com/cms/wp-content/uploads/2015/01/7516_20131115.pdf,2013-11-05,http://www.daisanshaiinkai.com/cms/wp-content/uploads/2015/01/7516_20131105_report.pdf,以下の調査対象に関する事実関係の究明、発生原因及び問題点の調査分析と、内部統制、コンプライアンス及びガバナンス上の問題点並びに財務諸表への影響の調査分析、加えて、調査分析に基づく再発防止策を提言すること。 （１）コーナン商事取締役X氏による仕入取引先からの不適正な資金の受領の有無 （２）X氏ないしX氏が関係する関連当事者とコーナン商事との取引開始等の経緯 （２－１）X氏が実質経営する不動産会社（H社）が設立される前にコーナン商事が取締役会の承認を得ずに土地の賃借契約を結んだ事実 （２－２）同賃貸借契約に係る土地購入資金1億5000万円をコーナン商事代表取締役社長Y氏がX氏に個人的に貸与した事実 （２－３）Y氏が上海のマンション購入資金としてX氏に1200万円を贈与した事実 （２－４）H社がコーナン商事の取引先からアドバイザー料を受け取っていた事実,委員長：（弁護士法人大江橋法律事務所 弁護士） 魚住 泰宏 委員：（弁護士法人大江橋法律事務所 弁護士） 松井 衡 高槻 史 古庄 俊哉 福冨 友美,公認会計士 田淵 正信 佐和 周 大保 政二 河江 健史 金丸 武志,http://www.daisanshaiinkai.com/2013/,7516,4135.0
2013,8570 東証１,イオンフィナンシャルサービス株式会社,トーマツ,2013-09-17,2013/09/17 2013/10/04,http://www.daisanshaiinkai.com/cms/wp-content/uploads/2015/01/8570_20130917.pdf http://www.daisanshaiinkai.com/cms/wp-content/uploads/2015/01/8570_201310041.pdf,2013-10-04,http://www.daisanshaiinkai.com/cms/wp-content/uploads/2015/01/8570_20131004.pdf,①2013年9月13日にAFS（イオンフィナンシャルサービス株式会社）が公表した台湾子会社における不適切な会計処理及び不正行為に関する事実認定（経緯・手法・規模等） ②本件について不正行為があった場合、その背景と原因 ③AFSにおける現・旧役職員の経営的観点からみた責任の有無及び所在 ④本件について不正行為があった場合、その再発防止に関する提言 ⑤台湾子会社における本件と類似する事象の有無（対象：過去5事業年度） ⑥台湾以外の海外子会社における本件と類似する事象の有無（対象：直近決算） ⑦AFSにおける台湾子会社の管理体制の妥当性（対象：本件の発生年度） ⑧AFSにおける海外子会社管理体制の妥当性（基準時：現時点） ⑨AFSにおける国内子会社管理体制の妥当性（基準時：現時点） ⑩AFSにおける法令等遵守体制全般,委員長：（青陵法律事務所 弁護士） 村山 弘義 委員：（ビンガム・坂井・三村・相澤法律事務所 弁護士） 坂井 秀行 委員：（税理士法人レクス会計事務所 公認会計士） 野村 智夫,青陵法律事務所 安田 博延 谷地向 ゆかり ビンガム・坂井・三村・相澤法律事務所 柴田 義人 松村 卓治 佐竹 真紀 川畑 和彦 佐々木 渉 栗原 誠二 小野塚 格 木村 昌則 横倉 仁 福井 崇人 税理士法人レクス会計事務所 大橋 修 大森 斉貴 池田 徹 上谷 美紀 ㈱KPMG FAS 高岡 俊文 伊藤 益光 須賀 永治,http://www.daisanshaiinkai.com/2013/,8570,1532.5
2013,3331 JASDAQ,株式会社雑貨屋ブルドック,トーマツ,2013-09-13,2013/09/13 2013/11/11 2013/11/14,http://www.daisanshaiinkai.com/cms/wp-content/uploads/2015/01/3331_20130913.pdf http://www.daisanshaiinkai.com/cms/wp-content/uploads/2015/01/3331_20131111.pdf http://www.daisanshaiinkai.com/cms/wp-content/uploads/2015/01/3331_20131114.pdf,2013-11-08,http://www.daisanshaiinkai.com/cms/wp-content/uploads/2015/01/3331_20131108_report.pdf,客観的な見地より、 ①棚卸資産に関して、一部、不適切な会計処理が行われていた疑義について、その背景及び事実関係を明らかにし（不適切な会計処理の実施が明らかになった場合に、当該会計処理による影響額の算出を行うことを含む。）、その結果、不適切な会計処理の実施が明らかになった場合には、 ②その発生原因の調査分析を行うこと、および ③上記の①及び②を踏まえ、再発防止策の検討、提言を行うこと等を目的としている。,委員長：（森・濱田松本法律事務所 弁護士） 浦岡 洋 委員：（公認会計士宇澤事務所 公認会計士・公認不正検査士） 宇澤 亜弓 委員：（森・濱田松本法律事務所 弁護士） 森田 恒平,新日本有限責任監査法人 荒張 健 那須 美帆子 皆山 寛之 他14名 森・濱田松本法律事務所 豊田 百合子 石田 幹人,http://www.daisanshaiinkai.com/2013/,3331,
2013,6425 JASDAQ,株式会社ユニバーサルエンターテインメント,UHY東京,2013-06-27,2013/06/27 2013/08/06 2014/05/16 2014/10/31 2014/12/29 2014/12/29,http://www.daisanshaiinkai.com/cms/wp-content/uploads/2013/06/6425_20140516.pdf http://www.daisanshaiinkai.com/cms/wp-content/uploads/2014/05/6425_20130627.pdf http://www.daisanshaiinkai.com/cms/wp-content/uploads/2014/05/6425_20130806.pdf http://www.daisanshaiinkai.com/cms/wp-content/uploads/2014/05/6425_20141031.pdf http://www.daisanshaiinkai.com/cms/wp-content/uploads/2014/05/6425_201412291.pdf http://www.daisanshaiinkai.com/cms/wp-content/uploads/2014/05/6425_20141229_2.pdf,2014-03-18,http://www.daisanshaiinkai.com/cms/wp-content/uploads/2014/05/6425_20140318.pdf,4000万ドル流出事件に関し、これらに関する関係人の責任追及を主題とする事実関係の調査解析,委員長：（㈱国際危機管理機構） 金重 凱之 委員：（渥美坂井法律事務所・外国法共同事業 弁護士） 内田 輝紀 委員：（弁護士法人浜田卓二郎事務所 弁護士） 浜田 卓二郎 委員：（渥美坂井法律事務所・外国法共同事業 弁護士） 入谷 淳,記載なし,http://www.daisanshaiinkai.com/2013/,6425,1043.0
2013,3896 東証２,阿波製紙株式会社,トーマツ,2013-06-24,2013/06/24 2013/09/17,http://www.daisanshaiinkai.com/cms/wp-content/uploads/2015/01/3896_20130624.pdf http://www.daisanshaiinkai.com/cms/wp-content/uploads/2015/01/3896_20130917.pdf,2013-09-17,http://www.daisanshaiinkai.com/cms/wp-content/uploads/2015/01/3896_20130917_report.pdf,（１）違法配当問題が発生した原因の解明 （２）当社が措った緊急処置の妥当性と残された問題の検討 （３）原因解明を踏まえ、再発防止策の検討（なお、当社で策定した再発防止策で十分か否かの検討を含む）並にその提言,委員長：（徳島大学名誉教授） 矢野 米雄 副委員長：（香川大学法学部教授） 肥塚 肇雄 委員：（さくら税理士法人 公認会計士） 竹内 洋一 委員：（後藤田法律事務所 弁護士） 後藤田 芳志 委員：（阿波製紙株式会社 常勤監査役） 吉岡 誠一,さくら税理士法人 渡邊 功 後藤田法律事務所 市川 倫子,http://www.daisanshaiinkai.com/2013/,3896,389.0
2013,3832 JASDAQ,株式会社T&Cホールディングス,清和,2013-05-23,2013/05/23 2013/07/02,http://www.daisanshaiinkai.com/cms/wp-content/uploads/2015/01/3832_20130523.pdf http://www.daisanshaiinkai.com/cms/wp-content/uploads/2015/01/3832_20130702.pdf,2013-06-26,http://www.daisanshaiinkai.com/cms/wp-content/uploads/2015/01/3832_20130626_report.pdf,（１）第三者割当増資に関して開示内容と異なる事実が判明したことにより、当該事実の調査と原因究明 （２）現状のコンプライアンス体制の問題点の調査及び検討 （３）再発防止策の検討及び提言,委員長：（証券業界有識者 株式会社T&Cホールディングス非常勤監査役） 佐々木 誠 委員：（神谷綜合法律事務所 弁護士） 神谷 晋 委員：（ブレークモア法律事務所 弁護士） 千葉 直人,記載なし,http://www.daisanshaiinkai.com/2013/,3832,
2013,6944 JASDAQ,株式会社アイレックス,聖橋,2013-05-07,2013/05/07 2013/06/10,http://www.daisanshaiinkai.com/cms/wp-content/uploads/2015/01/6944_20130507.pdf http://www.daisanshaiinkai.com/cms/wp-content/uploads/2015/01/6944_20130610.pdf,2013-06-10,http://www.daisanshaiinkai.com/cms/wp-content/uploads/2015/01/6944_20130610_report.pdf,平成24年3月期及び平成25年3月期に計上された売上高について適切な会計処理が行われていなかった可能性に関し、①事実関係の中立的な調査、②調査結果の報告、③再発防止策の提言を行うことを目的としている。,委員長：（桑原隆広公認会計士事務所 公認会計士） 桑原 隆広 委員：（小出康夫法律事務所 弁護士） 小出 康夫 委員：（山田法律事務所 弁護士） 山田 攝子,記載なし,http://www.daisanshaiinkai.com/2013/,6944,
2013,7505 東証２,扶桑電通株式会社,トーマツ,2013-04-09,2013/04/09 2013/05/07 2013/05/14,http://www.daisanshaiinkai.com/cms/wp-content/uploads/2013/04/7505_20130514.pdf http://www.daisanshaiinkai.com/cms/wp-content/uploads/2015/01/7505_20130409.pdf http://www.daisanshaiinkai.com/cms/wp-content/uploads/2015/01/7505_20130507.pdf,2013-05-02,http://www.daisanshaiinkai.com/cms/wp-content/uploads/2015/01/7505_20130502_report.pdf,（１）営業所における架空取引及びスルー取引に係る会計処理上の誤りといった不適切な取引の存否と内容、 （２）不適切な取引の発生原因を専門的および客観的な見地から調査及び分析し、 （３）再発防止策の提言 を行うこと。,委員長：（名取法律事務所 弁護士） 名取 勝也 委員：（アンダーソン・毛利・友常法律事務所 弁護士） 甲斐 淑浩 委員：（清新監査法人 公認会計士） 高砂 晋平,弁護士 山神 麻子 丸山 潤 公認会計士 佐藤 豊毅,http://www.daisanshaiinkai.com/2013/,7505,3640.0
2013,8052 東証１ ・大証１,椿本興業株式会社,新日本,2013-03-25,2013/03/25 2013/05/08,http://www.daisanshaiinkai.com/cms/wp-content/uploads/2015/01/8052_20130325.pdf http://www.daisanshaiinkai.com/cms/wp-content/uploads/2015/01/8052_20130508.pdf,2013-05-02,http://www.daisanshaiinkai.com/cms/wp-content/uploads/2015/01/8052_20130502_report.pdf,①複数の取引先会社との間において架空売上と架空仕入れを伴う不正取引による、不適切な会計処理の有無及び原因行為の事実関係の調査 ②現状の内部管理体制の問題点の調査及び検討 ③再発防止策の検討及び提言 なお、会計処理の具体的な修正方法の提示及び関係者の責任の有無の判断については、当委員会の調査の目的ではない。,委員長：（河本・三浦法律事務所 弁護士） 三浦 州夫 委員：（北浜法律事務所・外国法共同事業 弁護士） 渡辺 徹 委員：（ペガサス監査法人・安原公認会計士事務所 公認会計士） 安原 徹,記載なし,http://www.daisanshaiinkai.com/2013/,8052,2998.0
2013,2369 マザーズ,株式会社メディビックグループ,よつば綜合事務所,2013-02-07,2013/02/07 2013/02/15 2013/02/28 2013/03/15,http://www.daisanshaiinkai.com/cms/wp-content/uploads/2015/01/2369_20130207.pdf http://www.daisanshaiinkai.com/cms/wp-content/uploads/2015/01/2369_20130215.pdf http://www.daisanshaiinkai.com/cms/wp-content/uploads/2015/01/2369_20130228.pdf http://www.daisanshaiinkai.com/cms/wp-content/uploads/2015/01/2369_20130315.pdf,2013-03-15,http://www.daisanshaiinkai.com/cms/wp-content/uploads/2015/01/2369_20130315_report.pdf,株式会社メディビックグループの連結子会社である株式会社メディビックの取引先であるA社より、元当社関係者による当該企業とのM&A等に関する不適切な取引にかかる調査の要望書を受領したことにより、 本件要望書に記載の取引の有無、実態の解明、また当該事項が株式会社メディビックグループに与える影響に関する調査を行うもの。,委員長：（弁護士） 北島 孝久 委員：（弁護士） 川邉 義正 委員：（元警視庁刑事部理事官） 菅村 明仁 委員：（公認会計士・公認不正検査士） 宇澤 亜弓,その他弁護士等,http://www.daisanshaiinkai.com/2013/,2369,
2013,7270 東証１,富士重工株式会社,あずさ,2013-01-31,2013-01-31,http://www.daisanshaiinkai.com/cms/wp-content/uploads/2015/01/7270_20130131.pdf,未公表,,当社のエコテクノロジーカンパニー クリーンロボット部において、不正経理が行われると共に委託事業・補助金事業に関する不適切な請求が行われた不正行為について、不適切な請求の調査と返納額の算定を社内調査委員会が実施し、その結果を元に、信用性、客観性を担保するため。,未公表,,http://www.daisanshaiinkai.com/2013/,7270,3117.0
2013,9822 JASDAQ,株式会社クロニクル,清翔,2013-01-25,2013/01/25 2013/02/05 2013/02/12 2013/02/12 2013/03/14 2013/04/19,http://www.daisanshaiinkai.com/cms/wp-content/uploads/2015/01/9822_20130125.pdf http://www.daisanshaiinkai.com/cms/wp-content/uploads/2015/01/9822_20130205.pdf http://www.daisanshaiinkai.com/cms/wp-content/uploads/2015/01/9822_20130212_1.pdf http://www.daisanshaiinkai.com/cms/wp-content/uploads/2015/01/9822_20130212_2.pdf http://www.daisanshaiinkai.com/cms/wp-content/uploads/2015/01/9822_20130314.pdf http://www.daisanshaiinkai.com/cms/wp-content/uploads/2015/01/9822_20130419.pdf,2013/03/14 2013/04/19,http://www.daisanshaiinkai.com/cms/wp-content/uploads/2015/01/9822_20130314_report.pdf http://www.daisanshaiinkai.com/cms/wp-content/uploads/2015/01/9822_20130419_report.pdf,（１）営業貸付金等の内容、事実関係、発生原因及び問題点の調査分析並びに会計処理の妥当性の検討 （２）海外営業出資金の内容、事実関係、発生原因及び問題点の調査分析並びに会計処理の妥当性の検討 （３）上記（１）及び（２）について、問題があるとの結果となった場合の関係者の処分及び再発防止策に関する提言 その他適宜必要に応じ、類似の不適切な会計処理の有無についても調査を行う。,委員長：（二重橋法律事務所 弁護士） 大塚 和成 委員：（二重橋法律事務所 弁護士） 水川 聡 委員：（瀬戸山公認会計士事務所 公認会計士） 瀬戸山 洋介,記載なし,http://www.daisanshaiinkai.com/2013/,9822,
2013,6425 JASDAQ,株式会社ユニバーサルエンターテインメント,UHY東京,2013-01-07,2013/01/07 2013/01/07 2013/01/10 2013/01/24 2013/02/05 2013/02/08 2013/02/08 2013/05/31 2013/06/21 2013/06/26,http://www.daisanshaiinkai.com/cms/wp-content/uploads/2013/01/6425_20130107_1.pdf http://www.daisanshaiinkai.com/cms/wp-content/uploads/2013/01/6425_20130107_2.pdf http://www.daisanshaiinkai.com/cms/wp-content/uploads/2013/01/6425_20130110.pdf http://www.daisanshaiinkai.com/cms/wp-content/uploads/2013/01/6425_20130124.pdf http://www.daisanshaiinkai.com/cms/wp-content/uploads/2013/01/6425_20130205.pdf http://www.daisanshaiinkai.com/cms/wp-content/uploads/2013/01/6425_20130208_1.pdf http://www.daisanshaiinkai.com/cms/wp-content/uploads/2013/01/6425_20130208_2.pdf http://www.daisanshaiinkai.com/cms/wp-content/uploads/2013/01/6425_20130531.pdf http://www.daisanshaiinkai.com/cms/wp-content/uploads/2013/01/6425_20130621.pdf http://www.daisanshaiinkai.com/cms/wp-content/uploads/2013/01/6425_20130626.pdf,2013-06-21,http://www.daisanshaiinkai.com/cms/wp-content/uploads/2013/01/6425_20130621_report.pdf,中立・公正な立場から、下記調査事項について当委員会の見解を述べるもの。 （１）ユニバーサルのフィリピン事業において不適切な支出が行われたのではないかとする一部報道を受けて、4000万ドルの出損に関する事実関係、発生原因及び問題点の調査分析を行うこと （２）「フリーレポート」なる文書の信用性を検証すること （３）上記（１）に関連して、ユニバーサルにおいて賄賂性のある支出がなされたか否かの検証を行うこと,委員長：（㈱国際危機管理機構） 金重 凱之 委員：（渥美坂井法律事務所・外国法共同事業 弁護士） 内田 輝紀 委員：（弁護士法人浜田卓二郎事務所 弁護士） 浜田 卓二郎,記載なし,http://www.daisanshaiinkai.com/2013/,6425,1043.0
2012,8918 東証１,株式会社ランド,元和,2012-12-07,2012/12/07 2012/12/18 2013/01/29 2013/04/15 2013/04/15 2013/05/07 2013/05/07 2013/05/22,http://www.daisanshaiinkai.com/cms/wp-content/uploads/2015/01/8918_20121207.pdf http://www.daisanshaiinkai.com/cms/wp-content/uploads/2015/01/8918_20121218.pdf http://www.daisanshaiinkai.com/cms/wp-content/uploads/2015/01/8918_20130129.pdf http://www.daisanshaiinkai.com/cms/wp-content/uploads/2015/01/8918_20130415_1.pdf http://www.daisanshaiinkai.com/cms/wp-content/uploads/2015/01/8918_20130415_2.pdf http://www.daisanshaiinkai.com/cms/wp-content/uploads/2015/01/8918_20130507_1.pdf http://www.daisanshaiinkai.com/cms/wp-content/uploads/2015/01/8918_20130507_2.pdf http://www.daisanshaiinkai.com/cms/wp-content/uploads/2015/01/8918_20130522.pdf,2013-05-21,http://www.daisanshaiinkai.com/cms/wp-content/uploads/2015/01/8918_20130521_report.pdf,①下記の本件調査対象行為についての事実関係の調査 ②株式会社ランドの本件調査対象行為に係る会計処理が、会計ルールに違反するか否かについて、取締役会への答申 ③その他、株式会社ランドの会計処理とその開示のあり方についての調査及び答申 ■本件調査対象行為 （１）株式会社ランドが保有する物件のプロジェクトを推進するに当たり、平成23年2月期から平成24年2月期までの期間において行われた株式会社ランドの会計処理のうち、本件物件に関する取引についての会計処理問題 （２）（１）に類似する行為の有無 （３）その他当委員会が調査を必要と認めた一切の行為,委員長：（二重橋法律事務所 弁護士） 大塚 和成 委員：（ZECOOパートナーズ㈱ 公認会計士） 竹原 相光 委員：（早稲田大学大学院法務研究科教授） 福島 洋尚,記載なし,http://www.daisanshaiinkai.com/2012/,8918,10.0
2012,6334 東証２,明治機械株式会社,トーマツ,2012-11-19,2012/11/19 2013/02/13 2013/02/15 2013/02/26,http://www.daisanshaiinkai.com/cms/wp-content/uploads/2015/01/6334_20121119.pdf http://www.daisanshaiinkai.com/cms/wp-content/uploads/2015/01/6334_20130213.pdf http://www.daisanshaiinkai.com/cms/wp-content/uploads/2015/01/6334_20130215.pdf http://www.daisanshaiinkai.com/cms/wp-content/uploads/2015/01/6334_20130226.pdf,2013-02-14,http://www.daisanshaiinkai.com/cms/wp-content/uploads/2015/01/6334_20130214_report.pdf,金融庁証券取引等監視委員会から、連結子会社であるラップ社における不適切な会計処理の疑義（平成20年及び平成21年に売上計上した装置機械取引における押込販売あるいは架空販売）について指摘を受けたことから、自社において不正会計の実態と責任の所在の解明及び再発防止策立案等を行うため。,委員長：（弁護士） 大鶴 基成 委員：（弁護士） 中村 信雄 委員：（公認会計士・公認不正検査士） 宇澤 亜弓,その他の弁護士、公認会計士及びパソコンの解析業者等,http://www.daisanshaiinkai.com/2012/,6334,348.0
