year,code,market,code_market,company_name,auditor_before_setup,earliest_ir_date,ir_date,ir_links,earliest_report_date,report_date,report_links,purpose,committee_members,assistants,source_url
2025,6594,東証プライム,6594 東証プライム,ニデック株式会社,PwC Japan,2025/09/03,2025/09/03,http://www.daisanshaiinkai.com/cms/wp-content/uploads/2025/09/250903_daisansha6594.pdf,,未公表,,（１）当社及びグループ会社における資産性にリスクのある資産に関する評価減の時期の恣意的な調整などの不適切な会計処理の疑義（テクノ事案含む）に係る事実関係の調査 （２）不適切な会計処理が判明した場合、その影響額の算定 （３）不適切な会計処理が判明した場合、その原因の究明及び再発防止策の提言 （４）その他、第三者委員会が必要と認めた事項,委員長：（西村あさひ法律事務所・外国法共同事業 弁護士） 平尾 覚 委員：（株式会社アカウンティング・アドバイザリー 公認会計士） 井上 寅喜 委員：（光和総合法律事務所 弁護士） 白井 真,,http://www.daisanshaiinkai.com
2025,8940,東証スタンダード,8940 東証スタンダード,株式会社インテリックス,太陽,2025/08/22,2025/08/22 2025/09/08,http://www.daisanshaiinkai.com/cms/wp-content/uploads/2025/08/250822_fusei8940.pdf http://www.daisanshaiinkai.com/cms/wp-content/uploads/2025/08/250908_chousa8940.pdf,,未公表,,＜社内調査＞ 事実関係の調査並びに再発防止に向けた取組策の検討等,,,http://www.daisanshaiinkai.com
2025,3765,東証プライム,3765 東証プライム,ガンホー・オンライン・エンターテイメント株式会社,PwC Japan,2025/08/14,2025/08/14 2025/08/14,http://www.daisanshaiinkai.com/cms/wp-content/uploads/2025/08/250814_chousa3765.pdf http://www.daisanshaiinkai.com/cms/wp-content/uploads/2025/08/250814_chousa3765_2.pdf,2025/08/14,2025/08/14,http://www.daisanshaiinkai.com/cms/wp-content/uploads/2025/08/250814_chousa3765.pdf,＜社内調査チーム＞ 本件不正行為に関する詳細な事実関係の調査、類似事案の有無の調査、原因分析及び再発防止策の立案,,,http://www.daisanshaiinkai.com
2025,3856,東証スタンダード,3856 東証スタンダード,Abalance株式会社,中部総合,2025/08/12,2025/08/12 2025/09/02,http://www.daisanshaiinkai.com/cms/wp-content/uploads/2025/08/250812_daisansha3856.pdf http://www.daisanshaiinkai.com/cms/wp-content/uploads/2025/08/250902_daisansha3856.pdf,,未公表,,（１）以下の事実関係に関する各調査 ① 監査等委員会による 2024 年３月 13 日付調査報告書に関する再調査 ② 大和町太陽光発電所に係る減損及び申請書類に対する調査 ③ 関連当事者取引に関する調査 （２）類似事象の有無の調査 （３）上記（１）及び（２）による当社の連結財務諸表等への影響額の算定 （４）上記（１）記載の事実が生じた原因究明と再発防止策の提言 （５）その他、委員会が必要と認めた事項,委員長：（本澤法律事務所 弁護士） 本澤 順子 委員：（片岡総合法律事務所 弁護士） 田中 貴一 委員：（やまとパートナーズ株式会社 公認会計士） 小黒 健三,,http://www.daisanshaiinkai.com
2025,6772,東証スタンダード,6772 東証スタンダード,東京コスモス電機株式会社,かがやき,2025/08/08,2025/08/08 2025/08/12,http://www.daisanshaiinkai.com/cms/wp-content/uploads/2025/08/250808_chousa6772.pdf http://www.daisanshaiinkai.com/cms/wp-content/uploads/2025/08/250812_chousa6772.pdf,,未公表,,＜特別調査委員会＞ 2025年6月10日付当社プレスリリース記載の本公開買付けの開始予定に関する意見並びに 2025年6月24日開催の当社第68回定時株主総会における本株主提案に対する当社の意見の決定及び公表に係る経緯の調査,委員長：（山口利昭法律事務所 弁護士・公認不正検査士） 山口 利昭 委員：（ひふみ総合法律事務所 弁護士・公認不正検査士） 矢田 悠 委員：（ひふみ総合法律事務所 弁護士） 小島 冬樹,,http://www.daisanshaiinkai.com
2025,1813,東証プライム,1813 東証プライム,株式会社不動テトラ,あずさ,2025/08/06,2025/08/06,http://www.daisanshaiinkai.com/cms/wp-content/uploads/2025/08/250806_chousa1813.pdf,,未公表,,＜特別委員会＞ （１）必要な事項についての原因究明 （２）原因究明の結果を踏まえた追加的な再発防⽌策の提言 （３）上記の結果を記載した報告書の作成,委員⻑：（プロアクト法律事務所 弁護⼠・公認不正検査⼠） 池永 朝昭 委員：（田辺総合法律事務所 弁護⼠・公認不正検査⼠） 中西 和幸 委員：（霽⽉法律事務所 弁護⼠・公認不正検査⼠） 大野 徹也,,http://www.daisanshaiinkai.com
2025,7832,東証プライム,7832 東証プライム,株式会社バンダイナムコホールディングス,あずさ,2025/07/25,2025/07/25,http://www.daisanshaiinkai.com/cms/wp-content/uploads/2025/07/250725_chousa7832.pdf,,未公表,,＜社内調査＞ 本件不正行為に関する調査,,,http://www.daisanshaiinkai.com
2025,6085,東証グロース,6085 東証グロース,アーキテクツ・スタジオ・ジャパン株式会社,桜橋,2025/07/25,2025/07/25 2025/08/08 2025/08/29,http://www.daisanshaiinkai.com/cms/wp-content/uploads/2025/07/250725_chousa6085.pdf http://www.daisanshaiinkai.com/cms/wp-content/uploads/2025/07/250808_chousa6085.pdf http://www.daisanshaiinkai.com/cms/wp-content/uploads/2025/07/250829_chousa6085.pdf,,未公表,,＜調査委員会＞ （１）本件不正行為等に係る事実の調査・確認 （２）同様の事実の有無の調査・確認 （３）元代表取締役の取締役解任事由の有無及び解任決議案上程の是非 （４）元代表取締役に対する法的責任追及の可否及び方法,委員長：（センテニアル法律事務所パートナー 弁護士） 石田 卓遠 委員：（当社監査等委員取締役 麻布総合会計事務所 公認会計士） 石塚 亮平 委員：（当社監査等委員取締役 東京南青山法律会計事 務所 公認会計士・弁護士） 𠮷原 慎一,,http://www.daisanshaiinkai.com
2025,365A,東証スタンダード,365A 東証スタンダード,伊澤タオル株式会社,三優,2025/07/18,2025/07/18 2025/08/29,http://www.daisanshaiinkai.com/cms/wp-content/uploads/2025/07/250718_daisansha_365A.pdf http://www.daisanshaiinkai.com/cms/wp-content/uploads/2025/07/250829_daisansha365A.pdf,,未公表,,（１）本件報道に掲載された伊澤によるパワーハラスメント行為の有無 （２）本件報道に掲載された従業員の年次有給休暇の取得に関する事実の有無 （３）本件報道に掲載された新型コロナウイルス等に罹患した従業員への対応に関する事実の有無 （４）（１）に類似する事案の有無（弊社が旧伊澤タオル株式会社とインタークラフト通商株式会社を吸収合併し、現在の商号に変更した 2022年3月1日以降のものを対象。） （５）判明した問題に係る背景、原因の究明・分析（弊社におけるガバナンス上の問題点を含む。） （６）判明した問題に係る再発防止策の提言 （７）その他、当委員会が必要と認めた事項,委員長：（第一芙蓉法律事務所 弁護士） 小鍛冶 広道 委員：（第一芙蓉法律事務所 弁護士） 宇野 由隆 委員：（第一芙蓉法律事務所 弁護士） 池田 知朗 委員：（第一芙蓉法律事務所 弁護士） 柏戸 夏子 委員：（第一芙蓉法律事務所 弁護士） 金澤 康,,http://www.daisanshaiinkai.com
2025,6232,東証グロース,6232 東証グロース,株式会社ACSL,アヴァンティア,2025/07/01,2025/07/01,http://www.daisanshaiinkai.com/cms/wp-content/uploads/2025/07/250701_chousa_6232.pdf,2025/07/14,2025/07/14,http://www.daisanshaiinkai.com/cms/wp-content/uploads/2025/07/250714_chousa_6232.pdf,＜特別調査委員会＞ （１）本件事案に係る事実関係の解明 （２）本件事案に類似する事案（以下、「類似事案」といいます。）に係る事実関係の解明 （３）（１）及び（２）で判明した本件事案及び類似事案の原因等の分析及び再発防止策の提言,委員長：（アンダーソン・毛利・友常法律事務所外国法共同事業 弁護士） 西谷 敦 委員：（当社社外取締役（独立役員）監査等委員 公認会計士） 静 健太郎 委員：（当社社外取締役（独立役員）監査等委員 弁護士） 香月 由嘉 委員：（当社社外取締役（独立役員）監査等委員） 島津 忠美,アンダーソン・毛利・友常法律事務所外国法共同事業 弁護士 中原 隆雅 髙田 将寛 清水 愛衣加 髙橋 将希 中川 佳直 石川 雅人 北田 拓生 中野 健登 石井 南帆,http://www.daisanshaiinkai.com
2025,2978,東証グロース,2978 東証グロース,株式会社ツクルバ,和泉,2025/06/27,2025/06/27,http://www.daisanshaiinkai.com/cms/wp-content/uploads/2025/06/250627_chousa2978.pdf,2025/09/12,2025/09/12,http://www.daisanshaiinkai.com/cms/wp-content/uploads/2025/06/250912_chousa2978.pdf,＜社内調査委員会＞ （１）本件指摘内容に関する事実関係の調査 （２）その他、社内調査委員会が必要と認める事項,委員長：（当社社外取締役監査等委員、独立役員） 小林 賢治 委員：（当社社外取締役監査等委員（常勤）、独立役員 公認会計士） 西浦 千栄子 委員：（当社社外取締役監査等委員、独立役員 税理士） 石本 忠次,,http://www.daisanshaiinkai.com
2025,6548,東証グロース,6548 東証グロース,株式会社旅工房,やまと,2025/06/05,2025/06/05 2025/08/08 2025/08/29,http://www.daisanshaiinkai.com/cms/wp-content/uploads/2025/06/250605_chousa_6548.pdf http://www.daisanshaiinkai.com/cms/wp-content/uploads/2025/06/250808_chousa6548.pdf http://www.daisanshaiinkai.com/cms/wp-content/uploads/2025/06/250829_chousa6548.pdf,2025/09/01,2025/09/01,http://www.daisanshaiinkai.com/cms/wp-content/uploads/2025/06/250901_chousa6548.pdf,＜特別調査委員会＞ （１）本件事案に関する事実関係の調査 （２）本件事案に類似する事案の存否及び事実関係の調査 （３）上記（１）及び（２）による当社の連結財務諸表への影響額の確認 （４）発生原因の分析と再発防止策の提言 （５）その他、特別調査委員会が必要と認めた事項,委員長：（アンダーソン・毛利・友常法律事務所 外国法共同事業 弁護士） 三宅 英貴 委員：（株式会社KPMG Forensic & Risk Advisory 公認会計士） 藤田 大介 委員：（アンダーソン・毛利・友常法律事務所 外国法共同事業 弁護士） 大西 良平 委員：（社外監査役・未来創造弁護士法人 弁護士） 野村 拓也,アンダーソン・毛利・友常法律事務所外国法共同事業 弁護士 髙橋 将希 北泉 隆之 重枝 綾音 古沢 亮介 株式会 KPMG Forensic & Risk Advisory 米国公認会計士 水上 浩 奥成 一平 株式会社KPMG Forensic & Risk Advisory 公認会計士 石坂 穏 折戸 伸樹 綾 浩平 株式会社KPMG Forensic & Risk Advisory 野崎 真樹 伊藤 希珠 岩本 早葵子 楊 宗翰 他 10名,http://www.daisanshaiinkai.com
2025,7116,東証スタンダード,7116 東証スタンダード,ダイワ通信株式会社,トーマツ,2025/06/02,2025/06/02 2025/07/31,http://www.daisanshaiinkai.com/cms/wp-content/uploads/2025/06/250602_chousa_7116.pdf http://www.daisanshaiinkai.com/cms/wp-content/uploads/2025/06/250731_chousa7116.pdf,2025/08/01,2025/08/01,http://www.daisanshaiinkai.com/cms/wp-content/uploads/2025/06/250801_chousa7116.pdf,＜特別調査委員会＞ （１）事実関係の調査 （２）類似事象の有無の調査 （３）影響額の算定 （４）原因究明と再発防止策の提言 （５）その他、委員会が必要と認めた事項,委員長：（（渥美坂井法律事務所・外国法共同事業 弁護士・元最高検察庁次長検事） 山上 秀明 委員：（渥美坂井法律事務所・外国法共同事業 弁護士・公認不正検査士） 清水 真一郎 委員：（株式会社WARC 公認会計士） 杉田 篤史,,http://www.daisanshaiinkai.com
2025,5966,東証スタンダード,5966 東証スタンダード,KTC(京都機械工具株式会社),PwC Japan,2025/06/02,2025/06/02,http://www.daisanshaiinkai.com/cms/wp-content/uploads/2025/06/250602_chousa_5966.pdf,2025/06/30,2025/06/30,http://www.daisanshaiinkai.com/cms/wp-content/uploads/2025/06/250630_chousa5966.pdf,＜特別調査委員会＞ （１）当初事案に係る事実関係の調査 （２）KTC及びKTC連結子会社における当初事案に類似する事象の有無の調査 （３）上記につき不適切な会計処理が判明した場合における連結財務諸表等への影響額の算定 （４）上記にかかる原因の究明（当初事案の発生原因、内部統制にかかる状況等を含む）及び再発防止策の提言 （５）上記のほか、特別調査委員会が必要と認める事項,委員長：（プロアクト法律事務所 弁護士・公認不正検査士） 渡邉 宙志 委員：（堂島法律事務所 弁護士・公認不正検査士） 横瀬 大輝 委員：（FYI株式会社 公認会計士） 河江 健史,プロアクト法律事務所 弁護士 竹内 朗 福田 恵太 徳山 佳祐 田中 伸英 田畑 瑠巳 中島 永祥 堂島法律事務所 弁護士 柳 勝久 板﨑 遼 松浦 奨 株式会社ナナイロコンサルタンツ 公認会計士 井出 浩二 張本 和志 梶田 雄之 山本 陽平 𠮷田 壮志 岩下 耀平 寒川 貴弘 小石 彩萌 株式会社KPMG Forensic & Risk Advisory 公認会計士 藤田 大介 山口 孝之 ほか 11名 KTC職員 5名,http://www.daisanshaiinkai.com
2025,5966,東証スタンダード,5966 東証スタンダード,KTC(京都機械工具株式会社),PwC Japan,2025/05/13,2025/05/13,http://www.daisanshaiinkai.com/cms/wp-content/uploads/2025/05/250513_chousa5966.pdf,,特別調査委員会へ移行,,＜調査チーム＞ 本件事案についての全容解明、同種又は類似事案の存否の確認、発生原因の分析及び再発防止の策定等,外部専門家：（弁護士法人堂島法律事務所 弁護士・公認不正検査士） 横瀬 大輝 外部専門家：（FYI株式会社 公認会計士） 河江 健史 株式会社KPMG Forensic＆Risk Advisory,,http://www.daisanshaiinkai.com
2025,4666,東証プライム,4666 東証プライム,パーク24株式会社,EY新日本,2025/05/30,2025/05/30,http://www.daisanshaiinkai.com/cms/wp-content/uploads/2025/05/250530_chousa4666.pdf,2025/07/15,2025/07/15,http://www.daisanshaiinkai.com/cms/wp-content/uploads/2025/05/250715_chousa_4666.pdf,＜社内調査委員会＞ （１）当事案に関する事実関係およびその内容の調査 （２）当事案に類似する事象の有無およびその事実関係の調査 （３）（１）および（２）の原因分析ならびに再発防止策の提言,委員長：（取締役（社外・独立）・監査等委員） 長坂 隆 委員：（取締役（社外・独立）） 大浦 善光 委員：（取締役（社外・独立）・監査等委員） 丹生谷 美穂 委員：（取締役（社外・独立）） 黒木 彰子 委員：（取締役・監査等委員） 山中 新吾,ひふみ総合法律事務所 弁護士・公認不正検査士 矢田 悠 ひふみ総合法律事務所 弁護士 松原 由佳 篠田 春樹 髙橋 可奈,http://www.daisanshaiinkai.com
2025,6578,東証スタンダード,6578 東証スタンダード,株式会社コレックホールディングス,有限責任パートナーズ綜合,2025/05/28,2025/05/28 2025/08/08,http://www.daisanshaiinkai.com/cms/wp-content/uploads/2025/05/250528_chousa6578.pdf http://www.daisanshaiinkai.com/cms/wp-content/uploads/2025/05/250814_chousa6578.pdf,2025/08/18,2025/08/18,http://www.daisanshaiinkai.com/cms/wp-content/uploads/2025/05/250818_chousa6578.pdf,＜特別調査委員会＞ （１）本事案に関する事実関係の調査 （２）本事案に類似する事象の有無の調査 （３）調査の結果判明した事実が財務諸表に与える影響の有無、程度、内容等の検討 （４）本事案の原因分析及び再発防止策の検討,委員長：（佐藤総合法律事務所 弁護士） 佐藤 明夫 委員：（福崎法律事務所 弁護士） 福崎 真也 委員：（株式会社KIC 公認会計士） 和田 芳幸,佐藤総合法律事務所 弁護士 6名 株式会社KIC 公認会計士 10名,http://www.daisanshaiinkai.com
2025,6763,東証プライム,6763 東証プライム,帝国通信工業株式会社,トーマツ,2025/05/27,2025/05/27,http://www.daisanshaiinkai.com/cms/wp-content/uploads/2025/05/250527_chousa6763.pdf,,未公表,,＜調査委員会＞ 事実関係の調査や再発防止策の策定,,,http://www.daisanshaiinkai.com
2025,4587,東証プライム,4587 東証プライム,ペプチドリーム株式会社,あずさ,2025/05/13,2025/05/13,http://www.daisanshaiinkai.com/cms/wp-content/uploads/2025/05/250513_chousa4587.pdf,2025/08/06,2025/08/06,http://www.daisanshaiinkai.com/cms/wp-content/uploads/2025/05/250806_chousa4587.pdf,＜特別調査委員会＞ （１）本件に係る事実関係及び類似する案件の存否の調査 （２）本件が生じた原因の究明（内部統制上の不備の可能性を含む）及び再発防止策の提言 （３）その他、特別調査委員会が必要と認める事項,委員長：（当社独立社外取締役・常勤監査等委員） 神谷 紀一郎 委員：（プロアクト法律事務所 弁護士・公認不正検査士） 竹内 朗 委員：（プロアクト法律事務所 弁護士・公認不正検査士） 岩渕 恵理,プロアクト法律事務所 弁護士 神田 詠守 株式会社foxcale 当社従業員数名（管理部門所属）,http://www.daisanshaiinkai.com
2025,2342,東証グロース,2342 東証グロース,株式会社トランスジェニックグループ,トーマツ,2025/05/12,2025/05/12,http://www.daisanshaiinkai.com/cms/wp-content/uploads/2025/05/250512_chousa2342.pdf,2025/06/20,2025/06/20,http://www.daisanshaiinkai.com/cms/wp-content/uploads/2025/05/250620_chousa_2342.pdf,＜外部調査＞ 客観的な観点から、事実確認の調査及び検証を行うため,,,http://www.daisanshaiinkai.com
2025,9444,東証スタンダード,9444 東証スタンダード,株式会社トーシンホールディングス,有限責任中部総合,2025/05/09,2025/05/09 2025/05/20 2025/08/29,http://www.daisanshaiinkai.com/cms/wp-content/uploads/2025/05/250509_daisansha9444.pdf http://www.daisanshaiinkai.com/cms/wp-content/uploads/2025/05/250520_daisansha9444.pdf http://www.daisanshaiinkai.com/cms/wp-content/uploads/2025/05/250829_daisansha9444.pdf,2025/09/04,2025/09/04,http://www.daisanshaiinkai.com/cms/wp-content/uploads/2025/05/250904_daisansha9444.pdf,（１）本事案にかかる事実関係調査（同種又は類似事案の有無を含む。） （２）本事案による当社連結財務諸表等への影響の検討 （３）本事案が発生した原因の分析と再発防止策の検討・提言 （４）その他、第三者委員会が必要と認めた事項,委員長：（鈴木・久保田法律事務所 弁護士） 鈴木 智 委員：（鈴木・久保田法律事務所 弁護士） 委員：（矢野公認会計士事務所 公認会計士・税理士） 矢野 直,小池恭平公認会計士事務所 公認会計士 小池 恭平 筒井敬士公認会計士事務所 公認会計士・税理士 筒井 敬士 寺町公認会計士事務所 公認会計士・税理士・公認不正検査士 寺町 雅人 安田秀実公認会計士事務所 公認会計士 安田 秀実 レイファーストアドバイザリー株式会社 税理士・公認不正検査士・CDFP-P 藤居 幸祐,http://www.daisanshaiinkai.com
2025,3814,東証グロース,3814 東証グロース,株式会社アルファクス・フード・システム,HLB Meisei,2025/05/08,2025/05/08 2025/07/25,http://www.daisanshaiinkai.com/cms/wp-content/uploads/2025/05/250508_chousa3814.pdf http://www.daisanshaiinkai.com/cms/wp-content/uploads/2025/05/250725_chousa3814.pdf,2025/07/30,2025/07/30,http://www.daisanshaiinkai.com/cms/wp-content/uploads/2025/05/250730_chousa3814.pdf,＜特別調査委員会＞ （１）会計処理に関する疑義についての客観的な事実関係の調査 （２）上記の調査及び検証の結果、財務諸表に影響を与えるものと認められる場合には、その影響額の調査 （３）上記について問題が認められた場合の原因の究明と再発防止策の提言 （４）その他、上記に付随して当委員会が必要と認めた事項,委員長：（神久治郎公認会計士事務所 公認会計士） 神久 治郎 委員：（関徹公認会計士事務所 公認会計士） 関 徹 委員：（弁護士法人ANSWERS 弁護士） 門松 優介,弁護士法人ANSWERZ 弁護士 安部 光陽 公認会計士 4名,http://www.daisanshaiinkai.com
2025,260A,東証グロース,260A 東証グロース,株式会社オルツ,シドー,2025/04/25,2025/04/25 2025/07/25,http://www.daisanshaiinkai.com/cms/wp-content/uploads/2025/04/250425_daisansha260A.pdf http://www.daisanshaiinkai.com/cms/wp-content/uploads/2025/04/250725_daisansha260A.pdf,2025/07/29,2025/07/29,http://www.daisanshaiinkai.com/cms/wp-content/uploads/2025/04/250729_daisansha260A.pdf,（１）本件疑義にかかる事実関係の解明（類似する事象の検証を含む） （２）連結財務諸表等への影響の有無の検討 （３）原因分析及び再発防止の提言,委員⻑：（弁護⼠法⼈⽠⽣‧⽷賀法律事務所 弁護士） ⼩⼭ 太⼠ 委員：（光和総合法律事務所 弁護士） ⽩井 真 委員：（PwCリスクアドバイザリー合同会社 公認会計士） 那須 美帆⼦,弁護士法人・瓜生糸賀法律事務所 弁護士 永井 克 高梨 未央 梅澤 慶太 光和総合法律事務所 弁護士 中澤 雄仁 野原 俊介 坂下 大貴 橋本 祥 森 大輝 渡辺 大祐 岡本 健太 宮﨑 一輝 原田 康平 津﨑 雄太 八雲法律事務所 弁護士 笠置 泰平 PwCリスクアドバイザリー合同会社 公認会計士 小澤 茂樹 成戸 宏隆 平田 進爾 相原 裕輔 PwCリスクアドバイザリー合同会社 徳野 文子 山本 せかい 藤田 亮 ほか 22名,http://www.daisanshaiinkai.com
2025,3697,東証プライム,3697 東証プライム,株式会社SHIFT,EY新日本,2025/04/10,2025/04/10,http://www.daisanshaiinkai.com/cms/wp-content/uploads/2025/04/250410_fusei3697.pdf,,未公表,,＜内部監査＞ 当社連結子会社のインフィニック株式会社における助成金の受給に関して、外部専門家の協力を得て実施,,,http://www.daisanshaiinkai.com
2025,9706,東証プライム,9706 東証プライム,日本空港ビルデング株式会社,EY新日本,2025/04/03,2025/04/03,http://www.daisanshaiinkai.com/cms/wp-content/uploads/2025/04/250403_chousa9706.pdf,2025/05/09,2025/05/09 2025/05/09,http://www.daisanshaiinkai.com/cms/wp-content/uploads/2025/04/250509_chousa9706_1.pdf http://www.daisanshaiinkai.com/cms/wp-content/uploads/2025/04/250509_chousa9706_2.pdf,＜特別調査委員会＞ 事実関係及び経緯などの調査を行うこと,,,http://www.daisanshaiinkai.com
2025,1925,東証プライム,1925 東証プライム,大和ハウス工業株式会社,EY新日本,2025/03/28,2025/03/28,http://www.daisanshaiinkai.com/cms/wp-content/uploads/2025/03/250328_fusei1925.pdf,,未公表,,＜社内調査＞ 本件不正行為に関する調査,,,http://www.daisanshaiinkai.com
2025,7071,東証プライム,7071 東証プライム,株式会社アンビスホールディングス,PwC Japan,2025/03/27,2025/03/27,http://www.daisanshaiinkai.com/cms/wp-content/uploads/2025/03/250327_chousa7071.pdf,2025/08/08,2025/08/08,http://www.daisanshaiinkai.com/cms/wp-content/uploads/2025/03/250808_chousa7071.pdf,＜特別調査委員会＞ （１）本件及び類似事案の有無に関する調査 （２）上記（１）の結果、問題があると判断された事案が認められた場合には事案が発生した原因の分析及び再発防止策の提言 （３）その他特別調査委員会が必要と認める事項,委員長：（桃尾・松尾・難波法律事務所・元福岡高等検察庁検事長 弁護士） 井上 宏 委員：（弁護士法人 瓜生・糸賀法律事務所・元大阪地方裁判所判事 弁護士） 澤田 忠之 委員：（U&Iアドバイザリーサービス株式会社 公認会計士） 山田 重嗣,弁護士法人瓜生・糸賀法律事務所 弁護士 13名 U&Iアドバイザリーサービス株式会社 公認会計士 2名 公認不正検査士 1名 デジタルフォレンジック担当者,http://www.daisanshaiinkai.com
2025,2345,東証スタンダード,2345 東証スタンダード,株式会社クシム,UHY東京,2025/03/28,2025/03/28,http://www.daisanshaiinkai.com/cms/wp-content/uploads/2025/03/250328_chousa2345.pdf,2025/04/04,2025/04/04 2025/04/23,http://www.daisanshaiinkai.com/cms/wp-content/uploads/2024/11/250404_chousa2345.pdf http://www.daisanshaiinkai.com/cms/wp-content/uploads/2025/03/250423_chousa2345.pdf,＜特別調査委員会＞ 当該会計処理の適切性について調査・検証,委員長：（本澤法律事務所 弁護士） 本澤 順子 委員：（やまとパートナーズ株式会社 公認会計士） 小黒 健三 委員：（虎門中央法律事務所 弁護士） 北川 泰裕,長與公認会計士事務所 公認会計士 長與 明子 須田公認会計士事務所 公認会計士 須田 雅秋 虎門中央法律事務所 弁護士 荒井 隆男 佐藤 慶,http://www.daisanshaiinkai.com
2025,4751,東証プライム,4751 東証プライム,株式会社サイバーエージェント,トーマツ,2025/03/26,2025/03/26,http://www.daisanshaiinkai.com/cms/wp-content/uploads/2025/03/250326_chousa4751.pdf,2025/04/16,2025/04/16,http://www.daisanshaiinkai.com/cms/wp-content/uploads/2025/03/250416_chousa4751.pdf,＜社内調査委員会＞ （１）本件に関する事実関係の調査 （２）本件による CyberOwl の財務諸表等への影響額の検証 （３）Cyber0wl において本件と同種又は類似事案を調査すべく、Cyber0wlのB氏が担当する現マーケティングメディア事業部に関する仕入及び売上の各取引、取引関係及び管理体制に関する必要な調査 （４）本調査の進捗により必要に応じた、サイバーエージェント及びサイバーエージェントの子会社における本件と同種又は類似事案の有無及びその内容等に関する調査 （５）前述（１）、（３）及び（４）で確認された事実に関する原因分析並びに再発防止策の検討及び提言 （６）前各号にかかる調査の結果等を記載した調査報告書の作成,委員長：（TMI総合法律事務所 弁護士） 波多江 崇 委員：（株式会社KPMG FAS 公認会計士） 藤田 大介 委員：（株式会社サイバーエージェント 常務執行役員） 武田 丈宏,TMI総合法律事務所 吉井 久美子 小林 祐太 株式会社KPMG FAS 斎田 修 山田 昂輝 宮村 恵理 Tay Tian Jye 李 予桐 折戸 伸樹 吉田 啓一郎 大川 秋晴 他6名,http://www.daisanshaiinkai.com
2025,2871,東証プライム,2871 東証プライム,株式会社ニチレイ,EY新日本,2025/03/25,2025/03/25,http://www.daisanshaiinkai.com/cms/wp-content/uploads/2025/03/250325_chousa2871.pdf,2025/03/25,2025/03/25 2025/03/27,http://www.daisanshaiinkai.com/cms/wp-content/uploads/2025/03/250325_chousa2871.pdf http://www.daisanshaiinkai.com/cms/wp-content/uploads/2025/03/250327_chousa2871.pdf,＜調査委員会＞ （１）X氏による不正行為の有無・内容を含む事実関係の解明、並びに類似の不正行為の有無・内容の調査 （２）X氏により不正行為が行われた原因の究明 （３）再発防止策の提言,委員長：（ニチレイ社外取締役） 濱島 健爾 委員：（ニチレイ社外監査役） 齊藤 雄彦 委員：（ニチレイ代表取締役社長） 大櫛 顕也 委員：（ニチレイ常勤監査役） 加藤 達志 委員：（アンダーソン・毛利・友常法律事務所 弁護士） 西谷 敦,,http://www.daisanshaiinkai.com
2025,1757,東証スタンダード,1757 東証スタンダード,株式会社創建エース,公認会計士柴田洋 公認会計士大瀧秀樹,2025/03/19,2025/03/19,http://www.daisanshaiinkai.com/cms/wp-content/uploads/2025/03/250319_chousa1757.pdf,2025/06/30,2025/06/30,http://www.daisanshaiinkai.com/cms/wp-content/uploads/2025/03/250630_chousa1757.pdf,＜特別調査委員会＞ （１）本件疑義に関する事実関係の調査および会計処理の適切性・妥当性についての検討 （２）本件疑義に類似、関係する事象の事実確認 （３）調査の結果、判明した事象が連結財務諸表に与える影響 （４）本件疑義の原因分析、適切な会計処理および再発防止策の提言 （５）その他、特別調査委員会が必要と認めた事項,委員長：（善国寺坂法律事務所 弁護士） 大下 良仁 委員：（たきざわ法律事務所 弁護士） 瀧澤 輝 委員：（新樹法律事務所 弁護士） 渡辺 治 委員：（佐々木公認会計士事務所 公認会計士） 佐々木 洋平 委員：（村田茂也公認会計士事務所 公認会計士） 村田 茂也,井出浩二公認会計士事務所 公認会計士 井出 浩二 影平公認会計士事務所 公認会計士 影平 真也 小嶋公認会計士事務所 公認会計士 小嶋 良樹 今西紘子公認会計士事務所 公認会計士 今西 紘子 小林純也公認会計士事務所 公認会計士 小林 純也 川中宏介公認会計士事務所 公認会計士 川中 宏介 古澤公認会計士事務所 公認会計士 古澤 卓 坪田公認会計士事務所 公認会計士 坪田 亮介,http://www.daisanshaiinkai.com
2025,8894,東証スタンダード,8894 東証スタンダード,株式会社REVOLUTION,EY新日本,2025/03/14,2025/03/14 2025/07/11,http://www.daisanshaiinkai.com/cms/wp-content/uploads/2025/03/250314_daisansha8894.pdf http://www.daisanshaiinkai.com/cms/wp-content/uploads/2025/03/250711_daisansha_8894.pdf,2025/07/14,2025/07/14,http://www.daisanshaiinkai.com/cms/wp-content/uploads/2025/03/250714_daisansha_8894.pdf,（１）本株主優待に関する事実経緯の解明 （２）本新株予約権に関する事実経緯の解明 （３）その他当委員会が必要と認めた事項に関する事実経緯の解明 ① REV社によるWeCapital社に対する本株式交付に係る事項 ② REV社の筆頭株主である合同会社FO1（以下「FO1社」という。）の代表社員であるb氏によるREV社の経営に対する関与に係る事項 （４）上記（１）ないし（３）で判明した問題点の分析及びそれに対する提言,委員長：（ITN法律事務所、元最高検検事 弁護士） 名取 俊也 委員：（長島・大野・常松法律事務所 弁護士） 辺 誠祐 委員：（株式会社アカウンティング・アシスト 公認会計士） 茂田井 純一,長島・大野・常松法律事務所 弁護士 西村 修一 天井 周平 湯浅 諭 今野 恵一朗 初馬 眞人 金澤 亮太郎 株式会社アカウンティング・アシスト 公認会計士 加瀬 豊,http://www.daisanshaiinkai.com
2025,7444,東証スタンダード,7444 東証スタンダード,ハリマ共和物産株式会社,トーマツ,2025/03/04,2025/03/04,http://www.daisanshaiinkai.com/cms/wp-content/uploads/2025/03/250304_chousa7444.pdf,2025/03/31,2025/03/31,http://www.daisanshaiinkai.com/cms/wp-content/uploads/2025/03/250331_chousa7444.pdf,＜特別調査委員会＞ （１）本件着服①に関する事実関係 （２）本件着服②に関する事実関係 （３）本件着服に類似する不正行為の有無 （４）上記（１）ないし（３）に係る原因の究明 （５）再発防止策の提言 （６）その他当委員会が調査を必要と認めた事項,委員長：（弁護士法人北浜法律事務所 弁護士） 渡辺 徹 委員：（弁護士法人北浜法律事務所 弁護士） 孝岡 裕介 委員：（弁護士法人北浜法律事務所 弁護士） 藤原 成和,弁護士法人北浜法律事務所 アソシエイト弁護士 堀山 輝 株式会社FRONTEO 株式会社ジイズスタッフ,http://www.daisanshaiinkai.com
2025,6376,東証プライム,6376 東証プライム,日機装株式会社,トーマツ,2025/02/28,2025/02/28,http://www.daisanshaiinkai.com/cms/wp-content/uploads/2025/02/250228_chousa6376.pdf,2025/08/01,2025/08/01,http://www.daisanshaiinkai.com/cms/wp-content/uploads/2025/02/250801_chousa6376.pdf,＜特別調査委員会＞ （１）本件事案の事実関係調査 （２）類似事案の有無の調査 （３）本件事案の発生原因の分析及び再発防止策の提言,委員長：（シティユーワ法律事務所 弁護士） 岸見 直幸 委員：（シティユーワ法律事務所 弁護士） 鹿倉 佑太 委員：（当社常勤監査役） 竹内 基裕,シティユーワ法律事務所 弁護士 8名,http://www.daisanshaiinkai.com
2025,6588,東証プライム,6588 東証プライム,東芝テック株式会社,PwC Japan,2025/02/18,2025/02/18,http://www.daisanshaiinkai.com/cms/wp-content/uploads/2025/02/250218_chousa6588.pdf,2025/02/18,2025/02/18,http://www.daisanshaiinkai.com/cms/wp-content/uploads/2025/02/250218_chousa6588.pdf,＜社内調査＞ 本件不正行為に関する事実調査,,,http://www.daisanshaiinkai.com
2025,6977,東証スタンダード,6977 東証スタンダード,株式会社日本抵抗器製作所,仰星,2025/02/10,2025/02/10,http://www.daisanshaiinkai.com/cms/wp-content/uploads/2025/02/250210_chousa6977.pdf,2025/04/28,2025/04/28,http://www.daisanshaiinkai.com/cms/wp-content/uploads/2025/02/250428_chousa6977.pdf,＜社内調査委員会＞ 事実関係の調査をはじめ不正行為の原因並びに今後取るべき対策について検討,委員長：（取締役） 森 悦夫 委員：（取締役） 魚 孝浩 委員：（社長室 室長） 木矢村 隆 委員：（財務管理部長） 中山 光孝 委員：（中山知康法律事務所） 中山 知康 委員：（白岩税理士事務所） 白岩 勇治,,http://www.daisanshaiinkai.com
2025,1813,東証プライム,1813 東証プライム,株式会社不動テトラ,あずさ,2025/02/07,2025/02/07,http://www.daisanshaiinkai.com/cms/wp-content/uploads/2025/02/250207_chousa1813.pdf,2025/03/31,2025/03/31,http://www.daisanshaiinkai.com/cms/wp-content/uploads/2025/02/250331_chousa1813.pdf,＜社内調査委員会＞ （１）本件についての事実調査（類似案件等を含む） （２）本件に関する当社連結財務諸表への影響の算定 （３）本件の発生原因等の分析・評価 （４）本件に関する再発防止策の提言 （５）上記の調査結果等を記載した調査報告書の作成 （６）その他社内調査委員会が必要と認めた事項,委員長：（明哲綜合法律事務所 弁護士） 武井 洋一 委員：（FYI株式会社 公認会計士） 河江 健史 委員：（当社社外取締役 監査等委員 弁護士） 黒田 清行,社外調査補助者 弁護士 4名 公認会計士 5名 当社従業員 調査補助者 6名 調査事務局 10名 株式会社foxcale,http://www.daisanshaiinkai.com
2025,7116,東証スタンダード,7116 東証スタンダード,ダイワ通信株式会社,トーマツ,2025/02/04,2025/02/04 2025/04/18 2025/04/21,http://www.daisanshaiinkai.com/cms/wp-content/uploads/2025/02/250204_daisansha7116.pdf http://www.daisanshaiinkai.com/cms/wp-content/uploads/2025/02/250418_daisansha7116.pdf http://www.daisanshaiinkai.com/cms/wp-content/uploads/2025/02/250421_daisansha7116-2.pdf,2025/04/21,2025/04/21,http://www.daisanshaiinkai.com/cms/wp-content/uploads/2025/02/250421_daisansha7116.pdf,（１）DSS において本通報で言及されている不適切な会計上の処理を行っている疑義、具体的には、①DSS が代理店等に販売した商品を他の代理店等を介して再度仕入れて販売する取引が存在するという疑義及び②DSS が商品を出荷せずに代理店等に販売する取引が存在するという疑義(以下、まとめて「本件被疑事実」という。) に係る事実関係の調査 （２）本件被疑事実に類似する事象の有無等の調査 (件外調査の実施) （３）本件被疑事実 (及びこれに類似する事象)の存在が認定された場合の発生原因の解明及び究明並びに再発防止策の提言 （４）本件被疑事実 (及びこれに類似する事象)の存在が認定された場合の連結財務諸表への影響額の算定 （５）その他当委員会が調査を必要と認めた一切の事項の調査,委員長：（岩田合同法律事務所札幌オフィス パートナー弁護士） 永口 学 委員：（岩田合同法律事務所 パートナー弁護士・公認会計士） 武藤 雄木 委員：（太陽グラントソントン・アドバイザーズ株式会社 パートナー公認会計士） 垂水 敬,弁護士 青木 晋治 佐々木 智生 豊岡 啓人 武田 敦 堀田 凌平 田中 いづみ 公認会計士 前村 浩介 井戸 志生 今枝 侑子 ほか6名 その他パラリーガル、スタッフ等 中村 繭美 ほか20名,http://www.daisanshaiinkai.com
2025,7444,東証スタンダード,7444 東証スタンダード,ハリマ共和物産株式会社,トーマツ,2025/02/03,2025/02/03,http://www.daisanshaiinkai.com/cms/wp-content/uploads/2025/02/250203_chousa7444.pdf,,未公表,,＜特別調査委員会＞ 本件に係る事実関係の解明、その他の同種事例の有無の調査、発生原因の分析及び再発防止の策定等,,,http://www.daisanshaiinkai.com
2025,4676,東証プライム,4676 東証プライム,株式会社フジ・メディア・ホールディングス,EY新日本,2025/01/23,2025/01/23 2025/03/05,http://www.daisanshaiinkai.com/cms/wp-content/uploads/2025/01/241223_chousa4676.pdf http://www.daisanshaiinkai.com/cms/wp-content/uploads/2025/01/250305_daisansha4676.pdf,2025/04/30,2025/04/30 2025/04/30 2025/04/30,http://www.daisanshaiinkai.com/cms/wp-content/uploads/2025/01/250430_daisansha4676.pdf http://www.daisanshaiinkai.com/cms/wp-content/uploads/2025/01/250430_daisansha4676_2.pdf http://www.daisanshaiinkai.com/cms/wp-content/uploads/2025/01/250430_daisansha4676_3.pdf,（１）本事案へのフジテレビ及び当社の関わり （２）本事案と類似する事案の有無 （３）フジテレビが本事案を認識してから現在までのフジテレビ及び当社の事後対応 （４）当社及びフジテレビの内部統制・グループガバナンス・人権への取組み （５）判明した問題に関する原因分析、再発防止に向けた提言 （６）その他第三者委員会が必要と認めた事項,委員長：（プロアクト法律事務所 弁護士・公認不正検査士） 竹内 朗 委員：（国広総合法律事務所 弁護士） 五味 祐子 委員：（山口利昭法律事務所 弁護士・公認不正検査士） 山口 利昭,主任調査担当弁護士： プロアクト法律事務所 弁護士 渡邉 宙志 三浦法律事務所 弁護士 山口 亮子 プロアクト法律事務所 弁護士 池永 朝昭 真和総合法律事務所 弁護士 高橋 大祐 弁護士法人ANSWERZ 小林 美奈 調査担当弁護士： プロアクト法律事務所 徳山 佳祐 田中 伸英 岩渕 恵理 田畑 瑠巳 神田 詠守 中島 永祥 国広総合法律事務所 牧野 輝暁 上村 彩 三浦法律事務所 間瀬 まゆ子 小松 慶子 迫野 馨恵 加藤 佑子 後藤 徹也 齋藤 亮太 菅原 裕人 高橋 宗鷹 金井 悠太 榮村 将太 株式会社foxcale,http://www.daisanshaiinkai.com
2025,3561,東証プライム,3561 東証プライム,株式会社力の源ホールディングス,三優,2025/01/22,2025/01/22,http://www.daisanshaiinkai.com/cms/wp-content/uploads/2024/12/250122_daisansha3561.pdf,2025/02/17,2025/02/17,http://www.daisanshaiinkai.com/cms/wp-content/uploads/2024/12/250217_daisansha3561.pdf,（１）事実関係の調査 （２）事実認定及び評価・原因の分析 （３）再発防止策の策定 （４）本件に係る関係者の責任についての検討 （５）調査報告書の作成,委員長：（弁護士法人淀屋橋・山上合同 弁護士） 高杉 信匡 委員：（弁護士法人淀屋橋・山上合同 弁護士） 岩本 文男 委員：（弁護士法人淀屋橋・山上合同 弁護士） 古田 俊文,,http://www.daisanshaiinkai.com
2025,1764,東証スタンダード,1764 東証スタンダード,工藤建設株式会社,FRIQ,2024/01/07,2024/01/07,http://www.daisanshaiinkai.com/cms/wp-content/uploads/2025/01/250107_chousa1764.pdf,2025/02/07,2025/02/07 2025/02/10,http://www.daisanshaiinkai.com/cms/wp-content/uploads/2025/01/250207_chousa1764.pdf http://www.daisanshaiinkai.com/cms/wp-content/uploads/2025/01/250210_chousa1764.pdf,＜社内調査委員会＞ （１）本事案に関する事実関係の調査 （２）本事案に類似する事象の有無の調査 （３）本事案の原因分析及び再発防止策の提言 （４）本件事案に関する連結財務諸表等への影響額の確定 （５）その他、社内調査委員会が必要と認める事項,委員長：（プロアクト法律事務所 弁護士・公認不正検査士） 竹内 朗 委員：（当社社外取締役・独立役員） 平沼 義幸 委員：（当社社外監査役・独立役員 公認会計士） 水上 亮比呂 委員：（当社常勤監査役） 庄司 盛弘,プロアクト法律事務所 弁護士 田中 伸英 岩渕 恵理 神田 詠守 中島 永祥 株式会社foxcale,http://www.daisanshaiinkai.com
2024,2162,東証スタンダード,2162 東証スタンダード,nmsホールディングス株式会社,あずさ,2024/10/22,2024/10/22 2024/12/13,http://www.daisanshaiinkai.com/cms/wp-content/uploads/2024/10/241022_chousa2162.pdf http://www.daisanshaiinkai.com/cms/wp-content/uploads/2024/10/241213_chousa2162.pdf,2024/12/16,2024/12/16,http://www.daisanshaiinkai.com/cms/wp-content/uploads/2024/10/241216_chousa2162.pdf,＜特別調査委員会＞ （１）nmsHD社長小野文明による不適切な経費使用の有無に関する事実関係の調査 （２）上記（１）に類似する事案の有無及びその内容等に関する調査 （３）上記（１）及び（２）の調査で確認された事項に関する原因分析及び再発防止策の提言 （４）その他nmsHD取締役会と特別調査委員会が協議の上、必要と認めた事項,委員長 ：（当社社外取締役（監査等委員）・独立役員 公認会計士） 大原 達朗 委員：（当社社外取締役・独立役員 公認会計士） 中村 亨 委員：（松田綜合法律事務所 弁護士） 片岡 敏晃,nmsHD社外取締役（常勤監査等委 員）・独立役員 根本 豊 nmsHD社外取締役（監査等委員）・独立役員 弁護士 鈴木 真紀 シティユーワ法律事務所、虎ノ門東京法律事務所及び松田綜合法律事務所 弁護 6名,http://www.daisanshaiinkai.com/2024/page/2/
2024,4298,東証プライム・名証プレミア,4298 東証プライム・名証プレミア,株式会社プロトコーポレーション,あずさ,2024/10/18,2024/10/18,http://www.daisanshaiinkai.com/cms/wp-content/uploads/2024/10/241018_chousa4298.pdf,2024/12/10,2024/12/10,http://www.daisanshaiinkai.com/cms/wp-content/uploads/2024/10/241210_chousa4298.pdf,＜特別調査委員会＞ （１） 本件事案に関する事実関係（同種又は類似事案の存否を含む。）の確認 （２） 本件事案による当社連結財務諸表等への影響の検討 （３） 本件事案が発生した原因の分析と再発防止策の提言 （４） その他、特別調査委員会が必要と認めた事項,委員長：（アンダーソン・毛利・友常法律事務所 外国法共同事業 弁護士） 三宅 英貴 委員：（PwCリスクアドバイザリー合同会社 公認会計士） 那須 美帆子 委員：（アンダーソン・毛利・友常法律事務所 外国法共同事業 弁護士） 大西 良平,アンダーソン・毛利・友常法律事務所外国法共同事業 弁護士 髙田 将寛 髙橋 将希 齋藤 凌 高橋 慶伍 PwC リスクアドバイザリー合同会社 公認会計士 小澤 茂樹 成戸 宏隆 PwC リスクアドバイザリー合同会社 徳野 文子 ほか 26名,http://www.daisanshaiinkai.com/2024/page/2/
2024,9888,東証スタンダード,9888 東証スタンダード,株式会社UEX,Mooreみらい,2024/10/16,2024/10/16,http://www.daisanshaiinkai.com/cms/wp-content/uploads/2024/10/241016_daisansha9888.pdf,2025/02/06,2025/02/06,http://www.daisanshaiinkai.com/cms/wp-content/uploads/2024/10/250206_daisansha9888.pdf,（１）本件不正請求に関する事実関係の解明 （２）本件不正請求の原因分析及び再発防止策の提言 （３）その他、本委員会が必要と認める事項,委員長：（TMI総合法律事務所 弁護士） 酒井 邦彦 委員：（TMI 総合法律事務所 弁護士） 森川 久範 委員：（TMI 総合法律事務所 弁護士） 吉井 久美子,TMI総合法律事務所 弁護士 石井 宏 原田 紗衣 川中 啓由 田山 翔 中村 由樹 浅見 賢太郎 芳賀 友香 長島 誠 大坪 俊一 大久保 直 坪 広大,http://www.daisanshaiinkai.com/2024/page/2/
2024,9888,東証スタンダード,9888 東証スタンダード,株式会社UEX,Mooreみらい,2024/04/12,2024/04/12,http://www.daisanshaiinkai.com/cms/wp-content/uploads/2024/04/240412_chousa9888.pdf,,第三者委員会へ引き継ぎ,,＜社内調査委員会＞ 本事案の原因究明と再発防止策の策定,,,http://www.daisanshaiinkai.com/2024/page/2/
2024,2300,東証スタンダード,2300 東証スタンダード,株式会社きょくとう,EY新日本,2024/10/15,2024/10/15,http://www.daisanshaiinkai.com/cms/wp-content/uploads/2024/10/241015_chousa2300.pdf,2024/11/12,2024/11/12,http://www.daisanshaiinkai.com/cms/wp-content/uploads/2024/10/241112_chousa2300.pdf,＜社内調査委員会＞ （１）本事案に係る事実関係の調査 （２）本事案の原因分析、再発防止策の提言 （３）その他社内調査委員会が必要と認めた事項,委員：（社外取締役 独立役員） 重松 史郎 委員：（社外取締役 独立役員） 池田 早織 委員：（社外取締役 独立役員） 中嶋 久夫 委員：（社外取締役） 神尾 康生,,http://www.daisanshaiinkai.com/2024/page/2/
2024,9366,東証スタンダード,9366 東証スタンダード,株式会社サンリツ,あずさ,2024/09/30,2024/09/30 2024/10/31,http://www.daisanshaiinkai.com/cms/wp-content/uploads/2024/09/240930_chousa9366.pdf http://www.daisanshaiinkai.com/cms/wp-content/uploads/2024/09/241031_chousa9366.pdf,,未公表,,＜外部調査＞ 本件不正行為の包括的な調査,,,http://www.daisanshaiinkai.com/2024/page/2/
2024,7995,東証プライム,7995 東証プライム,株式会社バルカー,EY新日本,2024/09/25,2024/09/25,http://www.daisanshaiinkai.com/cms/wp-content/uploads/2024/09/240925_chousa7995.pdf,2024/11/14,2024/11/14,http://www.daisanshaiinkai.com/cms/wp-content/uploads/2024/09/241114_chousa7995.pdf,＜特別調査委員会＞ （１）本件不正行為に関する事実関係の調査 （２）本件不正行為に類似する事象の有無の調査 （３）本件不正行為の原因分析および再発防止策の提言 （４）その他特別調査委員会が必要と認める事項,委員長：（独立社外取締役） 沓澤 浩也 委員：（独立社外監査役 公認会計士） 高橋 秀法 委員：（独立社外監査役 弁護士） 戸井川 岩夫 委員：（常務執行役員 最高コンプライアンス責任者） 谷田部 麻美子 委員：（TMI総合法律事務所 弁護士） 髙山 崇彦,TMI総合法律事務所 弁護士 山口 俊 小林 祐太 中村 由樹 古市 賢吾 永峰 太郎 渡邉 雄大 西田 楓人 油下 知広 坂田 雄紀 TMI総合法律事務所 弁護士・公認会計士 彈塚 寛之 株式会社KPMG FAS 弁護士・公認会計士 岩田 知孝 株式会社KPMG FAS 公認不正検査士 泉谷 夏子 株式会社KPMG FAS 山田 昂輝 宮村 恵理 村上 康昭 李 予桐 梶谷 惠梨 萩野 仁温,http://www.daisanshaiinkai.com/2024/page/2/
2024,9229,東証プライム,9229 東証プライム,株式会社サンウェルズ,トーマツ,2024/09/20,2024/09/20,http://www.daisanshaiinkai.com/cms/wp-content/uploads/2024/09/240920_chousa9229.pdf,2025/02/07,2025/02/07,http://www.daisanshaiinkai.com/cms/wp-content/uploads/2024/09/250207_chousa9229.pdf,＜特別調査委員会＞ （１）本事案に関する事実関係の調査 （２）本事案に類似する事象の有無の調査 （３）上記（１）及び（２）の調査を踏まえ、問題があると判断された事案がある場合は、その原因分析及び再発防止策の提言 （４）その他、特別調査委員会が必要と認める事項,委員長：（長島・大野・常松法律事務所 パートナー弁護士） 辺 誠祐 委員：（PwCリスクアドバイザリー合同会社 パートナー） 池田 雄一 委員：（当社社外取締役（監査等委員）中西祐一法律事務所 弁護士） 中西 祐一,長島・大野・常松法律事務所 弁護士 鳥巣 正憲 長谷川 紘 青柳 徹 杉江 裕太 安田 幸弘 金子 大 丸田 颯人 五十嵐 紀史 田澤 拓海 水野 幸大 鐙 由暢 加藤 雄太郎 渡辺 雄太 石井 爽真 高井 志穂 端山 剛 船越 聖二 宇波 壮一郎 山本 安珠 PwCリスクアドバイザリー合同会社 上野 俊介 日下 洋輔 姚 斌建 徳野 文子 友清 佳奈 大沼 優希 ほか 10名,http://www.daisanshaiinkai.com/2024/page/2/
2024,6768,東証プライム,6768 東証プライム,株式会社タムラ製作所,EY新日本,2024/09/13,2024/09/13,http://www.daisanshaiinkai.com/cms/wp-content/uploads/2024/09/240913_chousa6768.pdf,2024/11/14,2024/11/14,http://www.daisanshaiinkai.com/cms/wp-content/uploads/2024/09/241114_chousa6768.pdf,＜外部調査チーム＞ （１）本件エイジング回避疑義に関する事実関係等の調査 （２）本件エイジング回避疑義と同様又は類似する事案の存否の検証 （３）上記各号の調査結果を踏まえた当社財務諸表等への影響の検討 （４）原因究明及び再発防止策の検討・提言 （５）その他当調査チームが必要と判断する事項,筆頭主査：（のぞみ総合法律事務所 弁護士・公認不正検査士） 結城 大輔 主査：（太陽グラントソントン・アドバイザーズ株式会社 公認会計士・公認不正検査士） 垂水 敬 主査：（のぞみ総合法律事務所 弁護士・公認不正検査士） 大東 泰雄,のぞみ総合法律事務所 弁護士 川西 風人 劉 セビョク 吉田 元樹 平山 祥 のぞみ総合法律事務所 弁護士・公認不正検査士 白水 裕基 上海澜亭弁護士事務所 中国弁護士 叶 森 郝永坤 李 環 上海澜亭弁護士事務所 中国公認会計士 張 靖輝 太陽グラントソントン・アドバイザーズ株式会社 公認会計士・公認不正検査士 前村 浩介 太陽グラントソントン・アドバイザーズ株式会社 公認会計士 井戸 志生 今枝 侑子 太陽グラントソントン・アドバイザーズ株式会社 公認不正検査士・EnCE 芝 啓真 太陽グラントソントン・アドバイザーズ株式会社 Nuix Workstation Data Discovery Specialist 大園 和登 外 2名 致同会計師事務所（特殊普通パートナシップ） 中国公認会計士 汪 屹 薛 冰 致同会計師事務所（特殊普通パートナシップ） 中国公認会計士・中国税理士 戚 玄静,http://www.daisanshaiinkai.com/2024/page/2/
2024,6151,東証プライム,6151 東証プライム,日東工器株式会社,EY新日本,2024/09/12,2024/09/12,http://www.daisanshaiinkai.com/cms/wp-content/uploads/2024/09/240912_chousa6151.pdf,2024/11/01,2024/11/01,http://www.daisanshaiinkai.com/cms/wp-content/uploads/2024/09/241101_chousa6151.pdf,＜特別調査委員会＞ （１）本件事案の事実関係の調査 （２）本件事案に類似する事象の有無の調査 （３）連結財務諸表への影響額の確認 （４）原因分析および再発防止策の提言 （５）その他特別調査委員会が必要と認める事項,委員長：（アンダーソン・毛利・友常法律事務所外国法共同事業 弁護士） 三宅 英貴 委員：（株式会社KPMG FAS 公認会計士） 藤田 大介 委員：（笹浪総合法律事務所 弁護士） 的場 美友紀,アンダーソン・毛利・友常法律事務所外国法共同事業 弁護士 中原 隆雅 株式会社KPMG FAS 公認会計士 床井 宏行 ほか 8名,http://www.daisanshaiinkai.com/2024/page/2/
2024,9248,東証プライム,9248 東証プライム,人・夢・技術グループ株式会社,RSM清和,2024/09/09,2024/09/09,http://www.daisanshaiinkai.com/cms/wp-content/uploads/2024/09/240909_chousa9248.pdf,2024/11/26,2024/11/26,http://www.daisanshaiinkai.com/cms/wp-content/uploads/2024/09/241126_chousa9248.pdf,＜特別調査委員会＞ （１）本事案に関する事実関係の調査 （２）本事案に類似する事象の有無の調査 （３）本事案の原因分析及び再発防止策の提言 （４）その他、特別調査委員会が必要と認める事項,委員長：（TMI総合法律事務所 弁護士） 田代 啓史郎 委員：（TMI総合法律事務所 弁護士・公認会計士） 吉岡 博之 委員：（株式会社KPMG FAS 公認会計士・弁護士） 岩田 知孝,TMI総合法律事務所 弁護士 中城 由貴 山口 俊 小田 智典 篠原 一生 長岡 征斗 浅見 賢太郎 板井 遼平 橋本 大智 三浦 大典 大坪 俊一 牧 昂平 杉山 裕之 渡辺 智裕 大畑 雅明 滝川 航生 中村 優介 吹野 直人 三島 滉太朗 森山 海 大久保 直 株式会社KPMG FAS 公認会計士 斎田 修 山口 孝之 石坂 穏 折戸 伸樹 株式会社KPMG FAS 山田 昂輝 Tay Tian Jye 神永 朝起 村上 康昭 廣原 茉耶 服部 知昭 内田 健 萩野 仁温 他 4名,http://www.daisanshaiinkai.com/2024/page/2/
2024,9248,東証プライム,9248 東証プライム,人・夢・技術グループ株式会社,RSM清和,2024/08/08,2024/08/08,http://www.daisanshaiinkai.com/cms/wp-content/uploads/2024/08/240808_chousa9248.pdf,,未公表,,＜社内調査委員会＞ （１）本事案に関する事実関係の調査 （２）本事案に類似する事象の有無の調査 （３）本事案の原因分析及び再発防止策の提言 （４）その他、社内調査委員会が必要と認める事項,委員長：（専務取締役 コーポレート・ガバナンス担当） 井戸 昭典 委員：（取締役（監査等委員）） 柴田 尚規 委員：（執行役員 特命事項担当） 加藤 聡 委員：（内部統制センター会計監査部ゼネラル・マネージャー） 鈴木 孝 委員：（TMI総合法律事務所パートナー 弁護士） 田代 啓史郎,TMI総合法律事務所 株式会社KPMG FAS,http://www.daisanshaiinkai.com/2024/page/2/
2024,9142,東証プライム,9142 東証プライム,九州旅客鉄道株式会社,トーマツ,2024/09/03,2024/09/03,http://www.daisanshaiinkai.com/cms/wp-content/uploads/2024/09/240903_daisansha9142.pdf,2024/12/03,2024/12/03,http://www.daisanshaiinkai.com/cms/wp-content/uploads/2024/09/241203_chousa9142.pdf,本件事案について、発生原因も含めた関連する事実関係の解明と安全確保の体制の再構築のため、客観的且つ独立した立場から本件に関する調査を実施し、また、調査で判明した事実を踏まえた再発防止策等に関する助言を受けること,委員長：（弁護士法人西村あさひ法律事務所 弁護士） 尾崎 恒康 委員：（弁護士法人田中法律事務所 弁護士） 田中 庸介 委員：（トーマス・ミラー株式会社 シニア・ロス・プリベンション・ダイレクター） 関根 博,,http://www.daisanshaiinkai.com/2024/page/2/
2024,7012,東証プライム・名証プレミア,7012 東証プライム・名証プレミア,川崎重工業株式会社,あずさ,2024/08/30,2024/08/30 2024/11/11 2025/08/29,http://www.daisanshaiinkai.com/cms/wp-content/uploads/2024/08/240830_chousa7012.pdf http://www.daisanshaiinkai.com/cms/wp-content/uploads/2024/08/241111_chousa7012.pdf http://www.daisanshaiinkai.com/cms/wp-content/uploads/2024/08/250829_chousa7012.pdf,2025/01/24,2025/01/24,http://www.daisanshaiinkai.com/cms/wp-content/uploads/2024/08/250124_chousa7012.pdf,＜特別調査委員会（舶用エンジン）＞ （１）本件不正行為に関する事実調査 （２）本件不正行為の類似事案の有無の調査 （３）本件不正行為の原因の究明 （４）再発防止策の提言（KHIによる是正措置の妥当性の検証を含む）,委員長：（森・濱田松本法律事務所 弁護士） 林 眞琴 委員：（森・濱田松本法律事務所 弁護士） 関戸 麦 委員：（森・濱田松本法律事務所 弁護士） 藤津 康彦,海上技術安全研究所 環境・動力系長・国際連携センター副センター長（併任） 益田 晶子 海上技術安全研究所 環境・動力系動力システム研究グループ長 仁木 洋一 森・濱田松本法律事務所 弁護士 園田 観希央 李 政潤 北 和尚 山田 徹 丹羽 翔一 佐藤 浩由 板根 靖奈 塚田 智宏 山岡 孝太 西條 景 宮本 雄太 岡田 翔太 石田 祐一郎 桒原 宏季 石川 稜也 一井 梨緒 坂田 水美 中矢 仁武 PwC リスクアドバイザリー合同会社 公認会計士 那須 美帆子 上野 俊介 ラ ロマン 満行 毅 中村 理美 山上 雄也 コギンス 麻依 山縣 佳代子 他 36名,http://www.daisanshaiinkai.com/2024/page/2/
2024,7012,東証プライム・名証プレミア,7012 東証プライム・名証プレミア,川崎重工業株式会社,あずさ,2024/08/30,2024/08/30,http://www.daisanshaiinkai.com/cms/wp-content/uploads/2024/08/240830_chousa7012.pdf,2024/12/27,2024/12/27,http://www.daisanshaiinkai.com/cms/wp-content/uploads/2024/08/241227_chousa7012.pdf,＜特別調査委員会（潜水艦修繕）＞ （１）本件不適切行為に関する事案の事実関係の調査 （２）KHI及び国内グループ各社における本件事案に類似した組織的な金品不正事案の有無及び事実関係の調査 （３）上記（１）及び（２）に係る原因の分析及び再発防止策の提言,委員長：（北浜法律事務所 弁護士） 渡辺 徹 委員：（北浜法律事務所 弁護士） 児玉 実史 委員：（北浜法律事務所 弁護士） 谷 明典,弁護士法人北浜法律事務所 弁護士 覺道 佳優 山口 正貴 佐々木 隼 野口 智之 森 千彦 中森 伸 中野 綾香 川上 幸星 佐藤 優馬 加藤 輝政 西本 悠夏 吉谷 心太郎 谷口 尚暉 谷口 遼 大石 純矢 堀山 輝 木村 勇太 下岡 隼 福田 弘貴 稲田 珠青 田代 航洋 門脇 優介 竹井 一将 谷村 篤哉 薬師寺 央 水谷 一太 九鬼 陽光 小島 凜 吉澤 海都,http://www.daisanshaiinkai.com/2024/page/2/
2024,3538,東証スタンダード,3538 東証スタンダード,株式会社ウイルプラスホールディングス,EY新日本,2024/08/26,2024/08/26,http://www.daisanshaiinkai.com/cms/wp-content/uploads/2024/08/240826_chousa3538.pdf,2024/09/17,2024/09/17,http://www.daisanshaiinkai.com/cms/wp-content/uploads/2024/08/240917_chousa3538.pdf,＜特別調査委員会＞ 本件についての事実関係の調査、原因の解明、会計上の問題点の有無等及び再発防止策の提言等を行うため,委員長：（祝田法律事務所 弁護士） 川村 一博 委員：（祝田法律事務所 弁護士） 西岡 祐介 委員：（TMI総合法律事務所 弁護士・公認会計士） 吉井 久美子,,http://www.daisanshaiinkai.com/2024/page/2/
2024,7012,東証プライム・名証プレミア,7012 東証プライム・名証プレミア,川崎重工業株式会社,あずさ,2024/08/21,2024/08/21,http://www.daisanshaiinkai.com/cms/wp-content/uploads/2024/08/240821_chousa7012.pdf,2024/09/27,2024/09/27 2024/12/25,http://www.daisanshaiinkai.com/cms/wp-content/uploads/2024/08/240927_chousa7012.pdf http://www.daisanshaiinkai.com/cms/wp-content/uploads/2024/08/241225_chousa7012.pdf,＜社内調査委員会＞ 本検査不正に関する調査,統括責任者︓エネルギーソリューション&マリンカンパニー 品質保証本部長 原因究明・再発防止策チーム︓ 6名 記録調査・技術対応チーム︓ 10名,,http://www.daisanshaiinkai.com/2024/page/2/
2024,4179,東証グロース,4179 東証グロース,株式会社ジーネクスト,オリエント,2024/08/16,2024/08/16,http://www.daisanshaiinkai.com/cms/wp-content/uploads/2024/08/240816_chousa4179.pdf,2024/09/09,2024/09/09 2025/06/27,http://www.daisanshaiinkai.com/cms/wp-content/uploads/2024/08/240909_chousa4179.pdf http://www.daisanshaiinkai.com/cms/wp-content/uploads/2024/08/250627_chousa4179.pdf,＜社内調査＞ 横治祐介氏による善管注意義務違反等が疑われる行為について、事実関係の調査,当社管理部,,http://www.daisanshaiinkai.com/2024/page/2/
2024,2743,東証スタンダード,2743 東証スタンダード,ピクセルカンパニーズ株式会社,アリア,2024/08/13,2024/08/13 2024/11/12,http://www.daisanshaiinkai.com/cms/wp-content/uploads/2024/08/240813_chousa2743.pdf http://www.daisanshaiinkai.com/cms/wp-content/uploads/2024/08/241112_chousa2743.pdf,2024/11/13,2024/11/13,http://www.daisanshaiinkai.com/cms/wp-content/uploads/2024/08/241113_chousa2743.pdf,＜特別調査委員会＞ （１）ピクセルエステート株式会社（2024年6月1日付けで売却済み）の取引先への前渡金（350百万円）が当社代表取締役個人の借入金に対する返済ではないかとの疑義の調査 （２）ピクセルエステート株式会社において2019年12月期から2023年12月期までの間に計上された再生可能エネルギー施設等の開発に関わる土地や権利等の取得に関る前渡金等の取引（計 18件）が実体のない取引ではないかとの事実関係の調査 （３）当社取締役会の承認を得ずに2019年9月に取引先会社と当社代表取締役の吉田弘明との間の金銭消費貸借契約に関する連帯保証契約を締結した取引（貸主：取引先会社、借主：吉田弘明、連帯保証：ピクセルカンパニーズ株式会社）の事実関係の調査 （４）上記調査の結果判明した事実が財務諸表に与える影響 （５）本件の原因分析及び再発防止策の提言,委員長：（善国寺坂法律事務所 弁護士） 大下 良仁 委員：（能勢公認会計士事務所 公認会計士） 能勢 元 委員：（OMM法律事務所 弁護士） 榎木 智浩,,http://www.daisanshaiinkai.com/2024/page/2/
2024,8798,東証プライム・福証・札証,8798 東証プライム・福証・札証,株式会社アドバンスクリエイト,桜橋,2024/08/09,2024/08/09,http://www.daisanshaiinkai.com/cms/wp-content/uploads/2024/10/240809_chousa8798.pdf,2024/10/08,2024/10/08 2025/01/10,http://www.daisanshaiinkai.com/cms/wp-content/uploads/2024/08/250110_chousa8798.pdf http://www.daisanshaiinkai.com/cms/wp-content/uploads/2024/10/241008_chousa8798.pdf,＜調査委員会＞ （１）本件問題に関する事実関係（意図的な不正の有無を含む。）の確認 （２）仮に誤りがあった場合の、誤りの原因の分析及び再発防止策,委員長：（かなやま法律事務所 弁護士） 金山 伸宏 委員：（三田公認会計士事務所 公認会計士・税理士） 三田 与志雄 委員：（ひふみ総合法律事務所 弁護士・公認不正検査士） 矢田 悠,株式会社foxcale 小島 冬樹 松原 由佳 堤 大輔 篠田 春樹,http://www.daisanshaiinkai.com/2024/page/2/
2024,7956,東証プライム,7956 東証プライム,ピジョン株式会社,PwC Japan,2024/08/08,2024/08/08,http://www.daisanshaiinkai.com/cms/wp-content/uploads/2024/08/240808_chousa7956.pdf,2024/08/14,2024/08/14,http://www.daisanshaiinkai.com/cms/wp-content/uploads/2024/08/240814_chousa7956.pdf,＜社内調査＞ 本件疑義に関する調査,,,http://www.daisanshaiinkai.com/2024/page/3/
2024,6920,東証プライム,6920 東証プライム,レーザーテック株式会社,PwC Japan,2024/08/05,2024/08/05,http://www.daisanshaiinkai.com/cms/wp-content/uploads/2024/08/240805_chousa6920.pdf,2024/08/05,2024/08/05,http://www.daisanshaiinkai.com/cms/wp-content/uploads/2024/08/240805_chousa6920.pdf,＜特別調査委員会＞ 本件疑義のうち当社の会計処理に重要な影響を及ぼす仕掛品に関する不正会計の疑義の有無及び内容に関する調査,委員長：（早稲田大学理工学術院教授 LT社社外取締役） 三原 康司 委員：（ｼﾞｪｲ･ﾕｰﾗｽ･ｱｲｱｰﾙ株式会社取締役会長 LT社社外取締役） 岩田 宜子 委員：（株式会社KPMG FASパートナー 弁護士・公認会計士） 岩田 知孝,株式会社KPMG FAS 公認会計士 宇野 真悟 山口 孝之 折戸 伸樹 株式会社KPMG FAS 呉 秋鵬,http://www.daisanshaiinkai.com/2024/page/3/
2024,7013,東証プライム,7013 東証プライム,株式会社IHI,EY新日本,2024/07/31,2024/07/31,http://www.daisanshaiinkai.com/cms/wp-content/uploads/2024/08/240731_chousa7013.pdf,2025/07/22,2025/07/22,http://www.daisanshaiinkai.com/cms/wp-content/uploads/2024/08/250722_chousa_7013.pdf,＜社内調査＞ 事実関係の調査および原因究明,,,http://www.daisanshaiinkai.com/2024/page/3/
2024,9428,東証スタンダード・名証プレミア,9428 東証スタンダード・名証プレミア,株式会社クロップス,あずさ,2024/07/18,2024/07/18,http://www.daisanshaiinkai.com/cms/wp-content/uploads/2024/07/240718_fusei9428.pdf,2024/09/20,2024/09/20,http://www.daisanshaiinkai.com/cms/wp-content/uploads/2024/07/240920_chousa9428.pdf,＜社内調査＞ 事実及び原因の解明,,,http://www.daisanshaiinkai.com/2024/page/3/
2024,2934,東証グロース,2934 東証グロース,ジェイフロンティア株式会社,アヴァンティア,2024/07/18,2024/07/18 2024/11/12,http://www.daisanshaiinkai.com/cms/wp-content/uploads/2024/07/240718_chousa2934.pdf http://www.daisanshaiinkai.com/cms/wp-content/uploads/2024/07/241112_chousa2934.pdf,2024/11/13,2024/11/13,http://www.daisanshaiinkai.com/cms/wp-content/uploads/2024/07/241113_chousa2934.pdf,＜特別調査委員会＞ （１）本事案の事実関係の調査 （２）本事案に類似する事象の有無の調査 （３）本事案の原因分析および再発防止策の提言 （４）その他、特別調査委員会が必要と認めた事項,委員長：（ななつぼし監査法人 公認会計士） 米永 隆司 委員：（ななつぼし監査法人 公認会計士） 安田 幸一 委員：（当社監査役 弁護士） 榊原 一久,ななつぼし監査法人 公認会計士 齋藤 康晴 ほか 5名 AOSデータ株式会社 森田 善明 小宮山 智美 ほか 10数名,http://www.daisanshaiinkai.com/2024/page/3/
2024,7004,東証プライム,7004 東証プライム,カナデビア株式会社（日立造船株式会社）,あずさ,2024/07/05,2024/07/05 2024/07/17,http://www.daisanshaiinkai.com/cms/wp-content/uploads/2024/07/240705_chousa7004.pdf http://www.daisanshaiinkai.com/cms/wp-content/uploads/2024/07/240717_chousa7004.pdf,2024/09/17,2024/09/17 2024/12/25 2025/03/25 2025/03/27 2025/04/30,http://www.daisanshaiinkai.com/cms/wp-content/uploads/2024/07/240917_chousa7004.pdf http://www.daisanshaiinkai.com/cms/wp-content/uploads/2024/07/241225_chousa7004.pdf http://www.daisanshaiinkai.com/cms/wp-content/uploads/2024/07/250325_chousa7004.pdf http://www.daisanshaiinkai.com/cms/wp-content/uploads/2024/07/250327_chousa7004.pdf http://www.daisanshaiinkai.com/cms/wp-content/uploads/2024/07/250430_chousa7004.pdf,＜特別調査委員会＞ （１）不適切行為に対する認識 （２）不適切行為が始まった時期 （３）不適切行為への関与の有無 （４）不適切行為について上司・同僚への相談・指摘の有無 （５）不適切行為の具体的な内容 （６）不適切行為の原因・防止方法 （７）NOx 放出量・燃料消費率・安全性への影響に関する知識・認識等,委員⻑：（⻑島・⼤野・常松法律事務所 弁護士） 伊丹 俊彦 委員：（⻑島・⼤野・常松法律事務所 弁護士） 曽⽊ 徹也 委員：（⻑島・⼤野・常松法律事務所 弁護士） 深⽔ ⼤輔,国立研究開発法人水産研究・教育機構水産大学校教授 技術アドバイザー 津田 稔 国立研究開発法人水産研究・教育機構水産大学校名誉教授 技術アドバイザー 前田 和幸 長島・大野・常松法律事務所 弁護士 24名,http://www.daisanshaiinkai.com/2024/page/3/
2024,6173,東証グロース,6173 東証グロース,株式会社アクアライン,やまぶき,2024/07/05,2024/07/05,http://www.daisanshaiinkai.com/cms/wp-content/uploads/2024/07/240705_chousa6173.pdf,2024/09/18,2024/09/18 2024/09/20,http://www.daisanshaiinkai.com/cms/wp-content/uploads/2024/07/240918_chousa6173.pdf http://www.daisanshaiinkai.com/cms/wp-content/uploads/2024/07/240920_chousa6173.pdf,＜特別調査委員会＞ （１）本事案にかかる事実関係の調査 （２）本事案に類似する事象の有無の調査 （３）上記（１）及び（２）による当社連結財務諸表等への影響額の算定 （４）本事案が生じた原因の分析と再発防止策の提言 （５）その他、特別調査委員会が必要と認めた事項,委員長：（本澤法律事務所 弁護士） 本澤 順子 委員：（片岡総合法律事務所 弁護士） 田中 貴一 委員：（株式会社KIC 公認会計士） 髙木 明,片岡総合法律事務所 弁護士 山根 祐輔 中里 拓也 成田 昌平 松浦 正樹 株式会社KIC 公認会計士 寒川 貴弘 堀本 明 信田 淳 岩下 耀平 水地一彰公認会計士事務所 公認会計士 水地 一彰 株式会社foxcale 公認会計士 小池 起司 吉津 亮介 株式会社foxcale 井出 聡 福田 昌志 株式会社foxcale 公認不正検査士 西川 順子 他 17名,http://www.daisanshaiinkai.com/2024/page/3/
2024,2437,東証スタンダード,2437 東証スタンダード,Shinwa Wise Holdings株式会社,UHY東京,2024/07/04,2024/07/04 2024/09/06,http://www.daisanshaiinkai.com/cms/wp-content/uploads/2024/07/240704_chousa2437.pdf http://www.daisanshaiinkai.com/cms/wp-content/uploads/2024/07/240906_daisansha2437.pdf,2024/09/10,2024/09/10,http://www.daisanshaiinkai.com/cms/wp-content/uploads/2024/07/240910_daisansha2437.pdf,(１)本件疑義に係る事実関係及び会計処理の調査 (２)本件疑義に類似する事象の存否及び会計処理の調査 (３)上記（１）及び（２）の結果、発見された事項の発生原因の分析と再発防止策の策定・提言 (４)その他、当委員会が必要と認める事項,委員長：（弁護士法人一番町綜合法律事務所 弁護士） 高橋 直 委員：（弁護士法人トライデント 弁護士・公認会計士） 横張 清威 委員：（ふじみ監査法人 公認会計士） 淡路 洋平,弁護士法人一番町綜合法律事務所 弁護士 松本 宗道 弁護士法人トライデント 弁護士・公認会計士 鈴木 咲季 福士 貴紀 弁護士法人トライデント 弁護士・公認会計士・公認不正検査士 平木 太生 木田佳佑公認会計士事務所 公認会計士 木田 佳佑 内藤泰一公認会計士事務所 公認会計士 内藤 泰一 石川光介公認会計士事務所 公認会計士 石川 光介 株式会社foxcale 公認会計士 小池 赳司 吉津 亮介 株式会社foxcale 井出 聡 福田 昌志 株式会社foxcale 公認不正検査士 西川 順子 外 15名,http://www.daisanshaiinkai.com/2024/page/3/
2024,9278,東証プライム,9278 東証プライム,ブックオフグループホールディングス株式会社,トーマツ,2024/06/25,2024/06/25 2024/08/06 2024/10/15,http://www.daisanshaiinkai.com/cms/wp-content/uploads/2024/06/240625_chousa9278.pdf http://www.daisanshaiinkai.com/cms/wp-content/uploads/2024/06/240806_chousa9278.pdf http://www.daisanshaiinkai.com/cms/wp-content/uploads/2024/06/241015_chousa9278-1.pdf,2024/10/15,2024/10/15,http://www.daisanshaiinkai.com/cms/wp-content/uploads/2024/06/241015_chousa9278.pdf,＜特別調査委員会＞ （１）本事案にかかる事実関係の調査 （２）本事案に類似する事象の有無の調査 （３）上記（１）及び（２）による連結財務諸表への影響額の算定 （４）本事案の原因分析、再発防止策の提言 （５）その他、特別調査委員会が必要と認めた事項,委員：（光和総合法律事務所 弁護士） 白井 真 委員：（弁護士法人ほくと総合法律事務所 弁護士） 倉橋 博文 委員：（株式会社KPMG FAS 公認会計士） 藤田 大介,光和総合法律事務所 弁護士 木谷 太郎 中澤 雄仁 野原 俊介 渡邊 涼介 井上 龍太郎 坂下 大貴 橋本 祥 森 大輝 渡辺 大祐 岡本 健太 水村 優太 神 ふみ子 原田 康平 八雲法律事務所 弁護士 笠置 泰平 弁護士法人ほくと総合法律事務所 弁護士 高橋 康平 奥津 啓太 鈴木 裕也 又吉 重樹 藪田 崇之 若狹 周作 株式会社 KPMG FAS 公認会計士・弁護士 塩野 祐輝 株式会社 KPMG FAS 公認会計士 須賀 永治 床井 宏行 石坂 穏 ほか 13名,http://www.daisanshaiinkai.com/2024/page/3/
2024,8630,東証プライム,8630 東証プライム,SOMPOホールディングス株式会社,EY新日本,2024/06/14,2024/06/14,http://www.daisanshaiinkai.com/cms/wp-content/uploads/2024/06/240614_chousa8630.pdf,2024/06/14,2024/06/14,http://www.daisanshaiinkai.com/cms/wp-content/uploads/2024/06/240614_chousa8630_2.pdf,＜社外調査委員会＞ 事実関係の調査解明、その原因の究明、それらに関連するSJのガバナンス・組織風土上の問題及び損害保険業界の制度・慣行上の問題に関する検証並びに再発防止策の検討及び提言,委員長：（銀座中央法律事務所 元公正取引委員会委員 弁護士） 幕田 英雄 委員：（岡村綜合法律事務所 弁護士） 内田 清人 委員：（長島・大野・常松法律事務所 弁護士） 深水 大輔,長島・大野・常松法律事務所 弁護士 岡村綜合法律事務所 弁護士,http://www.daisanshaiinkai.com/2024/page/3/
2024,1960,東証スタンダード,1960 東証スタンダード,株式会社サンテック,RSM清和,2024/06/10,2024/06/10 2024/06/18,http://www.daisanshaiinkai.com/cms/wp-content/uploads/2024/06/240610_chousa1960.pdf http://www.daisanshaiinkai.com/cms/wp-content/uploads/2024/06/240618_chousa1960.pdf,2024/09/09,2024/09/09,http://www.daisanshaiinkai.com/cms/wp-content/uploads/2024/06/240909_daisansha1960.pdf,（１）本事案に係る事実関係の調査 （２）YTN⼯事に類似する事象の有無の調査 （３）本事案による財務諸表への影響額の算定 （４）本事案の発⽣原因の分析、再発防⽌策の提⾔ （５）上記各号の事項を遂⾏した結果に基づく調査報告書の作成及び同調査報告書の当社への提出 （６）その他、当委員会が必要と認めた事項,委員：（アルティメイト監査法人 公認会計士） 田所 貴広 委員：（アルティメイト監査法人 公認会計士） 水谷 啓吾 委員：（ひなた総合法律事務所 弁護士） 辻角 智之 委員：（弁護士法人トライデント 弁護士・公認会計士） 横張 清威,,http://www.daisanshaiinkai.com/2024/page/3/
2024,4777,東証スタンダード,4777 東証スタンダード,株式会社ガーラ,Ks Lab.,2024/05/30,2024/05/30,http://www.daisanshaiinkai.com/cms/wp-content/uploads/2024/05/240530_chousa4777.pdf,2024/09/09,2024/09/09,http://www.daisanshaiinkai.com/cms/wp-content/uploads/2024/05/240909_chousa4777.pdf,＜特別調査委員会＞ （１）本件疑義に係る事実関係の調査 （２）本件疑義に類似する事象の有無の調査 （３）本件疑義（及びこれに類似する事象）による連結財務諸表への影響額の算定 （４）本件疑義（及びこれに類似する事象）の原因分析、再発防止策の提言 （５）その他、当委員会が必要と認めた事項,委員長：（株式会社アカウンティング アドバイザリー 公認会計士） 井上 寅喜 委員：（岩田合同法律事務所 弁護士） 伊藤 菜々子 委員：（岩田合同法律事務所 弁護士・公認会計士） 武藤 雄木,岩田合同法律事務所 弁護士 本村 健 武田 敦 宮坂 智 株式会社アカウンティング・アドバイザリー 弁護士 平井 太 株式会社アカウンティング・アドバイザリー 公認会計士 大川 圭美 のぞみ総合法律事務所 弁護士 結城 大輔 劉 セビョク のぞみ総合法律事務所 大韓民国弁護士 任 恵景 株式会社KPMG FAS 公認会計士 藤田 大介 見越 敬夫 城阪 由美 株式会社KPMG FAS 山田 昂輝 他 6名,http://www.daisanshaiinkai.com/2024/page/3/
2024,5161,東証スタンダード,5161 東証スタンダード,西川ゴム工業株式会社,あずさ,2024/05/29,2024/05/29 2024/06/25,http://www.daisanshaiinkai.com/cms/wp-content/uploads/2024/05/240529_chousa5161.pdf http://www.daisanshaiinkai.com/cms/wp-content/uploads/2024/05/240625_chousa5161.pdf,2024/08/16,2024/08/16,http://www.daisanshaiinkai.com/cms/wp-content/uploads/2024/05/240816_chousa5161.pdf,＜社内調査＞ （１）本件に係るあるべき棚卸資産残高の確定 （２）本件に係る不正懸念事項の調査 （３）類似事案の調査 （４）当社連結財務諸表等への影響額の算定 （５）原因分析と再発防止策の検討,,,http://www.daisanshaiinkai.com/2024/page/3/
2024,4623,東証スタンダード,4623 東証スタンダード,株式会社アサヒペン,協立神明,2024/05/29,2024/05/29,http://www.daisanshaiinkai.com/cms/wp-content/uploads/2024/05/240529_chousa4623.pdf,2024/07/25,2024/07/25,http://www.daisanshaiinkai.com/cms/wp-content/uploads/2024/05/240725_chousa4623.pdf,＜社内調査チーム＞ 資金移動の推移等に関する調査、原因解明および再発防止策の策定,,,http://www.daisanshaiinkai.com/2024/page/3/
2024,9682,東証プライム,9682 東証プライム,株式会社DTS,EY新日本,2024/05/24,2024/05/24 2024/08/02,http://www.daisanshaiinkai.com/cms/wp-content/uploads/2024/05/240524_chousa9682.pdf http://www.daisanshaiinkai.com/cms/wp-content/uploads/2024/05/240802_chousa9682.pdf,2024/08/06,2024/08/06,http://www.daisanshaiinkai.com/cms/wp-content/uploads/2024/05/240806_chousa9682.pdf,＜特別調査委員会＞ （１）本事案にかかる事実関係の調査 （２）本事案に類似する事象の有無の調査 （３）本事案による財務諸表への影響額の算定 （４）本事案の発生原因の分析、再発防止策の提言 （５）上記各号の事項を遂行した結果に基づく調査報告書の作成及び同調査報告書のDTS社への提出 （６）その他、当委員会が必要と認めた事項,委員長：（アンダーソン・毛利・友常法律事務所外国法共同事業 弁護士） 三宅 英貴 委員：（FYI株式会社代表取締役 公認会計士） 河江 健史 委員：（（株）DTS取締役 常勤監査等委員） 坂本 孝雄,アンダーソン・毛利・友常法律事務所外国法共同事業 弁護士 中原 隆雅 外部公認会計士 井出 浩二 張本 和志 石田 有司 田中 雅典 今西 紘子 小林 純也 川中 宏介 山野 智也子 副島 慎太郎 TMI 総合法律事務所 弁護士 4名（内、1名は外国法事務弁護士） PwCリスクアドバイザリー合同会社 公認会計士 那須 美帆子 成戸 宏隆 大沼 優希 ほか 9名 PwCリスクアドバイザリー合同会社 米国弁護士 志村 亜希,http://www.daisanshaiinkai.com/2024/page/3/
2024,2156,東証スタンダード,2156 東証スタンダード,セーラー広告株式会社,えひめ,2024/05/22,2024/05/22,http://www.daisanshaiinkai.com/cms/wp-content/uploads/2024/05/240522_chousa2156.pdf,2024/07/24,2024/07/24,http://www.daisanshaiinkai.com/cms/wp-content/uploads/2024/05/240724_chousa2156.pdf,＜社内調査委員会＞ （１）本件不正行為に関する事実関係の調査 （２）本件不正行為に類似する他の不正行為の有無の調査 （３）本件不正行為が当社の財務諸表に与える影響把握 （４）発生原因の分析と再発防止策の提言検討,代表：（当社常務取締役コーポレートデザイン局長・当社コンプライアンス委員会委員長） 萱原 一則 委員：（アローズ法律事務所 弁護士） 藤本 邦人 委員：（当社取締役監査等委員 ） 原渕 定夫 委員：（当社社外取締役監査等委員 公認会計士・税理士） 武田(田辺) 真由美 委員：（当社社外取締役監査等委員） 福川 盛二 委員：（当社執行役員総務局長） 西分 太郎,内部監査室 1名,http://www.daisanshaiinkai.com/2024/page/3/
2024,3136,札証アンビシャス,3136 札証アンビシャス,株式会社エコノス,三優,2024/05/17,2024/05/17,http://www.daisanshaiinkai.com/cms/wp-content/uploads/2024/05/240517_chousa3136.pdf,2024/06/25,2024/06/25,http://www.daisanshaiinkai.com/cms/wp-content/uploads/2024/05/240625_chousa3136.pdf,＜特別調査委員会＞ （１）本件事案の事実関係の調査 （２）本件事案に類似する事象の有無の調査 （３）本件事案の原因分析および再発防止策の提言,委員長：（監査法人銀河 理事長 公認会計士） 木下 均 委員：（弁護士法人神戸・万字・福田法律事務所 代表社員 弁護士） 神戸 俊昭 委員：（社外取締役 公認会計士） 寺田 昌人 委員：（常勤社外監査役） 藤永 至高 委員：（社外監査役 公認会計士） 石川 信行,,http://www.daisanshaiinkai.com/2024/page/3/
2024,5994,東証スタンダード,5994 東証スタンダード,株式会社ファインシンター,PwC Japan,2024/05/16,2024/05/16 2024/05/23 2024/08/30 2024/09/30,http://www.daisanshaiinkai.com/cms/wp-content/uploads/2024/05/240516_futekisetsu5994.pdf http://www.daisanshaiinkai.com/cms/wp-content/uploads/2024/05/240523_chousa5994.pdf http://www.daisanshaiinkai.com/cms/wp-content/uploads/2024/05/240830_chousa5994.pdf http://www.daisanshaiinkai.com/cms/wp-content/uploads/2024/05/240930_chousa5994-1.pdf,2024/09/30,2024/09/30,http://www.daisanshaiinkai.com/cms/wp-content/uploads/2024/05/240930_chousa5994.pdf,＜特別調査委員会＞ （１）本件に関する事実関係の調査 （２）本件に類似する事象の有無の確認及び存在する場合の事実確認 （３）（１）及び（２）の調査の結果判明した事実が財務諸表に与える影響の確認 （４）本件の原因分析及び再発防止策の提言 （５）その他、当委員会が必要と認めた事項,委員長：（西村あさひ法律事務所・外国法共同事業 パートナー弁護士） 森本 大介 委員：（デロイト トーマツ ファイナンシャルアドバイザリー合同会社 公認会計士） 佐藤 保則 委員：（当社独立社外監査役 公認会計士） 加藤 克彦 委員：（当社独立社外監査役 公認会計士） 鈴木 康也,西村あさひ法律事務所・外国法共同事業 デロイト トーマツ ファイナンシャルアドバイザリー合同会社,http://www.daisanshaiinkai.com/2024/page/3/
2024,3864,東証プライム,3864 東証プライム,三菱製紙株式会社,EY新日本,2024/05/10,2024/05/10,http://www.daisanshaiinkai.com/cms/wp-content/uploads/2024/05/240510_chousa3864.pdf,2024/05/14,2024/05/14,http://www.daisanshaiinkai.com/cms/wp-content/uploads/2024/05/250514_chousa3864.pdf,＜特別調査委員会＞ （１）旧白河事業所内で製造していた耐熱プレスボード製品のデータ改ざん問題の事実関係に関する調査 （２）MPM グループ内における類似事案の有無に関する調査 （３）上記（１）及び（２）で検出された問題の原因分析及び再発防止策の提言,委員長：（アンダーソン・毛利・友常法律事務所外国法共同事業 パートナー 弁護士） 甲斐 淑浩 委員：（アンダーソン・毛利・友常法律事務所外国法共同事業 パートナー 弁護士） 金子 圭子 委員：（アンダーソン・毛利・友常法律事務所外国法共同事業 パートナー 弁護士） 西谷 敦 委員：（アンダーソン・毛利・友常法律事務所外国法共同事業 スペシャルカウンセル 弁護士） 大西 良平,アンダーソン・毛利・友常法律事務所外国法共同事業 弁護士 髙田 将寛 清水 愛衣加 中川 佳直 天野 尊仁 石井 南帆 角田 怜央 北泉 隆之 齋藤 航太 PwCリスクアドバイザリー合同会社 池田 雄一 上野 俊介 中村 理美 ほか 9名,http://www.daisanshaiinkai.com/2024/page/3/
2024,7069,東証グロース,7069 東証グロース,株式会社サイバー・バズ,トーマツ,2024/05/08,2024/05/08,http://www.daisanshaiinkai.com/cms/wp-content/uploads/2024/10/240508_chousa7069.pdf,2024/10/16,2024/10/16,http://www.daisanshaiinkai.com/cms/wp-content/uploads/2024/10/241016_chousa7069.pdf,＜社内調査＞ 本件取引に係る事実経緯、本件事象の原因分析及び再発防止策の 策定,,,http://www.daisanshaiinkai.com/2024/page/3/
2024,7875,東証スタンダード・名証メイン,7875 東証スタンダード・名証メイン,竹田iPホールディングス株式会社,あずさ,2024/05/08,2024/05/08,http://www.daisanshaiinkai.com/cms/wp-content/uploads/2024/05/240508_chousa7875.pdf,,未公表,,＜社内調査チーム＞ 資金移動の事実の確認、関係者に対するヒアリングの実施など全容の解明に向けた調査,,,http://www.daisanshaiinkai.com/2024/page/4/
2024,4762,東証スタンダード,4762 東証スタンダード,株式会社エックスネット,あずさ,2024/05/07,2024/05/07,http://www.daisanshaiinkai.com/cms/wp-content/uploads/2024/05/240507_chousa4762.pdf,2024/05/22,2024/05/22,http://www.daisanshaiinkai.com/cms/wp-content/uploads/2024/05/240522_chousa4762.pdf,＜外部調査委員会＞ （１）本件自己株式取得に関する事実関係の調査 （２）原因の究明 （３）今後の対応 （４）再発防止に向けた方針,委員長：（奥野総合法律事務所 パートナー弁護士） 小池 良輔 委員：（奥野総合法律事務所 弁護士） 小林 明日香 委員：（奥野総合法律事務所 弁護士） 岡田 恭平,奥野総合法律事務所 弁護士 熊澤 明彦,http://www.daisanshaiinkai.com/2024/page/4/
2024,4967,東証プライム,4967 東証プライム,小林製薬株式会社,EY新日本,2024/04/26,2024/04/26,http://www.daisanshaiinkai.com/cms/wp-content/uploads/2024/04/240426_chousa4967.pdf,2024/07/23,2024/07/23,http://www.daisanshaiinkai.com/cms/wp-content/uploads/2024/04/240723_chousa4967.pdf,＜事実検証委員会＞ （１）症例報告後の事実経過の調査 （２）内部統制システム・品質管理体制の精査 （３）その他、調査の進捗等を踏まえ必要に応じ、委嘱事項を追加する,委員長：（大手町法律事務所 弁護士） 貝阿彌 誠 委員：（北田幹直法律事務所 弁護士） 北田 幹直 委員：（GIT法律事務所 弁護士） 西垣 建剛,GIT法律事務所 弁護士 山本 祐司 知念 竜之介,http://www.daisanshaiinkai.com/2024/page/4/
2024,7013,東証プライム,7013 東証プライム,株式会社IHI,EY新日本,2024/04/24,2024/04/24 2024/08/21,http://www.daisanshaiinkai.com/cms/wp-content/uploads/2024/04/240424_chousa7013.pdf http://www.daisanshaiinkai.com/cms/wp-content/uploads/2024/04/240821_chousa7103.pdf,2024/06/04,2024/06/04 2024/10/30,http://www.daisanshaiinkai.com/cms/wp-content/uploads/2024/04/240604_chousa7013.pdf http://www.daisanshaiinkai.com/cms/wp-content/uploads/2024/04/241030_chousa7013.pdf,＜特別調査委員会＞ 原因究明や再発防止策の策定,本部長：IHIの全社品質担当役員であるIHI副社長 原因究明・再発防止対策チーム：50名規模 顧客対応チーム：50名規模 記録調査チーム：100名規模,,http://www.daisanshaiinkai.com/2024/page/4/
2024,6954,東証プライム,6954 東証プライム,ファナック株式会社,EY新日本,2024/04/24,2024/04/24 2024/05/10,http://www.daisanshaiinkai.com/cms/wp-content/uploads/2024/04/240424_chousa6954.pdf http://www.daisanshaiinkai.com/cms/wp-content/uploads/2024/04/240510_chousa6954.pdf,2024/11/21,2024/11/21,http://www.daisanshaiinkai.com/cms/wp-content/uploads/2024/04/241121_chousa6954.pdf,＜特別調査委員会＞ （１）本件疑義及び類似事案の有無の調査 （２）EMC 指令に関して不適切な行為が判明した場合の原因究明 （３）再発防止策の検討、提言,委員長：（埼玉大学名誉教授） 堀尾 健一郎 委員：（静岡大学名誉教授） 浅井 秀樹 委員：（TMI総合法律事務所 弁護士） 吉戒 修一,TMI総合法律事務所 弁護士 菊田 行紘 森川 久範 田代 啓史郎 原 雅宣 森安 博行 松本 佳織 吉井 久美子 蕪城 雄一郎 小古山 和弘 久保田 修平 小田 智典 安井 亜季 田山 翔 三成 麻香 川上 貴寛 山口 翔平 上村 香織 小林 祐太 中村 由樹 古市 賢吾 他 21名 株式会社KPMG FAS 弁護士・公認会計士 岩田 知孝 株式会社KPMG FAS 公認不正検査士 泉谷 夏子 株式会社KPMG FAS 山田 昴輝 宮村 恵理 呉 秋鵬 比佐 若葉 齊藤 優亜 服部 知昭,http://www.daisanshaiinkai.com/2024/page/4/
2024,7831,東証スタンダード,7831 東証スタンダード,株式会社ウイルコホールディングス,仰星,2024/04/23,2024/04/23 2024/05/02,http://www.daisanshaiinkai.com/cms/wp-content/uploads/2024/04/240423_chousa7831.pdf http://www.daisanshaiinkai.com/cms/wp-content/uploads/2024/04/240502_chousa7831.pdf,2024/07/09,2024/07/09 2024/07/10,http://www.daisanshaiinkai.com/cms/wp-content/uploads/2024/04/240709_daisansha7831.pdf http://www.daisanshaiinkai.com/cms/wp-content/uploads/2024/04/240710_daisansha7831.pdf,（１）本件事案における雇用調整助成金申請に係る事実関係の調査 （２）不正受給の原因の解明（経営陣の関与の有無） （３）本件事案の類似案件（緊急雇用安定助成金申請）における問題の有無 （４）再発防止策の提言,委員長：（坂井法律事務所 弁護士） 長澤 裕子 委員：（吉田社会保険労務士事務所 特定社会保険労務士） 吉田 純一 委員：（室屋和菜公認会計士・税理士事務所 公認会計士・税理士） 室屋 和菜 委員：（金沢星稜大学経済学部経営学科 経営学科長） 野林 晴彦,,http://www.daisanshaiinkai.com/2024/page/4/
2024,9627,東証プライム,9627 東証プライム,株式会社アインホールディングス,EY新日本,2024/04/18,2024/04/18,http://www.daisanshaiinkai.com/cms/wp-content/uploads/2024/04/240418_chousa9627.pdf,2024/05/09,2024/05/09,http://www.daisanshaiinkai.com/cms/wp-content/uploads/2024/04/240509_chousa9627.pdf,＜社外調査チーム＞ （１）KKR札幌案件に関する事実関係の解明 （２）類似事案の存否及び存在する場合の事実関係の解明 （３）本件刑事事件及び類似事案が生じた原因の分析と再発防止策の提言 （４）その他、当調査チームが本調査の目的に照らし必要と認めた事項,主査(筆頭)：（平河町法律事務所 弁護士） 安田 博延 主査：（のぞみ総合法律事務所 弁護士・ニューヨーク州弁護士・公認不正検査士） 結城 大輔 主査：（のぞみ総合法律事務所 弁護士・公認不正検査士） 大東 泰雄 委員：（のぞみ総合法律事務所 弁護士） 佐藤 文行 委員：（のぞみ総合法律事務所 弁護士） 劉 セビョク 委員：（のぞみ総合法律事務所 弁護士） 吉田 元樹 委員：（のぞみ総合法律事務所 弁護士） 白水 裕基,,http://www.daisanshaiinkai.com/2024/page/4/
2024,5902,東証プライム,5902 東証プライム,ホッカンホールディングス株式会社,Mooreみらい,2024/04/11,2024/04/11,http://www.daisanshaiinkai.com/cms/wp-content/uploads/2024/04/240411_chousa5902.pdf,2024/05/10,2024/05/10,http://www.daisanshaiinkai.com/cms/wp-content/uploads/2024/04/240510_chousa5902.pdf,＜内部調査委員会＞ 本件の全容解明、原因の究明、および再発防止策の策定,,,http://www.daisanshaiinkai.com/2024/page/4/
2024,4169,東証グロース,4169 東証グロース,ENECHANGE株式会社,あずさ,2024/03/27,2024/03/27 2024/06/21,http://www.daisanshaiinkai.com/cms/wp-content/uploads/2024/03/240327_chousa4169.pdf http://www.daisanshaiinkai.com/cms/wp-content/uploads/2024/03/240621_chousa4169.pdf,2024/06/27,2024/06/27,http://www.daisanshaiinkai.com/cms/wp-content/uploads/2024/03/240627_chousa4169.pdf,＜外部調査委員会＞ （１）本件会計処理の前提となる事実関係及び関連する事実関係の調査 （２）本件会計処理の検討過程の検証 （３）本件会計処理と類似する事案の存否及び事実関係の調査及び評価 （４）当社における内部統制上の問題点の検証 （５）改善案の策定 （６）その他、外部調査委員会が必要と認めた事項,委員：（デロイトトーマツファイナンシャルアドバイザリー合同会社 公認会計士） 中島 祐輔 委員：（光和総合法律事務所 弁護士） 白井 真 委員：（ひふみ総合法律事務所 弁護士・公認不正検査士） 矢田 悠 委員：（株式会社大久保アソシエイツ 公認会計士） 大久保 和孝,デロイトトーマツファイナンシャルアドバイザリー合同会社 米国公認会計士・公認不正検査士 清水 和之 公認不正検査士 岡田 大輔 他公認会計士等 14名 光和総合法律事務所 弁護士 井上 龍太郎 渡辺 大祐 森 大輝 神 ふみ子 原田 康平 ひふみ総合法律事務所 弁護士 小島 冬樹 八雲法律事務所 弁護士 笠置 泰平,http://www.daisanshaiinkai.com/2024/page/4/
2024,9270,東証グロース,9270 東証グロース,バリュエンスホールディングス株式会社,トーマツ,2024/03/21,2024/03/21,http://www.daisanshaiinkai.com/cms/wp-content/uploads/2024/03/240321_chousa9270.pdf,2024/08/30,2024/08/30,http://www.daisanshaiinkai.com/cms/wp-content/uploads/2024/03/240830_chousa9270.pdf,＜社内調査＞ 関係者に対する事情聴取や資料確認等を実施、これらの措置による原因究明,,,http://www.daisanshaiinkai.com/2024/page/4/
2024,3691,東証グロース,3691 東証グロース,株式会社デジタルプラス,PwC Japan,2024/03/21,2024/03/21,http://www.daisanshaiinkai.com/cms/wp-content/uploads/2024/03/240321_fusei3691.pdf,,未公表,,＜不正調査委員会＞ 当該元従業員からのヒアリング、事実確認及び原因究明、そして類似の不正が行われていないかの確認,,,http://www.daisanshaiinkai.com/2024/page/4/
2024,7719,東証スタンダード,7719 東証スタンダード,株式会社東京衡機,アリア,2024/02/27,2024/02/27,http://www.daisanshaiinkai.com/cms/wp-content/uploads/2024/02/240227_chousa7719.pdf,2024/04/02,2024/04/02,http://www.daisanshaiinkai.com/cms/wp-content/uploads/2024/02/240402_chousa7719.pdf,＜調査委員会＞ （１） 本不正行為の実態の解明、金額の確定及び会計上の評価、その他類似案件の有無の調査 （２） 本不正行為が行われた原因及び背景の調査、並びに再発防止策の検討,委員長：（独立社外監査役 弁護士） 西谷 敦 委員：（独立社外監査役 公認会計士・税理士） 中野 陽介 委員：（常勤独立社外監査役 公認不正検査士） 渡辺 樹一 委員：（独立社外取締役 弁護士） 松野 絵里子,,http://www.daisanshaiinkai.com/2024/page/4/
2024,9612,東証プライム,9612 東証プライム,株式会社ラックランド,PwC Japan,2024/02/14,2024/02/14 2024/03/07 2024/04/01 2024/04/12,http://www.daisanshaiinkai.com/cms/wp-content/uploads/2024/02/240214_chousa9612.pdf http://www.daisanshaiinkai.com/cms/wp-content/uploads/2024/02/240307_chousa9612.pdf http://www.daisanshaiinkai.com/cms/wp-content/uploads/2024/02/240401_chousa9612.pdf http://www.daisanshaiinkai.com/cms/wp-content/uploads/2024/02/240412_chousa9612.pdf,2024/04/16,2024/04/16,http://www.daisanshaiinkai.com/cms/wp-content/uploads/2024/02/240416_chousa9612.pdf,＜特別調査委員会＞ （１）本件事案の事実関係の調査 （２）本件事案に類似する事象の存否及び事実関係の調査 （３）上記（１）及び（２）の調査で確認された事実に関する原因究明及び再発防止に向けた提言,委員長：（東京国際法律事務所 弁護士） 森 幹晴 副委員長：（プロアクト法律事務所 弁護士・公認不正検査士) 竹内 朗 副委員長：（公認会計士笹本憲一事務所 公認会計士・税理士） 笹本 憲一 委員：（東京国際法律事務所 弁護士） 松本 はるか 委員：（坂本亮公認会計士事務所 公認会計士・税理士） 坂本 亮,東京国際法律事務所 弁護士 ⼭崎 雄⼤ 植村 直輝 相原 友⾥ ⾚⽊ 貴哉 坂巻 謙太朗 福原 聡 中⽥ マリコ 中野 皓介 ⼩⽥ 亮治 ⽵内 悠介 鵜之澤 凌 永⾒ 優樹 プロアクト法律事務所 弁護士 渡邉 宙志 徳⼭ 佳祐 ⽥中 伸英 岩渕 恵理 神⽥ 詠守 中島 永祥 早川・村⽊経営法律事務所 弁護士 早川 明伸 村⽊ ⾼志 ⻄野 貴紀 松尾 梨奈 ⽯崎 仁紘 公認会計⼠ ⻘島 信吾 河江 健史 ⼟井 貴達 ⼤川 圭美 ⼤北 昌弘 村⽥ 茂也 影平 真也 ⼤⻄ 浩⼀ 築地 真弘 今⻄ 紘⼦ ⼩林 純也 川中 宏介 柴⽥ 康太 ⾨坂 聡太 その他 28名 株式会社foxcale,http://www.daisanshaiinkai.com/2024/page/4/
2024,3856,東証スタンダード,3856 東証スタンダード,Abalance株式会社,アスカ,2024/02/13,2024/02/13,http://www.daisanshaiinkai.com/cms/wp-content/uploads/2024/02/240213_chousa3856.pdf,2024/03/26,2024/03/26,http://www.daisanshaiinkai.com/cms/wp-content/uploads/2024/02/240326_chousa3856.pdf,＜当社監査等委員会＞ 本件事案に関する調査、原因分析、および再発防止策の策定,委員長：（社外取締役） 本間 勝,,http://www.daisanshaiinkai.com/2024/page/4/
2024,9272,東証グロース,9272 東証グロース,ブティックス株式会社,京都,2024/02/13,2024/02/13,http://www.daisanshaiinkai.com/cms/wp-content/uploads/2024/02/240213_fusei9272.pdf,2024/02/13,2024/02/13,http://www.daisanshaiinkai.com/cms/wp-content/uploads/2024/02/240213_fusei9272.pdf,＜社内調査＞ 本不正行為の解明のため、徹底的な社内調査を行うもの,,,http://www.daisanshaiinkai.com/2024/page/4/
2024,9037,東証プライム,9037 東証プライム,株式会社ハマキョウレックス,トーマツ,2024/02/13,2024/02/13,http://www.daisanshaiinkai.com/cms/wp-content/uploads/2024/02/240213_chousa9037.pdf,2024/03/13,2024/03/13,http://www.daisanshaiinkai.com/cms/wp-content/uploads/2024/02/240313_chousa9037.pdf,＜社内調査委員会＞ （１）財務諸表への影響 （２）本件調査（本件の事実確認） （３）件外調査（同様手口による他の不正に関する調査） （４）内部統制上の不備の特定及び再発防止策の策定,委員長：（当社社外取締役兼独立役員） 宮川 勇 委員：（当社社外取締役兼独立役員 税理士） 片田 須美子 委員：（当社社外監査役兼独立役員） 杉山 利明 委員：（当社専務取締役 執行役員統括本部長） 奥津 靖雄 委員：（上野共同法律事務所 弁護士） 小島 豊一郎,,http://www.daisanshaiinkai.com/2024/page/4/
2024,6365,東証スタンダード,6365 東証スタンダード,株式会社電業社機械製作所,EY新日本,2024/02/13,2024/02/13 2024/03/11,http://www.daisanshaiinkai.com/cms/wp-content/uploads/2024/02/240213_chousa6365.pdf http://www.daisanshaiinkai.com/cms/wp-content/uploads/2024/02/240311_chousa6365.pdf,2024/04/30,2024/04/30,http://www.daisanshaiinkai.com/cms/wp-content/uploads/2024/02/240430_chousa6365.pdf,＜特別調査委員会＞ （１）本件不正利用に関する事実関係、経緯等の確認、本件印章管理不備疑義に関する調査・検証 （２）本件情報伝達不備疑義に関する調査・検証 （３）本件疑義と同様ないし類似する案件の有無・内容の調査・検討 （４）上記各号の調査結果を踏まえた当社財務諸表等への影響の検討 （５）原因究明及び再発防止策の検討・提言 （６）その他特別調査委員会が必要と判断する事項,委員長：（のぞみ総合法律事務所 弁護士・公認不正検査士） 結城 大輔 委員：（株式会社アカウンティングアドバイザリー 公認会計士） 井上 寅喜 委員：（のぞみ総合法律事務所 弁護士・公認不正検査士） 大東 泰雄,のぞみ総合法律事務所 弁護士 佐藤 文行 近藤 祥文 吉田 元樹 大田 愛子 白水 裕基 堀場 真貴子 平山 祥 株式会社アカウンティング・アドバイザリー 公認会計士 大橋 大輔 株式会社アカウンティング・アドバイザリー 弁護士 平井 太 株式会社アカウンティング・アドバイザリー 公認会計士 大橋 大輔 弁護士 平井 太 公認会計士 浅海 英孝 中田 尚 佐塚 卓 松本 亨 古澤 卓 高橋 俊太郎 株式会社KPMG FAS 公認会計士 藤田 大介 見越 敬夫 宇野 真悟 株式会社KPMG FAS 公認不正検査士 中村 久美子 他 5名,http://www.daisanshaiinkai.com/2024/page/4/
2024,9621,東証プライム,9621 東証プライム,株式会社建設技術研究所,トーマツ,2024/02/09,2024/02/09 2024/02/22,http://www.daisanshaiinkai.com/cms/wp-content/uploads/2024/02/240209_chousa9621.pdf http://www.daisanshaiinkai.com/cms/wp-content/uploads/2024/02/240222_chousa9621.pdf,2024/03/26,2024/03/26 2024/04/16,http://www.daisanshaiinkai.com/cms/wp-content/uploads/2024/02/240326_chousa9621.pdf http://www.daisanshaiinkai.com/cms/wp-content/uploads/2024/02/240416_chousa9621.pdf,＜社内調査委員会＞ （１）本件に関する事実関係の確認 （２）類似案件調査 （３）財務数値への影響と修正対応 （４）本件が発生した原因の分析と再発防止策の提言,委員長：（ガバナンス統括本部長 コンプライアンス担当役員） 名波 義昭 委員：（管理本部長） 鈴木 直人 委員：（監査役） 見附 敬三 委員：（桜田通り総合法律事務所シニアパートナー） 石川 剛,株式会社KPMG FAS,http://www.daisanshaiinkai.com/2024/page/4/
2024,9025,東証プライム,9025 東証プライム,鴻池運輸株式会社,トーマツ,2024/02/09,2024/02/09,http://www.daisanshaiinkai.com/cms/wp-content/uploads/2024/02/240209_chousa9025.pdf,2024/03/14,2024/03/14 2024/04/19,http://www.daisanshaiinkai.com/cms/wp-content/uploads/2024/02/240314_chousa9025.pdf http://www.daisanshaiinkai.com/cms/wp-content/uploads/2024/02/240419_chousa9025.pdf,＜内部統制調査委員会＞ （１）本件架空請求の調査 （２）本件不正疑義の調査 （３）上記（１）及び（２）の類似事案の有無の調査 （４）調査の結果判明した行為が財務諸表に与える影響 （５）発生原因の分析及び再発防止策の提言,委員長：（弁護士法人梅ヶ枝中央法律事務所所長 弁護士） 山田 庸男 副委員長：（弁護士法人梅ヶ枝中央法律事務所 弁護士） 氏家 真紀子 委員：（塩尻公認会計士事務所 公認会計士・公認不正検査士） 塩尻 明夫 委員：（三島会計事務所代表 公認会計士） 三島 圭史 委員：（当社専務執行役員コーポレート部門担当） 竹島 徹郎 委員：（当社常務執行役員経営品質本部本部長） 吉田 信吾 委員：（当社執行役員財務経理本部本部長） 中西 義人,外部弁護士 2名 当社従業員 16名,http://www.daisanshaiinkai.com/2024/page/4/
2024,8145,名証メイン,8145 名証メイン,中部水産株式会社,太陽,2024/02/09,2024/02/09 2024/04/08,http://www.daisanshaiinkai.com/cms/wp-content/uploads/2024/02/240209_chousa8145.pdf http://www.daisanshaiinkai.com/cms/wp-content/uploads/2024/02/240408_chousa8145.pdf,2024/04/13,2024/04/13,http://www.daisanshaiinkai.com/cms/wp-content/uploads/2024/02/240413_chousa8145.pdf,＜特別調査委員会＞ （１）Ａ社及びＢ社と当社との間で発生した不適切取引の事実確認 （２）（１）の不適切取引の財務上の影響評価と取るべき会計上の対応 （３）（１）の不適切取引と類似する事象の有無 （４）（１）及び（３）において検出された不適切事象の原因調査 （５）再発防止策 （６）その他特別調査委員会が必要と認めた事項,委員長：（小川薫公認会計士事務所 公認会計士） 小川 薫 委員：（谷口法律事務所 弁護士） 委員：（当社社外監査役 弁護士） 成瀬 玲,公認会計士 別所 泰幸 鈴木 恵 西原 浩文 筒井 敬士 弁護士 間瀬 大輝,http://www.daisanshaiinkai.com/2024/page/4/
2024,3121,東証スタンダード,3121 東証スタンダード,マーチャント・バンカーズ株式会社,フロンティア,2024/02/09,2024/02/09,http://www.daisanshaiinkai.com/cms/wp-content/uploads/2024/02/240209_daisansha3121.pdf,2025/03/03,2025/03/03,http://www.daisanshaiinkai.com/cms/wp-content/uploads/2024/02/250303_daisansha3121.pdf,（１）当該文書に係る事実関係の再調査 （２）過去の当社の適時開示に係る不適切事案の調査 （３）上記(1)並びに(2)にかかる原因分析並びに再発防止策の提言,委員長：（沼井綜合法律事務所 弁護士） 沼井 英明 委員：（新樹法律事務所 弁護士） 渡辺 治 委員：（大北昌弘公認会計士事務所 公認会計士・税理士） 大北 昌弘,藤居税理士事務所 CDFP-P・税理士・公認不正検査士 藤居 幸祐,http://www.daisanshaiinkai.com/2024/page/5/
2024,3449,東証スタンダード,3449 東証スタンダード,株式会社テクノフレックス,三優,2024/02/06,2024/02/06,http://www.daisanshaiinkai.com/cms/wp-content/uploads/2024/02/240206_chousa3449.pdf,2024/03/26,2024/03/26,http://www.daisanshaiinkai.com/cms/wp-content/uploads/2024/02/240326_chousa3449.pdf,＜特別調査委員会＞ （１）ニトックスがある得意先から受注した一括外注工事の一部において、実体のない作業に関してニトックスから複数の外注先に支払われた外注費の大部分が当該得意先にキックバックされるとともに、その残余の一部を※※※氏が私的に受領していた疑いがある件に関する事実関係の調査を実施する。 （２）本件と類似する事案の有無の調査を実施する。 （３） 上記（１）及び（２）の事実が存在する場合、その原因分析を行うとともに、再発防止策の提言を行う。,委員長：（サウスゲイト法律事務所・外国法共同事業 弁護士） 藤井 崇仁 副委員長：（社外取締役（監査等委員）） 瀬口 敬三 委員：（ACEコンサルティング株式会社代表取締役 公認会計士） 小川 真人 委員：（社外取締役（監査等委員）） 植木 秀敏 委員：（取締役（常勤監査等委員）） 小菅 薫,顧問弁護士 3名 ACEコンサルティング株式会社,http://www.daisanshaiinkai.com/2024/page/5/
2024,3184,東証スタンダード・名証メイン,3184 東証スタンダード・名証メイン,ICDAホールディングス株式会社,五十鈴,2024/02/01,2024/02/01,http://www.daisanshaiinkai.com/cms/wp-content/uploads/2024/02/240201_chousa3184.pdf,2024/03/13,2024/03/13,http://www.daisanshaiinkai.com/cms/wp-content/uploads/2024/02/240313_chousa3184.pdf,＜特別調査委員会＞ （１）本件不正⾏為に係る事実関係の解明 （２）本件不正⾏為に類似する事象の存否及び事実関係の調査 （３）上記（１）及び（２）の調査の結果、発⾒された事項の原因分析 （４）上記（３）を踏まえた再発防⽌策の提⾔,委員長：（当社取締役 常勤監査等委員） 江藤 隆仁 委員：（石川恭久法律事務所 弁護士） 石川 恭久 委員：（当社子会社 取締役執行役員） 森永 伸之 委員：（当社子会社 保険部部長） 尾本 敏彦 委員：（当社 経営企画室室長） 杉浦 公彦,,http://www.daisanshaiinkai.com/2024/page/5/
2024,6617,東証プライム,6617 東証プライム,株式会社東光高岳,アーク,2024/01/22,2024/01/22,http://www.daisanshaiinkai.com/cms/wp-content/uploads/2024/01/240122_chousa6617.pdf,2024/05/14,2024/05/14 2024/09/19,http://www.daisanshaiinkai.com/cms/wp-content/uploads/2024/01/240514_chousa6617.pdf http://www.daisanshaiinkai.com/cms/wp-content/uploads/2024/01/240919_chousa6617.pdf,＜調査・検証委員会＞ （１）本事案の調査 （２）上記の調査結果を踏まえた原因分析と再発防止策の提言 （３）当社で実施している総点検調査等のプロセスに対する評価・検証,委員長：（シン・ベル法律事務所） 寺𦚰 一峰 委員：（一般社団法人電線総合技術センター理事） 松本 隆宇 委員：（桃尾・松尾・難波法律事務所） 和氣 礎,桃尾・松尾・難波法律事務所 弁護士 乾 正幸 坂田 了祐 玉崎 駿 曽山 遼介 佐能 理基 山田 大樹,http://www.daisanshaiinkai.com/2024/page/5/
2024,3182,東証プライム,3182 東証プライム,オイシックス・ラ・大地株式会社,トーマツ,2024/12/26,2024/12/26,http://www.daisanshaiinkai.com/cms/wp-content/uploads/2024/12/241226_chousa3182.pdf,2025/03/27,2025/03/27,http://www.daisanshaiinkai.com/cms/wp-content/uploads/2024/12/250327_chousa3182.pdf,＜原因究明・内部統制強化チーム＞ 不適切な会計処理の発生背景・原因、具体的な方法・内容、過大計上額等を特定,委員：（三浦法律事務所 弁護士 公認会計士） 木内 敬 委員：（当社取締役） 松本 浩平 委員：（当社常勤監査役 独立役員） 乙部 智佳 委員：（当社常勤監査役 独立役員） 諸江 幸祐 委員：（当社社外監査役 独立役員 弁護士） 小久保 崇 委員：（当社社外監査役 独立役員 公認会計士） 和田 健吾 委員：（当社内部監査室 室長） 沓間 秀樹,,http://www.daisanshaiinkai.com/2024/
2024,6081,東証グロース,6081 東証グロース,アライドアーキテクツ株式会社,PwC Japan,2024/12/24,2024/12/24 2025/01/31 2025/02/28,http://www.daisanshaiinkai.com/cms/wp-content/uploads/2024/12/241224_chousa6081.pdf http://www.daisanshaiinkai.com/cms/wp-content/uploads/2024/12/250131_chousa6081.pdf http://www.daisanshaiinkai.com/cms/wp-content/uploads/2024/12/250228_chousa6081.pdf,2025/03/07,2025/03/07,http://www.daisanshaiinkai.com/cms/wp-content/uploads/2024/12/250307_chousa6081.pdf,＜調査委員会＞ （１）本事案に関する事実関係(同種又は類似事案の存否を含む)の確認 （２）本事案による当社の連結財務諸表及び財務諸表への影響の検討 （３）本事案が発生した原因の究明と再発防止策の提言 （４）その他、本委員会が必要と認めた事項,委員長：（当社社外取締役（監査等委員）） 小副川 俊朗 委員：（当社社外取締役（監査等委員）） 大村 健 委員：（当社社外取締役（監査等委員）） 渡邉 淳 委員：（早川・村木経営法律事務所 弁護士） 早川 明伸 委員：（弁護士法人ほくと総合法律事務所 弁護士） 中原 健夫 委員：（株式会社 KIC 公認会計士） 高木 明,早川・村木経営法律事務所 弁護士 谷貝 彰紀 西野 肇 佐藤 勇 松尾 梨奈 石崎 仁紘 弁護士法人ほくと総合法律事務所 弁護士 倉橋 博文 鹿毛 俊輔 鈴木 裕也 又吉 重樹 辻野 菜津美 公認会計士チーム 河江 健史 井出 浩二 谷本 宏太 只野 真吾 堀本 明 本田 景子 佐々木 洋平 信田 淳 及川 翔太 松田 尚樹 谷脇 至峰 増田 温 古澤 卓 柴田 康太 合田 幹孝 他4名 太陽グラントソントン・アドバイザーズ(株) 垂水 敬 前村 浩介 井戸 志生 今枝 侑子 (株)JPリサーチ&コンサルティング 古野 啓介 進藤 玄 島 浩二 尾崎 和彦 KLDiscovery Ontrack(株) 吉田 克也 林川 蘭 バンガンダマンエスマエルジャネザ,http://www.daisanshaiinkai.com/2024/
2024,9444,東証スタンダード,9444 東証スタンダード,株式会社トーシンホールディングス,東海会計社,2024/12/13,2024/12/13 2024/12/20,http://www.daisanshaiinkai.com/cms/wp-content/uploads/2024/12/241213_daisansha9444.pdf http://www.daisanshaiinkai.com/cms/wp-content/uploads/2024/12/241220_chousa9444.pdf,2025/02/14,2025/02/14,http://www.daisanshaiinkai.com/cms/wp-content/uploads/2024/12/250214_daisansha9444.pdf,（１）社内調査により判明した本事案にかかる事実関係調査 （２）本件に類似する事象の有無の調査 （３）再発防止策の検討・提言 （４）その他、第三者委員会が必要と認めた事項,委員長：（弁護士法人オールスター 弁護士） 中畑 章生 委員：（弁護士法人オールスター 弁護士） 星野 一郎 委員：（矢野公認会計士事務所 公認会計士） 矢野 直,藤居税理⼠事務所 CDFP-P・税理⼠・公認不正検査⼠ 藤居 幸祐 寺町公認会計⼠事務所 公認会計⼠・税理⼠ 寺町 雅⼈ ほか公認会計士 5名,http://www.daisanshaiinkai.com/2024/
2024,7806,東証グロース,7806 東証グロース,株式会社MTG,PwC Japan,2024/12/13,2024/12/13 2025/02/07,http://www.daisanshaiinkai.com/cms/wp-content/uploads/2024/12/241213_chousa7806.pdf http://www.daisanshaiinkai.com/cms/wp-content/uploads/2024/12/250207_chousa7806.pdf,2025/02/10,2025/02/10,http://www.daisanshaiinkai.com/cms/wp-content/uploads/2024/12/250210_chousa7806.pdf,＜特別調査委員会＞ （１）本件に関する事実関係及びその内容の調査 （２）本件に類似する事象の有無及び存在する場合の事実関係の調査 （３）調査の結果判明した事実がMTGの連結財務諸表に与える影響 （４）上記（１）及び（２）の原因分析及び再発防止策の提言 （５）その他、特別調査委員会が必要と認めた事項,委員長：（ひふみ総合法律事務所 パートナー弁護士・公認不正検査士） 矢田 悠 委員：（ひふみ総合法律事務所 パートナー弁護士） 小島 冬樹 委員：（株式会社KIC 公認会計士） 伊藤 俊哉,ひふみ総合法律事務所 弁護士 松原 由佳 生井 佳代 ひふみ総合法律事務所 公認不正検査士 松村 幸歩 株式会社KIC 公認会計士 高木 明 飯田 晋平 寒川 貴弘 岩下 耀平 角 尚大 中山 竜二 株式会社foxcale 公認会計士 小池 赳司 吉津 亮介 株式会社foxcale 公認不正検査士 西川 順子 株式会社foxcale 福田 昌志,http://www.daisanshaiinkai.com/2024/
2024,3480,東証プライム,3480 東証プライム,株式会社ジェイ・エス・ビー,トーマツ,2024/12/13,2024/12/13,http://www.daisanshaiinkai.com/cms/wp-content/uploads/2025/01/241213_chousa3480.pdf,2025/01/15,2025/01/15,http://www.daisanshaiinkai.com/cms/wp-content/uploads/2025/01/250115_chousa3480.pdf,＜特別調査委員会＞ （１）Xd氏による視察、研修における経費の不正使用の疑いに係る事実関係の調査 （２）Xd氏の経費使用に係るその他の不正行為の有無に関する調査 （３）上記（１）（２）に関する原因究明及び再発防止策の提言 （４）その他当委員会が JSB と協議の上、必要と認めた事項,委員長：（北田幹直法律事務所 弁護士） 北田 幹直 委員：（上願敏來税理士事務所 税理士） 上願 敏來 委員：（冨村・林谷法律事務所 弁護士） 林谷 浩二,ひふみ総合法律事務所 弁護士 矢田 悠 小島 冬樹 松原 由佳 生井 佳代,http://www.daisanshaiinkai.com/2024/
2024,2004,東証プライム,2004 東証プライム,昭和産業株式会社,EY新日本,2024/12/12,2024/12/12,http://www.daisanshaiinkai.com/cms/wp-content/uploads/2024/12/241212_chousa2004.pdf,2024/12/12,2024/12/12,http://www.daisanshaiinkai.com/cms/wp-content/uploads/2024/12/241212_chousa2004.pdf,＜社内調査委員会＞ 本件不正行為に関する調査,,,http://www.daisanshaiinkai.com/2024/
2024,7435,東証スタンダード,7435 東証スタンダード,株式会社ナ・デックス,トーマツ,2024/12/09,2024/12/09,http://www.daisanshaiinkai.com/cms/wp-content/uploads/2024/12/241209_chousa7435.pdf,2025/02/14,2025/02/14,http://www.daisanshaiinkai.com/cms/wp-content/uploads/2024/12/250214_chousa7435.pdf,＜特別調査委員会＞ （１）本事案にかかる事実関係の調査 （２）本事案に類似する事案の有無の調査 （３）本事案に関する連結財務諸表等への影響額の確定 （４）本事案が発生した原因の分析と再発防止策の提言,委員長：（ひのき綜合法律事務所 弁護士） 矢崎 信也 副委員長：（加藤克彦公認会計士税理士事務所 公認会計士） 加藤 克彦 委員：（弁護士法人御園総合法律事務所 弁護士） 菅沼 勝己 委員：（異相・村瀬法律事務所 弁護士） 村瀬 俊高 委員：（ひのき綜合法律事務所 弁護士） 貝沼 宏徳,,http://www.daisanshaiinkai.com/2024/
2024,5185,東証プライム,5185 東証プライム,株式会社フコク,EY新日本,2024/11/29,2024/11/29 2025/02/14,http://www.daisanshaiinkai.com/cms/wp-content/uploads/2024/11/241129_chousa5185.pdf http://www.daisanshaiinkai.com/cms/wp-content/uploads/2024/11/250214_chousa5185.pdf,2025/02/21,2025/02/21,http://www.daisanshaiinkai.com/cms/wp-content/uploads/2024/11/250221_chousa5185.pdf,＜特別調査委員会＞ （１）本件疑義に関する事実関係の調査 （２）上海フコク並びにフコクのその他の連結子会社及び持分法適用関連会社における本件疑義と類似する事案の有無及び事実関係の調査 （３）（１）及び（２）に係る原因分析及び再発防止策の提言 （４）その他、当委員会が必要と認めた事項,委員⻑：（弁護士法人大江橋法律事務所 弁護士） 松井 衡 委員：（弁護士法人大江橋法律事務所 弁護士） 小田 勇一 委員：（株式会社KPMG FAS 公認会計士） 藤田 大介,弁護士法人 大江橋法律事務所 弁護士 大多 和樹 浅利 美 池田 幸来子 竹田 昌史 弁護士法人 大江橋法律事務所 外国弁護士 錢 家傑 上海翰凌律師事務所 中国律師 孫 宇川 張 テイ 株式会社KPMG FAS及びそのメンバーファーム 公認会計士 宇野 真悟 ほか20名（内17名はKPMG Advisory (China) Limited）,http://www.daisanshaiinkai.com/2024/
2024,4813,東証プライム,4813 東証プライム,株式会社ACCESS,あずさ,2024/11/29,2024/11/29,http://www.daisanshaiinkai.com/cms/wp-content/uploads/2024/11/241129_chousa4813.pdf,2025/06/30,2025/06/30,http://www.daisanshaiinkai.com/cms/wp-content/uploads/2024/11/250630_chousa4813.pdf,＜特別調査委員会＞ （１）本件疑義の事実関係の解明（類似する問題の有無の確認を含む。） （２）本件疑義によるACCESS連結財務諸表等への影響の検討 （３）発生原因の分析 （４）再発防止策の提言,委員長：（森・濱田松本法律事務所 弁護士） 藤津 康彦 委員：（EYフォレンジック・アンド・インテグリティ合同会社 公認会計士） 金子 昌嗣 委員：（当社社外取締役） 水盛 五実,森・濱田松本法律事務所外国法共同事業 弁護士 宮田 俊 御代田 有恒 田中 亜樹 塚田 智宏 佐藤 浩由 飯野 悠介 板根 靖奈 中野 進一郎 門田 航希 橋永 果南 髙久 保香子 森・濱田松本法律事務所外国法共同事業 外国法弁護士 Colin Trehearne EY新日本有限責任監査法人 Forensics事業部 公認会計士 曽木 貴子 越山 泰先 髙津 正義 瀬尾 聡 EY新日本有限責任監査法人 Forensics事業部 池上 弘樹 川原田 麻美 内山 輝久 周 斐 ほか 18名,http://www.daisanshaiinkai.com/2024/
2024,6744,東証プライム,6744 東証プライム,能美防災株式会社,あずさ,2024/11/27,2024/11/27,http://www.daisanshaiinkai.com/cms/wp-content/uploads/2024/11/241127_chousa6744.pdf,2025/07/30,2025/07/30,http://www.daisanshaiinkai.com/cms/wp-content/uploads/2024/11/250730_chousa6744.pdf,＜外部調査委員会＞ （１）能美防災及び能美防災のグループ会社における監理技術者資格者証の申請に係る実務経験又は指導監督的実務経験の不備に関する調査、及び当該調査に付随する事項の調査 （２）元請工事における不備のある監理技術者資格者証の利用実績の有無に関する調査 （３）原因分析及び再発防止策の提言 （４）その他当委員会が調査を必要と認めた一切の事項,委員長：（三浦法律事務所パートナー 弁護士） 寺田 昌弘 委員：（三浦法律事務所パートナー 弁護士） 坂尾 佑平 委員：（三浦法律事務所パートナー 弁護士） 齋藤 亮太,三浦法律事務所 弁護士 松井 知行 田中 太郎 蛯原 俊輔 皆元 大毅 舘﨑 友輔 清水 裕大 遠藤 政佑 越場 真琴 株式会社foxcale,http://www.daisanshaiinkai.com/2024/
2024,9603,東証プライム,9603 東証プライム,株式会社エイチ・アイ・エス,トーマツ,2024/11/25,2024/11/25 2024/12/13,http://www.daisanshaiinkai.com/cms/wp-content/uploads/2024/11/241125_chousa9603.pdf http://www.daisanshaiinkai.com/cms/wp-content/uploads/2024/11/241213_chousa9603.pdf,2025/03/21,2025/03/21,http://www.daisanshaiinkai.com/cms/wp-content/uploads/2024/11/250321_chousa9603.pdf,＜特別調査委員会＞ （１）雇調金等の不正・不適正受給の有無に関する調査 （２）原因分析 （３）再発防止策の提言,委員長：（アンダーソン・毛利・友常法律事務所 弁護士） 安藤 紘人 委員：（株式会社KPMG FAS 公認会計士） 藤田 大介 委員：（当社独立社外取締役 監査等委員 公認会計士） 金子 寛人,アンダーソン・毛利・友常法律事務所 外国法共同事業 弁護士 大槻 健介 池田 彩穂里 髙田 将寛 清水 愛衣加 髙橋 将希 原口 夕梨花 餅原 波音 齋藤 凌 田中 奈央 平松 佳樹 北田 拓生 大宮 葵陽 中野 健登 德永 大誠 酒寄 里彩 山脇 沙弥 久冨 駿介 高橋 慶伍 高田 歩 小原 久嗣 山口 雅彦 伊藤 公洋 長谷川 達 高野 聖也 大島 考雄 川崎 惠 渡邊 俊行 株式会社KPMG FAS 水上 浩 奥成 一平 伊藤 希珠 李 予桐 川辺 雄二 比佐 若葉 福嶋 徹夫 神永 朝紀 大川 秋晴 森下 祥行 Yang Sichang 長澤 紘汰 他 17名,http://www.daisanshaiinkai.com/2024/
2024,2345,東証スタンダード,2345 東証スタンダード,株式会社クシム,UHY東京,2024/11/25,2024/11/25 2024/12/09,http://www.daisanshaiinkai.com/cms/wp-content/uploads/2024/11/241125_chousa2345.pdf http://www.daisanshaiinkai.com/cms/wp-content/uploads/2024/11/241209_chousa2345.pdf,,2025//01/09,http://www.daisanshaiinkai.com/cms/wp-content/uploads/2024/11/250109_chousa2345.pdf,＜社内調査委員会＞ （１）取締役田原弘貴氏の社内情報漏洩、不適切行為への関与の有無の事実調査 （２）上記に類似する事案の有無およびその内容等に関する調査 （３）発生原因の究明と分析 （４）その他社内調査委員会が必要と認めた事項,委員長：（当社社外取締役監査等委員） 望月 真克 委員：（渥美坂井法律事務所・外国法共同事業 シニアパートナー弁護士） 水上 高佑 委員：（渥美坂井法律事務所・外国法共同事業 パートナー弁護士） 清水 真一郎,,http://www.daisanshaiinkai.com/2024/
2024,7735,東証プライム,7735 東証プライム,株式会社SCREENホールディングス,あずさ,2024/11/14,2024/11/14 2025/01/10,http://www.daisanshaiinkai.com/cms/wp-content/uploads/2024/11/241114_chousa7735.pdf http://www.daisanshaiinkai.com/cms/wp-content/uploads/2024/11/250110_chousa7735.pdf,2025/01/14,2025/01/14,http://www.daisanshaiinkai.com/cms/wp-content/uploads/2024/11/250114_chousa7735.pdf,＜特別調査委員会＞ （１）事実関係の調査 （２）類似事象の有無の調査 （３）影響額の算定 （４）原因究明と再発防止策の提言 （５）その他、当委員会が必要と認めた事項,委員⻑：（当社社外監査役 公認会計士） 横⼭ 誠二 委員：（当社社外監査役 弁護士） 吉川 哲朗 委員：（デロイト トーマツ ファイナンシャルアドバイザリー合同会社 公認会計士） 佐藤 保則 委員：（弁護士法人三宅法律事務所 弁護士） 松本 好史,デロイトトーマツファイナンシャルアドバイザリー合同会社 公認会計士 び弁護士法人三宅法律事務所 弁護士,http://www.daisanshaiinkai.com/2024/
2024,8309,東証プライム・名証プレミア,8309 東証プライム・名証プレミア,三井住友トラストグループ株式会社,あずさ,2024/11/12,2024/11/12,http://www.daisanshaiinkai.com/cms/wp-content/uploads/2024/11/241112_chousa8309.pdf,2025/05/01,2025/05/01,http://www.daisanshaiinkai.com/cms/wp-content/uploads/2024/11/250501_chousa8309.pdf,＜調査委員会＞ （１）元社員のインサイダー取引の事実調査 （２）元社員の類似取引調査 （３）元社員以外の類似取引の有無調査 （４）発生原因の究明と分析（インサイダー取引の未然防止に関わる社内ルールの有効性調査を含む） （５）再発防止策の提言,委員長：（三井住友トラストグループ株式会社独立社外取締役 監査委員） 榊原 一夫 委員：（三井住友信託銀行株式会社独立社外取締役 監査等委員） 伊達 英文 委員：（日比谷パーク法律事務所 弁護士） 松山 遙,アンダーソン・毛利・友常法律事務所外国法共同事業 弁護士 三宅 英貴 渋谷 武宏 大西 良平 光木 春太 向佐 祐一 中川 佳直 石川 雅人 岡 勇輝 天野 尊仁 北泉 隆之 佐藤 大来 PwCリスクアドバイザリー合同会社,http://www.daisanshaiinkai.com/2024/
2024,4418,東証グロース,4418 東証グロース,株式会社JDSC,トーマツ,2024/11/12,2024/11/12,http://www.daisanshaiinkai.com/cms/wp-content/uploads/2024/11/241112_chousa4418.pdf,2025/02/13,2025/02/13,http://www.daisanshaiinkai.com/cms/wp-content/uploads/2024/11/250213_chousa4418.pdf,＜調査委員会＞ 本件の事実関係、影響額を含め、全容解明のため,,,http://www.daisanshaiinkai.com/2024/
2024,6464,東証プライム,6464 東証プライム,株式会社ツバキ・ナカシマ,EY新日本,2024/11/11,2024/11/11,http://www.daisanshaiinkai.com/cms/wp-content/uploads/2024/11/241111_chousa6464.pdf,2025/02/17,2025/02/17,http://www.daisanshaiinkai.com/cms/wp-content/uploads/2024/11/250217_chousa6464.pdf,＜特別調査委員会＞ （１）本件に関する事実経緯の調査及び原因の究明 （２）その他の当社製品の品質に関わる重大な不適切行為の有無の調査 （３）2018年に設置した特別調査委員会の報告書をうけた再発防止策の有効性および本件との関連性についての検証 （４）本件発生の背景としてガバナンス・組織風土との関連性の検証と、検証を踏まえた実効性のある再発防止策の検討及び提言 （５）その他上記に関連する事項で特別調査委員会が必要と認めた事項,委員長：（大江橋法律事務所 弁護士） 畝本 毅 委員：（西村あさひ法律事務所 弁護士） 平尾 覚 委員：（西村あさひ法律事務所 弁護士） 八木 浩史,西村あさひ法律事務所・外国法共同事業 弁護士 9名 デロイトトーマツファイナンシャルアドバイザリー合同会社 公認会計士 8名 スタッフ 40名,http://www.daisanshaiinkai.com/2024/
2024,6087,東証スタンダード,6087 東証スタンダード,株式会社アビスト,アーク,2024/10/30,2024/10/30,http://www.daisanshaiinkai.com/cms/wp-content/uploads/2024/10/241030_chousa6087.pdf,2024/12/20,2024/12/20,http://www.daisanshaiinkai.com/cms/wp-content/uploads/2024/10/241220_chousa6087.pdf,＜特別調査委員会＞ （１） 本件事案に関する事実関係の調査 （２） 本件事案に類似する事案の存否及び事実関係の調査 （３） 上記（１）及び（２）による業績への影響額の確認 （４） 上記（１）及び（２）が生じた原因究明と再発防止策の策定 （５） その他、特別調査委員会が必要と認めた事項,委員長：（独立社外取締役（監査等委員）阿部・井窪・片 山法律事務所 弁護士） 江幡 奈歩 委員：（独立社外取締役（監査等委員） 公認会計士） 山本 守 委員：（石嵜・山中総合法律事務所 弁護士） 岸 聖太郎,,http://www.daisanshaiinkai.com/2024/
2024,2121,東証プライム,2121 東証プライム,株式会社MIXI,PwC Japan,2024/10/30,2024/10/30,http://www.daisanshaiinkai.com/cms/wp-content/uploads/2024/10/241030_chousa2121.pdf,2024/12/26,2024/12/26 2024/12/27,http://www.daisanshaiinkai.com/cms/wp-content/uploads/2024/10/241226_chousa2121.pdf http://www.daisanshaiinkai.com/cms/wp-content/uploads/2024/10/241227_chousa2121.pdf,＜調査チーム＞ （１）本件疑義に関する事実調査 （２）本件疑義の類似事案の有無の調査 （３）本件疑義の原因の分析 （４）再発防止策の提言,,,http://www.daisanshaiinkai.com/2024/
2024,8697,東証プライム,8697 東証プライム,株式会社日本取引所グループ,トーマツ,2024/10/29,2024/10/29,http://www.daisanshaiinkai.com/cms/wp-content/uploads/2024/10/241029_chousa8697.pdf,,未公表,,＜調査検証委員会＞ （１）本件事案の発生原因の究明 （２）再発防止策に関する評価,委員長：（指名委員会委員 リスクポリシー委員会委員長） 竹野 康造 委員：（報酬委員会委員長 監査委員会委員） 釡 和明 委員：（監査委員会委員 リスクポリシー委員会委員） 住田 清芽 委員：（監査委員会委員 リスクポリシー委員会委員） 松本 光弘,,http://www.daisanshaiinkai.com/2024/
2024,1833,東証プライム,1833 東証プライム,株式会社奥村組,トーマツ,2024/10/24,2024/10/24,http://www.daisanshaiinkai.com/cms/wp-content/uploads/2024/10/241024_chousa1833.pdf,2025/01/15,2025/01/15,http://www.daisanshaiinkai.com/cms/wp-content/uploads/2024/10/250115_chousa1833.pdf,＜社内調査委員会＞ （１）本件事案にかかる事実関係の調査 （２）本件事案に類似する事案の有無の調査 （３）本件事案に関する連結財務諸表等への影響額の確定 （４）本件事案の原因等の分析（動機・経緯・指示命令系統等） （５）再発防止策の策定等,委員長：（社外取締役監査等委員 弁護士） 小寺 哲夫 委員：（社外取締役監査等委員 公認会計士） 西原 健二 委員：（三島会計事務所 公認会計士・税理士） 三島 圭史 委員：（弁護士・公認不正検査士、ひふみ総合法律事務所） 矢田 悠 委員：代表取締役常務執行役員 管理本部長） 松島 弘幸,ひふみ総合法律事務所 小島冬樹 堤大輔 金竜貴 生井佳代 玉川法律事務所 玉川竜大 公認会計士 河江健史 張本和志 村田茂也 佐々木洋平 小嶋良樹 川中宏介 吉田壮志他5名 太陽グラントソントン・アドバイザーズ株式会社 垂水敬 前村浩介 井戸志生,http://www.daisanshaiinkai.com/2024/
2023,3306,東証スタンダード,3306 東証スタンダード,日本製麻株式会社,なぎさ,2023/08/29,2023/08/29,http://www.daisanshaiinkai.com/cms/wp-content/uploads/2023/08/230829_chousa3306.pdf,2023/11/22,2023/11/22,http://www.daisanshaiinkai.com/cms/wp-content/uploads/2023/08/231122_chousa3306.pdf,＜特別調査委員会＞ （１）本件疑惑に係る事実関係の調査 （２）本件疑惑が事実であることが判明した場合、その影響額の算定 （３）本件疑惑が事実であることが判明した場合、その原因の究明及び再発防止策の提言 （４）上記各号の事項を遂行した結果に基づく調査報告書の作成及びその調査報告書の当社への提出 （５）その他、特別調査委員会が必要と認めた事項,委員長：（弁護士法人琴平綜合法律事務所 弁護士） 大下 良仁 委員：（当社社外取締役（監査等委員） 弁護士法人三宅法律 事務所 弁護士） 渡邉 雅之 委員：（当社社外取締役（監査等委員） 株式会社マネージポート会計事務所 公認会計士） 佐々木 健郎,,http://www.daisanshaiinkai.com/2023/page/2/
2023,7676,東証グロース,7676 東証グロース,株式会社グッドスピード,A＆Aパートナーズ,2023/08/24,2023/08/24,http://www.daisanshaiinkai.com/cms/wp-content/uploads/2023/08/230824_chousa7676.pdf,2023/10/20,2023/10/20,http://www.daisanshaiinkai.com/cms/wp-content/uploads/2023/08/231020_chousa7676.pdf,＜社内調査委員会＞ 調査範囲を拡大し、客観的により踏み込んだ調査を行うため,,,http://www.daisanshaiinkai.com/2023/page/2/
2023,7740,東証プライム,7740 東証プライム,株式会社タムロン,和宏,2023/08/22,2023/08/22 2023/11/01,http://www.daisanshaiinkai.com/cms/wp-content/uploads/2023/08/230822_chousa7740.pdf http://www.daisanshaiinkai.com/cms/wp-content/uploads/2023/08/231101_chousa7740.pdf,2023/11/02,2023/11/02,http://www.daisanshaiinkai.com/cms/wp-content/uploads/2023/08/231102_chousa7740.pdf,＜特別調査委員会＞ （１）本件事案の事実関係の調査 （２）本件事案に類似する事象の有無の調査 （３）本件事案の原因究明及び再発防止策の提言,委員長：（日比谷パーク法律事務所 パートナー 弁護士） 水野 信次 委員：（当社独立社外取締役 公認会計士） 片桐 春美 委員：（日比谷パーク法律事務所 パートナー 弁護士） 野宮 拓,虎ノ門有限責任監査法人 公認会計士 6名 補助者 1名 日比谷パーク法律事務所 弁護士 2名 パラリーガル 1名 エグゼクティブセクレタリー 1名,http://www.daisanshaiinkai.com/2023/page/2/
2023,8630,東証プライム,8630 東証プライム,SOMPOホールディングス株式会社,EY新日本,2023/08/07,2023/08/07 2023/09/08 2023/12/22,http://www.daisanshaiinkai.com/cms/wp-content/uploads/2023/08/230908_chousa8630.pdf http://www.daisanshaiinkai.com/cms/wp-content/uploads/2023/08/231222_chousa8630.pdf http://www.daisanshaiinkai.com/cms/wp-content/uploads/2023/08/23807_chousa8630.pdf,2023/10/10,2023/10/10 2024/01/16 2024/01/16,http://www.daisanshaiinkai.com/cms/wp-content/uploads/2023/08/231010_chousa8630.pdf http://www.daisanshaiinkai.com/cms/wp-content/uploads/2023/08/240116_chousa8630.pdf http://www.daisanshaiinkai.com/cms/wp-content/uploads/2023/08/240116_chousa8630_2.pdf,＜社外調査委員会＞ （１）BM による不正請求における SJ の関わりや認識等に係る事実関係の調査 （２）BM による不正請求に類似する事象等の有無の調査 （３）本件の原因分析（SHD におけるグループガバナンスの在り方を含む。）と再発防止策の提言 （４）その他、当委員会が必要と認めた事項,委員長：（弁護士法人YAMAGUCHI&PARTNERS法律事務所 弁護士） 山口 幹生 委員：（松田綜合法律事務所 弁護士） 片岡 敏晃 委員：（大森法律事務所 弁護士） 大森 一志,虎ノ門東京法律事務所 弁護士 堀 裕岳 岩崎 弘悟 夏目 大造 ㈱アカウンティング・アドバイザリー 弁護士 平井 太 松田綜合法律事務所 弁護士 梅澤 隼 渡邊 雄太 FTI Consulting Limited,http://www.daisanshaiinkai.com/2023/page/2/
2023,8630,東証プライム,8630 東証プライム,SOMPOホールディングス株式会社,EY新日本,2023/07/31,2023/07/31,http://www.daisanshaiinkai.com/cms/wp-content/uploads/2023/07/230731_chousa8630.pdf,,SOMPOホールディングス株式会社設置の社外調査委員会へ移行,,＜社外調査委員会＞ ビッグモーター社の不正請求に関する、過去の当社出向者の関与の有無や昨年の入庫紹介再開時の経緯等、全容の解明,,,http://www.daisanshaiinkai.com/2023/page/2/
2023,9621,東証プライム,9621 東証プライム,株式会社建設技術研究所,トーマツ,2023/08/04,2023/08/04 2023/08/14,http://www.daisanshaiinkai.com/cms/wp-content/uploads/2023/06/230814_chousa9621.pdf http://www.daisanshaiinkai.com/cms/wp-content/uploads/2023/08/23804_chousa9621.pdf,2023/10/06,2023/10/06,http://www.daisanshaiinkai.com/cms/wp-content/uploads/2023/08/231006_chousa9621.pdf,＜社内調査委員会＞ （１）本件に関する事実関係の確認 （２）類似案件調査 （３）財務数値への影響と修正対応 （４）本件が生じた原因の分析と再発防止策の提言,委員長：（コンプライアンス担当役員 ガバナンス統括本部長） 名波 義昭 委員：（企画・営業本部長） 西村 達也 委員：（管理本部長） 鈴木 直人 委員：（桜田通り総合法律事務所シニアパートナー 弁護士） 石川 剛,ガバナンス統括本部コンプライアンス室（事務局） KPMG（デジタル・フォレンジック調査）,http://www.daisanshaiinkai.com/2023/page/2/
2023,2498,東証スタンダード,2498 東証スタンダード,株式会社オリエンタルコンサルタンツホールディングス,トーマツ,2023/08/04,2023/08/04,http://www.daisanshaiinkai.com/cms/wp-content/uploads/2023/08/23804_chousa2498.pdf,2023/10/10,2023/10/10,http://www.daisanshaiinkai.com/cms/wp-content/uploads/2023/08/231010_chousa2498.pdf,＜特別調査委員会＞ （１）本事案に関する事実関係の調査 （２）本事案に類似する事象の有無の調査 （３）上記（１）及び（２）の財務諸表への影響の検討 （４）本事案の原因分析及び再発防止策の提言 （５）その他、当委員会が必要と認める事項,委員長：（東京富士法律事務所 弁護士） 小澤 徹夫 委員：（国広総合法律事務所 弁護士） 中村 克己 委員：（株式会社KPMG FAS 公認会計士） 藤田 大介,東京富士法律事務所 弁護士 足立 学 廣瀬 正剛 山田 祥恵 池田 佳菜子 国広総合法律事務所 弁護士 池田 晃司 牧野 輝暁 株式会社KPMG FAS 公認会計士 見越 敬夫 山口 孝之 竹本 裕史 株式会社KPMG FAS 中村 久美子 許 韵瀟 他 7名,http://www.daisanshaiinkai.com/2023/page/2/
2023,2427,東証プライム,2427 東証プライム,株式会社アウトソーシング,トーマツ,2023/08/01,2023/08/01 2023/08/10 2023/09/29 2023/11/01,http://www.daisanshaiinkai.com/cms/wp-content/uploads/2023/08/230810_chousa2427.pdf http://www.daisanshaiinkai.com/cms/wp-content/uploads/2023/08/230929_chousa2427.pdf http://www.daisanshaiinkai.com/cms/wp-content/uploads/2023/08/231101_chousa2427.pdf http://www.daisanshaiinkai.com/cms/wp-content/uploads/2023/08/23801_chousa2427-1.pdf,2023/11/02,2023/11/02,http://www.daisanshaiinkai.com/cms/wp-content/uploads/2023/08/231102_chousa2427.pdf,＜外部調査委員会＞ （１） 本件事案に係る事実関係の調査 （２） 本件事案に類似する事象の存否及び事実関係の調査 （３） 上記（１）及び（２）による連結財務諸表等への影響の有無及び影響額の確認 （４） 上記（１）及び（２）が生じた原因究明及び再発防止策の提言,委員長：（西村あさひ法律事務所 弁護士） 平尾 覚 委員：（公認会計士宇澤事務所 公認会計士） 宇澤 亜弓 委員：（西村あさひ法律事務所 弁護士） 美﨑 貴子,西村あさひ法律事務所・外国法共同事業 弁護士 5名 株式会社KPMG FAS SATO社会保険労務士法人 OTA社会保険労務士法人,http://www.daisanshaiinkai.com/2023/page/2/
2023,9928,東証プライム,9928 東証プライム,株式会社ミロク情報サービス,三優,2023/07/31,2023/07/31,http://www.daisanshaiinkai.com/cms/wp-content/uploads/2023/07/230731_chousa9928.pdf,2023/07/31,2023/07/31,http://www.daisanshaiinkai.com/cms/wp-content/uploads/2023/07/230731_chousa9928.pdf,＜外部調査＞ 事実究明と再発防止策の策定,弁護士法人瓜生・糸賀法律事務所 弁護士・公認不正検査士 山口 幹生 弁護士 伊藤 雅大 弁護士 梅澤 慶太 弁護士 山本 大介 公認会計士・税理士・公認不正検査士 山田 重嗣,,http://www.daisanshaiinkai.com/2023/page/2/
2023,3657,東証プライム,3657 東証プライム,ポールトゥウィンホールディングス株式会社,EY新日本,2023/07/25,2023/07/25,http://www.daisanshaiinkai.com/cms/wp-content/uploads/2023/07/230725_chousa3657.pdf,2023/09/14,2023/09/14,http://www.daisanshaiinkai.com/cms/wp-content/uploads/2023/07/230914_chousa3657.pdf,＜特別調査委員会＞ （１）本件不正行為に係る事実関係の調査 （２）本件不正行為に類似する案件の存否及び事実関係の調査 （３）上記（１）及び（２）による財務諸表への影響額の確認 （４）本件不正行為が生じた原因分析と再発防止策の提言 （５）その他、特別調査委員会が必要と認めた事項,委員長：（カクイ法律事務所 弁護士） 村本 道夫 委員：（株式会社ビズサプリ代表取締役 公認会計士） 三木 孝則 委員：（当社社外取締役監査等委員、京橋法律事務所 弁護士） 白井 久明,PHD社外取締役 筒井 俊光 PHDグループ役職員 4名 PHD顧問会計士 1名 HIKE役職員 3名 ケーエルディスカバリオントラック 表参道パートナーズ法律事務所 弁護士 赤坂屋 潤,http://www.daisanshaiinkai.com/2023/page/2/
2023,8925,東証スタンダード,8925 東証スタンダード,株式会社アルデプロ,霞友,2023/07/19,2023/07/19 2023/09/22,http://www.daisanshaiinkai.com/cms/wp-content/uploads/2023/07/230719_chousa8925.pdf http://www.daisanshaiinkai.com/cms/wp-content/uploads/2023/07/230922_chousa8925.pdf,2023/09/28,2023/09/28,http://www.daisanshaiinkai.com/cms/wp-content/uploads/2023/07/230928_chousa8925.pdf,＜社外調査委員会＞ （１）本件取引の事実関係の調査 （２）類似事案の存否及び事実関係の調査 （３）原因分析 （４）その他社外調査委員会が必要と認めた事項,委員長：（光和総合法律事務所 弁護士） 白井 真 委員：（ひふみ総合法律事務所 弁護士） 小島 冬樹 委員：（株式会社KIC 公認会計士） 髙木 明,光和総合法律事務所 弁護士 木谷 太郎 渡邊 涼介 井上 龍太郎 渡辺 大祐 森 大輝 網看 健太 岡本 健太 水村 優太 神 ふみ子 原田 康平 ひふみ総合法律事務所 弁護士 矢田 悠 松原 由佳 金 竜貴 八雲法律事務所 弁護士 笠置 泰平 LM法律事務所 弁護士 清水 祐大 神本公認会計士税理士事務所 公認会計士 神本 昇 株式会社KIC 公認会計士 河合 健一 山本 和男 篠崎 将明 古賀 俊宏 信田 淳 寒川 貴弘 松田 雄祐 小山 崇 木村 聡志 株式会社foxcale 公認会計士 小池 赳司 古津 亮介 福田 昌志,http://www.daisanshaiinkai.com/2023/page/2/
2023,7354,東証プライム,7354 東証プライム,株式会社ダイレクトマーケティングミックス,EY新日本,2023/07/18,2023/07/18,http://www.daisanshaiinkai.com/cms/wp-content/uploads/2023/07/230718_chousa7354.pdf,2023/10/13,2023/10/13,http://www.daisanshaiinkai.com/cms/wp-content/uploads/2023/07/231013_chousa7354.pdf,＜特別調査委員会＞ （１）本件に関する事実関係の調査 （２）本件に類似する事案の存否及び事実関係の調査 （３）本件及びこれに類似する事案による財務諸表への影響の確認 （４）原因分析及び再発防止策の提言 （５）その他、特別調査委員会が必要と認めた事項,委員長：（大江橋法律事務所 弁護士） 山田 真吾 委員：（大江橋法律事務所 弁護士） 倉持 大 委員：（溝端公認会計士事務所 公認会計士） 溝端 浩人 委員：（当社社外取締役（独立役員）、監査委員 弁護士） 松原 由佳 委員：（当社社外取締役（独立役員）、監査委員 公認会計士） 米田 惠美,弁護士法人大江橋法律事務所 弁護士 髙田 真司 大多 和樹 稲葉 和香子 尾形 優造 国本 麻依子 岩﨑 翔太 安齋 美智代 筒井 秋成 山本 朗大 株式会社foxcale,http://www.daisanshaiinkai.com/2023/page/2/
2023,9263,東証スタンダード,9263 東証スタンダード,株式会社ビジョナリーホールディングス,PwCあらた,2023/07/06,2023/07/06,http://www.daisanshaiinkai.com/cms/wp-content/uploads/2023/07/230706_daisansha9263.pdf,2023/07/27,2023/07/27,http://www.daisanshaiinkai.com/cms/wp-content/uploads/2023/07/230727_chousa9263.pdf,（１）内部調査等で判明した不適切な売上計上等の発生の内容要因等の原因解明、件外調査及び再発防止策の検討・提言 （２）前回調査報告書の提出時に判明していなかった事実関係の追加調査 （３）その他、当委員会が必要と認めた事項,委員長：（内幸町国際総合法律事務所 弁護士、元東海大学法科大学院教授） 六川 浩明 委員：（内幸町国際総合法律事務所 弁護士、元東京地検検事） 徳永 博久 委員：（松澤綜合会計事務所 公認会計士・公認不正検査士） 松澤 公貴,内幸町国際総合法律事務所 弁護士 在原 一志 公認会計士 5名 アシスタント 3名 AOSデータ株式会社 DF専門家,http://www.daisanshaiinkai.com/2023/page/2/
2023,3228,東証プライム,3228 東証プライム,株式会社三栄建築設計,太陽,2023/06/22,2023/06/22 2023/08/14,http://www.daisanshaiinkai.com/cms/wp-content/uploads/2023/06/230622_daisansha3228.pdf http://www.daisanshaiinkai.com/cms/wp-content/uploads/2023/06/230814_daisansha3228.pdf,2023/08/15,2023/08/15 2023/10/03,http://www.daisanshaiinkai.com/cms/wp-content/uploads/2023/06/230815_daisansha3228.pdf http://www.daisanshaiinkai.com/cms/wp-content/uploads/2023/06/231003_daisansha3228.pdf,（１）当社が東京都公安委員会から東京都暴力団排除条例第27条に基づく勧告を受けるに至る原因となった、元代表取締役である小池信三氏が、当社の事業に関し、2021年3月25日、指定暴力団住吉会系の暴力団組員に対し額面約189万円の小切手を交付し、もって規制対象者に利益を供与した事実に関する調査 （２）上記（１）に類似する事案の有無に関する調査 （３）本件に関する当社のコンプライアンス体制及びコーポレートガバナンス体制の状況 （４）原因究明及び再発防止策の提言,委員長：（平河町法律事務所 弁護士） 安田 博延 委員：（弁護士法人ほくと総合法律事務所 弁護士） 中原 健夫 委員：（弁護士法人ほくと総合法律事務所 弁護士） 倉橋 博文 委員：（東京靖和綜合法律事務所 弁護士） 田中 克幸 委員：（新都総合法律事務所 弁護士） 板橋 喜彦,新都総合法律事務所 弁護士 森 円香 東京靖和綜合法律事務所 弁護士 山田 隼史 弁護士法人ほくと総合法律事務所 弁護士 千葉 恵介 岩永 航 若狹 周作 株式会社foxcale,http://www.daisanshaiinkai.com/2023/page/2/
2023,1447,東証グロース,1447 東証グロース,ITbookホールディングス株式会社,ナカチ,2023/06/16,2023/06/16 2023/06/29 2023/08/10 2023/08/16,http://www.daisanshaiinkai.com/cms/wp-content/uploads/2023/06/230616_chousa1447.pdf http://www.daisanshaiinkai.com/cms/wp-content/uploads/2023/06/230629_chousa1447.pdf http://www.daisanshaiinkai.com/cms/wp-content/uploads/2023/06/230810_chousa1447.pdf http://www.daisanshaiinkai.com/cms/wp-content/uploads/2023/06/230816_chousa1447.pdf,2023/08/31,2023/08/31,http://www.daisanshaiinkai.com/cms/wp-content/uploads/2023/06/230831_chousa1447.pdf,＜特別調査委員会＞ （１）本件に関する事実関係の調査 （２）本件に類似する事案の存否及び事実関係の調査 （３）当社の連結財務諸表への影響額の算定 （４）本件が生じた原因の分析と再発防止策 （５）その他、当委員会が必要と認めた事項,委員長：（アンダーソン・毛利・友常法律事務所外国法共同事業 弁護士） 三宅 英貴 委員：（株式会社KPMG FAS 取締役パートナー 公認会計士） 髙岡 俊文 委員：（株式会社KPMG FAS 執行役員パートナー 弁護士・公認会計士） 岩田 知孝,アンダーソン・毛利・友常法律事務所外国法共同事業 弁護士 大西 良平 高橋 祐太朗 髙田 将寛 松島 悠太 株式会社KPMG FAS 公認会計士 須賀 永治 水野 宏之 床井 宏行 株式会社KPMG FAS 弁護士・公認会計士 塩野 祐輝 株式会社KPMG FAS 永野 義昇 ほか 11名,http://www.daisanshaiinkai.com/2023/page/2/
2023,9263,東証スタンダード,9263 東証スタンダード,株式会社ビジョナリーホールディングス,PwCあらた,2023/06/05,2023/06/05 2023/08/07,http://www.daisanshaiinkai.com/cms/wp-content/uploads/2023/06/230605_chousa9263.pdf http://www.daisanshaiinkai.com/cms/wp-content/uploads/2023/06/23807_chousa9263.pdf,2023/07/26,2023/07/26 2023/08/21,http://www.daisanshaiinkai.com/cms/wp-content/uploads/2023/06/230726_chousa9263.pdf http://www.daisanshaiinkai.com/cms/wp-content/uploads/2023/06/230821_chousa9263.pdf,＜責任調査委員会＞ （１）星﨑氏が当社代表取締役に就任した 2014年4月期以降の当社取締役（監査等委員を含む。）、監査役、及び当社と委任契約を締結していた委任型の執行役員について、本件事案に関連して、責任調査対象者の職務執行に関する任務懈怠責任の有無等を原則として第三者委員会の調査結果に基づき検討し、損害賠償責任を含めた責任の在り方について、当社が適切かつ公正な判断を行うこと （２）当社と雇用契約を締結していた雇用型の執行役員及び責任調査対象者とすることが合理的と判断された当社及び当社グループの従業員について、原則として第三者委員会の調査結果を踏まえ、責任調査対象者の本件事案に係る責任の度合い等について助言を受けること,委員長：（岩田合同法律事務 弁護士） 伊藤 広樹 委員：（岩田合同法律事務 弁護士） 冨田 雄介 委員：（坂朋法律事務所 弁護士／公認会計士） 坂本 朋博,岩田合同法律事務所 弁護士 森 駿介 北川 弘樹 豊岡 啓人 松橋 翔 藤原 未彩 野口 大資 鈴木 隆世 丸山 英明 鈴木 莉子,http://www.daisanshaiinkai.com/2023/page/2/
2023,6594,東証プライム,6594 東証プライム,ニデック株式会社,京都,2023/06/02,2023/06/02,http://www.daisanshaiinkai.com/cms/wp-content/uploads/2023/06/230602_chousa6594.pdf,2023/06/16,2023/06/16,http://www.daisanshaiinkai.com/cms/wp-content/uploads/2023/06/230616_chousa6594.pdf,＜外部調査委員会＞ （１）本件自己株式取得等に関する事実関係の調査 （２）発生原因の究明 （３）関係者等の責任の検討 （４）再発防止策の提言,委員長：（のぞみ総合法律事務所 弁護士・公認不正検査士） 結城 大輔 委員：（のぞみ総合法律事務所 弁護士） 川西 風人 委員：（のぞみ総合法律事務所 弁護士） 吉田 元樹,のぞみ総合法律事務所 弁護士・公認不正検査士 小林 敬正 のぞみ総合法律事務所 弁護士 白水 裕基,http://www.daisanshaiinkai.com/2023/page/2/
2023,1976,東証プライム,1976 東証プライム,明星工業株式会社,EY新日本,2023/06/02,2023/06/02,http://www.daisanshaiinkai.com/cms/wp-content/uploads/2023/06/230602_chousa1976.pdf,2023/06/08,2023/06/08,http://www.daisanshaiinkai.com/cms/wp-content/uploads/2023/06/230608_chousa1976.pdf,＜社内調査委員会＞ 本事案の事実関係の確認及び本事案に類似する事象の有無などについて調査,,,http://www.daisanshaiinkai.com/2023/page/2/
2023,1821,東証プライム,1821 東証プライム,三井住友建設株式会社,EY新日本,2023/05/31,2023/05/31 2023/09/29,http://www.daisanshaiinkai.com/cms/wp-content/uploads/2023/05/230531_chousa1821.pdf http://www.daisanshaiinkai.com/cms/wp-content/uploads/2023/05/230929_chousa1821.pdf,2023/11/08,2023/11/08,http://www.daisanshaiinkai.com/cms/wp-content/uploads/2023/05/231108_chousa1821.pdf,＜調査委員会＞ 本工事の損失発生についての原因究明及び有益な再発防止策の提言,委員長：当社元常勤監査役 委員：（日本大学 理工学部海洋建築工学科 教授） 福井 剛 委員：（芝浦工業大学 建築学部建築学科 教授） 志手 一哉 委員：（森・濱田松本法律事務所 弁護士） 藤原 総一郎 委員：（郷原総合コンプライアンス法律事務所 弁護士） 郷原 信郎,,http://www.daisanshaiinkai.com/2023/page/2/
2023,4061,東証プライム,4061 東証プライム,デンカ株式会社,EY新日本,2023/05/29,2023/05/29,http://www.daisanshaiinkai.com/cms/wp-content/uploads/2023/05/230529_chousa4061.pdf,2023/12/11,2023/12/11,http://www.daisanshaiinkai.com/cms/wp-content/uploads/2023/05/231211_chousa4061.pdf,＜外部調査委員会＞ （１）東洋スチレンにおいて判明した UL 認証・CMJ 登録をめぐる不適切行為の事案調査 （２）デンカおよびその子会社における UL 認証・CMJ 登録をめぐるその他の不適切行為・不適合事案、また、他の法令・認証、顧客との契約、社内ルールなどの関係での不適合事案の網羅的探索調査 （３）上記（１）（２）の調査結果を踏まえた原因究明と再発防止策の検討,委員長：（倉橋法律事務所 弁護士） 倉橋 雄作 委員：（日比谷パーク法律事務所 弁護士） 松山 遙 委員：（株式会社KPMG FAS 公認会計士） 西嶌 宏之,日比谷パーク法律事務所 弁護士 小川 直樹 北折 俊英 正司 佳樹 株式会社KPMG FAS 水上 浩 吉岡 一真 山田 昂輝 伊藤 希珠 Chowwen Yang 板倉 太郎 梶谷 惠梨 畔栁 伊吹ほか,http://www.daisanshaiinkai.com/2023/page/2/
2023,8256,東証スタンダード,8256 東証スタンダード,株式会社プロルート丸光,なぎさ,2023/05/26,2023/05/26 2023/06/12,http://www.daisanshaiinkai.com/cms/wp-content/uploads/2023/05/230526_daisansha8256.pdf http://www.daisanshaiinkai.com/cms/wp-content/uploads/2023/05/230612_daisansha8256.pdf,2023/07/18,2023/07/18,http://www.daisanshaiinkai.com/cms/wp-content/uploads/2023/05/230718_daisansha8256.pdf,（１）本件事案に関する事実関係の調査及び類似する案件の存否 （２）原因の分析 （３）再発防止策の提言 （４）その他第三者調査委員会が必要と認めた事項,委員長：（青葉総合法律事務所 弁護士） 村木 茂 委員：（青葉総合法律事務所 弁護士） 塩田 祐大 委員：（澤田政道法律事務所 弁護士） 澤田 政道,アイフォレンセ日本データ復旧研究所株式会社,http://www.daisanshaiinkai.com/2023/page/3/
2023,5803,東証プライム,5803 東証プライム,株式会社フジクラ,PwCあらた,2023/05/26,2023/05/26 2023/06/29,http://www.daisanshaiinkai.com/cms/wp-content/uploads/2023/05/230526_chousa5803.pdf http://www.daisanshaiinkai.com/cms/wp-content/uploads/2023/05/230629_chousa5803.pdf,2023/07/31,2023/07/31,http://www.daisanshaiinkai.com/cms/wp-content/uploads/2023/05/230731_chousa5803.pdf,＜内部調査＞ （１）本事案の概要及び実態の解明 （２）A氏の指示による他の会社資産の使用等における類似事案の有無の確認とその概要及び実態の解明 （３）当時のAFLT及び当社における内部統制の分析及び評価 （４）AFLTの会計手続の妥当性の分析及び評価 （５）本事案の原因分析 （６）当社及びAFLに対する再発防止策の提言,,,http://www.daisanshaiinkai.com/2023/page/3/
2023,1780,東証プライム･名証プレミア,1780 東証プライム･名証プレミア,株式会社ヤマウラ,誠栄,2023/05/26,2023/05/26 2023/05/30 2023/06/22,http://www.daisanshaiinkai.com/cms/wp-content/uploads/2023/05/230526_daisansha1780.pdf http://www.daisanshaiinkai.com/cms/wp-content/uploads/2023/05/230530_daisansha1780.pdf http://www.daisanshaiinkai.com/cms/wp-content/uploads/2023/05/230622_chousa1780.pdf,2023/07/28,2023/07/28 2023/09/01,http://www.daisanshaiinkai.com/cms/wp-content/uploads/2023/05/230728_daisansha1780.pdf http://www.daisanshaiinkai.com/cms/wp-content/uploads/2023/05/230901_daisansha1780.pdf,（１）本件に関する事実関係の調査 （２）本件に類似する事象の有無の調査 （３）本件が生じた原因・背景の究明 （４）再発防止策の提言,委員⻑：（諏訪法律事務所 弁護士） 諏訪 雅顕 副委員長：（安部会計事務所 公認会計士） 安部 正明 委員：（唐澤洋祐法律事務所 弁護士） 唐澤 洋祐 委員：（公認会計士森井事務所 公認会計士） 森井 昭仁,,http://www.daisanshaiinkai.com/2023/page/3/
2023,8887,東証スタンダード,8887 東証スタンダード,リベレステ株式会社,太陽,2023/05/25,2023/05/25 2023/06/13,http://www.daisanshaiinkai.com/cms/wp-content/uploads/2023/05/230525_chousa8887.pdf http://www.daisanshaiinkai.com/cms/wp-content/uploads/2023/05/230613_chousa8887.pdf,2023/07/24,2023/07/24,http://www.daisanshaiinkai.com/cms/wp-content/uploads/2023/05/230724_chousa8887.pdf,＜調査委員会＞ （１）事実関係の調査 （２）コンプライアンス及びリスク管理体制の問題点の調査 （３）財務諸表への影響の確認 （４）上記で確認された事実に関する原因分析ならびに再発防止策の検討・提言 （５）その他調査委員会が必要と認めた事項,委員長：（大西昭一郎法律事務所代表社員 弁護士） 安藤 知史 委員：（東京さくら監査法人代表 公認会計士） 末川 修,,http://www.daisanshaiinkai.com/2023/page/3/
2023,6210,東証プライム,6210 東証プライム,東洋機械金属株式会社,太陽,2023/05/25,2023/05/25 2023/05/26 2023/06/27,http://www.daisanshaiinkai.com/cms/wp-content/uploads/2023/05/230525_chousa6210.pdf http://www.daisanshaiinkai.com/cms/wp-content/uploads/2023/05/230526_chousa6210.pdf http://www.daisanshaiinkai.com/cms/wp-content/uploads/2023/05/230627_chousa6210.pdf,2023/07/25,2023/07/25,http://www.daisanshaiinkai.com/cms/wp-content/uploads/2023/05/230725_chousa6210.pdf,＜特別調査委員会＞ （１）本件不正に関する事実関係の調査 （２）本件不正に類似する事象の有無の調査 （３）本件不正が生じた原因・背景の究明 （４）再発防止策の提言,委員⻑：（当社社外監査役〔独⽴役員〕 弁護⼠） 下河邊 由⾹ 委員：（当社社外監査役〔独⽴役員〕 新⽉有限責任監査法⼈ 公認会計⼠） ⾼橋 正哉 委員：（弁護⼠法⼈⼤江橋法律事務所 弁護士） ⾦井 美智⼦,弁護士法人大江橋法律事務所 名古屋事務所 弁護士 細野 真史 弁護士法人大江橋法律事務所 上海事務所 弁護士 竹田 昌史 中国律師 紀 群 弁護士法人大江橋法律事務所 大阪事務所 弁護士 田中 宏岳 楠野 純基 翰凌律師事務所 中国律師 翁 宏斌 陳 霄翔 PricewaterhouseCoopers Management Consulting (Shanghai) Limited Shenzhen Branch 深圳事務所 米国公認会計士 張 子城 中国注冊会計師 趙 璐 PricewaterhouseCoopers Management Consulting (Shanghai) Limited Shenzhen Branch 上海事務所 公認会計士 髙橋 翔太 中国注冊会計師 忻 沉 その他 17名,http://www.daisanshaiinkai.com/2023/page/3/
2023,3803,東証グロース,3803 東証グロース,イメージ情報開発株式会社,アリア,2023/05/25,2023/05/25 2023/07/31,http://www.daisanshaiinkai.com/cms/wp-content/uploads/2023/05/230525_daisansha3803.pdf http://www.daisanshaiinkai.com/cms/wp-content/uploads/2023/05/230731_daisansha3803.pdf,2023/08/10,2023/08/10,http://www.daisanshaiinkai.com/cms/wp-content/uploads/2023/05/230810_daisansha3803.pdf,（１）本件の事実調査を行い、総体としてパワーハラスメント (ないし不当な圧力等) と判断すべきかどうか、その評価結果を答申すること （２）仮にパワハラ等と判断した場合の、その後の処分の当否とその内容につき適正な対応は何かについて答申すること （３）再発防止に向け、今後の望ましい社内体制の在り方を企業実態に沿って提言すること,委員長：（中城・山之内法律事務所 弁護士） 中城 重光 委員：（弁護士） 平沢 郁子 委員：（弁護士） 中島 彰彦 委員：（弁護士） 大栗 悟史 委員：（弁護士） 岸野 俊一 委員：（弁護士） 河野 達朗 委員：（弁護士） 佐藤 新,,http://www.daisanshaiinkai.com/2023/page/3/
2023,6699,東証プライム,6699 東証プライム,ダイヤモンドエレクトリックホールディングス株式会社,仰星,2023/05/24,2023/05/24,http://www.daisanshaiinkai.com/cms/wp-content/uploads/2023/08/230524_chousa6699.pdf,2023/08/28,2023/08/28,http://www.daisanshaiinkai.com/cms/wp-content/uploads/2023/08/230828_chousa6699.pdf,＜外部調査委員会＞ 事実関係の調査、発生原因の究明、関係者等の責任の検討及び再発防止策の提言を行うこと,委員長：（杉本法律事務所 弁護士） 杉本 大樹 委員：（福西会計士・税理士事務所） 福西 佑介 委員：（当社取締役（監査等委員）） 笠間 士郎,,http://www.daisanshaiinkai.com/2023/page/3/
2023,4849,東証プライム,4849 東証プライム,エン ･ジャパン株式会社,EY新日本,2023/05/19,2023/05/19 2023/05/23 2023/06/27,http://www.daisanshaiinkai.com/cms/wp-content/uploads/2023/05/230519_chousa4849.pdf http://www.daisanshaiinkai.com/cms/wp-content/uploads/2023/05/230523_chousa4849.pdf http://www.daisanshaiinkai.com/cms/wp-content/uploads/2023/05/230627_chousa4849.pdf,2023/07/24,2023/07/24,http://www.daisanshaiinkai.com/cms/wp-content/uploads/2023/05/230724_chousa4849.pdf,＜特別調査委員会＞ （１）本件不正流用疑義に係る事実関係の調査 （２）本件不正流用疑義に類似する事象の有無・事実関係の調査 （３）（１）及び（２）に係る発生原因の分析及び再発防止策の提言 （４）その他、当委員会が必要と認めた事項,委員長：（弁護士法人大江橋法律事務所 弁護士） 松井 衡 委員：（株式会社KPMG FAS 公認会計士） 藤田 大介 委員：（西村あさひ法律事務所 弁護士、当社社外取締役監査等委員長） 井垣 太介,弁護士法人大江橋法律事務所 東京事務所 弁護士 小田 勇一 大多 和樹 纐纈 悠介 植田 美咲 弁護士法人大江橋法律事務所 上海事務所 弁護士 松本 亮 上海翰凌律師事務所 中国律師 孫 宇川 張 婷 張 鵬程 株式会社KPMG FAS及びそのメンバーファーム 公認会計士 宇野 真悟 ほか30名 (内27名はKPMG Advisory(China) Limited) 西村あさひ法律事務所 弁護士 中島 あずさ 志賀 正帥 松田 瞳,http://www.daisanshaiinkai.com/2023/page/3/
2023,1447,東証グロース,1447 東証グロース,ITbookホールディングス株式会社,ナカチ,2023/05/18,2023/05/18 2023/05/22,http://www.daisanshaiinkai.com/cms/wp-content/uploads/2023/05/230518_chousa1447.pdf http://www.daisanshaiinkai.com/cms/wp-content/uploads/2023/05/230522_chousa1447.pdf,2023/06/27,2023/06/27,http://www.daisanshaiinkai.com/cms/wp-content/uploads/2023/05/230627_chousa1447.pdf,＜調査委員会＞ （１） 本件横領行為に係る事実関係の調査 （２） 本件横領行為に類似する事象の有無の調査 （３） 本件横領行為の原因分析及び再発防止策の検討 （４） 本件横領行為の貴社財務諸表への影響,委員長：（山田法律事務所 弁護士） 山田 学 副委員長：（当社監査役） 西山 靖 副委員長：（当社内部監査室長） 浅賀 裕幸 委員：（三浦法律事務所 弁護士） 平井 貴之 事務局：（当社執行役員管理本部長兼CFO） 野間 崇,,http://www.daisanshaiinkai.com/2023/page/3/
2023,2218,札証,2218 札証,日糧製パン株式会社,ハイビスカス,2023/05/18,2023/05/18 2023/06/22,http://www.daisanshaiinkai.com/cms/wp-content/uploads/2023/05/230518_chousa2218.pdf http://www.daisanshaiinkai.com/cms/wp-content/uploads/2023/05/230622_chousa2218.pdf,2023/07/27,2023/07/27,http://www.daisanshaiinkai.com/cms/wp-content/uploads/2023/05/230727_chousa2218.pdf,＜特別調査委員会＞ （１）本件棚卸不正にかかる事実関係の調査 （２）本件棚卸不正に類似する事象の有無の確認 （３）本件棚卸不正による財務諸表への影響額の算定 （４）本件棚卸不正の原因分析 （５）再発防止策の提言 （６）その他、当委員会が必要と認めた事項,委員長：（社外監査役 弁護士） 實重 洋祐 委員：（公認会計士) 上田 恵一 委員：（社外取締役 弁護士） 山本 隆行 委員：（公認会計士) 吉田 周史 委員：（弁護士) 倉茂 尚寛,日糧製パン経理部部員 内部監査室部員,http://www.daisanshaiinkai.com/2023/page/3/
2023,4255,東証グロース,4255 東証グロース,THECOO株式会社,京都,2023/05/15,2023/05/15,http://www.daisanshaiinkai.com/cms/wp-content/uploads/2023/05/230515_chousa4255.pdf,2023/06/27,2023/06/27,http://www.daisanshaiinkai.com/cms/wp-content/uploads/2023/05/230627_chousa4255.pdf,＜独立調査委員会＞ （１）本件不正発注事案の事実関係に関する調査 （２）本件不正発注事案に類似する事案に係る調査 (件外調査) （３）f社からの不明入金事案及び業務委託の業務委託料の支払事案の事実関係に関する調査 （４）（３）に類似する事案に係る調査 (件外調査) （５）（１）ないし（４）の原因分析 （６）再発防止策の提言,委員長：（岩田合同法律事務所 弁護士） 本村 健 副委員長：（株式会社アカウンティング・アドバイザリー 公認会計士） 池内 宏幸 委員：（岩田合同法律事務所 弁護士、公認会計士、公認不正検査士） 武藤 雄木 委員：（岩田合同法律事務所 弁護士） 齋藤 弘樹,岩田合同法律事務所 弁護士 丸山 英明 北川 弘樹 豊岡 啓人 西野 雅人 宮坂 智 岩田合同法律事務所 公認不正検査士及びパラリーガル 6名 株式会社アカウンティングアドバイザリー 公認会計士 7名 株式会社 foxcale 公認会計士 小池 赳司,http://www.daisanshaiinkai.com/2023/page/3/
2023,4255,東証グロース,4255 東証グロース,THECOO株式会社,京都,2023/05/08,2023/05/08 2023/05/15,http://www.daisanshaiinkai.com/cms/wp-content/uploads/2023/05/230508_chousa4255.pdf http://www.daisanshaiinkai.com/cms/wp-content/uploads/2023/05/230515_chousa4255-1.pdf,,独立調査委員会へ移行,,＜特別調査委員会＞ 本件不正発注について事実関係の全容解明、原因究明、類似事案の有無の確認及び再発防止策の検討を行うこと,委員長：（岩田合同法律事務所 弁護士） 本村 健 委員：（当社常勤社外監査役 独立役員） 市川 昇 委員：（岩田合同法律事務所 弁護士、公認会計士、公認不正検査士） 武藤 雄木 委員：（岩田合同法律事務所 弁護士） 齋藤 弘樹,,http://www.daisanshaiinkai.com/2023/page/3/
2023,9612,東証プライム,9612 東証プライム,株式会社ラックランド,京都,2023/05/12,2023/05/12 2023/06/06,http://www.daisanshaiinkai.com/cms/wp-content/uploads/2023/05/230512_chousa9612.pdf http://www.daisanshaiinkai.com/cms/wp-content/uploads/2023/05/230606_chousa9612.pdf,2023/06/14,2023/06/14 2023/10/11,http://www.daisanshaiinkai.com/cms/wp-content/uploads/2023/05/230614_chousa9612.pdf http://www.daisanshaiinkai.com/cms/wp-content/uploads/2023/05/231011_chousa9612.pdf,＜特別調査委員会＞ （１）当該従業員へのインタビュー及び関連する役職者へのインタビュー （２）デジタル・フォレンジック調査 （３）工事収益及び工事原価に係る証憑書類（電子ファイルを含む）の変造有無の調査等 （４）本件に類似する案件の存否及び事実関係の調査 （５）本件が生じた原因の究明と再発防止策の提言 （６）その他、本委員会が必要と認める事項,委員長：（早川・村木経営法律事務所 弁護士） 早川 明伸 委員：（弁護士法人ほくと総合法律事務所 弁護士） 中原 健夫 委員：（早川・村木経営法律事務所 弁護士） 村木 高志 委員：（和田公認会計士事務所 公認会計士） 和田 正夫,早川・村木経営法律事務所 弁護士 谷貝 彰紀 西野 肇 西野 貴紀 松尾 梨奈 石崎 仁紘 弁護士法人ほくと総合法律事務所 弁護士 高橋 康平 奥津 啓太 塚本 弥石 鈴木 裕也 又吉 重樹 藪田 崇之 中島経営法律事務所 弁護士 寺田 寛 鹿毛 俊輔 のぞみ総合法律事務所 弁護士 結城 大輔 川西 風人 佐藤 文行 劉 セビョク 吉田 元樹 白水 裕基 公認会計士 高木 明 信田 淳 片岡 宏介 松村 拓也 太陽グラントソントン・アドバイザーズ株式会社 垂水 敬 前村 浩介 ほか 4名,http://www.daisanshaiinkai.com/2023/page/3/
2023,7379,東証グロース,7379 東証グロース,株式会社サーキュレーション,トーマツ,2023/05/11,2023/05/11,http://www.daisanshaiinkai.com/cms/wp-content/uploads/2023/05/230511_chousa7379.pdf,2023/06/13,2023/06/13,http://www.daisanshaiinkai.com/cms/wp-content/uploads/2023/05/230613_chousa7379.pdf,＜特別調査委員会＞ （１）前代表による違法薬物所持が、前代表による個人的な犯行であり、当社の関与はないとしている当社の判断の当否 （２）前代表及び当社の役職員と反社の関わりの有無の確認 （３）反社との関わりを排除するための当社の内部管理体制・コーポレートガバナンス体制の構築・運用の評価,委員長：（シティユーワ法律事務所 弁護士（元東京高等裁判所民事部部総括判事）） 南 敏文 委員：（早稲田大学法科大学院教授（会社法）） 福島 洋尚 委員：（シティユーワ法律事務所 弁護士（元東京地方検察庁特別捜査部検事）） 貞弘 賢太郞,シティユーワ法律事務所 弁護士 2名 株式会社アキュレートアドバイザーズ 小林 弘樹 不正調査専門家 1名,http://www.daisanshaiinkai.com/2023/page/3/
2023,9960,東証プライム,9960 東証プライム,東テク株式会社,EY新日本,2023/05/10,2023/05/10,http://www.daisanshaiinkai.com/cms/wp-content/uploads/2023/05/230510_chousa9960.pdf,2023/06/29,2023/06/29,http://www.daisanshaiinkai.com/cms/wp-content/uploads/2023/05/230629_chousa9960.pdf,＜特別調査委員会＞ （１）本件不適切取引にかかる事実関係の調査 （２）本件不適切取引に類似する事象の有無の調査 （３）上記（１）及び（２）の財務諸表への影響額の算定 （４）上記（１）及び（２）の原因分析と再発防止策の提言 （５）その他、当委員会が必要と認めた事項,委員長：（東京富士法律事務所 弁護士） 足立 学 委員：（東京富士法律事務所 弁護士） 廣瀬 正剛 委員：（株式会社アカウンティング・アドバイザリー 公認会計士） 井上 寅喜,東京富士法律事務所 弁護士 山田 祥恵 池田 佳菜子 株式会社アカウンティング・アドバイザリー 公認会計士 長谷川 直彦 齋藤 哲 株式会社アカウンティング・アドバイザリー 弁護士 平井 太 株式会社foxcale 代表取締役 宮下 敦士 株式会社foxcale 公認会計士 小池 赳司 株式会社foxcale 福田 昌志 ほか 10名,http://www.daisanshaiinkai.com/2023/page/3/
2023,7203,東証プライム・名証プレミア,7203 東証プライム・名証プレミア,トヨタ自動車株式会社,PwCあらた,2023/04/29,2023/04/29,http://www.daisanshaiinkai.com/cms/wp-content/uploads/2023/04/230429_chousa7203.pdf,,未公表,,本件内容の解明および真因分析、これに基づく再発防止策の策定,,,http://www.daisanshaiinkai.com/2023/page/3/
2023,7419,東証プライム,7419 東証プライム,株式会社ノジマ,トーマツ,2023/04/28,2023/04/28,http://www.daisanshaiinkai.com/cms/wp-content/uploads/2023/04/230428_fusei7419.pdf,,未公表,,＜調査チーム＞ 犯行に至る経緯、犯行動機、犯行状況及び影響額等の調査,,,http://www.daisanshaiinkai.com/2023/page/3/
2023,7628,東証プライム,7628 東証プライム,株式会社オーハシテクニカ,EY新日本,2023/04/25,2023/04/25,http://www.daisanshaiinkai.com/cms/wp-content/uploads/2023/04/230425_chousa7628.pdf,2023/06/15,2023/06/15,http://www.daisanshaiinkai.com/cms/wp-content/uploads/2023/04/230615_chousa7628.pdf,＜調査・対策チーム＞ 事実関係の解明に向けた調査,,,http://www.daisanshaiinkai.com/2023/page/3/
2023,9726,東証スタンダード,9726 東証スタンダード,ＫＮＴ－ＣＴホールディングス株式会社,あずさ,2023/04/17,2023/04/17,http://www.daisanshaiinkai.com/cms/wp-content/uploads/2023/04/230417_chousa9726.pdf,2023/08/09,2023/08/09,http://www.daisanshaiinkai.com/cms/wp-content/uploads/2023/04/230809_chousa9726.pdf,＜調査委員会＞ （１）本件に関する事実認定および当社における社内点検プロセスの妥当性の評価 （２）本件の発生原因の分析 （３）再発防止に向けた改善策の提言 （４）その他、調査委員会が調査の必要があると認めた事項,委員長：（東京丸の内法律事務所 元名古屋高等裁判所長官 弁護士） 岡田 雄一 委員：（当社独立社外取締役） 髙橋 洋 委員：（当社独立社外取締役 公認会計士） 河崎 雄亮 委員：（Ｔ＆Ｋ法律事務所 弁護士） 角谷 直紀,T&K法律事務所 弁護士 片岡 良平 戸澤 晃広 岡田 侑子 根鈴 久志 葛西 悠吾 渡邊 耀 玉木 咲良 吉田 達彦 曽羽 達貴 清水 沙織里 成田 凌 髙原 駿介 片岡 将一 早川村木経営法律事務所 弁護士 早川 明伸 村木 高志 谷貝 彰紀 西野 肇 西野 貴紀 松尾 梨奈 石崎 仁紘,http://www.daisanshaiinkai.com/2023/page/3/
2023,4317,東証スタンダード,4317 東証スタンダード,株式会社レイ,トーマツ,2023/04/14,2023/04/14 2023/05/29,http://www.daisanshaiinkai.com/cms/wp-content/uploads/2023/04/230414_daisansha4317.pdf http://www.daisanshaiinkai.com/cms/wp-content/uploads/2023/04/230529_daisansha4317.pdf,2023/06/09,2023/06/09,http://www.daisanshaiinkai.com/cms/wp-content/uploads/2023/04/230609_daisansha4317.pdf,（１）本件事案に関する事実関係の調査 （２）類似事象の有無の調査 （３）連結財務諸表等への影響の有無の確認 （４）原因分析、再発防止策の提言 （５）その他第三者調査委員会が必要と認めた事項,委員長：（公認会計士宇澤事務所 代表 公認会計士・公認不正検査士） 宇澤 亜弓 委員：（シティユーワ法律事務所 パートナー 弁護士） 石井 輝久 委員：（祝田法律事務所 パートナー 弁護士） 熊谷 真喜,株式会社KPMG FAS 公認会計士 高岡 俊文 須賀 永治 他 11名 シティユーワ法律事務所 弁護士 幸森 理志 祝田法律事務所 弁護士 小栗 麻由,http://www.daisanshaiinkai.com/2023/page/4/
2023,8890,東証スタンダード,8890 東証スタンダード,株式会社レーサム,三優,2023/04/11,2023/04/11,http://www.daisanshaiinkai.com/cms/wp-content/uploads/2023/04/230411_chousa8890.pdf,2023/05/12,2023/05/12,http://www.daisanshaiinkai.com/cms/wp-content/uploads/2023/04/230512_chousa8890.pdf,＜特別調査委員会＞ （１）本件キックバックに係る事実関係の解明 （２）本件キックバックに類似する事象の存否及び事実関係の調査 （３）上記（１）及び（２）の調査の結果、発見された事項の原因分析 （４）上記（３）を踏まえた再発防止策の提言,委員長：（レーサム社外取締役（監査等委員）） 三木 昌樹 委員：（レーサム社外取締役（監査等委員）） 中瀬 進一 委員：（レーサム社外取締役（常勤監査等委員）） 岡田 英明,西村あさひ法律事務所 デロイト トーマツ ファイナンシャルアドバイザリー合同会社,http://www.daisanshaiinkai.com/2023/page/4/
2023,8864,東証プライム,8864 東証プライム,空港施設株式会社,東陽,2023/04/10,2023/04/10,http://www.daisanshaiinkai.com/cms/wp-content/uploads/2023/04/230410_chousa8864.pdf,2023/04/28,2023/04/28,http://www.daisanshaiinkai.com/cms/wp-content/uploads/2023/04/230428_chousa8864.pdf,＜独立検証委員会＞ （１）2021 年 6 月に行われた当社の指名委員会等における取締役候補者の選任に関係する一連の事実と審議過程の検証 （２）透明性のある取締役候補者の選任を実施するために遵守すべき事項や留意すべき事項等の提言,委員長：（青山学院大学名誉教授、大原大学院大学教授） 八田 進二 委員：（プロアクト法律事務所 弁護士・公認不正検査士） 池永 朝昭 委員：（プロアクト法律事務所 弁護士・公認不正検査士） 竹内 朗,プロアクト法律事務所 弁護士・公認不正検査士 徳山 佳祐 長田 圭介 株式会社foxcale,http://www.daisanshaiinkai.com/2023/page/4/
2023,7357,東証スタンダード,7357 東証スタンダード,株式会社ジオコード,EY新日本,2023/04/10,2023/04/10,http://www.daisanshaiinkai.com/cms/wp-content/uploads/2023/04/230410_chousa7357.pdf,2023/05/26,2023/05/26,http://www.daisanshaiinkai.com/cms/wp-content/uploads/2023/04/230526_chousa7357.pdf,＜調査委員会＞ （１）本件事象に係る事実関係の確認及び原因の分析 （２）本件事象と同種又は類似する事象の有無及び内容の調査 （３）上記調査の結果を踏まえた再発防止策の提言 （４）その他、調査委員会が必要と認める事項,委員長：（当社社外監査役 山本・吉田法律事務所 パートナー弁護士） 山本 純一 委員：（当社社外監査役 アヴァンセコンサルティング株式会社代表取締役 公認会計士・税理士） 野村 昌弘 委員：（当社社外取締役 野原ホールディングス株式会社 取締役） 長橋 賢吾 委員：（伊藤・小松・高瀬法律事務所 代表弁護士） 伊藤 弘隆 委員：（当社常勤監査役） 森崎 稔,,http://www.daisanshaiinkai.com/2023/page/4/
2023,1400,東証グロース,1400 東証グロース,ルーデン・ホールディングス株式会社,霞友,2023/03/31,2023/03/31 2023/06/30 2023/08/31 2023/10/30,http://www.daisanshaiinkai.com/cms/wp-content/uploads/2023/03/230331_daisansha1400.pdf http://www.daisanshaiinkai.com/cms/wp-content/uploads/2023/03/230630_daisansha1400.pdf http://www.daisanshaiinkai.com/cms/wp-content/uploads/2023/03/230831_daisansha1400.pdf http://www.daisanshaiinkai.com/cms/wp-content/uploads/2023/03/231030_daisansha1400.pdf,,第三者委員会退任,,（１）2022 年 5 月 9 日に設置された外部調査委員会による調査対象であった RDC 事業に係る事実関係の更な る調査 （２）RDC 事業を行っていた当時において取締役・監査役であった者に対する責任の有無等の調査 （３）RDC 事業以外の類似事案の件外調査 （４）原因分析と再発防止策の提言 （５）その他、第三者委員会が必要と認めた事項,委員長 ：（塩野治夫公認会計士事務所 公認会計士） 塩野 治夫 委員：（セントラル法律事務所 弁護士） 小井土 直樹 委員：（日比谷見附法律事務所 弁護士） 大谷 龍生,,http://www.daisanshaiinkai.com/2023/page/4/
2023,6406,東証プライム,6406 東証プライム,フジテック株式会社,太陽,2023/03/28,2023/03/28 2023/04/13,http://www.daisanshaiinkai.com/cms/wp-content/uploads/2023/03/230328_daisansha6406.pdf http://www.daisanshaiinkai.com/cms/wp-content/uploads/2023/03/230413_daisansha6406.pdf,2023/12/19,2023/12/19,http://www.daisanshaiinkai.com/cms/wp-content/uploads/2023/03/231219_chousa6406.pdf,（１）本件妨害行為の有無 （２）これが認められた場合には当社役職員の関与の有無 （３）関与が認められた場合にはその態様 （４）本件妨害行為を外部の第三者に依頼していた場合はその第三者の氏名・名称及びその第三者に支払った報酬額等について公正かつ速やかな調査,委員長：（TMI総合法律事務所 弁護士） 髙山 崇彦 委員：（島田法律事務所 弁護士） 高田 祐史 委員：（TMI総合法律事務所 弁護士） 森川 久範,,http://www.daisanshaiinkai.com/2023/page/4/
2023,1980,東証プライム,1980 東証プライム,ダイダン株式会社,あずさ,2023/03/28,2023/03/28,http://www.daisanshaiinkai.com/cms/wp-content/uploads/2023/03/230328_chousa1980.pdf,2023/04/26,2023/04/26,http://www.daisanshaiinkai.com/cms/wp-content/uploads/2023/03/230426_chousa1980.pdf,＜社内調査委員会＞ （１）本指摘事項にかかる本件不正行為に関する事実関係（類似事案の存否を含む。）の調査 （２）上記不正行為が行われた原因及び背景の調査、並びに再発防止策の検討,委員長：（清和法律事務所 弁護士） 金水 孝真 委員：（当社 取締役常務執行役員技術本部長） 笹木 寿男 委員：（当社 取締役執行役員業務本部長） 亀井 保男 委員：（当社 監査役） 坪田 具也 委員：（近藤税理士事務所 税理士） 近藤 公博,清和法律事務所 弁護士 木虎 孝之 秦 尚輝 コンプライアンス推進室 技術本部 経理部,http://www.daisanshaiinkai.com/2023/page/4/
2023,2300,東証スタンダード,2300 東証スタンダード,株式会社きょくとう,EY新日本,2023/03/17,2023/03/17,http://www.daisanshaiinkai.com/cms/wp-content/uploads/2023/03/230317_chousa2300.pdf,2023/04/19,2023/04/19,http://www.daisanshaiinkai.com/cms/wp-content/uploads/2023/03/230419_chousa2300.pdf,＜特別調査委員会＞ （１）不適切な申請にあたり、関与した者に不正の認識があったか否か （２）実行者が不適切申請を行った動機（具体的指示あるいは黙示の圧力等があったか否か） （３）申請が中小企業用の申請書で行われていることの妥当性 （４）令和５年２月３日に福岡労働局に提出した再計算・修正結果の妥当性 （５）内部統制の状況についての確認 ・助成金申請について対象会社の内部統制の牽制機能の適切性 ・不適切な助成金申請が長きにわたり発見できなかった理由,委員：（みかさ社会保険労務士法人 社会保険労務士） 安藤 龍平 委員：（あかつき法律事務所 弁護士） 石田 光史 委員：（弁護士法人黒木・内田法律事務所 弁護士） 久間 孝平 委員：（あかつき法律事務所 弁護士） 波多江 愛子 委員：（吉倉公認会計士事務所 公認会計士） 吉倉 正幸,,http://www.daisanshaiinkai.com/2023/page/4/
2023,6201,東証プライム・名証プレミア,6201 東証プライム・名証プレミア,株式会社豊田自動織機,PwCあらた,2023/03/17,2023/03/17,http://www.daisanshaiinkai.com/cms/wp-content/uploads/2023/03/230317_chousa6201.pdf,2024/01/29,2024/01/29 2024/01/29 2024/01/29,http://www.daisanshaiinkai.com/cms/wp-content/uploads/2023/03/240129_chousa6201-1.pdf http://www.daisanshaiinkai.com/cms/wp-content/uploads/2023/03/240129_chousa6201-2.pdf http://www.daisanshaiinkai.com/cms/wp-content/uploads/2023/03/240129_chousa6201-3.pdf,＜特別調査委員会＞ 事案の全容解明及び真因分析、並びにこれらに基づく再発防止策の取りまとめ,委員長：（元福岡高等検察庁検事長 弁護士・公認不正検査士） 井上 宏 委員：（ヤマハ発動機株式会社 顧問） 島本 誠 委員：（弁護士） 松山 遙,西村あさひ法律事務所・外国法共同事業 弁護士 平尾 覚 ほか 12名,http://www.daisanshaiinkai.com/2023/page/4/
2023,9263,東証スタンダード,9263 東証スタンダード,株式会社ビジョナリーホールディングス,PwCあらた,2023/03/07,2023/03/07,http://www.daisanshaiinkai.com/cms/wp-content/uploads/2023/03/230307_daisansha9263.pdf,2023/05/31,2023/05/31,http://www.daisanshaiinkai.com/cms/wp-content/uploads/2023/03/230531_daisansha9263.pdf,（１）本件事案に関する事実関係の更なる調査 （２）類似事象の有無の調査 （３）連結財務諸表等への影響の有無の確認 （４）原因分析、再発防止策の提言 （５）その他調査委員会が必要と認めた事項,委員長：（内幸町国際総合法律事務所 弁護士、元東海大学法科大学院教授） 六川 浩明 委員：（内幸町国際総合法律事務所 弁護士、元東京地検検事） 徳永 博久 委員：（松澤綜合会計事務所 公認会計士・公認不正検査士） 松澤 公貴,内幸町国際総合法律事務所 弁護士 在原 一志 公認会計士 5名 アシスタント 3名（一時的なサポートメンバーを除く） リーガレックス合同会社、AOS データ株式会社 DF専門家,http://www.daisanshaiinkai.com/2023/page/4/
2023,4324,東証プライム,4324 東証プライム,株式会社電通グループ,あずさ,2023/02/28,2023/02/28,http://www.daisanshaiinkai.com/cms/wp-content/uploads/2023/02/230228_chousa4324.pdf,2023/06/09,2023/06/09 2023/06/09,http://www.daisanshaiinkai.com/cms/wp-content/uploads/2023/02/230609_chousa4324_1.pdf http://www.daisanshaiinkai.com/cms/wp-content/uploads/2023/02/230609_chousa4324_2.pdf,＜東京2020オリンピック・パラリンピック競技大会関連事案に関する外部有識者による調査検証委員会＞ （１）本事案及びその関連事項に関する事実調査 （２）本事案及びその関連事項に関する原因究明 （３）再発防止策等の提言,委員長：（元大阪高等検察庁検事長、元最高裁判所判事・さわやか法律事務所 弁護士） 池上 政幸 委員：（元仙台高等裁判所長 官・東京リベルテ法律事務所 弁護士） 河合 健司 委員：（元大阪高等検察庁検事長 長島・大野・常松法律事務所 弁護士） 伊丹 俊彦,矢野隆史法律事務所・元大阪地方検察庁検事 弁護士 矢野 隆史 シティユーワ法律事務所・元東京地方検察庁検事 弁護士 深山 美弥 長島・大野・常松法律事務所 弁護士 深水 大輔 脇谷 太智 矢田 悠真 半谷 駿介 石本 晃一 角田 美咲 三浦 尚樹 山元 恒輝,http://www.daisanshaiinkai.com/2023/page/4/
2023,2656,東証スタンダード,2656 東証スタンダード,株式会社ベクター,トーマツ,2023/02/15,2023/02/15 2023/02/16,http://www.daisanshaiinkai.com/cms/wp-content/uploads/2023/02/230215_chousa2656.pdf http://www.daisanshaiinkai.com/cms/wp-content/uploads/2023/02/230216_chousa2656.pdf,2023/03/13,2023/03/13 2023/05/16,http://www.daisanshaiinkai.com/cms/wp-content/uploads/2023/02/230313_chousa2656.pdf http://www.daisanshaiinkai.com/cms/wp-content/uploads/2023/02/230516_chousa2656.pdf,＜特別調査委員会＞ 事実関係の調査並びに問題が認められた場合の原因の究明及び改善策の提言,委員長：（阿部・吉田・三瓶法律会計事務所 弁護士） 吉田 秀康 委員：（法律事務所ASCOPE 弁護士） 鈴木 亨 委員：（合同会社LRプラス代表社員 公認会計士） 山田 幸平,,http://www.daisanshaiinkai.com/2023/page/4/
2023,7677,東証スタンダード,7677 東証スタンダード,株式会社ヤシマキザイ,トーマツ,2023/02/14,2023/02/14,http://www.daisanshaiinkai.com/cms/wp-content/uploads/2023/02/230214_chousa7677.pdf,2023/03/31,2023/03/31,http://www.daisanshaiinkai.com/cms/wp-content/uploads/2023/02/230331_chousa7677.pdf,＜調査委員会＞ （１）不適切会計処理事案の事実関係の調査 （２）本件事案の会計上の影響の検討 （３）本件事案の発生原因の分析及び再発防止策の提言,委員長：（管理本部 取締役本部長） 阿部 昌宏 弁護士：（服部法律事務所 弁護士） 服部 成太 メンバー： 財務経理部 部長 財務経理部 担当部長 財務経理部 部員 総務部 課長 総務部 プロジェクトマネージャー 経営企画室 課長 システム室 室長 内部統制委員会 係長 内部統制委員会 委員 内部監査室 室長 内部監査室 プロジェクトマネージャー 内部監査室 室員 オブザーバー：（監査等委員会委員長 取締役） 堀越 秀幸,,http://www.daisanshaiinkai.com/2023/page/4/
2023,1952,東証プライム,1952 東証プライム,新日本空調株式会社,トーマツ,2023/02/13,2023/02/13,http://www.daisanshaiinkai.com/cms/wp-content/uploads/2023/02/230213_chousa1952.pdf,2023/03/06,2023/03/06 2023/03/29,http://www.daisanshaiinkai.com/cms/wp-content/uploads/2023/02/230306_chousa1952.pdf http://www.daisanshaiinkai.com/cms/wp-content/uploads/2023/02/230329_chousa1952.pdf,＜内部調査委員会＞ （１）本件に係る事実関係の調査 （２）本件に類似する案件の存否及び事実関係の調査 （３）本件が生じた原因の究明と再発防止策の提言 （４）その他、調査委員会が必要と認める事項,委員長：（当社取締役監査等委員） 森本 利彦 委員：（当社監査等委員会室長） 芳野 徹郎 委員：（当社監査等委員会室内部監査部長） 鳥井 和隆 委員：（堀内法律事務所 弁護士） 堀内 節郎 委員：（堀内法律事務所 弁護士） 真木 泰生,,http://www.daisanshaiinkai.com/2023/page/4/
2023,8136,東証プライム,8136 東証プライム,株式会社サンリオ,EY新日本,2023/02/09,2023/02/09,http://www.daisanshaiinkai.com/cms/wp-content/uploads/2023/02/230209_chousa8136.pdf,2023/03/16,2023/03/16,http://www.daisanshaiinkai.com/cms/wp-content/uploads/2023/02/230316_chousa8136.pdf,＜特別調査委員会＞ （１）本件に係る事実関係の調査 （２）本件に類似する案件の存否及び事実関係の調査 （３）本件が生じた原因の究明と再発防止策の提言 （４）その他、特別調査委員会が必要と認める事項,委員：（当社社外監査役 公認会計士） 大橋 一生 委員：（デロイト トーマツ ファイナンシャルアドバイザリー合同会社 公認会計士） 中島 祐輔 委員：（DT弁護士法人 弁護士/公認会計士） 浜田 宰,デロイト トーマツ ファイナンシャルアドバイザリー合同会社 米国公認会計士 清水 和之 デジタルフォレンジック専門家 岡田 大輔 不正調査 公認会計士等 14名 デジタル・フォレンジック調査 14名 DT弁護士法人 弁護士 佐々木 奈織子 金光 祐希 荒木 洋介 大倉 徹也 諏訪 貴紘 深瀬 雄介 木村 洋介 上村 早紀子 インタビュー補助 2名,http://www.daisanshaiinkai.com/2023/page/4/
2023,9232,東証スタンダード,9232 東証スタンダード,株式会社パスコ,あずさ,2023/02/07,2023/02/07 2023/02/10,http://www.daisanshaiinkai.com/cms/wp-content/uploads/2023/02/230207_chousa9232.pdf http://www.daisanshaiinkai.com/cms/wp-content/uploads/2023/02/230210_chousa9232.pdf,2023/04/07,2023/04/07,http://www.daisanshaiinkai.com/cms/wp-content/uploads/2023/02/230407_chousa9232.pdf,＜特別調査委員会＞ （１）本不適切会計処理に係る事実関係の調査 （２）本不適切会計処理に類似する事象の有無の調査 （３）上記（1）及び（2）の財務諸表への影響額の算定 （４）上記（1）及び（2）の発生原因の分析と再発防止の提言 （５）その他、特別調査委員会が必要と認める事項,委員長：（東京富士法律事務所 弁護士） 小澤 徹夫 委員：（東京富士法律事務所 弁護士） 足立 学 委員：（株式会社アカウンティング・アドバイザリー 公認会計士） 井上 寅喜,東京富士法律事務所 弁護士 廣瀬 正剛 池田 佳菜子 国広総合法律事務所 弁護士 中村 克己 池田 晃司 牧野 輝暁 株式会社アカウンティング・アドバイザリー 公認会計士 大橋 大輔 齋藤 哲 浅海 英孝 石田 悠真 株式会社アカウンティング・アドバイザリー 弁護士 平井 太 株式会社foxcale 小池 赳司 福田 昌志 ほか 13 名,http://www.daisanshaiinkai.com/2023/page/4/
2023,9503,東証プライム,9503 東証プライム,関西電力株式会社,トーマツ,2023/01/31,2023/01/31,http://www.daisanshaiinkai.com/cms/wp-content/uploads/2023/01/230131_chousa9503.pdf,,未公表,,＜調査検証・改革委員会＞ （１）本件の原因究明ならびに体制面・実効性面での検証と対策の立案、実行 （２）関西電力のコンプライアンス委員会の調査、分析等を踏まえた更なる改善策の具体化,委員長：社長 委員長代理：副社長 委 員：常務、執行役員等,,http://www.daisanshaiinkai.com/2023/page/4/
2023,8886,東証スタンダード・名証メイン,8886 東証スタンダード・名証メイン,株式会社ウッドフレンズ,東海会計社,2023/01/23,2023/01/23,http://www.daisanshaiinkai.com/cms/wp-content/uploads/2023/01/230123_daisansha8886.pdf,2023/07/28,2023/07/28,http://www.daisanshaiinkai.com/cms/wp-content/uploads/2023/01/230728_daisansha8886-1.pdf,（１）本事案に関わる、企業統治上の問題発生原因の検証 （２）再発防止策を講ずる際に留意すべき事項の提言 （３）その他、調査委員会が必要と認めた事項,委員長：（神谷明文弁護士事務所 弁護士、株式会社東祥 社外取締役） 神谷 明文 委員：（都築敏公認会計士事務所 公認会計士、栄税理士法人 代表社員） 都築 敏 委員：（元・東京建物不動産販売株式会社 常任監査役） 尾又 直彦,神谷明文弁護士事務所 弁護士 杉原 浩介 公認会計士加藤伸二事務所 公認会計士 加藤 伸二 公認会計士佐藤滝彦事務所 公認会計士 佐藤 滝彦,http://www.daisanshaiinkai.com/2023/page/4/
2023,3244,東証プライム,3244 東証プライム,サムティ株式会社,EY新日本,2023/01/16,2023/01/16 2023/02/27 2023/03/06,http://www.daisanshaiinkai.com/cms/wp-content/uploads/2023/01/230116_chousa3244.pdf http://www.daisanshaiinkai.com/cms/wp-content/uploads/2023/01/230227_chousa3244.pdf http://www.daisanshaiinkai.com/cms/wp-content/uploads/2023/01/230306_chousa3244.pdf,2023/03/07,2023/03/07,http://www.daisanshaiinkai.com/cms/wp-content/uploads/2023/01/230307_chousa3244.pdf,＜特別調査委員会＞ （１）A社その他特定の取引先との取引に関連し、過年度決算における会計上の連結対象範囲の判断等についての疑義に係る事実関係の調査 （２）上記（１）に類似する事象の存否及び事実関係の調査 （３）上記（１）及び（２）の結果、発見された事項の発生原因の分析と再発防止策の策定・提言 （４）その他、特別調査委員会が必要と認める事項,委員長：（東京リベルテ法律事務所 弁護士） 河合 健司 委員：（和田会計事務所 公認会計士） 和田 芳幸 委員：（光和総合法律事務所 弁護士） 白井 真 委員：（和田公認会計士事務所 公認会計士） 和田 正夫 委員：（河江健史会計事務所 公認会計士） 河江 健史,光和総合法律事務所 弁護士 伊藤 信彦 中澤 雄仁 木谷 太郎 野原 俊介 渡邊 涼介 藤井 奏子 井上 龍太郎 橋本 祥 坂下 大貴 森 大輝 岡本 健太 網倉 健太 櫻井 駿 片桐 和也 松宫 愛 神 ふみ子 原田 康平 八雲法律事務所 弁護士 笠置 泰平 LM法律事務所 弁護士 清水 祐大 弁護士法人淀屋橋・山上合同法律事務所 弁護士 岩本 文男 金 大燁 瀧野 達郎 山口 聡子 岩佐 拳伍 牛島総合法律事務所 弁護士 原 大喜 ひふみ総合法律事務所 弁護士 矢田 悠 松原 由佳 神村 泰輝 金 竜貴 公認会計士笹本憲一事務所 公認会計士 笹本 憲一 株式会社KIC 公認会計士 髙木 明 只野 真吾 他 10名 株式会社BESTTRADE 公認会計士 影平 真也 肥田 晴司 他 19名 株式会社アルファコンサルティング 公認会計士 土井 貴達 門坂 聡太 他 12名 太陽グラントソントン・アドバイザーズ株式会社 公認会計士 垂水 敬 前村 浩介 他 6名 さくら綜合事務所 公認会計士 中村 里佳 弁護士法人トライデント 弁護士・公認会計士 横張 清威 村上 芳文 鈴木 咲季 青山リアルティー・アドバイザーズ株式会社 不動産鑑定士 服部 毅,http://www.daisanshaiinkai.com/2023/page/4/
2023,6548,東証グロース,6548 東証グロース,株式会社旅工房,やまと,2023/01/11,2023/01/11,http://www.daisanshaiinkai.com/cms/wp-content/uploads/2023/01/230111_chousa6548.pdf,2023/02/10,2023/02/10,http://www.daisanshaiinkai.com/cms/wp-content/uploads/2023/01/230210_chousa6548.pdf,＜検証委員会＞ （１）前回調査の対象となった取引のうち売上計上に関する事実関係（資金循環の有無やその内容、当社の役員の関与又は認識を含む。）の検証 （２）上記（１）による当社連結財務諸表等への影響額の確認 （３）上記（１）の結果発見された事項の発生原因の分析と再発防止策の策定（本件申請後の当社の開示姿勢を含む。） （４）その他、検証委員会が必要と認めた事項,委員長：（アンダーソン・毛利・友常法律事務所 外国法共同事業 弁護士） 三宅 英貴 委員：（井出浩二公認会計士事務所 公認会計士） 井出 浩二 委員：（小林純也公認会計士事務所 公認会計士） 小林 純也,アンダーソン・毛利・友常法律事務所 外国法共同事業 弁護士 大西 良平 髙橋 将希 公認会計士チーム（所属先は各種） 影平 真也 河江 健史,http://www.daisanshaiinkai.com/2023/page/4/
2023,6523,東証プライム,6523 東証プライム,PHCホールディングス株式会社,あずさ,2023/12/25,2023/12/25,http://www.daisanshaiinkai.com/cms/wp-content/uploads/2023/12/231225_chousa6523.pdf,2024/04/26,2024/04/26 2024/06/06,http://www.daisanshaiinkai.com/cms/wp-content/uploads/2023/12/240426_chousa6523.pdf http://www.daisanshaiinkai.com/cms/wp-content/uploads/2023/12/240606_chousa6523.pdf,＜外部調査委員会＞ （１）本事案（LSIM の中央総合ラボラトリーで、免疫関係の検査 85 項目において月次で測定機器の精度管理図を作成する際に、実測値と異なる数値を意図的に用い、不適切な精度管理図を作成していたこと）の事実関係の解明 （２）LSIM において、他に品質管理に関する不適切な事象がないかの調査 （３）判明した品質管理に関する不適切な事象についての原因の究明と再発防止策の提言,委員長：（公益財団法人日本建築衛生管理教育センター理事長 医学博士） 宇都宮 啓 副委員長：（西村あさひ法律事務所・外国法共同事業 弁護士） 平尾 覚 委員：（慶応義塾大学名誉教授 医学博士） 岡本 真一郎 委員：（アボットジャパン合同会社 千葉大学客員准教授） 田村 圭 委員：（西村あさひ法律事務所・外国法共同事業 弁護士） 八木 浩史,西村あさひ法律事務所 弁護士 株式会社foxcale,http://www.daisanshaiinkai.com/2023/
2023,4205,東証プライム,4205 東証プライム,日本ゼオン株式会社,EY新日本,2023/12/22,2023/12/22 2024/03/28,http://www.daisanshaiinkai.com/cms/wp-content/uploads/2023/12/231222_chousa4205.pdf http://www.daisanshaiinkai.com/cms/wp-content/uploads/2023/12/240328_chousa4205.pdf,2024/04/03,2024/04/03,http://www.daisanshaiinkai.com/cms/wp-content/uploads/2023/12/240403_chousa4205.pdf,＜再発防止特別検討委員会＞ 本件の嫌疑およびこれに関連する事実関係の検証、原因究明並びに再発防止策の提言,委員長：（プロアクト法律事務所 弁護士） 池永 朝昭 委員：（霽月法律事務所 弁護士） 大野 徹也 委員：（当社社外取締役） 秋山 美紀 委員：（当社社外取締役） 升味 佐江子,アンダーソン・毛利・友常法律事務所外国法共同事業 弁護士 日下部 真治 三宅 英貴 岡崎 真弓 谷川原 淑恵 堤 彩香 北田 拓生 齋藤 凌 小倉 輝洋 北泉 隆之 株式会社foxcale 公認会計士 小池 赳司 吉津 亮介 株式会社foxcale 福田 昌志,http://www.daisanshaiinkai.com/2023/
2023,3556,東証グロース・名証メイン,3556 東証グロース・名証メイン,リネットジャパングループ株式会社,京都,2023/12/20,2023/12/20,http://www.daisanshaiinkai.com/cms/wp-content/uploads/2023/12/231220_chousa3556.pdf,2024/03/28,2024/03/28,http://www.daisanshaiinkai.com/cms/wp-content/uploads/2023/12/240328_chousa3556.pdf,＜当社適正調査＞ 現地調査の適正性を確保しながら、再発防止策を含めた内部統 制の再構築及び過年度（対象年度は調査結果に依ります）を含めた当社連結財務諸表への影響額の確認と修正について調査と検討を行い、適正な財務報告への対応を行うもの,,,http://www.daisanshaiinkai.com/2023/
2023,9161,東証プライム,9161 東証プライム,ID&Eホールディングス株式会社,PwCあらた,2023/12/08,2023/12/08,http://www.daisanshaiinkai.com/cms/wp-content/uploads/2023/12/231208_chousa9161.pdf,2023/12/08,2023/12/08,http://www.daisanshaiinkai.com/cms/wp-content/uploads/2023/12/231208_chousa9161.pdf,＜緊急対策本部＞ 事実関係の確認と原因究明、再発防止策の策定、並びに当該社員が従事したすべての業務について緊急点検,,,http://www.daisanshaiinkai.com/2023/
2023,6523,東証プライム,6523 東証プライム,PHCホールディングス株式会社,あずさ,2023/12/08,2023/12/08,http://www.daisanshaiinkai.com/cms/wp-content/uploads/2023/12/231208_chousa6523.pdf,,未公表,,＜調査チーム＞ 他に品質管理に関する不適切な事象がないかの確認を含めた事実調査及び原因分析等を行うこと,,,http://www.daisanshaiinkai.com/2023/
2023,9791,東証スタンダード,9791 東証スタンダード,株式会社ビケンテクノ,EY新日本,2023/12/01,2023/12/01,http://www.daisanshaiinkai.com/cms/wp-content/uploads/2023/12/231201_chousa9791.pdf,2024/02/14,2024/02/14,http://www.daisanshaiinkai.com/cms/wp-content/uploads/2023/12/240214_chousa9791.pdf,＜調査委員会＞ （１）本件不正行為に関する事実関係の調査（類似事象の存否を含む） （２）本件不正行為が生じた原因の分析と再発防止策の立案 （３）その他、調査委員会が必要と認めた事項,委員⻑：（弁護士法人第一法律事務所 弁護士） 村中 徹 委員：（株式会社KPMG FAS 公認会計士） 藤田 大介 委員：（弁護士法人第一法律事務所 弁護士・公認会計士） 平井 優祐,外部の弁護士 1名及び公認会計士 4名を含む、計16名,http://www.daisanshaiinkai.com/2023/
2023,7832,東証プライム,7832 東証プライム,株式会社バンダイナムコホールディングス,あずさ,2023/11/24,2023/11/24,http://www.daisanshaiinkai.com/cms/wp-content/uploads/2023/11/231124_chousa7832.pdf,2023/11/24,2023/11/24,http://www.daisanshaiinkai.com/cms/wp-content/uploads/2023/11/231124_chousa7832.pdf,＜内部調査委員会＞ 本件不正行為に関する調査,,,http://www.daisanshaiinkai.com/2023/
2023,2445,東証プライム,2445 東証プライム,株式会社タカミヤ,EY新日本,2023/11/09,2023/11/09,http://www.daisanshaiinkai.com/cms/wp-content/uploads/2023/11/231109_chousa2445.pdf,2023/12/14,2023/12/14,http://www.daisanshaiinkai.com/cms/wp-content/uploads/2023/11/231214_chousa2445.pdf,＜社内調査委員会＞ 本事案の解明および類似の事案の有無について徹底的に調査するため,,,http://www.daisanshaiinkai.com/2023/
2023,8070,東証プライム,8070 東証プライム,東京産業株式会社,あずさ,2024/01/15,2024/01/15,http://www.daisanshaiinkai.com/cms/wp-content/uploads/2023/11/240115_chousa8070_2-1.pdf,2024/04/01,2024/04/01,http://www.daisanshaiinkai.com/cms/wp-content/uploads/2023/11/240401_chousa8070-1.pdf,＜外部調査委員会（追加調査）＞ （１）N案件追加費用の会計処理の適切性 （２）上記（１）に類似する事象に関する会計処理の適切性 （３）上記（１）（２）に不適切な点が認められた場合の原因分析及び再発防止策の提言 （４）その他上記（１）～（３）に付随する事項として、当委員会が調査の必要があると判断した事項の調査,委員長：（弁護士法人ほくと総合法律事務所 弁護士） 中原 健夫 委員：（弁護士法人ほくと総合法律事務所 弁護士） 倉橋 博文 委員：（株式会社アカウンティング・アドバイザリー 公認会計士） 井上 寅喜,弁護士法人ほくと総合法律事務所 弁護士 金子 恭介 又吉 重樹 若狹 周作 高橋 康平 岩永 航 株式会社アカウンティング・アドバイザリー 公認会計士 池内 宏幸 株式会社アカウンティング・アドバイザリー 弁護士 平井 太 公認会計士河合健一事務所 公認会計士 河合 健一 松田公認会計士事務所 公認会計士 松田 雄祐 田中義孝公認会計士事務所 公認会計士 田中 義孝,http://www.daisanshaiinkai.com/2023/
2023,8070,東証プライム,8070 東証プライム,東京産業株式会社,あずさ,2023/11/08,2023/11/08 2024/01/15,http://www.daisanshaiinkai.com/cms/wp-content/uploads/2023/11/231108_chousa8070.pdf http://www.daisanshaiinkai.com/cms/wp-content/uploads/2023/11/240115_chousa8070_2.pdf,2024/01/15,2024/01/15,http://www.daisanshaiinkai.com/cms/wp-content/uploads/2023/11/240115_chousa8070.pdf,＜外部調査委員会＞ （１）本件に係る事実関係の調査および長期未収入金の回収可能性の評価等に関する当社の管理・検討状況の調査 （２）本件に類似する事象の有無の調査 （３）上記各号の調査結果を踏まえた当社財務諸表等への影響の検討 （４）長期未収入金の回収可能性の評価等に不適切性があると認められた場合、その原因の究明および再発防止策の検討・提言 （５）上記各号の事項を遂行した結果に基づく調査報告書の作成および当社への提出 （６）その他外部調査委員会が必要と認めた事項,委員長：（弁護士法人ほくと総合法律事務所 弁護士） 中原 健夫 委員：（弁護士法人ほくと総合法律事務所 弁護士） 倉橋 博文 委員：（株式会社アカウンティング・アドバイザリー 公認会計士） 井上 寅喜,弁護士法人ほくと総合法律事務所 弁護士 金子 恭介 又吉 重樹 若狹 周作 株式会社アカウンティング・アドバイザリー 公認会計士 池内 宏幸 大川 圭美,http://www.daisanshaiinkai.com/2023/
2023,8043,東証プライム,8043 東証プライム,スターゼン株式会社,EY新日本,2023/11/08,2023/11/08,http://www.daisanshaiinkai.com/cms/wp-content/uploads/2023/11/231108_chousa8043.pdf,2024/01/15,2024/01/15,http://www.daisanshaiinkai.com/cms/wp-content/uploads/2023/11/240115_chousa8043.pdf,＜特別調査委員会＞ （１）本件に関する事実関係の調査 （２）本件・類似取引の存否及び内容の確認 （３）本件によるスターゼン連結財務諸表等への影響額の確認 （４）本件が生じた原因の分析と再発防止策の提言 （５）その他、本委員会が必要と認めた事項,委員長：（和田・市村法律事務所 弁護士） 和田 衞 委員：（TMI総合法律事務所 弁護士） 滝 琢磨 委員：（PwCビジネスアシュアランス合同会社 公認会計士） 本多 守,TMI総合法律事務所 菊田 行紘 森川 久範 吉井 久美子 篠原 一生 田山 翔 須藤 洋平 小林 祐太 芳賀 友香 小関 雄也 長島 誠 齊藤 駿介 大坪 俊一 小林 尚登 内田 裕也 橋元 啓太 中山 翔太 平田 優佳 植田 一平 PwCビジネスアシュアランス合同会社（PwCのメンバーファームを含む。） 田島 靖大 奈良 周明 徳野 文子 他 27名 晴海協和法律事務所 森本 哲也 和田・市村法律事務所 西岡 環,http://www.daisanshaiinkai.com/2023/
2023,4611,東証プライム,4611 東証プライム,大日本塗料株式会社,あずさ,2023/10/27,2023/10/27 2023/11/06,http://www.daisanshaiinkai.com/cms/wp-content/uploads/2023/10/231027_chousa4611.pdf http://www.daisanshaiinkai.com/cms/wp-content/uploads/2023/10/231106_chousa4611.pdf,2025/05/12,2025/05/12,http://www.daisanshaiinkai.com/cms/wp-content/uploads/2023/10/250512_chousa4611.pdf,＜特別調査委員会＞ （１）岡山化工事案の事実関係の調査 （２）当社グループにおける岡山化工事案類似の不適切行為事案の存否及び内容の調査 （３）（１）及び（２）に関する原因分析、再発防止策の提言 （４）その他、特別調査委員会が必要と認めた事項,委員長：（弁護士法人北浜法律事務所 東京事務所 パートナー/弁護士） 籔内 俊輔 委員：（当社独立社外取締役） 佐藤 弘志 委員：（当社独立社外取締役） 杉浦 秀樹,弁護士法人北浜法律事務所 弁護士 東目 拓也 佐々木 隼 稲田 珠青 門脇 優介 谷村 篤哉 水谷 一太 北浜法律事務所・外国法共同事業 弁護士 青山 和真 藤原 咲樹 佐藤 優馬 池川 愛乃 長船 かれん 竹井 一将 九鬼 陽光 小島 凛 吉澤 海都,http://www.daisanshaiinkai.com/2023/
2023,4887,東証プライム,4887 東証プライム,サワイグループホールディングス株式会社,あずさ,2023/10/23,2023/10/23,http://www.daisanshaiinkai.com/cms/wp-content/uploads/2023/10/231023_chousa4887.pdf,2023/10/23,2023/10/23,http://www.daisanshaiinkai.com/cms/wp-content/uploads/2023/10/231023_chousa4887.pdf,＜特別調査委員会＞ （１）本件不適切試験に関する事実関係の調査 （２）本件不適切試験に係る製造販売業者の各種対応に関する事実関係の調査 （３）（１）及び（２）の不適切な行為又は対応に関する発生原因の分析 （４）（３）を踏まえた再発防止策の提言,委員：（森・濱田松本法律事務所 弁護士） 堀尾 貴将 委員：（東京理科大学薬学部教授） 櫻井 信豪 委員：（沢井製薬監査役） 相見 智之,森・濱田松本法律事務所 弁護士 8名 AOSデータ株式会社,http://www.daisanshaiinkai.com/2023/
2023,2667,東証スタンダード,2667 東証スタンダード,株式会社イメージワン,フロンティア,2023/10/16,2023/10/16 2023/11/21 2024/01/15,http://www.daisanshaiinkai.com/cms/wp-content/uploads/2023/10/231016_daisansha2667.pdf http://www.daisanshaiinkai.com/cms/wp-content/uploads/2023/10/231121_daisansha2667.pdf http://www.daisanshaiinkai.com/cms/wp-content/uploads/2023/10/240115_chousa2667.pdf,2024/01/16,2024/01/16,http://www.daisanshaiinkai.com/cms/wp-content/uploads/2023/10/240116_chousa2667.pdf,（１）本件疑惑に係る事実関係その他不正な行為（以下本件疑惑と併せて「本件疑惑等」といいます。）の有無の調査 （２）本件疑惑等が事実であることが判明した場合、その影響額の算定 （３）本件疑惑等が事実であることが判明した場合、その原因の究明及び再発防止策の提言 （４）上記各号の事項を遂行した結果に基づく調査報告書の作成及びその調査報告書の当社への提出 （５）その他、第三者委員会が必要と認めた事項,委員：（坂朋法律事務所 弁護士・公認会計士） 坂本 朋博 委員：（琴平綜合法律事務所 弁護士） 大下 良仁 委員：（たきざわ法律事務所 弁護士） 瀧澤 輝 委員：（縁監査法人 公認会計士） 東海林 秀樹,新樹法律事務所 弁護士・公認不正検査士 渡辺 治 首都圏新宿法律事務所 弁護士 高野 洋平 たきざわ法律事務所 弁護士 石井 洸希 佐々木公認会計士事務所 公認会計士 佐々木 洋平 CFO-Partners株式会社 公認会計士 井上 直樹,http://www.daisanshaiinkai.com/2023/
2023,7953,東証スタンダード,7953 東証スタンダード,菊水化学工業株式会社,仰星,2023/10/10,2023/10/10 2023/10/17 2023/12/15,http://www.daisanshaiinkai.com/cms/wp-content/uploads/2023/10/231010_chousa7953.pdf http://www.daisanshaiinkai.com/cms/wp-content/uploads/2023/10/231017_chousa7953.pdf http://www.daisanshaiinkai.com/cms/wp-content/uploads/2023/10/231215_chousa7953.pdf,2023/12/18,2023/12/18,http://www.daisanshaiinkai.com/cms/wp-content/uploads/2023/10/231218_chousa7953.pdf,＜調査委員会＞ （１）本件に係る事実関係の調査 （２）類似事象の有無の確認 （３）財務諸表への影響額の算定 （４）その他、調査委員会が必要と認めた事項,委員長：（後藤・鈴木法律事務所 弁護士） 鈴木 智洋 委員：（佐藤滝彦事務所 公認会計士） 佐藤 滝彦 委員：（矢野公認会計士事務所 公認会計士） 矢野 直 委員：（当社社外監査役 荒川紳示公認会計士事務所 公認会計士） 荒川 紳示 委員：（当社社外監査役 服部豊法律事務所 弁護士） 服部 郁,弁護士法人後藤・鈴木法律事務所 弁護士 木河 賢二 弁護士法人後藤・鈴木法律事務所 弁護士・中小企業診断士 久保田 理貴 落合公認会計士事務所 公認会計士・税理士 落合 克己 藤居税理士事務所 税理士・公認不正検査士 藤居 幸祐,http://www.daisanshaiinkai.com/2023/
2023,1885,東証プライム,1885 東証プライム,東亜建設工業株式会社,EY新日本,2023/10/03,2023/10/03,http://www.daisanshaiinkai.com/cms/wp-content/uploads/2023/10/231003_chousa1885.pdf,2023/11/10,2023/11/10 2023/12/21,http://www.daisanshaiinkai.com/cms/wp-content/uploads/2023/10/231110_chousa1885.pdf http://www.daisanshaiinkai.com/cms/wp-content/uploads/2023/10/231221_chousa1885.pdf,＜社内調査委員会＞ （１）本件不正行為に関する事実関係の調査 （２）本件不正行為に類似する他の不正行為の有無の調査 （３）本件不正行為が信幸建設の財務諸表に与える影響把握 （４）発生原因の分析と再発防止策の提言検討,委員長：（あさひ法律事務所 弁護士） 西岡 清一郎 副委員長：（社外取締役監査等委員 公認会計士・税理士） 佐々野 未知 委員：（あさひ法律事務所 弁護士） 上床 竜司 委員：（取締役監査等委員） 小川 信行 委員：（取締役執行役員管理本部長） 中尾 剛,外部の弁護士 4名 外部の公認会計士 3名 当社従業員 13名,http://www.daisanshaiinkai.com/2023/
2023,7676,東証グロース,7676 東証グロース,株式会社グッドスピード,A＆Aパートナーズ,2023/09/29,2023/09/29 2023/10/06 2023/12/27,http://www.daisanshaiinkai.com/cms/wp-content/uploads/2023/09/230929_chousa7676.pdf http://www.daisanshaiinkai.com/cms/wp-content/uploads/2023/09/231006_daisansha7676.pdf http://www.daisanshaiinkai.com/cms/wp-content/uploads/2023/09/231227_daisansha7676.pdf,2024/01/04,2024/01/04,http://www.daisanshaiinkai.com/cms/wp-content/uploads/2023/09/240104_daisansha7676.pdf,（１）主に売上計上時期に関する疑義についての客観的な事実関係の調査 （２）類似事象の有無の調査 （３）上記の調査及び検証の結果、連結財務諸表に影響を与えるものと認められる場合には、その影響額の調査 （４）上記について問題が認められた場合の原因の究明及び再発防止策の提言 （５）その他、上記に付随して当委員会が必要と認めた事項,委員長：（株式会社アカウンティング・アドバイザリー 公認会計士） 井上 寅喜 委員：（大知法律事務所 弁護士） 高野 哲也 委員：（能勢公認会計士事務所 公認会計士・税理士） 能勢 元 委員：（後藤公認会計士事務所 公認会計士・税理士・公認情報システム監査人） 後藤 幸男,大知法律事務所 弁護士 山下 嘉 岸本 悠 中村 望 永田町リーガルアドバイザー株式会社 公認会計士 立神 悠樹 小松 啓 永田町リーガルアドバイザー株式会社 公認不正検査士 関 孝徳 ほか 2名 株式会社KPMG FAS 公認会計士 藤田 大介 斎田 修 株式会社KPMG FAS 公認不正検査士 中村 久美子 ほか 13名,http://www.daisanshaiinkai.com/2023/
2023,1890,東証プライム,1890 東証プライム,東洋建設株式会社,EY新日本,2023/09/20,2023/09/20 2023/12/28,http://www.daisanshaiinkai.com/cms/wp-content/uploads/2023/09/230920_chousa1890.pdf http://www.daisanshaiinkai.com/cms/wp-content/uploads/2023/09/231228_chousa1890.pdf,2024/03/05,2024/03/05,http://www.daisanshaiinkai.com/cms/wp-content/uploads/2023/09/240305_chousa1890.pdf,＜調査受託者による調査＞ 下記(１)乃至(３)の事項に関する当社のガバナンス上の瑕疵（調査対象者（当時の役職員5名及び調査受託者の勧告があった場合は当社とYFOの合意により追加指定された役員）の善管注意義務・忠実義務違反等）の有無に関して、別紙に定める調査の各目的事項について、調査及び検討させる。 （１）株式会社インフロニア・ホールディングス（以下「インフロニア」といいます。）が 2022年3月23日に開始した当社株式に対する公開買付けに対する当社の賛同表明のプロセス （２）当社の第100回定時株主総会での買収防衛策議案及び取締役選任議案の策定、上程及び撤回に係るプロセス （３）YFO及び株式会社KITEによる非公開化提案を含む対抗提案に対する当社の検討・意思決定プロセス,調査受託者：（牛島総合法律事務所 弁護士） 牛島 信 調査受託者：（森・濱田松本法律事務所 弁護士） 奥田 洋一,牛島総合法律事務所 弁護士 渡邉 弘志 薬師寺 怜 大澤 貴史 冨永 千紘 福田 航 佐藤 和哉 堀田 稜人 森・濱田松本法律事務所 弁護士 藤津 康彦 朽網 友章 佐藤 浩由 中尾 匡利 塚田 智宏 大屋 広貴 島田 泰河,http://www.daisanshaiinkai.com/2023/
2023,7098,TOKYO PRO Market,7098 TOKYO PRO Market,株式会社エージェント,大有,2023/09/14,2023/09/14 2023/09/28,http://www.daisanshaiinkai.com/cms/wp-content/uploads/2023/09/230914_chousa7098.pdf http://www.daisanshaiinkai.com/cms/wp-content/uploads/2023/09/230928_chousa7098.pdf,2023/12/26,2023/12/26,http://www.daisanshaiinkai.com/cms/wp-content/uploads/2023/09/231226_daisansha7098.pdf,（１）本件疑義に係る事実関係の調査、本件疑義に係る会計処理の検証および社内体制の不備の有無 （２）本件疑義の類似事案の有無の確認 （３）上記（１）および（２）において問題が発見された場合には、その原因究明および再発防止策の提言,委員長：（リップル法律事務所 弁護士） 西脇 威夫 委員：（リップル法律事務所 弁護士） 石﨑 明人 委員：（リップル法律事務所 弁護士） 森田 裕子 委員：（中野智美公認会計士・税理士事務所 公認会計士） 中野 智美 委員：（手島亜紀公認会計士事務所 公認会計士） 手島 亜紀,,http://www.daisanshaiinkai.com/2023/
2023,3418,東証グロース,3418 東証グロース,株式会社バルニバービ,かがやき,2023/09/14,2023/09/14,http://www.daisanshaiinkai.com/cms/wp-content/uploads/2023/09/230914_chousa3418.pdf,,未公表,,＜外部調査委員会＞ 本件期末配当及び中間配当に関する事実関係の調査、発生原因の究明、関係者等の責任の検討及び再発防止策の提言を行うこと,委員長：（馬場・澤田法律事務所 弁護士） 大坪 和敏 委員：（虎ノ門3丁目法律事務所 弁護士） 大川原 紀之 委員：（藤原公認会計士事務所 公認会計士） 藤原 哲,,http://www.daisanshaiinkai.com/2023/
2022,7062,東証グロース,7062 東証グロース,株式会社フレアス,あずさ,2022/08/15,2022/08/15,http://www.daisanshaiinkai.com/cms/wp-content/uploads/2022/08/220815_chousa7062.pdf,2022/08/22,2022/08/22,http://www.daisanshaiinkai.com/cms/wp-content/uploads/2022/08/220822_chousa7062.pdf,＜社内調査＞ 本件の全容解明及び同類の事案の有無について徹底的に調査するため,,,http://www.daisanshaiinkai.com/2022/page/2/
2022,7927,東証スタンダード,7927 東証スタンダード,ムトー精工株式会社,あずさ,2022/07/22,2022/07/22,http://www.daisanshaiinkai.com/cms/wp-content/uploads/2022/07/220722_chousa7927.pdf,2022/09/13,2022/09/13,http://www.daisanshaiinkai.com/cms/wp-content/uploads/2022/07/220913_chousa7927.pdf,＜特別調査委員会＞ （１） 本件事案に関する事実関係の確認 （２） 類似事象の有無の確認 （３） 連結財務諸表等への影響の有無の確認 （４） 原因分析、再発防止策の提言 （５） その他調査委員会が必要と認めた事項,委員長：（森・濱田松本法律事務所 弁護士） 藤津 康彦 委員：（森・濱田松本法律事務所 弁護士） 宮田 俊 委員：（影平公認会計士事務所 公認会計士） 影平 真也,森・濱田松本法律事務所 弁護士 北 和尚 金山 貴昭 増澤 融 岡 朋弘 加瀬 由美子 橘川 文哉 外部公認会計士 神本 昇 井出 浩二 村田 茂也 佐々木 洋平 小嶋 良樹 小林 純也 川中 宏介 株式会社 foxcale 公認会計士 小池 赳司 株式会社 foxcale 小林 秀史 林 美雪 鈴木 教靖,http://www.daisanshaiinkai.com/2022/page/2/
2022,3808,名証ネクスト,3808 名証ネクスト,株式会社オウケイウェイヴ,柴田洋、大瀧秀樹,2022/07/22,2022/07/22,http://www.daisanshaiinkai.com/cms/wp-content/uploads/2022/07/220722_daisansha3808.pdf,2022/09/20,2022/09/20,http://www.daisanshaiinkai.com/cms/wp-content/uploads/2022/09/220920_daisansha3808.pdf,（１）A 社による投資者から資金を集めてロックアップ期間中の上場株式に投資した上でその売却利益を投資者に分配するというスキーム（以下「本件投資スキーム」という。）が架空であるか否かについての調査 （２）（１）につき、本件投資スキームが架空であると認められた場合において、OKW 社の当時の役員における当該事実に関する認識及び認識可能性についての調査 （３）OKW 社における本件取引に関する一連の適時開示及びその訂正に関する事実関係の調査 （４）本件利益提供疑惑及び本件インサイダー疑惑（これが認められた場合の OKW 社の役員の認識等を含む。）についての調査 （５）前記の調査結果に基づく発生原因（ガバナンス上の問題を含む。）の検討及び再発防止策の提言,委員長：（大知法律事務所 弁護士） 高野 哲也 委員：（桜こみち総合法律事務所 弁護士） 鈴木 秀昌 委員：（大江・田中・大宅法律事務所 弁護士） 阪井 大 委員：（縁監査法人 公認会計士・税理士） 東海林 秀樹,大知法律事務所 弁護士 山下 嘉 岸本 悠 みらい総合法律事務所 弁護士 小堀 優 鎌形総合法律事務所 弁護士 鎌形 尚 縁監査法人 公認会計士 飯田 夏希 千葉幸夫公認会計士事務所 公認会計士 千葉 幸夫 株式会社コロケット 公認会計士 塩月 亨 （事務局） 水落公認会計士事務所 公認会計士 水落智春,http://www.daisanshaiinkai.com/2022/page/2/
2022,6378,東証スタンダード,6378 東証スタンダード,木村化工機株式会社,ひびき,2022/07/19,2022/07/19,http://www.daisanshaiinkai.com/cms/wp-content/uploads/2022/07/220719_chousa6378.pdf,2023/02/24,2023/02/24,http://www.daisanshaiinkai.com/cms/wp-content/uploads/2022/07/230224_chousa6378.pdf,＜調査委員会＞ （１）定常臨界実験装置（STACY）施設の機器製作に係る不適合事案に係る事実関係の調査 （２）上記事案の原因の究明 （３）再発防止策についての提言,委員長：（大𡌛・小林法律事務所 弁護士 元大阪地方検察庁検事正） 小林 敬 委員：（上原合同法律事務所 弁護士 元福岡地方裁判所判事） 上原 理子 委員：（堂島総合法律事務所 弁護士 元大阪弁護士会副会長） 満村 和宏,,http://www.daisanshaiinkai.com/2022/page/2/
2022,9318,東証スタンダード,9318 東証スタンダード,アジア開発キャピタル株式会社,アリア,2022/07/06,2022/07/06 2022/07/29,http://www.daisanshaiinkai.com/cms/wp-content/uploads/2022/07/220706_chousa9318.pdf http://www.daisanshaiinkai.com/cms/wp-content/uploads/2022/07/220729_chousa9318.pdf,2022/08/05,2022/08/05,http://www.daisanshaiinkai.com/cms/wp-content/uploads/2022/07/220805_chousa9318.pdf,＜外部専門家調査＞ （１）本件融資証明書の作成に係る経緯及び実態 （２）本件融資証明書の法的拘束力 （３）本件融資証明書の作成による法令、社内規定違反の有無及び内容 （４）その他、調査担当者が必要と認めた事項,委員：（リンクパートナーズ法律事務所 弁護士・公認会計士） 藤井 寿 委員：（リンクパートナーズ法律事務所 弁護士・公認会計士） 菅沼 匠 委員：（リンクパートナーズ法律事務所 弁護士） 南 史人,リンクパートナーズ法律事務所 弁護士 1名,http://www.daisanshaiinkai.com/2022/page/2/
2022,8056,東証プライム,8056 東証プライム,BIPROGY株式会社,トーマツ,2022/07/01,2022/07/01,http://www.daisanshaiinkai.com/cms/wp-content/uploads/2022/07/220701_daisansha8056.pdf,2022/12/12,2022/12/12,http://www.daisanshaiinkai.com/cms/wp-content/uploads/2022/07/221212_daisansha8056.pdf,（１）本件 USB メモリ紛失事故発生に至る経緯及びその状況の実態検証 （２）本件 USB メモリ紛失事故において、関係者の情報セキュリティの保全及び個人情報の保護に関する法令・内部規程等違反の有無の実態検証と原因分析 （３）令和 4 年度の臨時特別給付金の給付への対応業務に関する BIPROGY の協力会社に対する再委託実施上の問題の実態検証と原因分析 （４）BIPROGY が官公庁から受託した業務に関する再委託実施上の問題の実態検証と原因分析 （５）再発防止策の提言,委員長：（元福岡高等検察庁検事長 弁護士） 井上 宏 委員：（元最高検察庁検事 弁護士） 名取 俊也 委員：（公認会計士・公認情報システム監査人（CISA）） 中山 崇,長島・大野・常松法律事務所 弁護士 福原 あゆみ 藤崎 恵美 勝俣 安登武 矢田 悠真 稲垣 孟志 半谷 駿介 松本 晃 中西 夏基 森脇 達希 山元 恒輝 吉野 貴之,http://www.daisanshaiinkai.com/2022/page/2/
2022,6330,東証プライム,6330 東証プライム,東洋エンジニアリング株式会社,EY新日本,2022/06/30,2022/06/30,http://www.daisanshaiinkai.com/cms/wp-content/uploads/2022/06/220630_chousa6330.pdf,,未公表,,＜社内調査＞ 本事案の関係者へのヒアリングや関係書類の精査・分析等による事実関係の調査,,,http://www.daisanshaiinkai.com/2022/page/2/
2022,4653,東証プライム,4653 東証プライム,株式会社ダイオーズ,三優,2022/06/30,2022/06/30 2022/07/28,http://www.daisanshaiinkai.com/cms/wp-content/uploads/2022/06/220630_chousa4653.pdf http://www.daisanshaiinkai.com/cms/wp-content/uploads/2022/06/220728_chousa4653.pdf,,未公表,,＜社内調査＞ 原因究明を行うため,,,http://www.daisanshaiinkai.com/2022/page/2/
2022,6406,東証プライム,6406 東証プライム,フジテック株式会社,太陽,2022/06/17,2022/06/17 2022/08/10 2022/08/16 2023/04/07,http://www.daisanshaiinkai.com/cms/wp-content/uploads/2022/06/220617_chousa6406.pdf http://www.daisanshaiinkai.com/cms/wp-content/uploads/2022/06/220810_daisansha6406.pdf http://www.daisanshaiinkai.com/cms/wp-content/uploads/2022/06/220816_daisansha6406.pdf http://www.daisanshaiinkai.com/cms/wp-content/uploads/2022/06/230407_daisansha6406.pdf,,未公表,,事実関係並びに第三者委員会として必要と認める事項を調査の上、法的問題点、企業統治上の問題点の有無を調査すること,委員長：（長島・大野・常松法律事務所 シニア・カウンセル） 小林 英明 委員：（出口綜合法律事務所） 河村 博 委員：（長島・大野・常松法律事務所 パートナー） 辺 誠祐,,http://www.daisanshaiinkai.com/2022/page/2/
2022,6942,東証スタンダード,6942 東証スタンダード,株式会社ソフィアホールディングス,アヴァンティア,2022/06/17,2022/06/17,http://www.daisanshaiinkai.com/cms/wp-content/uploads/2022/06/220617_chousa6942.pdf,2022/08/15,2022/08/15,http://www.daisanshaiinkai.com/cms/wp-content/uploads/2022/06/220815_chousa6942.pdf,＜独立調査委員会＞ （１）本事件の事実関係の調査 （２）本事件に類似する事象の有無の調査 （３） （１）（２）の調査結果に基づく過年度会計処理が会計ルールに違反するか否かについて取締役会への答申 （４） （３）の答申を前提とした過年度会計処理の修正の要否及びその範囲についての提言を内容とする取締役会への答申 （５）本事件の原因の究明及び再発防止策の提言,委員長：（日比谷パーク法律事務所 弁護士） 水野 信次 委員：（日比谷パーク法律事務所 弁護士） 小川 直樹 委員：（株式会社アクリア 公認会計士・税理士） 川崎 勝之,株式会社アクリア 公認会計士 2名 日比谷パーク法律事務所 パラリーガル 1名 ゼネラルセクレタリー 1名 フォレンジックベンター,http://www.daisanshaiinkai.com/2022/page/2/
2022,4423,東証プライム,4423 東証プライム,アルテリア・ネットワークス株式会社,EY新日本,2022/06/13,2022/06/13,http://www.daisanshaiinkai.com/cms/wp-content/uploads/2022/06/220613_chousa4423.pdf,2022/08/10,2022/08/10,http://www.daisanshaiinkai.com/cms/wp-content/uploads/2022/06/220810_chousa4423.pdf,＜特別調査委員会＞ （１）本件に関する事実関係の調査 （２）本件に類似する事象の有無の調査 （３）本件が生じた原因・背景の究明 （４）再発防止策の提言,委員長：（当社社外監査役（独立役員） 弁護士） 本村 健 委員：（株式会社 KIC 代表 公認会計士） 和田 芳幸 委員：（当社常務執行役員CAO） 中村 孝裕,,http://www.daisanshaiinkai.com/2022/page/2/
2022,7012,東証プライム,7012 東証プライム,川崎重工業株式会社,あずさ,2022/06/07,2022/06/07,http://www.daisanshaiinkai.com/cms/wp-content/uploads/2022/06/220607_chousa7012.pdf,2023/03/24,2023/03/24,http://www.daisanshaiinkai.com/cms/wp-content/uploads/2022/06/230324_chousa7012.pdf,＜特別調査委員会＞ （１）本件不適切行為に関する事実調査（類似事案の有無の調査を含む。） （２）本件不適切行為の原因の究明 （３）再発防止策の提言（KTE による是正措置の妥当性の検証を含む。）,委員長：（森・濱田松本法律事務所 弁護士） 藤津 康彦 委員：（森・濱田松本法律事務所 弁護士） 関戸麦） 委員：（森・濱田松本法律事務所 弁護士） 李 政潤,森・濱田松本法律事務所 弁護士 園田 観希央 木山 二郎 山田 徹 黒田 大介 西本 良輔 丹羽 翔一 今泉 憲人 末長 祐 北島 聖也 西條 景 須藤 慶子 瀧山 侑莉花 PwC アドバイザリー合同会社,http://www.daisanshaiinkai.com/2022/page/2/
2022,6035,東証プライム,6035 東証プライム,株式会社アイ・アールジャパンホールディングス,PwCあらた,2022/06/06,2022/06/06 2022/06/14,http://www.daisanshaiinkai.com/cms/wp-content/uploads/2022/06/220606_chousa6035.pdf http://www.daisanshaiinkai.com/cms/wp-content/uploads/2022/06/220614_chousa6035.pdf,2022/08/30,2022/08/30,http://www.daisanshaiinkai.com/cms/wp-content/uploads/2022/06/220830_chousa6035.pdf,＜調査委員会＞ （１）当社の情報管理に係る体制及び実態の調査及び検証 （２）当社の業績予想値の算出及び公表に係る体制及び実態の調査及び検証 （３）当社役職員の情報管理上の不適切行為その他の問題の有無 （４）調査・検証結果を踏まえた改善案の提言 （５）その他、調査委員会が必要と認めた事項,委員長：（元名古屋高検検事長 弁護士） 髙野 利雄 委員：（元金融庁長官） 遠藤 俊英 委員：（弁護士） 中久保 満昭,あさひ法律事務所 弁護士 易 智久 石原 詩織 橋本 悠 弁護士法人 瓜生・糸賀法律事務所 弁護士 千賀 福太郎 塚本 聡,http://www.daisanshaiinkai.com/2022/page/2/
2022,3156,東証プライム,3156 東証プライム,株式会社レスターホールディングス,トーマツ,2022/06/06,2022/06/06 2022/07/28,http://www.daisanshaiinkai.com/cms/wp-content/uploads/2022/06/220606_chousa3156.pdf http://www.daisanshaiinkai.com/cms/wp-content/uploads/2022/06/220728_chousa3156.pdf,2022/07/29,2022/07/29,http://www.daisanshaiinkai.com/cms/wp-content/uploads/2022/06/220729_chousa3156.pdf,＜特別調査委員会＞ （１） 本事案に係る事実関係の調査 （２） 本事案に類似する事象の有無の調査 （３） 本事案が事実であることが判明した場合、その影響額の算定 （４）本事案が事実であることが判明した場合、その原因の究明及び再発防止策の提言 （５） 上記各号の事項を遂行した結果に基づく調査報告書の作成、及びその調査報告書のRHDへの提出 （６） その他、調査委員会が必要と認めた事項,委員長： (当社社外取締役（監査等委員）、日比谷パーク法律事務所 弁護士) 松山 遙 委員：(日比谷パーク法律事務所 弁護士) 小川 尚史 委員：（EYフォレンジック・アンド・インテグリティ合同会社 公認会計士） 荒張 健 委員：（株式会社アカウンティング・アドバイザリー 公認会計士） 井上 寅喜,日比谷パーク法律事務所 弁護士 井上 拓 田島 明音 EY 新日本有限責任監査法人 公認会計士 曽木貴子 川中 雄貴 村田 篤耶 田村 洋平 越山 泰先 渡井 肇洋 EY新日本有限責任監査法人 公認情報システム監査人 西原 則晶 EY新日本有限責任監査法人 公認不正検査士(デジタル・フォレンジック担当) 両角 智之 和栗 裕樹 他25名 Ernst & Young (China) Advisory Limited 米国弁護士 三宅 亜紀子 Ernst & Young (China) Advisory Limited 中国公認会計士 刘东 王雪琳 Ernst & Young (China) Advisory Limited 、デジタル・フォレンジック担当 史玉丹 他18名 株式会社ｱｶｳﾝﾃｨﾝｸﾞ･ｱﾄﾞﾊﾞｲｻﾞﾘｰ 弁護士 平井 太 株式会社ｱｶｳﾝﾃｨﾝｸﾞ･ｱﾄﾞﾊﾞｲｻﾞﾘｰ 中国公認会計士 ルアン・リンナ チン・グロリア,http://www.daisanshaiinkai.com/2022/page/2/
2022,9828,東証スタンダード,9828 東証スタンダード,元気寿司株式会社,トーマツ,2022/05/27,2022/05/27 2022/07/29 2022/08/05,http://www.daisanshaiinkai.com/cms/wp-content/uploads/2022/05/220527_chousa9828.pdf http://www.daisanshaiinkai.com/cms/wp-content/uploads/2022/05/220729_chousa9828.pdf http://www.daisanshaiinkai.com/cms/wp-content/uploads/2022/05/220805_chousa9828.pdf,2022/08/29,2022/08/29,http://www.daisanshaiinkai.com/cms/wp-content/uploads/2022/05/220829_chousa9828.pdf,＜特別調査委員会＞ （１）本件事案及び本件追加事案に係る事実関係の調査 （２）本件事案及び本件追加事案に類似する事案の存否及び事実関係の調査 （３）2021 年に元気寿司が実施した、本件事案に関する社内調査の適切性・十分性に関する調査、その他、元気寿司のガバナンス体制の状況に関する調査 （４）調査の結果判明した問題が生じた原因の究明と再発防止策の提言 （５）その他、当委員会が必要と認める事項,委員長：（西村あさひ法律事務所 弁護士） 平尾 覚 委員：（株式会社 KPMG FAS 公認会計士） 藤田 大介 委員：（西村あさひ法律事務所 弁護士） 勝部 純,西村あさひ法律事務所 株式会社 KPMG FAS,http://www.daisanshaiinkai.com/2022/page/2/
2022,8070,東証プライム,8070 東証プライム,東京産業株式会社,あずさ,2022/05/26,2022/05/26 2022/06/28,http://www.daisanshaiinkai.com/cms/wp-content/uploads/2022/05/220526_chousa8070.pdf http://www.daisanshaiinkai.com/cms/wp-content/uploads/2022/05/220628_chousa8070.pdf,2022/07/28,2022/07/28,http://www.daisanshaiinkai.com/cms/wp-content/uploads/2022/05/220728_chousa8070.pdf,＜特別調査委員会＞ （１）本件に係る事実関係の調査 （２）本件に類似する事象の有無の調査 （３）本件が事実であることが判明した場合、その影響額の算定 （４）本件が事実であることが判明した場合、その原因の究明および再発防止策の提言 （５）上記各号の事項を遂行した結果に基づく調査報告書の作成、およびその調査報告書の当社への提出 （６）その他、特別調査委員会が必要と認めた事項,委員長：（日比谷総合法律事務所 弁護士） 神垣 清水 委員：（当社社外取締役（監査等委員）福崎法律事務所 弁護士） 福崎 聖子 委員：（オリゾン法律事務所 弁護士） 井崎 淳二 委員：（あけぼのパートナーズ法律事務所 弁護士） 安藤 豪 委員：（弁護士法人琴平綜合法律事務所 弁護士） 大下 良仁 委員：（佐々木公認会計士事務所 公認会計士） 佐々木 洋平,公認会計士河合健一事務所 公認会計士 河合 健一 飯田夏希公認会計士事務所 公認会計士 飯田 夏希 井上直樹公認会計士事務所 公認会計士 井上 直樹 他、公認会計士 1名,http://www.daisanshaiinkai.com/2022/page/2/
2022,1878,東証プライム･名証プレミア,1878 東証プライム･名証プレミア,大東建託株式会社,EY新日本,2022/05/24,2022/05/24,http://www.daisanshaiinkai.com/cms/wp-content/uploads/2022/05/220524_chousa1878.pdf,2022/06/23,2022/06/23,http://www.daisanshaiinkai.com/cms/wp-content/uploads/2022/05/220623_chousa1878.pdf,＜調査チーム＞ より客観的かつ信頼性のある調査を担保しながら、当該社員の関与する会計処理全般について広範囲に調査を行うとともに、当該社員の管理者等へのインタビューや件外調査、原因分析を実施,委員：（社外取締役 弁護士） 山口 利昭 委員：（弁護士・公認会計士） 豊田 孝二,,http://www.daisanshaiinkai.com/2022/page/2/
2022,5019,東証プライム,5019 東証プライム,出光興産株式会社,トーマツ,2022/05/20,2022/05/20 2022/05/23 2022/05/27,http://www.daisanshaiinkai.com/cms/wp-content/uploads/2022/05/220520_chousa5019.pdf http://www.daisanshaiinkai.com/cms/wp-content/uploads/2022/05/220523_chousa5019.pdf http://www.daisanshaiinkai.com/cms/wp-content/uploads/2022/05/220527_chousa5019.pdf,2022/08/23,2022/08/23,http://www.daisanshaiinkai.com/cms/wp-content/uploads/2022/05/220922_chousa5019-2.pdf,＜特別調査委員会＞ （１）当製油所における製品試験にかかる不適切行為に関する事実調査。なお、工程試験並びに半製品及び輸出用製品に対する試験については本調査の対象としていない。 （２）上記（１）に関して不適切行為が認められたときは、その原因の分析 （３）当該原因に対する再発防止策の提言 （４）当社が策定した再発防止策の妥当性の評価,委員長： (あさひ法律事務所 弁護士) 庭山 正一郎 委員： (東京海上ディーアール株式会社 主席研究員) 栁瀨 慶朗 委員：（当社社外取締役) 羽場 広樹 委員：（当社社外監査役） 藤田 通敏,あさひ法律事務所 弁護士 金子 憲康 佐藤 仁俊 東 正悟 三浦 徹也 あさひ法律事務所 弁護士・公認不正検査士 山本 陽介,http://www.daisanshaiinkai.com/2022/page/2/
2022,9639,東証スタンダード,9639 東証スタンダード,三協フロンテア株式会社,EY新日本,2022/05/17,2022/05/17,http://www.daisanshaiinkai.com/cms/wp-content/uploads/2022/05/220517_chousa9639.pdf,2022/06/27,2022/06/27,http://www.daisanshaiinkai.com/cms/wp-content/uploads/2022/05/220627_chousa9639.pdf,＜調査委員会＞ （1）当社の従業員による、①不正案件および②原価の付け替え案件、その他これと類似し、かつ、当社の決算確定に影響する事象につき、事実調査を行うこと （2）上記の調査によって明らかとなった事実を前提として再発防止策の策定などを提言すること,委員長：（銀座中央綜合法律事務所 弁護士） 有田 知德 委員：（須藤綜合法律事務所 弁護士） 須藤 修 委員：（須藤綜合法律事務所 弁護士） 野口 徹晴 委員：（ 株式会社KPMG FAS 公認会計士） 藤田 大介,須藤綜合法律事務所 弁護士 秋葉 健志 高橋 将志 佐々木 悠太 株式会社KPMG FAS 公認会計士 見越 敬夫 山口 孝之 斎田 修 株式会社KPMG FAS 山田 昂輝 他9名,http://www.daisanshaiinkai.com/2022/page/2/
2022,7551,東証スタンダード,7551 東証スタンダード,株式会社ウェッズ,東陽,2022/05/13,2022/05/13,http://www.daisanshaiinkai.com/cms/wp-content/uploads/2022/05/220513_chousa7551.pdf,,未公表,,＜独立調査委員会＞ 類似行為の調査、原因究明および再発防止策の提言,,,http://www.daisanshaiinkai.com/2022/page/3/
2022,8938,東証グロース,8938 東証グロース,グローム・ホールディングス株式会社,赤坂,2022/05/12,2022/05/12,http://www.daisanshaiinkai.com/cms/wp-content/uploads/2022/05/220512_chousa8938.pdf,2022/06/24,2022/06/24,http://www.daisanshaiinkai.com/cms/wp-content/uploads/2022/05/220624_chousa8938.pdf,＜特別調査委員会＞ （1）本件問題に係る事実関係の調査 （2）本件問題に類似する問題の存否及び事実関係の調査 （3）上記（1）及び（2）で確認された事実関係を踏まえた公表済みの決算等への影響額の調査 （4）上記（1）及び（2）で確認された事実関係に関する原因分析並びに再発防止策の提言,委員長：（ひふみ総合法律事務所 弁護士） 矢田 悠 委員：（ひふみ総合法律事務所 弁護士） 小島 冬樹 委員：（株式会社アルファコンサルティング 公認会計士） 土井 貴達,ひふみ総合法律事務所 弁護士 松原 由佳 金 竜貴 株式会社アルファコンサルティング 公認会計士 柴田 康太 村上 由樹 川上 元樹 今浦 省一 衣目 成雄 米澤 弘剛 門坂 聡太 田村 尚久 他 2名,http://www.daisanshaiinkai.com/2022/page/3/
2022,3782,東証グロース,3782 東証グロース,株式会社ディー・ディー・エス,太陽,2022/05/12,2022/05/12 2022/05/18 2022/06/10 2022/08/05,http://www.daisanshaiinkai.com/cms/wp-content/uploads/2022/05/220512_daisansha3782.pdf http://www.daisanshaiinkai.com/cms/wp-content/uploads/2022/05/220518_daisansha3782.pdf http://www.daisanshaiinkai.com/cms/wp-content/uploads/2022/05/220610_daisansha3782.pdf http://www.daisanshaiinkai.com/cms/wp-content/uploads/2022/05/220805_daisansha3782.pdf,2022/08/08,2022/08/08,http://www.daisanshaiinkai.com/cms/wp-content/uploads/2022/05/220808_daisansha3782.pdf,（１）本件に係る事実関係の調査 （２）類似事象の有無の確認 （３）財務諸表等への影響額の算定 （４）原因究明と再発防止の提言 （５）その他第三者委員会が必要と認めた事項,委員長：（朝涼法律事務所 弁護士） 森田 尚男 委員：（日比谷パーク法律事務所 弁護士） 野宮 拓 委員：（株式会社KPMG FAS フォレンジックサービス部門代表パートナー 公認会計士） 髙岡 俊文,日比谷パーク法律事務所 代表パートナー弁護士 久保利 英明 日比谷パーク法律事務所 パートナー弁護士 中川 直政 日比谷パーク法律事務所 弁護士 川本 拓 田島 明音 柴田 佳樹 株式会社 KPMG FAS 公認会計士 斎田 修 水野 宏之 城阪 由美 株式会社 KPMG FAS 英国勅許会計士 山田 茉莉子 株式会社 KPMG FAS 佐野 智康 山田 昂輝 ほか 25名（KPMG 海外事務所のメンバー含む）,http://www.daisanshaiinkai.com/2022/page/3/
2022,5631,東証プライム,5631 東証プライム,株式会社日本製鋼所,EY新日本,2022/05/09,2022/05/09 2022/10/28,http://www.daisanshaiinkai.com/cms/wp-content/uploads/2022/05/220509_chousa5631.pdf http://www.daisanshaiinkai.com/cms/wp-content/uploads/2022/05/221028_chousa5631.pdf,2022/11/14,2022/11/14,http://www.daisanshaiinkai.com/cms/wp-content/uploads/2022/05/221114_chousa5631.pdf,＜特別調査委員会＞ （１）社内調査委員会調査及び外部調査委員会調査で確認された検査データの改ざん等の事実関係（内容、発生時期、関与者、発生原因）の調査 （２）室蘭製作所、広島製作所、横浜製作所及び名機製作所の全製品を対象とした検査データの改ざん等、並びにこれらに類似する不適切行為（検査データの改ざん等を含み、その判断基準は、後記第 3 章記載のとおりである。）の存否について、JSW、M&E及び JSW アクティナシステムが実施する社内調査（社内調査委員会調査、及びその後に自主的又は当委員会の指示により実施された社内検査記録と検査成績書の記載内容の不一致に関する調査。以下、総称して「社内調査」という。）の結果の検証、不適切行為が確認された場合にはその事実関係（発生時期、関与者、発生原因）の解明 （３）コンプライアンス体制に対する問題提起及び再発防止策の策定に関する助言,委員長：（サンライズ法律事務所 弁護士） 横溝 高至 委員：（東京丸の内法律事務所 弁護士 パートナー） 宮川 勝之 委員：（隼あすか法律事務所 弁護士 パートナー） 高松 薫,東京丸の内法律事務所 弁護士 増田 智彦 田村 伸吾 向 多美子 藤浪 郁也 糟谷 昇平 隼あすか法律事務所 弁護士 石田 晃士 滝口 博一 鈴木 康之 椿原 直 岡野 椋介 廣原 良哉 JSW、M&E 及び JSW アクティナシステム,http://www.daisanshaiinkai.com/2022/page/3/
2022,5008,東証スタンダード,5008 東証スタンダード,東亜石油株式会社,トーマツ,2022/05/06,2022/05/06 2022/05/18,http://www.daisanshaiinkai.com/cms/wp-content/uploads/2022/05/220506_chousa5008.pdf http://www.daisanshaiinkai.com/cms/wp-content/uploads/2022/05/220518_chousa5008.pdf,2022/09/22,2022/09/22 2022/09/22,http://www.daisanshaiinkai.com/cms/wp-content/uploads/2022/05/220922_chousa5008-2.pdf http://www.daisanshaiinkai.com/cms/wp-content/uploads/2022/05/220922_chousa5008.pdf,＜特別調査委員会＞ （1）本事案に関わる事実関係の調査および原因究明 （2）再発防止策の策定・提言 （3）その他、調査委員会が必要と認めた事項,委員長：（TMI 総合法律事務所 弁護士） 伊藤 亮介 委員：（東京海上ディーアール株式会社 主席研究員） 栁瀨 慶朗 委員：（当社独立社外取締役 公認会計士） 久保 惠一,TMI 総合法律事務所 弁護士 野間 敬和 田代 啓史郎 蕪城 雄一郎 田山 翔 梅田 朋子 須藤 洋平 東 駿佑 加藤 大地 小島 瑞穂 中沢 大佑 八尾 理菜 芳賀 友香 西田 夏子 小関 雄也 上野 晃平 渡邉 玄太 渡邉 雄大 永峰 太郎 株式会社 KPMG FAS 公認会計士 西嶌 宏之 株式会社 KPMG FAS 弁護士・公認会計士 岩田 知孝 株式会社 KPMG FAS 伊藤 俊介（KPMG Services Pte. Ltd.） 泉谷 夏子 吉岡 一真 水上 浩 山田 昴輝 永野 義昇,http://www.daisanshaiinkai.com/2022/page/3/
2022,3808,名証ネクスト,3808 名証ネクスト,株式会社オウケイウェイヴ,銀河,2022/05/06,2022/05/06,http://www.daisanshaiinkai.com/cms/wp-content/uploads/2022/05/220506_chousa3808.pdf,2022/06/10,2022/06/10 2022/06/27,http://www.daisanshaiinkai.com/cms/wp-content/uploads/2022/05/220610_chousa3808.pdf http://www.daisanshaiinkai.com/cms/wp-content/uploads/2022/05/220627_chousa3808.pdf,＜調査委員会＞ （1）本件に係る事実関係の調査 （2）本件に係る過年度の会計処理及び開示の適切性の検討並びに当社連結財務諸表等への影響額 （3）本件発生の内部要因等の原因及び再発防止策の検討・提言 （4）その他、調査委員会が必要と認めた事項,委員長：（ハイペリオン法律事務所 弁護士） 加藤 寛久 委員：（東京国際綜合法律事務所 立教大学法務研究科教授 弁護士） 安達 栄司 委員：（田島公認会計士事務所 公認会計士・税理士） 田島 照久,,http://www.daisanshaiinkai.com/2022/page/3/
2022,1400,東証グロース,1400 東証グロース,ルーデン・ホールディングス株式会社,霞友,2022/05/02,2022/05/02 2022/10/07,http://www.daisanshaiinkai.com/cms/wp-content/uploads/2022/05/220502_chousa1400.pdf http://www.daisanshaiinkai.com/cms/wp-content/uploads/2022/05/221007_chousa1400.pdf,2022/11/30,2022/11/30,http://www.daisanshaiinkai.com/cms/wp-content/uploads/2022/05/221130_chousa1400.pdf,＜外部調査委員会＞ （１）事実関係の確認 （２）発生原因の分析 （３）再発防止策の提言,委員長：（ロイヤルナイト法律事務所 弁護士） 土田 慎太郎 委員：（ロイヤルナイト法律事務所 弁護士） 岡本 翔太 委員：（塩野治夫公認会計士事務所 公認会計士） 塩野 治夫,株式会社デジタルデータソリューション株式会社,http://www.daisanshaiinkai.com/2022/page/3/
2022,2743,東証スタンダード,2743 東証スタンダード,ピクセルカンパニーズ株式会社,アリア,2022/04/28,2022/04/28 2022/05/16,http://www.daisanshaiinkai.com/cms/wp-content/uploads/2022/04/220428_chousa2743.pdf http://www.daisanshaiinkai.com/cms/wp-content/uploads/2022/04/220516_chousa2743.pdf,2022/06/15,2022/06/15 2022/07/01,http://www.daisanshaiinkai.com/cms/wp-content/uploads/2022/04/220615_chousa2743.pdf http://www.daisanshaiinkai.com/cms/wp-content/uploads/2022/04/220701_chousa2743.pdf,＜社外調査委員会＞ （1）本件に関する事実経過及びその原因 （2）本件による連結財務諸表への影響の有無及び影響額 （3）本件と同種又は類似事案の有無 （4）上記で判明した事実の発生原因の分析及びこれに応じた再発防止策の提言,委員長：（大知法律事務所パートナー弁護士 弁護士） 高野 哲也 委員：（東京フィナンシャルアドバイザーズ株式会社 公認会計士） 能勢 元 事務局：（みらい総合法律事務所 弁護士） 小堀 優 事務局：（シシダ法律事務所 弁護士） 宍田 拓也,大知法律事務所 弁護士 山下 嘉 みらい総合法律事務所 弁護士 西尾 江平 永野公認会計士事務所 公認会計士 永野 正剛,http://www.daisanshaiinkai.com/2022/page/3/
2022,7868,東証プライム,7868 東証プライム,株式会社広済堂ホールディングス,興亜,2022/04/27,2022/04/27,http://www.daisanshaiinkai.com/cms/wp-content/uploads/2022/04/220427_chousa7868.pdf,,未公表,,＜社内調査委員会＞ 本件不正行為の詳細な調査,委員：（当社代表取締役社長） 黒澤 洋史 委員：（当社専務取締役および東京博善代表取締役社長） 根岸 千尋 委員：（当社社外監査役） 沼井 英明 委員：当社顧問弁護士,,http://www.daisanshaiinkai.com/2022/page/3/
2022,7643,東証スタンダード・札証,7643 東証スタンダード・札証,株式会社ダイイチ,シドー,2022/04/25,2022/04/25,http://www.daisanshaiinkai.com/cms/wp-content/uploads/2022/04/220425_daisansha7643.pdf,2022/06/24,2022/06/24,http://www.daisanshaiinkai.com/cms/wp-content/uploads/2022/04/220624_chousa7643.pdf,（1）国税から指摘された不適切な会計処理に係る事実関係の調査 （2）類似事象の有無の確認 （3）財務諸表等への影響額の算定 （4）原因究明と再発防止の提言 （5）その他第三者委員会が必要と認めた事項,委員長 ：（公認会計士宇澤事務所 公認会計士） 宇澤 亜弓 委員：（祝田法律事務所 弁護士） 熊谷 真喜 委員：（末長法律事務所 弁護士） 末長 宏章,株式会社KPMG FAS 公認会計士 高岡 俊文 須賀 永治 祝田法律事務所 弁護士 吉田 新,http://www.daisanshaiinkai.com/2022/page/3/
2022,7715,東証プライム,7715 東証プライム,長野計器株式会社,トーマツ,2022/04/20,2022/04/20,http://www.daisanshaiinkai.com/cms/wp-content/uploads/2022/04/220420_chousa7715.pdf,2022/04/20,2022/04/20,http://www.daisanshaiinkai.com/cms/wp-content/uploads/2022/04/220420_chousa7715.pdf,＜不祥事に関する社外取締役・社外監査役による調査委員会＞ ① 本件不正行為にかかる事実関係の調査及び原因究明に関すること ② 本件不正取引の損害額の確定及び回収方法に関すること ③ 本件不正行為を行った社員及び関係者の懲戒処分に関すること ④ 対外的対応（刑事告発、開示等）に関すること ⑤ 本件不正行為に関する報告書を作成すること ⑥ 再発防止策の検討に関すること,委員長：（当社社外取締役） 鈴木 正徳 委員：（当社社外取締役） 神吉 正 委員：（当社社外取締役） 寺島 義幸 委員：（当社社外取締役） 水澤 博敏,若林・渡邊法律事務所 弁護士 渡邊 英城 中野 嵩 當銘 勇太,http://www.daisanshaiinkai.com/2022/page/3/
2022,1827,東証スタンダード,1827 東証スタンダード,株式会社ナカノフドー建設,和泉,2022/04/12,2022/04/12 2022/05/27,http://www.daisanshaiinkai.com/cms/wp-content/uploads/2022/04/220412_chousa1827.pdf http://www.daisanshaiinkai.com/cms/wp-content/uploads/2022/04/220527_chousa1827.pdf,2022/06/27,2022/06/27,http://www.daisanshaiinkai.com/cms/wp-content/uploads/2022/04/220627_chousa1827.pdf,＜内部調査委員会＞ （1）本原価移動に関する事実関係の認定、発生原因の調査分析 （2）本原価移動の類似事案の有無の調査 （3）本原価移動の対象となった金額の確定及び連結財務諸表等に対する影響の検討 （4）本原価移動に関する原因の究明と再発防止策の提言,委員長：（独立役員 当社社外監査役） 関澤 秀哲 委員：（高野総合会計事務所 公認会計士） 真鍋 朝彦 委員：（御堂筋法律事務所 弁護士） 伊藤 拓 委員：（御堂筋法律事務所 弁護士） 田中 剛 委員：（独立役員 当社社外取締役） 福田 誠 委員：（当社取締役常務執行役員 社長室長） 大島 義信,税理士法人髙野総合会計事務所 公認会計士 2名 税理士 2名,http://www.daisanshaiinkai.com/2022/page/3/
2022,6870,東証2,6870 東証2,日本フェンオール株式会社,Ａ＆Ａパートナーズ,2022/03/31,2022/03/31,http://www.daisanshaiinkai.com/cms/wp-content/uploads/2022/03/220331_chousa6870.pdf,2022/03/31,2022/03/31,http://www.daisanshaiinkai.com/cms/wp-content/uploads/2022/03/220331_chousa6870.pdf,＜特別調査委員会＞ 本件不正行為の詳細な経緯に関する調査、原因分析及び再発防止策等の提言,委員長：（元福岡高等検察庁検事長 弁護士） 井上 宏 委員：（あさひ法律事務所 弁護士） 鯉沼 希朱 委員：（当社社外監査役） 赤崎 鉄郎,,http://www.daisanshaiinkai.com/2022/page/3/
2022,8886,JASDAQ,8886 JASDAQ,株式会社ウッドフレンズ,東海会計社,2022/03/18,2022/03/18,http://www.daisanshaiinkai.com/cms/wp-content/uploads/2022/03/220318_chousa8886.pdf,,未公表,,＜社内調査＞ 全容解明を図り、併せて再発防止のための体制整備,,,http://www.daisanshaiinkai.com/2022/page/3/
2022,7205,東証1,7205 東証1,日野自動車株式会社,PwCあらた,2022/03/04,2022/03/04 2022/03/11,http://www.daisanshaiinkai.com/cms/wp-content/uploads/2022/03/220304_chousa7205.pdf http://www.daisanshaiinkai.com/cms/wp-content/uploads/2022/03/220311_chousa7205.pdf,2022/08/02,2022/08/02,http://www.daisanshaiinkai.com/cms/wp-content/uploads/2022/03/220802_chousa7205.pdf,＜特別調査委員会＞ （1）事案の全容解明 （2）真因分析 （3）日野の組織のあり方や開発プロセスにまで踏み込んだ再発防止策の提言,委員長：（元大阪高等検察庁検事長 弁護士） 榊原 一夫 委員：（ヤマハ発動機 顧問） 島本 誠 委員：（弁護士） 沖田 美恵子,西村あさひ法律事務所 弁護士 梅林 啓 荒井 喜美 松長 一太 宮本 聡 小一原 潤 鈴木 悠介 國本 英資 木下 郁弥 浅野 啓太 岩谷 雄介 梅澤 周平 澤井 雅登 若林 舞,http://www.daisanshaiinkai.com/2022/page/3/
2022,4633,東証1,4633 東証1,サカタインクス株式会社,あずさ,2022/02/14,2022/02/14,http://www.daisanshaiinkai.com/cms/wp-content/uploads/2022/02/220214_chousa4633.pdf,2022/03/10,2022/03/10,http://www.daisanshaiinkai.com/cms/wp-content/uploads/2022/02/220310_chousa4633.pdf,＜調査委員会＞ 専門的かつ客観的な視点から事実関係の把握、内部統制の状況、再発防止策等についての調査,,,http://www.daisanshaiinkai.com/2022/page/3/
2022,3054,東証1,3054 東証1,株式会社ハイパー,EY新日本,2022/02/14,2022/02/14 2022/02/18 2022/04/22,http://www.daisanshaiinkai.com/cms/wp-content/uploads/2022/02/220214_chousa3054.pdf http://www.daisanshaiinkai.com/cms/wp-content/uploads/2022/02/220218_chousa3054.pdf http://www.daisanshaiinkai.com/cms/wp-content/uploads/2022/02/220422_chousa3054.pdf,2022/04/25,2022/04/25,http://www.daisanshaiinkai.com/cms/wp-content/uploads/2022/02/220425_chousa3054.pdf,＜特別調査委員会＞ （1）本件に係る事実関係の確認 （2）類似事象の有無の確認 （3）本件による連結財務諸表等への影響額の算定 （4）発生原因の分析 （5）再発防止策の提言,委員長：（アンダーソン・毛利・友常 法律事務所外国法共同事業 弁護士） 三宅 英貴 委員：（河江健史会計事務所 公認会計士） 河江 健史 委員：（法学館法律事務所 弁護士） 青木 千恵子,,http://www.daisanshaiinkai.com/2022/page/3/
2022,7523,JASDAQ,7523 JASDAQ,アールビバン株式会社,アスカ,2022/02/10,2022/02/10,http://www.daisanshaiinkai.com/cms/wp-content/uploads/2022/02/220210_chousa7523.pdf,2022/03/22,2022/03/22,http://www.daisanshaiinkai.com/cms/wp-content/uploads/2022/02/220322_chousa7523.pdf,＜社内調査委員会＞ （１）本件の事実関係調査 （２）本件の商品原価（売上原価）の計上漏れ額の確定 （３）本事案の類似事案の発生の有無の確認 （４）本事案の連結財務諸表等への影響の算定 （５）本事案の原因分析と再発防止の提言,委員長：（常勤社外監査役） 園川 勝美 委員：（独立役員・社外取締役） 郷倉 正人 委員：（石久保公認会計士事務所 公認会計士） 石久保 善之 委員：（東京市谷法律事務所所長 弁護士） 平 英毅 委員：（取締役執行役員 内部監査室長） 樋口 弘司,経理グループ ６名 内部監査室 ４名 商品担当部門 6名,http://www.daisanshaiinkai.com/2022/page/3/
2022,5922,東証2,5922 東証2,那須電機鉄工株式会社,東陽,2022/02/10,2022/02/10,http://www.daisanshaiinkai.com/cms/wp-content/uploads/2022/02/220210_chousa5922.pdf,,未公表,,＜社内調査委員会＞ 本件不正行為の調査,,,http://www.daisanshaiinkai.com/2022/page/3/
2022,9446,JASDAQ,9446 JASDAQ,株式会社サカイホールディングス,栄,2022/02/09,2022/02/09,http://www.daisanshaiinkai.com/cms/wp-content/uploads/2022/02/220209_chousa9446.pdf,2022/03/25,2022/03/25,http://www.daisanshaiinkai.com/cms/wp-content/uploads/2022/02/220325_chousa9446.pdf,＜独立調査委員会＞ (1) 栄監査法人より指摘がなされた CPS における売掛金の過大計上（以下「本件不正会計」という。）に関する事実関係の調査 (2) 本件不正会計に至る経緯、動機、背景並びに SHD 及び CPS 以外のグループ企業（子会社）に関する類似事案の存否等に関する調査 (3) 前二号の不正会計が存在する場合、それを生じさせた内部統制、コンプライアンス、ガバナンス上の問題点及び企業風土の分析並びに再発防止策の提案 (4) 上記に関連する調査報告書の作成,委員長：（オリンピア法律事務所 弁護士） 川上 明彦 委員：（柴田和範会計事務所 公認会計士） 柴田 和範 委員：（ひのき綜合法律事務所 弁護士、当社社外取締役） 矢崎 信也,公認会計士 三宅 恵司 西原 浩文 筒井 敬士 弁護士 夏目 久樹 杉谷 聡 ほか弁護士 2 名、公認会計士試験合格者 1 名,http://www.daisanshaiinkai.com/2022/page/3/
2022,6457,東証1,6457 東証1,グローリー株式会社,トーマツ,2022/02/09,2022/02/09,http://www.daisanshaiinkai.com/cms/wp-content/uploads/2022/02/220209_chousa6457.pdf,2022/03/14,2022/03/14,http://www.daisanshaiinkai.com/cms/wp-content/uploads/2022/02/220314_chousa6457.pdf,＜社内調査委員会＞ （１）本件不正行為に係る事実関係の認定、発生原因及び問題点の調査分析 （２）GS 及びその他のグローリーグループ（グローリー及びその子会社をいう。以下同じ。）における同種事例の有無の調査 （３）上記調査分析結果を踏まえた再発防止策の提言,委員長：（当社取締役監査等委員、監査等委員会委員長） 藤田 亨 委員：（当社常務執行役員総務本部長） 山本 勝則 委員：（当社上席執行役員経理・財務本部長） 藤川 幸博,森・濱田松本法律事務所 パートナー弁護士 森田 恒平 若林 功晃 金村 公樹 進華 菜子 株式会社 KPMG FAS 公認会計士 藤田 大介 山口 孝之 株式会社 KPMG FAS 床井 宏行 ほか 14 名,http://www.daisanshaiinkai.com/2022/page/4/
2022,6548,マザーズ,6548 マザーズ,株式会社旅工房,EY新日本,2022/02/04,2022/02/04,http://www.daisanshaiinkai.com/cms/wp-content/uploads/2022/02/220204_chousa6548.pdf,2022/03/02,2022/03/02,http://www.daisanshaiinkai.com/cms/wp-content/uploads/2022/02/220302_chousa6548.pdf,＜外部調査委員会＞ （１）本件旅行商品の企画、販売及び催行並びに本件受給申請及び本件クーポン配布の経緯についての事実関係（以下「本件事実関係」という。）を調査したうえ、 （２）(i) 本件旅行商品の内容及び催行実態にどのような「不適切」な点があったか、及び (ii) 本件事実関係において TBK 社に「不適切」な行為があったかを検討し、併せて、 （３）本件旅行商品以外の TBK 社が販売した旅行商品についても、本件旅行商品の場合と類似する問題がなかったかを調査し、 （４）これらの調査及び検討の結果として TBK 社に何らかの「不適切」な行為又は結果があったと判断される場合には、 (i) その原因を分析するとともに、 (ii) 同種の行為又は結果の再発を防止するための提言を行う,委員長：（西村あさひ法律事務所 パートナー弁護士） 髙橋 宏達 委員：（西村あさひ法律事務所 アソシエイト弁護士） 長瀬 純平 委員：（西村あさひ法律事務所 アソシエイト弁護士） 﨑 香織,,http://www.daisanshaiinkai.com/2022/page/4/
2022,6573,マザーズ,6573 マザーズ,アジャイルメディア・ネットワーク株式会社,トーマツ,2022/02/01,2022/02/01,http://www.daisanshaiinkai.com/cms/wp-content/uploads/2022/02/220201_daisansha6573.pdf,2022/04/11,2022/04/11,http://www.daisanshaiinkai.com/cms/wp-content/uploads/2022/02/220411_chousa6573.pdf,（1）本件事案にかかる事実関係調査及び原因究明 （2）上記以外で元役員が関与した過去の取引の調査 （3）本件事案の調査結果に基づく、財務諸表への影響についての試算 （4）再発防止策の検討・提言 （5）その他、第三者委員会が必要と認めた事項,委員長：（あたご法律事務所 弁護士） 氏原 隆弘 委員：（渡部総合法律事務所 弁護士） 萩原 園子 委員：（松澤綜合会計事務所 公認会計士・税理士・公認不正検査士） 松澤 公貴,あたご法律事務所 弁護士 徳重 雅也 松﨑 大樹 その他公認会計士 5名,http://www.daisanshaiinkai.com/2022/page/4/
2022,3402,東証1,3402 東証1,東レ株式会社,EY新日本,2022/01/31,2022/01/31,http://www.daisanshaiinkai.com/cms/wp-content/uploads/2022/01/220131_chousa3402.pdf,2022/04/12,2022/04/12,http://www.daisanshaiinkai.com/cms/wp-content/uploads/2022/01/220412_chousa3402.pdf,＜有識者調査委員会＞ 東レ樹脂・ケミカル事業本部取扱製品に発生した UL 認証問題の実態解明のための調査、原因分析及び再発防止策の提案並びに東レグループにおける同様の製品の UL 認証に関する問題の有無の調査,委員長：（藤田昇三法律事務所 弁護士） 藤田 昇三 委員：（桃尾・松尾・難波法律事務所 弁護士） 松尾 眞 委員：（卓照綜合法律事務所 弁護士） 永井 敏雄,桃尾・松尾・難波法律事務所 弁護士 鈴木 毅 角元 洋利 高石 直樹 山口 敏寛 安部 雅俊 麻生 尚己 佐野 憲太郎,http://www.daisanshaiinkai.com/2022/page/4/
2022,6676,東証1,6676 東証1,株式会社メルコホールディングス,東海会計社,2022/01/27,2022/01/27,http://www.daisanshaiinkai.com/cms/wp-content/uploads/2022/01/220127_chousa6676.pdf,2022/04/26,2022/04/26,http://www.daisanshaiinkai.com/cms/wp-content/uploads/2022/01/220426_chousa6676.pdf,＜内部調査委員会＞ （1）本件不正行為に係る事実関係の解明 （2）発生原因の調査分析 （3）その他の同種不正行為の有無の調査 （4）これらの結果を踏まえた再発防止策の提言,委員長：（当社代表取締役社長） 牧 寛之 委員：（当社社外取締役） 福原 賢一 委員：（当社社外取締役） 柴垣 信二 委員：（ほくと総合法律事務所 弁護士） 石毛 和夫 委員：（ひのわ税理士法人 公認会計士・税理士） 眞鍋 伸吾,,http://www.daisanshaiinkai.com/2022/page/4/
2022,6334,東証2,6334 東証2,明治機械株式会社,元和,2022/01/20,2022/01/20,http://www.daisanshaiinkai.com/cms/wp-content/uploads/2022/01/220120_chousa6334.pdf,2022/02/03,2022/02/03,http://www.daisanshaiinkai.com/cms/wp-content/uploads/2022/01/220203_chousa6334.pdf,＜独立調査委員会＞ （１）本件に関する事実関係の調査 （２）件外事案の有無の確認 （３）上記（１）及び（２）で確認された事実に関する原因分析並びに提言,委員長：（税理士法人綜合税務会計 公認会計士） 小峰 雄一 委員：（新妻公認会計士事務所 公認会計士） 新妻 正幸 委員：（海宝法律事務所 弁護士） 海宝 三敬,,http://www.daisanshaiinkai.com/2022/page/4/
2022,4615,東証1,4615 東証1,神東塗料株式会社,あずさ,2022/01/14,2022/01/14,http://www.daisanshaiinkai.com/cms/wp-content/uploads/2022/01/220114_chousa4615.pdf,2022/04/28,2022/04/28,http://www.daisanshaiinkai.com/cms/wp-content/uploads/2022/01/220428_chousa4615.pdf,＜特別調査委員会＞ （１）K139 不適切行為の事実関係の解明 （２）K139 不適切行為の原因分析 （３）再発防止策の提言 （４）その他不適切事案の調査,委員長：（元大阪高等検察庁検事長 弁護士） 伊丹 俊彦 委員：（当社独立社外取締役） 矢倉 昌子 委員：（当社独立社外取締役） 日潟 一郎,弁護士 12名,http://www.daisanshaiinkai.com/2022/page/4/
2022,6272,東証1,6272 東証1,レオン自動機株式会社,トーマツ,2022/01/06,2022/01/06,http://www.daisanshaiinkai.com/cms/wp-content/uploads/2021/12/220106_daisansha6272.pdf,2022/02/28,2022/02/28,http://www.daisanshaiinkai.com/cms/wp-content/uploads/2022/01/220228_daisansha6272.pdf,（１）本件事実関係の調査 （２）件外事案の有無の確認 （３）上記（１）及び（２）による当社財務諸表への影響の確定 （４）原因分析及び再発防止策の提言,委員長：（TMI総合法律事務所 弁護士） 河野 勇樹 委員：（紙野公認会計士事務所 所長 公認会計士） 紙野 愛健 委員：（米国公認会計士） 五十川 裕久,TMI総合法律事務所 弁護士 四方 岳 宮上 泰明 吉岡 美紀 髙橋 和也 ごうだ国際会計事務所 公認会計士 合田 潤 本多一徳公認会計士事務所 公認会計士 本多 一徳 岡本貴志公認会計士事務所 公認会計士 岡本 貴志 Two Miles会計事務所 パートナー／CFO ロバート＝ハン Two Miles会計事務所 米国公認会計士 秋庭 航,http://www.daisanshaiinkai.com/2022/page/4/
2022,2402,東証グロース,2402 東証グロース,株式会社アマナ,EY新日本,2022/12/22,2022/12/22 2023/01/19 2023/03/31 2023/05/08,http://www.daisanshaiinkai.com/cms/wp-content/uploads/2022/12/221222_chousa2402.pdf http://www.daisanshaiinkai.com/cms/wp-content/uploads/2022/12/230119_chousa2402.pdf http://www.daisanshaiinkai.com/cms/wp-content/uploads/2022/12/230331_chousa2402.pdf http://www.daisanshaiinkai.com/cms/wp-content/uploads/2022/12/230508_chousa2402.pdf,2023/05/11,2023/05/11,http://www.daisanshaiinkai.com/cms/wp-content/uploads/2022/12/230511_chousa2402.pdf,＜特別調査委員会＞ （１）X 氏不正案件及び Y 不正案件に係る疑義に関する事実関係の調査 （２）本件疑義と同種事項の有無の調査 （３）上記の調査の結果、発見された事項の発生原因の分析と再発防止策の策定及び提言 （４）その他、上記に付随して当委員会が必要と認めた事項,委員長：（弁護士法人ほくと総合法律事務所 弁護士） 倉橋 博文 委員：（リーガレックス合同会社 公認会計士） 金子 広行 委員：（渥美坂井法律事務所・外国法共同事業 弁護士） 清水 真一郎 委員：（プロアクト法律事務所 弁護士・公認不正検査士） 竹内 朗,弁護士法人ほくと総合法律事務所 弁護士 千葉 恵介 奥津 啓太 塚本 弥石 山本 裕人 藪田 崇之 岩永 航 渥美坂井法律事務所・外国法共同事業 弁護士 宮西 啓介 宮前 豪 塚本 美咲 西尾 順一 プロアクト法律事務所 弁護士 渡邉 宙志 田中 伸英 徳山 佳祐 神田 詠守 リーガレックス合同会社 公認会計士 8名 太陽グラントソントン・アドバイザーズ株式会社 公認会計士 垂水 敬 前村 浩介 公認会計士等 8名,http://www.daisanshaiinkai.com/2022/
2022,9702,東証プライム,9702 東証プライム,株式会社アイ・エス・ビー,トーマツ,2022/12/20,2022/12/20 2022/12/23,http://www.daisanshaiinkai.com/cms/wp-content/uploads/2022/12/221220_chousa9702.pdf http://www.daisanshaiinkai.com/cms/wp-content/uploads/2022/12/221223_chousa9702.pdf,2023/02/28,2023/02/28,http://www.daisanshaiinkai.com/cms/wp-content/uploads/2022/12/230228_chousa9702.pdf,＜特別調査委員会＞ （１）2019年1月1日をもってSSS社に吸収合併される前のインフィックス株式会社及び SSS 社において不適切な取引が行われていた疑いのある事案に関する事実関係の調査 （２）本事案に類似する事象の有無の調査 （３）本事案が事実であることが判明した場合、その影響額の算定 （４）本事案が事実であることが判明した場合、その原因の分析及び再発防止策の提言 （５）その他、特別調査委員会が必要と認めた事項,委員長：（弁護士法人三宅法律事務所 弁護士） 渡邉 雅之 委員：（ひかり監査法人 公認会計士） 野中 泰弘 委員：（当社社外取締役（監査等委員）明哲綜合法律事務所 弁護士） 清水 亜希,弁護士 5名 公認会計士 3名 株式会社FRONTEO,http://www.daisanshaiinkai.com/2022/
2022,7719,東証スタンダード,7719 東証スタンダード,株式会社東京衡機,アスカ,2022/12/09,2022/12/09 2023/02/28,http://www.daisanshaiinkai.com/cms/wp-content/uploads/2022/12/221209_daisansha7719.pdf http://www.daisanshaiinkai.com/cms/wp-content/uploads/2022/12/230228_daisansha7719.pdf,2023/03/03,2023/03/03,http://www.daisanshaiinkai.com/cms/wp-content/uploads/2022/12/230304_daisansha7719.pdf,（１）外部機関より指摘された商事事業に係る売上計上等に係る疑義及びG1 社の連結要否の検討についての客観的な事実関係の調査 （２）類似取引の有無の調査 （３）上記の調査及び検証の結果、これが連結財務諸表に影響を与えるものと認められる場合には、その影響額の算定 （４）上記について問題が認められた場合の原因の究明及び再発防止策の提言 （５）その他、上記に付随して当委員会が必要と認めた事項,委員長：（弁護士法人ほくと総合法律事務所 パートナー弁護士） 倉橋 博文 委員：（高橋法律事務所 代表弁護士） 高橋 謙 委員：（㈱アカウンティング・アドバイザリー代表取締役社長 公認会計士） 井上 寅喜,弁護士法人ほくと総合法律事務所 弁護士 高橋 康平 金子 恭介 大知法律事務所 弁護士 高野 哲也 山下 嘉 岸本 悠 金侑 里香 株式会社アカウンティング・アドバイザリー 公認会計士 池内 宏幸 齋藤 哲 株式会社アカウンティング・アドバイザリー 弁護士 平井 太,http://www.daisanshaiinkai.com/2022/
2022,8038,東証スタンダード,8038 東証スタンダード,東都水産株式会社,EY新日本,2022/12/06,2022/12/06 2023/01/13,http://www.daisanshaiinkai.com/cms/wp-content/uploads/2022/12/221206_chousa8038.pdf http://www.daisanshaiinkai.com/cms/wp-content/uploads/2022/12/230113_chousa8038.pdf,,未公表,,＜検証委員会＞ (1) 本件告発に係る事実に対するこれまでの当社の対応の検証 (2) 当社の情報管理体制の検証 (3) 上記(1)及び(2)において問題が発見された場合には、その原因究明及び再発防止策の提言,委員長：（日比谷総合法律事務所 弁護士、元検事） 神垣 清水 委員：（弁護士法人琴平綜合法律事務所 弁護士、元判事補） 大下 良仁 委員：（東京理科大学大学院経営学研究科教授） 宮永 雅好,,http://www.daisanshaiinkai.com/2022/
2022,6035,東証プライム,6035 東証プライム,株式会社アイ・アールジャパンホールディングス,PwCあらた,2022/11/14,2022/11/14 2022/12/08,http://www.daisanshaiinkai.com/cms/wp-content/uploads/2022/11/221114_daisansha6035.pdf http://www.daisanshaiinkai.com/cms/wp-content/uploads/2022/11/221208_daisansha6035.pdf,2023/03/07,2023/03/07,http://www.daisanshaiinkai.com/cms/wp-content/uploads/2022/11/230307_daisansha6035.pdf,（１）2022年11月10日にダイヤモンド・オンラインが報じた記事の内容についての事実関係 （２）当社の元役員（栗尾拓滋氏）または他の役職員に類似の問題があるかについての事実関係 （３）（１）または（２）によって判明した問題の指摘とその原因の究明 （４）再発防止策の提言,委員長：（山口利昭法律事務所 弁護士・公認不正検査士） 山口 利昭 委員：（プロアクト法律事務所 弁護士・公認不正検査士） 竹内 朗 委員：（弁護士法人北浜法律事務所 弁護士・公認不正検査士） 渡辺 徹 委員：（T&K法律事務所 弁護士） 戸澤 晃広,プロアクト法律事務所 弁護士 池永 朝昭 渡邉 宙志 田中 伸英 徳山 佳祐 株式会社foxcale 専門家 3名 長田 圭介 神田 詠守 弁護士法人北浜法律事務所 弁護士 谷口 明史 中嶋 隆則 東目 拓也 覺道 佳優 吉谷 心太郎 谷口 尚暉 T&K法律事務所 弁護士 瀬川 哲弘 岡田 侑子 成田 凌 髙原 駿介 本郷 達也,http://www.daisanshaiinkai.com/2022/
2022,6189,東証プライム,6189 東証プライム,株式会社グローバルキッズ COMPANY,太陽,2022/11/11,2022/11/11,http://www.daisanshaiinkai.com/cms/wp-content/uploads/2022/11/221111_chousa6189.pdf,,未公表,,＜社内調査＞ 原因経緯を含め詳細な調査,,,http://www.daisanshaiinkai.com/2022/
2022,2892,東証スタンダード,2892 東証スタンダード,日本食品化工株式会社,トーマツ,2022/10/31,2022/10/31,http://www.daisanshaiinkai.com/cms/wp-content/uploads/2022/10/221031_chousa2892.pdf,2022/10/31,2022/10/31,http://www.daisanshaiinkai.com/cms/wp-content/uploads/2022/10/221031_chousa2892.pdf,＜調査委員会＞ 本件不正行為に関する事実関係の調査、社内の共謀・組織的関与の有無の調査、原因分析及び再発防止に向けた提言,委員長：(西村あさひ法律事務所 弁護士） 泰田 啓太 委員：（株式会社すばるイノベーション 公認会計士） 松原 龍二 委員：（日本食品化工株式会社 監査等委員取締役） 田辺 研一郎 委員：（日本食品化工株式会社 内部監査室室長） 木村 亨,西村あさひ法律事務所 弁護士 3名 株式会社すばるイノベーション 公認会計士 2名,http://www.daisanshaiinkai.com/2022/
2022,3808,名証ネクスト,3808 名証ネクスト,株式会社オウケイウェイヴ,柴田洋、大瀧秀樹,2022/10/25,2022/10/25,http://www.daisanshaiinkai.com/cms/wp-content/uploads/2022/10/221025_daisansha3808.pdf,2023/01/20,2023/01/20,http://www.daisanshaiinkai.com/cms/wp-content/uploads/2022/10/230120_chousa3808.pdf,(1) 本件事案に関する事実関係の確認並びにこれらに関連するOK FUND及びアップライツに対する当社の子会社管理・内部管理上の問題に関する調査・分析 (2) 本件事案に類似する事案の有無の確認 (3) 上記(1)で確認された事実関係を踏まえた、本件事案に係る過年度の会計処理及び開示の適切性の検討並びに連結財務諸表等への影響の有無の確認 (4) アップライツ及びOK FUNDの連結・子会社範囲の認定プロセスの適切性の確認 (5) 原因分析及び再発防止策の提言,委員長：（長島・大野・常松法律事務所パートナー 弁護士） 田原 一樹 委員：（長島・大野・常松法律事務所パートナー 弁護士） 辺 誠祐 委員：（株式会社アカウンティング・アシスト代表取締役 公認会計士・税理士） 茂田井 純一,長島・大野・常松法律事務所 弁護士 入谷 淳 新納 亜美 町田 雄輝 今野 恵一朗 杉本 直之 株式会社アカウンティング・アシスト 公認会計士・税理士 加瀬 豊 株式会社foxcale,http://www.daisanshaiinkai.com/2022/
2022,3931,東証グロース,3931 東証グロース,株式会社バリューゴルフ,あずさ,2022/10/21,2022/10/21,http://www.daisanshaiinkai.com/cms/wp-content/uploads/2022/10/221021_chousa3931.pdf,2022/12/02,2022/12/02 2022/12/09,http://www.daisanshaiinkai.com/cms/wp-content/uploads/2022/10/221202_chousa3931.pdf http://www.daisanshaiinkai.com/cms/wp-content/uploads/2022/10/221209_chousa3931.pdf,＜外部調査チーム＞ （１）本事案の事実関係の確認 （２）株式会社産経旅行における類似事案の有無の確認（調査対象期間：当社が株式を取得した2018年8月以降） （３）上記を踏まえた公表済の決算等への影響額の確認 （４）本事案の発生原因の究明と再発防止策の提言,委員：（関谷・宗像法律事務所所属 弁護士） 宗像 雄 委員：（弁護士法人トライデント 虎ノ門オフィス所属 弁護士・公認会計士 ） 村上 芳文,,http://www.daisanshaiinkai.com/2022/
2022,3674,東証グロース,3674 東証グロース,株式会社オークファン,アヴァンティア,2022/10/21,2022/10/21,http://www.daisanshaiinkai.com/cms/wp-content/uploads/2022/10/221021_chousa3674.pdf,2023/01/13,2023/01/13,http://www.daisanshaiinkai.com/cms/wp-content/uploads/2022/10/230113_chousa3674.pdf,＜特別調査委員会＞ （１）本件架空取引に関する事実関係の調査 （２）本件架空取引に類似する事象の有無及びその内容の調査 （３）不適切な会計処理が判明した場合における、過年度決算の会計処理に及ぼす影響の調査 （４）不適切な会計処理が判明した場合における、原因の究明と再発防止策の提言 （５）その他当委員会が必要と認めた事項,委員：（大江橋法律事務所 弁護士） 山口 幹生 委員：（株式会社 KPMG FAS 公認会計士） 高岡 俊文 委員：（大江橋法律事務所 弁護士） 小田 勇一,弁護士法人大江橋法律事務所 弁護士 大多 和樹 福冨 友美 土屋 佑貴 立村 達哉 植田 美咲 株式会社KPMG FAS 公認会計士 須賀 永治 山口 孝之 床井 宏行 デジタル・フォレンジック担当 山田 昴輝 外12名,http://www.daisanshaiinkai.com/2022/
2022,4837,東証スタンダード,4837 東証スタンダード,シダックス株式会社,あずさ,2022/10/07,2022/10/07,http://www.daisanshaiinkai.com/cms/wp-content/uploads/2022/10/221007_chousa4837.pdf,2023/05/31,2023/05/31,http://www.daisanshaiinkai.com/cms/wp-content/uploads/2022/10/230531_chousa4837.pdf,＜調査委員会＞ 情報流出経緯の特定、原因究明、その他全社的な情報管理体制リスクの洗い出しおよび再発防止策、内部統制の再構築のための方策の策定,委員長：（元名古屋高等検察庁検事長、T&K 法律事務所 弁護士） 岩村 修二 委員：（当社社外監査役、弁護士法人Authense法律事務所 弁護士） 高橋 麻理 委員：（日比谷パーク法律事務所 弁護士） 野宮 拓 委員：（T&K 法律事務所 弁護士） 片岡 良平,,http://www.daisanshaiinkai.com/2022/
2022,9468,東証プライム,9468 東証プライム,株式会社KADOKAWA,EY新日本,2022/10/05,2022/10/05,http://www.daisanshaiinkai.com/cms/wp-content/uploads/2022/10/221005_chousa9468.pdf,2023/01/23,2023/01/23,http://www.daisanshaiinkai.com/cms/wp-content/uploads/2022/10/230124_chousa9468.pdf,＜ガバナンス検証委員会＞ （１）一連の贈賄問題（以下「本件」という。）に関する事実関係の調査 （２）本件を生じさせた KADOKAWA のガバナンス、内部統制に関する原因の究明 （３）再発防止策の提言,委員長 ：（中村・角田・松本法律事務所 弁護士） 中村 直人 委員：（国広総合法律事務所 弁護士） 國廣 正 委員：（中村・角田・松本法律事務所 弁護士） 山田 和彦 委員：（社外取締役） 鵜浦 博夫 委員：（社外取締役） ジャーマン・ルース マリー,中村・角田・松本法律事務所 弁護士 松下 隼人 霽月法律事務所 弁護士・公認不正検査士 大野 徹也 国広総合法律事務所 弁護士 五味 祐子 池田 晃司 牧野 輝暁 KPMG FAS,http://www.daisanshaiinkai.com/2022/
2022,7701,東証プライム,7701 東証プライム,株式会社島津製作所,トーマツ,2022/09/30,2022/09/30,http://www.daisanshaiinkai.com/cms/wp-content/uploads/2023/02/220930_chousa7701.pdf,2023/02/10,2023/02/10,http://www.daisanshaiinkai.com/cms/wp-content/uploads/2023/02/230210_chousa7701.pdf,＜外部調査委員会＞ 島津製作所および島津メディカルにて、不正があった先の医療機関への補償を行うとともに、再発防止策の検討と推進を実効的に行うことができるよう、 (i) 本件不正行為がいつ、どこで、誰によって行われていたのか、その地理的・時間的・人的範囲がどこまで広がっていたのか、 (ii) 本件不正行為がなぜ行われたのか、なぜ早期に発見・是正されなかったのかを解明・分析し、 (iii) 原因分析・再発防止の検討を行うこと,委員長：（中村・角田・松本法律事務所 弁護士） 倉橋 雄作 委員：（森寿明法律事務所 弁護士） 森 寿明 委員：（株式会社KPMG FAS 公認会計士） 西嶌 宏之,中村・角田・松本法律事務所 弁護士 壱岐 祐哉 渡邉 凌 弁護士法人大江橋法律事務所 弁護士 逸見 佳代 上田廣一法律事務所 弁護士 折戸 誠子 株式会社KPMG FAS 吉岡 一真 水上 浩 伊藤 希珠,http://www.daisanshaiinkai.com/2022/
2022,1967,東証スタンダード,1967 東証スタンダード,株式会社ヤマト,太陽,2022/09/27,2022/09/27,http://www.daisanshaiinkai.com/cms/wp-content/uploads/2022/09/220927_chousa1967.pdf,2022/10/28,2022/10/28,http://www.daisanshaiinkai.com/cms/wp-content/uploads/2022/09/221028_chousa1967.pdf,＜社内調査委員会＞ （１）本件不正行為の全容の解明 （２）本件不正行為の原因の究明 （３）本件不正行為の再発防止策の策定,委員長：（取締役副社長執行役員） 吉井 誠 副委員長：（取締役執行役員管理本部長） 藤井 政宏 委員：（経理部長 公認会計士） 熊谷 信考 委員：（内部監査室長） 佐藤 正彦 オブサーバー：（取締役 社外取締役） 石田 哲博 委員(事務局長) ：（コンプライアンス統括室長 ） 柴山 徳一郎,あさひ法律事務所 顧問弁護士 南部 恵一,http://www.daisanshaiinkai.com/2022/
2022,9761,東証スタンダード,9761 東証スタンダード,東海リース株式会社,トーマツ,2022/09/22,2022/09/22,http://www.daisanshaiinkai.com/cms/wp-content/uploads/2022/08/220922_chousa9761.pdf,2022/11/11,2022/11/11,http://www.daisanshaiinkai.com/cms/wp-content/uploads/2022/09/221111_chousa9761.pdf,＜外部調査委員会＞ （１）東海リースの前常務取締役であり、かつ、東海ハウスの元代表取締役社長であった、A 氏及びその関係者が、A 氏が東海ハウスの取締役に就任した 2013 年11 月以降において、東海ハウスにおいて行った不正行為の事実関係に関する調査（社内調査委員会において判明した不正行為以外の不正行為の有無に関する調査も含む） （２）上記（１）で確認された事実関係の原因分析及び再発防止に向けた提言 （３）その他当委員会が調査を必要と認めた一切の事項,委員長：（梅田新道法律事務所パートナー 弁護士） 松井 俊輔 委員：（北浜法律事務所パートナー 弁護士） 渡辺 徹,北浜法律事務所・外国法共同事業 弁護士 村田 航椰 河合 かれん,http://www.daisanshaiinkai.com/2022/
2022,9761,東証スタンダード,9761 東証スタンダード,東海リース株式会社,トーマツ,2022/08/19,2022/08/19,http://www.daisanshaiinkai.com/cms/wp-content/uploads/2022/08/220819_chousa9761.pdf,,外部調査委員会へ引き継ぎ,,＜社内調査委員会＞ 不適切な取引の内容を明らかにするとともに、他の事案が発生していないかを明らかにすること,委員：社外取締役監査等委員 松井 巧 委員：社外取締役監査等委員 西野 但 委員：梅田総合法律事務所 弁護士 高橋 幸平,,http://www.daisanshaiinkai.com/2022/
2022,3167,東証プライム,3167 東証プライム,株式会社TOKAIホールディングス,トーマツ,2022/09/22,2022/09/22 2022/10/11 2022/12/14,http://www.daisanshaiinkai.com/cms/wp-content/uploads/2022/09/220922_chousa3167.pdf http://www.daisanshaiinkai.com/cms/wp-content/uploads/2022/09/221011_chousa3167.pdf http://www.daisanshaiinkai.com/cms/wp-content/uploads/2022/09/221214_chousa3167.pdf,2022/12/15,2022/12/15 2022/12/28,http://www.daisanshaiinkai.com/cms/wp-content/uploads/2022/09/221215_chousa3167.pdf http://www.daisanshaiinkai.com/cms/wp-content/uploads/2022/09/221228_chousa3167.pdf,＜特別調査委員会＞ （１）鴇田氏による会食費用の不適切な経費精算に関する事実関係の調査 （２）上記（１）に類似する事案（鴇田氏による不適切な経費の使用事案）の有無及びその内容等に関する調査 （３）上記（１）及び（２）の調査で確認された事実に関する原因分析及び再発防止策の提言 （４）その他委員会が合理的に必要と認めた事項,委員長：（弁護士法人ほくと総合法律事務所 弁護士） 中原 健夫 委員：（株式会社アカウンティング・アドバイザリー 公認会計士） 井上 寅喜 委員：（株式会社アカウンティング・アドバイザリー 弁護士） 平井 太,株式会社アカウンティング・アドバイザリー 公認会計士 大橋 大輔 浅海 英孝 今関 洋介 石田 悠馬 中村 将崇 向井 一洋 弁護士法人ほくと総合法律事務所 弁護士 高橋 康平 中野 雅文 太宰 賢二 奥津 啓太 又吉 重樹 岩永 航 のぞみ総合法律事務所 弁護士 大東 泰雄 吉田 元樹 福塚 侑也 白水 裕基,http://www.daisanshaiinkai.com/2022/
2022,9318,東証スタンダード,9318 東証スタンダード,アジア開発キャピタル株式会社,アリア,2022/09/20,2022/09/20,http://www.daisanshaiinkai.com/cms/wp-content/uploads/2022/07/220920_chousa9318.pdf,2022/10/14,2022/10/14,http://www.daisanshaiinkai.com/cms/wp-content/uploads/2022/09/221014_chousa9318.pdf,＜監査役会による件外調査＞ （１）過去の資産購入及び経費の支出に関する事実関係の調査及びこれに関連する内部統制上の問題に関する調査並びに分析 （２）上記（１）を踏まえた発生原因の分析及び再発防止策の提言,アジア開発キャピタル株式会社 監査役会 常勤監査役 福田 裕 監査役 松田 勉 監査役 中山 住人,大知法律事務所 弁護士 高野 哲也 金井 暁 岸本 悠 北川 翔一,http://www.daisanshaiinkai.com/2022/
2022,2743,東証スタンダード,2743 東証スタンダード,ピクセルカンパニーズ株式会社,アリア,2022/09/12,2022/09/12 2022/09/29,http://www.daisanshaiinkai.com/cms/wp-content/uploads/2022/09/220912_chousa2743.pdf http://www.daisanshaiinkai.com/cms/wp-content/uploads/2022/09/220929_chousa2743.pdf,2022/10/19,2022/10/19,http://www.daisanshaiinkai.com/cms/wp-content/uploads/2022/09/221019_chousa2743.pdf,＜社内調査委員会＞ ピクセルソリューションズ株式会社元代表取締役増井氏に関する不正が疑われる事案の社内調査業務（類似事案の調査含む）及び再発防止策の提言,委員長：（弁護士法人ニューポート法律事務所 弁護士） 戸田 裕典 委員：（東京フィナンシャルアドバイザーズ株式会社 公認会計士） 能勢 元,当社常勤監査役（事務局） 矢尾板 裕介 弁護士法人ニューポート法律事務所 弁護士 鈴木 多門,http://www.daisanshaiinkai.com/2022/
2022,3808,名証ネクスト,3808 名証ネクスト,株式会社オウケイウェイヴ,柴田洋、大瀧秀樹,2022/09/01,2022/09/01,http://www.daisanshaiinkai.com/cms/wp-content/uploads/2022/09/220901_chousa3808.pdf,,未公表,,＜社内調査委員会＞ 事実確認と真相究明,,,http://www.daisanshaiinkai.com/2022/
2021,1734,札証,1734 札証,株式会社北弘電社,EY新日本,2021/08/17,2021/08/17,http://www.daisanshaiinkai.com/cms/wp-content/uploads/2021/08/210817_chousa1734.pdf,2021/10/15,2021/10/15,http://www.daisanshaiinkai.com/cms/wp-content/uploads/2021/08/211015_chousa1734.pdf,＜特別調査委員会＞ （１）本件疑義及び追加疑義に関する事実関係の解明 （２）本件疑義及び追加疑義による財務諸表への影響額の確認 （３）件外調査 （４）本件疑義及び追加疑義が生じた原因の分析と再発防止策の提言 （５）その他、当委員会が必要と認めた事項,委員長：（のぞみ総合法律事務所 弁護士） 結城 大輔 委員：（(株)アカウンティング・アドバイザリー 公認会計士） 井上 寅喜 委員：（のぞみ総合法律事務所 弁護士） 大東 泰雄,のぞみ総合法律事務所 弁護士 川西 風人 小林 敬正 吉田 元樹 福塚 侑也 白水 裕基 株式会社アカウンティング・アドバイザリー 公認会計士 大橋 大輔 亀卦川 徹,http://www.daisanshaiinkai.com/2021/page/2/
2021,9318,東証2,9318 東証2,アジア開発キャピタル株式会社,アリア,2021/08/10,2021/08/10 2021/09/06 2021/09/30,http://www.daisanshaiinkai.com/cms/wp-content/uploads/2021/08/210810_daisansha9318.pdf http://www.daisanshaiinkai.com/cms/wp-content/uploads/2021/08/210906_daisansha9318.pdf http://www.daisanshaiinkai.com/cms/wp-content/uploads/2021/08/210930_daisansha9318.pdf,2021/10/29,2021/10/29,http://www.daisanshaiinkai.com/cms/wp-content/uploads/2021/08/211029_daisansha9318.pdf,（１）件外調査（類似案件について不適切会計の有無等の調査） （２）本件会計処理に係る原因分析と現経営陣を含む当時の取締役及び監査役の善管注意義務違反その他関係者の責任の有無を踏まえた関係者の処分に係る提言 （３）特別調査委員会の調査報告書及び上記（１）（２）による事実の認定及び評価を踏まえて第三者委員会が必要と考えるその他の提言,委員長：（日比谷総合法律事務所 弁護士） 神垣 清水 委員：（弁護士法人琴平綜合法律事務所 弁護士） 大下 良仁 委員：（縁監査法人 公認会計士） 東海林 秀樹,弁護士法人琴平綜合法律事務所 弁護士 三田村 壮平 佐々木公認会計士事務所 公認会計士 佐々木 洋平 小嶋公認会計士事務所 公認会計士 小嶋 良樹,http://www.daisanshaiinkai.com/2021/page/2/
2021,2191,JASDAQ,2191 JASDAQ,テラ株式会社,太陽,2021/08/06,2021/08/06,http://www.daisanshaiinkai.com/cms/wp-content/uploads/2021/08/210806_chousa2191.pdf,2021/08/06,2021/08/06 2021/09/27,http://www.daisanshaiinkai.com/cms/wp-content/uploads/2021/08/210806_chousa2191-1.pdf http://www.daisanshaiinkai.com/cms/wp-content/uploads/2021/08/210927_chousa2191.pdf,＜社内調査委員会＞ 当社とCENEGENICS JAPAN 株式会社との間の現在までの取引関係全般等に関する調査,委員：（東京市谷法律事務所 弁護士） 平 英毅 委員：（東京市谷法律事務所 弁護士） 中村 涼,,http://www.daisanshaiinkai.com/2021/page/2/
2021,1716,東証1,1716 東証1,第一カッター興業株式会社,太陽,2021/08/05,2021/08/05 2021/08/06,http://www.daisanshaiinkai.com/cms/wp-content/uploads/2021/08/210805_fusei1716.pdf http://www.daisanshaiinkai.com/cms/wp-content/uploads/2021/08/210806_daisansha1716.pdf,2021/10/08,2021/10/08,http://www.daisanshaiinkai.com/cms/wp-content/uploads/2021/08/211008_daisansha1716-1.pdf,（１） 光明工事における不正資金流用疑惑に関する事実関係の調査 （２） 当該不正行為が如何なる法規に違反するかについての調査 （３） 光明工事における本件と同種又は類似事案の有無及びその内容等に関する調査 （４） 前述（１）及び（３）で確認された事実に関する原因分析並びに再発防止策の検討・提言 （５） 前各号にかかる調査の結果等を記載した調査報告書の作成,委員長：（TMI 総合法律事務所 弁護士） 酒井 邦彦 委員：（TMI 総合法律事務所 弁護士） 遠山 友寛 委員：（監査法人アヴァンティア 公認会計士) 小笠原 直 委員：（日比谷晴海通り法律事務所 弁護士） 水野 邦夫 委員：（当社独立社外監査役) 泉 貴嗣,ＴＭＩ総合法律事務所 弁護士 菊田 行紘 森川 久範 田代 啓史郎 近藤 圭介 吉井 久美子 鈴木 弘記 矢川 乾介 宮上 泰明 四方 岳 安里 祐介 鈴木 雄貴 安 昌秀 郭 宗浩 加藤 大地 木山 健太朗 小島 瑞穂 中沢 大佑 東 駿佑 平井 希依 八尾 理菜 吉岡 美紀 監査法人アヴァンティア 公認会計士 木村 直人 渡部 幸太 監査法人アヴァンティア 奥村 俊樹 伊藤 圭志 他17名 デロイト トーマツ ファイナンシャルアドバイザリー合同会社 公認会計士 佐藤 保則 川中 雄貴 他7名,http://www.daisanshaiinkai.com/2021/page/2/
2021,4427,東証1,4427 東証1,株式会社EduLab,あずさ,2021/12/24,2021/12/24 2022/02/25,http://www.daisanshaiinkai.com/cms/wp-content/uploads/2021/08/211224_chousa4427.pdf http://www.daisanshaiinkai.com/cms/wp-content/uploads/2021/08/220225_chousa4427.pdf,2022/02/28,2022/02/28,http://www.daisanshaiinkai.com/cms/wp-content/uploads/2021/08/220228_chousa4427.pdf,＜特別調査委員会（追加調査）＞ （１）第一次対象取引に関する経済合理性の調査 （２）第二次対象取引に関する売上計上の妥当性の調査 （３）第三次対象取引に関する売上高の実在性及び期間帰属の適切性の調査 （４）第四次対象取引に関する会計処理の適切性の調査 （５）連結財務諸表等への影響の有無の確認 （６）その他、当委員会が必要と認めた事項,委員長：（森・濱田松本法律事務所 弁護士） 藤津 康彦 委員：（株式会社アカウンティング・アドバイザリー 公認会計士） 井上 寅喜 委員：（森・濱田松本法律事務所 弁護士） 宮田 俊 委員：（EY フォレンジック・アンド・インテグリティ合同会社 公認会計士） 荒張 健,森・濱田松本法律事務所 中国律師 康 石 弁護士 森 規光 梅本 麻衣 清水 池徹 塚田 智宏 山内 裕雅 前島 賢士朗 田野口 瑛 岸本 直也 角 真太朗 渡邊 泰尚 公認会計士・税理士 村上 博隆 株式会社アカウンティング・アドバイザリー 公認会計士 齋藤 哲 中田 尚 佐塚 卓 EY新日本有限責任監査法人 公認会計士 曽木 貴子 日置 敏之 越山 泰先 中村 武史 前島 加奈子 渡井 肇洋 EY新日本有限責任監査法人 和栗 裕樹 布施 和弘 池上 弘樹 ほか 26 名 Ernst & Young (China) Advisory Limited 米国ニューヨーク州弁護士 三宅 亜紀子 ほか 8名,http://www.daisanshaiinkai.com/2021/page/2/
2021,4427,東証1,4427 東証1,株式会社EduLab,あずさ,2021/08/02,2021/08/02,http://www.daisanshaiinkai.com/cms/wp-content/uploads/2021/08/210802_chousa4427.pdf,2021/10/15,2021/10/15 2021/10/15,http://www.daisanshaiinkai.com/cms/wp-content/uploads/2021/08/211015_chousa4427-2.pdf http://www.daisanshaiinkai.com/cms/wp-content/uploads/2021/08/211015_chousa4427.pdf,＜特別調査委員会＞ （１）本件取引に関する経済合理性の調査 （２）別件取引に関する売上計上の妥当性の調査 （３）連結財務諸表等への影響の有無の確認 （４）その他、当委員会が必要と認めた事項,委員長：（森・濱田松本法律事務所 弁護士） 藤津 康彦 委員：（株式会社アカウンティング・アドバイザリー 公認会計士） 井上 寅喜 委員：（森・濱田松本法律事務所 弁護士） 宮田 俊 委員：（EY フォレンジック・アンド・インテグリティ合同会社 公認会計士） 荒張 健,森・濱田松本法律事務所 中国律師 康 石 弁護士 森 規光 梅本 麻衣 清水 池徹 塚田 智宏 山内 裕雅 前島 賢士朗 田野口 瑛 岸本 直也 角 真太朗 渡邊 泰尚 公認会計士・税理士 村上 博隆 株式会社アカウンティング・アドバイザリー 公認会計士 齋藤 哲 中田 尚 佐塚 卓 EY新日本有限責任監査法人 公認会計士 曽木 貴子 日置 敏之 越山 泰先 中村 武史 前島 加奈子 渡井 肇洋 EY新日本有限責任監査法人 和栗 裕樹 布施 和弘 池上 弘樹 ほか 22 名 Ernst & Young (China) Advisory Limited 米国ニューヨーク州弁護士 三宅 亜紀子 ほか 7名,http://www.daisanshaiinkai.com/2021/page/2/
2021,9503,東証1,9503 東証1,関西電力株式会社,トーマツ,2021/07/30,2021/07/30 2022/12/20,http://www.daisanshaiinkai.com/cms/wp-content/uploads/2021/07/210730_daisansha9503.pdf http://www.daisanshaiinkai.com/cms/wp-content/uploads/2021/07/221220_daisansha9503-1.pdf,2022/12/20,2022/12/20,http://www.daisanshaiinkai.com/cms/wp-content/uploads/2021/07/221220_daisansha9503-23.pdf,（１）関西電力及び同社の連結子会社における技術検定試験の受検資格である実務経験要件の不備に係る事実関係の調査 （２）上記（１）で確認された事実関係の原因分析及び再発防止に向けた提言 （３）実務経験要件に不備があった者が不備と認定された資格に基づいて現場の主任技術者又は監理技術者として配置された物件における施工品質の調査,委員長：（弁護士法人北浜法律事務所 弁護士） 渡辺 徹 委員：（弁護士法人御堂筋法律事務所 弁護士） 秋山 洋 委員：（弁護士法人北浜法律事務所 弁護士） 谷 明典,北浜法律事務所・外国法共同事業 竹田 いさか 加藤 駿征 清水 勇希 齋藤 龍作 野口 智之 髙倉 慎二 中森 伸 岡 郁磨 村田 航椰 井之上 裕祐 伊部 紗矢香 酒井 祐太郎 青山 和真 藤原 咲樹 川上 幸星 佐藤 優馬 池川 愛乃 屋嘉 まりあ 加藤 輝政 坂田 和優 弁護士法人 御堂筋法律事務所 森 悠樹 佐藤 洋希 堀部 道寛 石井 洋輔 青木 大輔 内藤 至堂 藤岡 天斗 松岡 大志 嵐口 拓哉 北村 尚彦 不破 慎太 矢野 竜二,http://www.daisanshaiinkai.com/2021/page/2/
2021,5110,東証1,5110 東証1,住友ゴム工業株式会社,あずさ,2021/07/30,2021/07/30,http://www.daisanshaiinkai.com/cms/wp-content/uploads/2021/07/210730_chousa5110.pdf,2021/11/09,2021/11/09,http://www.daisanshaiinkai.com/cms/wp-content/uploads/2021/07/211109_chousa5110.pdf,＜特別調査委員会＞ （１）本件防舷材のデータ偽装事案の事実調査と原因究明 （２）内部統制・コンプライアンス強化及び再発防止の観点を踏まえた提言,委員長：（弁護士） 上原 理子 委員：（弁護士） 小林 敬 委員：（弁護士） 上田 善久,弁護士 久保田 萌花,http://www.daisanshaiinkai.com/2021/page/2/
2021,9964,JASDAQ,9964 JASDAQ,株式会社アイ・テック,太陽,2021/07/26,2021/07/26,http://www.daisanshaiinkai.com/cms/wp-content/uploads/2021/07/210726_daisansha9964.pdf,2021/09/07,2021/09/07 2021/09/08 2022/01/18,http://www.daisanshaiinkai.com/cms/wp-content/uploads/2021/07/210907_daisansha9964.pdf http://www.daisanshaiinkai.com/cms/wp-content/uploads/2021/07/210908_daisansha9964.pdf http://www.daisanshaiinkai.com/cms/wp-content/uploads/2021/07/220118_daisansha9964.pdf,(1) アイ・テックによる取引先への過剰な工事費用の支払並びにアイ・テックの役員及び従業員によるキックバックの受領（以下「本件」という。）に関する事実の調査を実施する。 (2) 本調査の過程で発覚した不正が疑われる事案の調査及び本件と類似する事案の有無の調査を実施する。 (3) 上記(1)及び(2)の事実が存在する場合、発生原因を解明し、責任の所在を明確にするとともに、再発防止策の提言を行う。,委員長：（サウスゲイト法律事務所・外国法共同事業 弁護士） 藤井 崇仁 委員：（鳥羽公認会計士事務所 公認会計士） 和泉 嘉人 委員：（朝日税理士法人 税理士） 西山 公造,佐藤総合法律事務所 弁護士 6名 公認会計士 3名,http://www.daisanshaiinkai.com/2021/page/2/
2021,6513,東証1,6513 東証1,株式会社オリジン,協立,2021/07/26,2021/07/26,http://www.daisanshaiinkai.com/cms/wp-content/uploads/2021/07/210726_chousa6513.pdf,2021/07/26,2021/07/26,http://www.daisanshaiinkai.com/cms/wp-content/uploads/2021/07/210726_chousa6513-1.pdf,＜調査委員会＞ 当社連結子会社である中国所在の上海欧利生東邦塗料有限公司及び欧利生東邦塗料（東莞）有限公司における現地責任者の不正行為について事実関係の調査,,,http://www.daisanshaiinkai.com/2021/page/2/
2021,5805,東証1,5805 東証1,昭和電線ホールディングス株式会社,EY新日本,2021/07/21,2021/07/21,http://www.daisanshaiinkai.com/cms/wp-content/uploads/2021/07/210721_chousa5805.pdf,2021/10/29,2021/10/29 2023/01/20,http://www.daisanshaiinkai.com/cms/wp-content/uploads/2021/07/211029_chousa5805.pdf http://www.daisanshaiinkai.com/cms/wp-content/uploads/2021/07/230120_chousa5805.pdf,＜特別調査委員会＞ 事実関係および原因の追究についてより客観的な実態調査を行うとともに、再発防止策を策定,委員長：（アンダーソン・毛利・友常法律事務所 外国法共同事業 パートナー弁護士） 西谷 敦 委員：（当社 独立社外取締役） 市川 誠一郎 委員：（当社 執行役員人事総務統括部長） 菅井 幹夫,,http://www.daisanshaiinkai.com/2021/page/2/
2021,6503,東証1,6503 東証1,三菱電機株式会社,あずさ,2021/06/30,2021/06/30 2021/07/21 2021/08/17 2022/04/21 2022/04/21,http://www.daisanshaiinkai.com/cms/wp-content/uploads/2021/06/210630_chousa6503.pdf http://www.daisanshaiinkai.com/cms/wp-content/uploads/2021/06/210721_chousa6503.pdf http://www.daisanshaiinkai.com/cms/wp-content/uploads/2021/06/210817_chousa6503.pdf http://www.daisanshaiinkai.com/cms/wp-content/uploads/2021/06/220421_chousa6503-2.pdf http://www.daisanshaiinkai.com/cms/wp-content/uploads/2021/06/220421_chousa6503.pdf,2021/10/01,2021/10/01 2021/12/23 2022/05/25 2022/10/20 2023/04/14,http://www.daisanshaiinkai.com/cms/wp-content/uploads/2021/06/211001_chousa6503.pdf http://www.daisanshaiinkai.com/cms/wp-content/uploads/2021/06/211223_chousa6503.pdf http://www.daisanshaiinkai.com/cms/wp-content/uploads/2021/06/220525_chousa6503.pdf http://www.daisanshaiinkai.com/cms/wp-content/uploads/2021/06/221020_chousa6503.pdf http://www.daisanshaiinkai.com/cms/wp-content/uploads/2021/06/230414_chousa6503.pdf,＜調査委員会＞ （１）鉄道車両用空調装置等の不適切検査の事実調査・真因究明と再発防止策の策定・提言 （２）全社レベルでの品質不適切行為の事実調査・真因究明と再発防止策の策定・提言 （３）その他、本調査を通じて調査委員会が必要と判断した事項の調査,委員長：（西村あさひ法律事務所 弁護士） 木目田 裕 委員：（慶應義塾大学教授 企業倫理専門） 梅津 光弘 委員：（早稲田大学教授 品質マネジメント専門） 棟近 雅彦,,http://www.daisanshaiinkai.com/2021/page/2/
2021,3840,東証2,3840 東証2,パス株式会社,清和,2021/06/29,2021/06/29 2021/07/15,http://www.daisanshaiinkai.com/cms/wp-content/uploads/2021/06/210629_chousa3840.pdf http://www.daisanshaiinkai.com/cms/wp-content/uploads/2021/06/210715_chousa3840.pdf,,設置中止,,＜調査委員会＞ 令和キャピタル有限責任事業組合と当社の主張・事実認識の隔たりの原因となり、また、2021年6月30日開催予定の第31回定時株主総会における各議案の取下げの原因となった事実関係の調査,,,http://www.daisanshaiinkai.com/2021/page/2/
2021,1445,TOKYO PRO Market,1445 TOKYO PRO Market,株式会社ひかりホールディングス,コスモス,2021/06/29,2021/06/29,http://www.daisanshaiinkai.com/cms/wp-content/uploads/2021/06/210629_chousa1445.pdf,2021/08/24,2021/08/24,http://www.daisanshaiinkai.com/cms/wp-content/uploads/2021/06/210824_chousa1445.pdf,＜内部調査委員会＞ （１） 本件不正行為に関する事実関係の解明 （２） 本件不正行為による当社連結財務諸表等への影響額の確認 （３） 本件不正行為が生じた原因の分析と再発防止策の提言 （４） 類似取引、事例の有無の確認 （５） その他、内部調査委員会が必要と認めた事項,委員長：（かない法律事務所 弁護士） 金井 正成 委員：（当社社外監査役／岩田法律事務所 弁護士） 岩田 修一 委員：（当社社外監査役／竹尾公認会計士事務所 公認会計士） 竹尾 卓朗 委員：（当社常勤監査役） 丹羽 直樹 委員：（当社コンプライアンス室長） 小出 五輪生,,http://www.daisanshaiinkai.com/2021/page/2/
2021,3277,東証1,3277 東証1,株式会社サンセイランディック,あずさ,2021/06/28,2021/06/28,http://www.daisanshaiinkai.com/cms/wp-content/uploads/2021/06/210628_chousa3277.pdf,2021/08/12,2021/08/12,http://www.daisanshaiinkai.com/cms/wp-content/uploads/2021/06/210812_chousa3277.pdf,＜社内調査委員会＞ （1） 本件に関する事実関係の調査、発生原因及び問題点の調査分析 （2） 本件と同種の不適切な取引の有無の調査 （3） 上記（1）及び（2）の調査分析結果を踏まえた再発防止策の提言,委員：（当社独立社外監査役） 山口 孝吉 委員：当社管理本部長 委員：当社内部監査部門２名 委員：当社経理部１名 委員：当社経営企画室２名,,http://www.daisanshaiinkai.com/2021/page/2/
2021,5103,東証2,5103 東証2,昭和ホールディングス株式会社,アリア,2021/06/28,2021/06/28,http://www.daisanshaiinkai.com/cms/wp-content/uploads/2021/06/210628_chousa5103.pdf,2021/07/15,2021/07/15,http://www.daisanshaiinkai.com/cms/wp-content/uploads/2021/06/210715_chousa5103.pdf,＜監査等委員会による調査＞ 2021年6月25日に開催した当社第120回定時株主総会において、定数不足により議案の審議を行うことができないという事態が発生した件について、当該定時株主総会での議決権の取り扱い、及び株主総会の運営・終結が適法に実施されたのか等について、改めて調査を実施するもの,監査等委員委員長：（社外取締役） 西村 克己 監査等委員：（社外取締役） 増田 辰弘 監査等委員：（社外取締役） 久間 章生,,http://www.daisanshaiinkai.com/2021/page/2/
2021,5103,東証2,5103 東証2,昭和ホールディングス株式会社,アリア,2021/06/11,2021/06/11,http://www.daisanshaiinkai.com/cms/wp-content/uploads/2021/06/210611_chousa5103.pdf,,未公表,,＜調査委員会＞ 当社が監査法人アリアから適切な監査意見を受領する為、当社の連結子会社Group Lease PCL.の会計監査人であるKPMGが監査を終了させるための課題について、当社としても直接調査を実施し、状況の把握をすること,委員長：（当社取締役 FTIコンサルティングシニアマネージャーダイレクター） ニコラス・ジェームズ・グロノウ 委員：（社外取締役 細野法律事務所代表 弁護士） 細野 敦,,http://www.daisanshaiinkai.com/2021/page/2/
2021,6333,東証1,6333 東証1,株式会社帝国電機製作所,トーマツ,2021/06/10,2021/06/10,http://www.daisanshaiinkai.com/cms/wp-content/uploads/2021/06/210610_chousa6333.pdf,2022/02/02,2022/02/02,http://www.daisanshaiinkai.com/cms/wp-content/uploads/2021/06/220202_chousa6333.pdf,＜社内調査委員会＞ 関係者に対するヒアリングやアンケートによる実態の把握及び該当ポンプの性能再評価,,,http://www.daisanshaiinkai.com/2021/page/2/
2021,5703,東証1,5703 東証1,日本軽金属ホールディングス株式会社,EY新日本,2021/06/09,2021/06/09 2021/11/01,http://www.daisanshaiinkai.com/cms/wp-content/uploads/2021/06/210609_chousa5703.pdf http://www.daisanshaiinkai.com/cms/wp-content/uploads/2021/06/211101_chousa5703.pdf,2023/03/29,2023/03/29,http://www.daisanshaiinkai.com/cms/wp-content/uploads/2021/06/230329_chousa5703.pdf,＜特別調査委員会＞ （１）日本軽金属名古屋工場における本件に関する事実関係の確認 （２）日本軽金属名古屋工場における本件以外の品質に関する類似事象の有無および事実関係の確認 （３）当社グループ内の JIS 認証取得事業所における本件に類似する事象の有無および事実関係の確認 （４）本件および類似事象（類似事象がある場合）の原因究明および再発防止策の提言 （５）その他、特別調査委員会が必要と認めた事項,委員長 ：（アンダーソン・毛利・友常法律事務所 外国法共同事業 顧問弁護士） 榊原 一夫 委員：（アンダーソン・毛利・友常法律事務所 外国法共同事業パートナー弁護士） 若林 弘樹 委員：（アンダーソン・毛利・友常法律事務所 外国法共同事業パートナー弁護士） 木川 和広,,http://www.daisanshaiinkai.com/2021/page/2/
2021,4078,東証1,4078 東証1,堺化学工業株式会社,ひびき,2021/06/07,2021/06/07,http://www.daisanshaiinkai.com/cms/wp-content/uploads/2021/06/210607_chousa4078.pdf,,未公表,,＜事故調査委員会＞ 事故原因の究明および再発防止策を策定するため,委員長：（東京工業大学 環境・社会理工学院 イノベーション科学系 技術経営専門職学位課程 特任教授） 中村 昌允 委員：（東京大学 大学院 工学系研究科 教授） 土橋 律 委員：（公益社団法人 産業安全技術協会 常務理事） 山隈 瑞樹 委員：（取締役 研究開発本部長兼生産技術本部副本部長） 中原 慎治 委員：（取締役 管理本部長） 矢倉 敏行 委員：（小名浜事業所副所長兼大剣工場長） 土橋 真 委員：（堺事業所副所長兼泉北工場長） 加藤 聡 委員：（管理本部品質環境安全部長） 日田 達也,,http://www.daisanshaiinkai.com/2021/page/2/
2021,9621,東証1,9621 東証1,株式会社建設技術研究所,トーマツ,2021/05/28,2021/05/28,http://www.daisanshaiinkai.com/cms/wp-content/uploads/2021/05/210528_chousa9621.pdf,2021/08/12,2021/08/12,http://www.daisanshaiinkai.com/cms/wp-content/uploads/2021/05/210812_chousa9621.pdf,＜特別調査委員会＞ 当社社員が取引先との間で行っていた不適切な取引に関し、独立した立場で公正な調査を実施するもの,委員長：（取締役常務執行役員ガバナンス統括本部長） 秋葉 努 副委員：（取締役執行役員管理本部長） 鈴木 直人 委員：（常勤監査役） 中下 惠勇 委員：（新都総合法律事務所 弁護士） 板橋 喜彦,,http://www.daisanshaiinkai.com/2021/page/3/
2021,6205,東証1,6205 東証1,OKK株式会社,EY新日本,2021/06/24,2021/06/24,http://www.daisanshaiinkai.com/cms/wp-content/uploads/2021/05/210624_chousa6205.pdf,2021/09/17,2021/09/17,http://www.daisanshaiinkai.com/cms/wp-content/uploads/2021/05/210917_chousa6205.pdf,＜特別調査委員会＞ （１）本件不適切会計処理に関する事実関係の調査 （２）類似事象の有無の確認 （３）本件不適切会計処理による連結財務諸表等への影響額の算定 （４）再発防止策の提言 （５）その他当委員会が必要と定めた事項,委員長L（弁護士法人関西法律特許事務所 弁護士） 山形 康郎 委員：（株式会社アカウンティング・アドバイザリー 公認会計士） 井上 寅喜 委員：（東京富士法律事務所 弁護士） 足立 学,,http://www.daisanshaiinkai.com/2021/page/3/
2021,6205,東証1,6205 東証1,OKK株式会社,EY新日本,2021/05/20,2021/05/20,http://www.daisanshaiinkai.com/cms/wp-content/uploads/2021/05/210520_chousa6205.pdf,,解散,,＜社内調査委員会＞ （1）本件に関する事実関係の調査 （2）類似事象の有無の確認 （3）本件による連結財務諸表等への影響額の算定 （4）再発防止策の提言,委員長：（弁護士法人関西法律特許事務所 弁護士） 山形 康郎 委員：（当社監査等委員 独立社外取締役 公認会計士） 三浦 善弘 委員：（当社内部監査室長） 池田 新治,,http://www.daisanshaiinkai.com/2021/page/3/
2021,6573,マザーズ,6573 マザーズ,アジャイルメディア・ネットワーク株式会社,トーマツ,2021/05/12,2021/05/12 2021/05/17,http://www.daisanshaiinkai.com/cms/wp-content/uploads/2021/05/210512_daisansha6573.pdf http://www.daisanshaiinkai.com/cms/wp-content/uploads/2021/05/210517_chousa6573.pdf,2021/05/31,2021/05/31 2021/06/21,http://www.daisanshaiinkai.com/cms/wp-content/uploads/2021/05/210531_daisansha6573.pdf http://www.daisanshaiinkai.com/cms/wp-content/uploads/2021/05/210621_daisansha6573.pdf,（１）本件疑義に係る事実関係の調査 （２）本件疑義に付随又は関連する事案、並びに同種又は類似する事象の有無及びその事実関係の調査 （３）上記（１）及び（２）の事案（以下「本件事案」という。）による影響に係る概算額の算定 （４）本件事案に係る原因の究明及び再発防止策の提言 （５）その他当委員会が必要と認めた事項,委員長 ：（奥・片山・佐藤法律事務所 弁護士） 奥 国範 委員：（みなと協和法律事務所 弁護士） 豊泉 美穂子 委員：（弁護士法人トライデント 弁護士・公認会計士） 古島 守,弁護士法人トライデント 弁護士・公認会計士 横張 清威 平木 太生 奥・片山・佐藤法律事務所 弁護士 野口 成貴 島田 義史,http://www.daisanshaiinkai.com/2021/page/3/
2021,9385,東証1,9385 東証1,株式会社ショーエイコーポレーション,EY新日本,2021/04/30,2021/04/30,http://www.daisanshaiinkai.com/cms/wp-content/uploads/2021/04/210430_chousa9385.pdf,2021/06/18,2021/06/18,http://www.daisanshaiinkai.com/cms/wp-content/uploads/2021/04/210618_chousa9385.pdf,＜外部調査委員会＞ ① 本件循環取引に係る事実関係の調査 ② 本件循環取引に類似する事象の有無の調査 ③ 本件循環取引が事実であることが判明した場合、その原因の究明及び再発防止策の提言 ④ 上記各号の委嘱事項を遂行した結果に基づく調査報告書の作成、及びショーエイへの提出 ⑤ その他、本委員会が必要と認めた事項,委員長：（弁護士法人瓜生・糸賀法律事務所 弁護士） 宍戸 一樹 委員：（弁護士法人瓜生・糸賀法律事務所 弁護士） 卜部 晃史 委員：（弁護士法人瓜生・糸賀法律事務所 公認会計士） 山田 重嗣,弁護士法人 瓜生・糸賀法律事務所 弁護士 首藤 聡 山本 大介 公認会計士 桑野 博輔 田上 熊野 U&I アドバイザリーサービス株式会社 桑原 啓 伊藤 里香 代表取締役専務兼 CFO 有村 芳文 執行役員経理部長 稲谷 和樹 経理部課長代理 大垣 富雄 情報管理部副部長 太田 知之,http://www.daisanshaiinkai.com/2021/page/3/
2021,6815,東証1,6815 東証1,ユニデンホールディングス株式会社,アリア,2021/04/30,2021/04/30,http://www.daisanshaiinkai.com/cms/wp-content/uploads/2021/04/210430_daisansha6815.pdf,2021/06/11,2021/06/11,http://www.daisanshaiinkai.com/cms/wp-content/uploads/2021/04/210611_chousa6815.pdf,開示版調査報告書の作成経緯に関する事実関係（英語版調査報告書からの改変の有無，改変が認められる場合には役員の関与の有無を含む。）の調査,委員長：（シティユーワ法律事務所 弁護士） 青沼 隆之 委員：（ITN 法律事務所 弁護士） 大谷 晃大 委員：（清原国際法律事務所 弁護士） 清原 健,弁護士 7名,http://www.daisanshaiinkai.com/2021/page/3/
2021,6229,東証2,6229 東証2,株式会社オーケーエム,EY新日本,2021/04/30,2021/04/30,http://www.daisanshaiinkai.com/cms/wp-content/uploads/2021/04/210430_chousa6229.pdf,2021/06/14,2021/06/14,http://www.daisanshaiinkai.com/cms/wp-content/uploads/2021/04/210614_chousa6229.pdf,＜調査委員会＞ ① 本不正に係る事実関係の調査 ② 本不正に類似する事象の有無の調査 ③ 本匿名メールに係る事実関係の調査及びＯＫＭの対応に係る評価 ④ 再発防止策の提言,委員長：（当社社外取締役〔独立役員〕、監査等委員 公認会計士） 西村 猛 委員：（当社社外取締役〔独立役員〕、監査等委員） 杉野 博昭 委員：（当社取締役、常勤監査等委員） 谷口 登,弁護士法人北浜法律事務所 弁護士 士原 吉宏 日野 真太郎 池野 幸佑 竹田 いさか 平野 悠之介 屋嘉 まりあ 律師 常 偉 君合律師事務所 律師 馬 軍 謝 均 徐 肖天 阮 陽,http://www.daisanshaiinkai.com/2021/page/3/
2021,9318,東証2,9318 東証2,アジア開発キャピタル株式会社,アスカ,2021/04/28,2021/04/28,http://www.daisanshaiinkai.com/cms/wp-content/uploads/2021/04/210428_chousa9318-1.pdf,2021/06/22,2021/06/22,http://www.daisanshaiinkai.com/cms/wp-content/uploads/2021/04/210622_chousa9318.pdf,＜特別調査委員会＞ （１）T7 及び TP において 2017 年 11 月から 2019 年 4 月までの期間に行われたリチウムイオン蓄電池取引に関する事実関係の調査及びかかる取引に関する会計処理の適正性の検証 （２）本件が財務報告に与える影響の分析 （３）本件の背景及び原因の分析 （４）本件に関する再発防止策の提言,委員長：（奥津泰彦公認会計士事務所 公認会計士） 奥津 泰彦 委員：（梶谷綜合法律事務所 弁護士） 梶谷 篤 委員：（日比谷通り後藤法律会計事務所 公認会計士・弁護士） 後藤 登,塩野治夫公認会計士事務所 公認会計士 塩野 治夫 梶谷綜合法律事務所 弁護士 髙巢 遵 上田 慎,http://www.daisanshaiinkai.com/2021/page/3/
2021,9318,東証2,9318 東証2,アジア開発キャピタル株式会社,アスカ,2021/04/09,2021/04/09 2021/04/16 2021/04/28,http://www.daisanshaiinkai.com/cms/wp-content/uploads/2021/04/210409_daisansha9318-1.pdf http://www.daisanshaiinkai.com/cms/wp-content/uploads/2021/04/210416_daisansha9318.pdf http://www.daisanshaiinkai.com/cms/wp-content/uploads/2021/04/210428_chousa9318.pdf,,解散,,（１）本件嫌疑に係る事実関係の調査および本件嫌疑に係る会計処理の検証 （２）本件嫌疑の類似事案の有無の確認 （３）上記（１）および（２）において問題が発見された場合には、その原因究明および再発防止策の提言,委員長：（にっぽり総合法律事務所 弁護士） 池田 誠 委員：（塩野治夫公認会計士事務所 公認会計士） 塩野 治夫 委員：（にっぽり総合法律事務所 弁護士） 古里 貴大 委員：（にっぽり総合法律事務所 弁護士） 榎本 貴弘,,http://www.daisanshaiinkai.com/2021/page/3/
2021,7460,東証2,7460 東証2,株式会社ヤギ,EY新日本,2021/04/09,2021/04/09,http://www.daisanshaiinkai.com/cms/wp-content/uploads/2021/04/210409_chousa7460.pdf,2021/05/31,2021/05/31,http://www.daisanshaiinkai.com/cms/wp-content/uploads/2021/04/210531_chousa7460.pdf,＜社内調査委員会＞ （１）本件事案の事実関係の調査 （２）類似事案の有無の調査 （３）本件事案の連結財務諸表（ならびに当社財務諸表）への影響の検討 （４）本件事案が生じた原因分析及び再発防止策の提言,委員長：（当社取締役監査等委員（非常勤）・弁護士法人栄光 弁護士） 池田 佳史 委員：（株式会社アカウンティング・アドバイザリー（代表取締役社長） 公認会計士） 井上 寅喜 委員：（当社取締役 上席執行役員 管理本部管掌） 岡本 富雄,弁護士法人栄光 弁護士 井上 彰 吉本 達哉 株式会社アカウンティング・アドバイザリー 公認会計士 池内 宏幸 浅海 英孝 安部 加奈子 U&I アドバイザリーサービス株式会社 公認会計士・アナリスト等の不正調査の専門家（デジタル・フォレンジック担当） グループ経営企画部長 平松 帝人,http://www.daisanshaiinkai.com/2021/page/3/
2021,6553,東証1,6553 東証1,ソウルドアウト株式会社,あずさ,2021/03/31,2021/03/31,http://www.daisanshaiinkai.com/cms/wp-content/uploads/2021/04/210331_chousa6553.pdf,2021/04/07,2021/04/07,http://www.daisanshaiinkai.com/cms/wp-content/uploads/2021/04/210407_chousa6553.pdf,＜社内調査委員会＞ 医薬品、医療機器等の品質、有効性及び安全性の確保等に関する法律違反事件につき、事実関係及び原因分析の調査,委員長：（当社常勤監査役・独立役員） 中島 拓之 委員：（当社社外取締役・独立役員 中央大学大学院戦略経営研究科教授） 田中 洋 委員：（TMI 総合法律事務所 弁護士） 上﨑 貴史,,http://www.daisanshaiinkai.com/2021/page/3/
2021,8473,東証1,8473 東証1,SBIホールディングス株式会社,トーマツ,2021/04/02,2021/04/02,http://www.daisanshaiinkai.com/cms/wp-content/uploads/2021/04/210402_chousa8473.pdf,2021/04/28,2021/04/28,http://www.daisanshaiinkai.com/cms/wp-content/uploads/2021/04/210428_chousa8473.pdf,① 調査対象事象に係る事実関係の調査及び事実認定 ② 調査対象事象に係る認定した事実の評価、原因の分析及び再発防止策等の提言 ③ 上記各号の事項を遂行した結果に基づく調査報告書の作成、及びその調査報告書の当社への提出 ④ その他、第三者委員会が必要と認めた事項,委員長：（弁護士法人中央総合法律事務所 弁護士） 錦野 裕宗 委員：（リンクパートナーズ法律事務所 弁護士） 藤武 寛之 委員：（株式会社サイリス 監査役） 海宝 明,,http://www.daisanshaiinkai.com/2021/page/3/
2021,7519,JASDAQ,7519 JASDAQ,五洋インテックス株式会社,フロンティア,2021/03/31,2021/03/31,http://www.daisanshaiinkai.com/cms/wp-content/uploads/2021/03/210331_chousa7519.pdf,,未公表,,＜外部調査委員会＞ 当社の連結子会社である五洋亜細亜株式会社において、中国の取引先との取引実態及び関連取引の精査並びに同社における金銭借入の正当性、また、当社における不動産賃貸借契約において、賃料の正当性及び合理性においての精査を、外部の専門家による客観的な調査により、その経緯及び事実関係を精査すること,委員長：（東京 FAIRWAY 法律事務所 弁護士） 和田 佳久 委員：（永井康之法律事務所 弁護士） 永井 康之 委員：（暁アカウンティングアドバイザリー 公認会計士・税理士） 鎌田 修誠 委員：（秋田・村山法律事務所 弁護士） 石川 明子 委員：（暁アカウンティングアドバイザリー 公認会計士・税理士） 野澤 綾子,,http://www.daisanshaiinkai.com/2021/page/3/
2021,3023,東証1,3023 東証1,ラサ商事株式会社,大手門会計事務所,2021/03/26,2021/03/26 2021/04/09 2021/05/19 2021/05/27 2021/06/29,http://www.daisanshaiinkai.com/cms/wp-content/uploads/2021/03/210326_chousa3023.pdf http://www.daisanshaiinkai.com/cms/wp-content/uploads/2021/03/210409_chousa3023-4.pdf http://www.daisanshaiinkai.com/cms/wp-content/uploads/2021/03/210519_chousa3023.pdf http://www.daisanshaiinkai.com/cms/wp-content/uploads/2021/03/210527_chousa3023.pdf http://www.daisanshaiinkai.com/cms/wp-content/uploads/2021/03/210629_chousa3023.pdf,2021/08/17,2021/08/17,http://www.daisanshaiinkai.com/cms/wp-content/uploads/2021/03/210817_chousa3023.pdf,＜社内調査委員会＞ （1）当社連結子会社である旭テック株式会社の社員による不適切な会計処理の事実関係調査 （2）類似事案の有無の調査 （3）本件事案の会計上の影響の検討 （4）本件事案の発生原因の分析及び再発防止策の提言,委員長：（シティユーワ法律事務所 弁護士） 佐藤 恭一 委員：（柿本法律事務所 当社顧問弁護士） 柿本 輝明 委員：（当社社外取締役監査等委員） 柿原 康一郎 委員：（当社社外取締役監査等委員） 朝倉 正 委員：（辻・本郷監査法人 公認会計士） 藤田 裕 委員：（中村佳幸公認会計士事務所 公認会計士） 中村 佳幸 委員：（シティユーワ法律事務所 弁護士） 岸見 直幸 委員：（シティユーワ法律事務所 弁護士） 江黒 早耶香,シティユーワ法律事務所 弁護士 2名 辻󠄀・本郷監査法人 公認会計士 山下 大輔 辻󠄀・本郷ビジネスコンサルティング株式会社 公認不正検査士 1名 中小企業診断士 2名 株式会社 KPMG FAS 公認会計士等の不正調査の専門家 6名,http://www.daisanshaiinkai.com/2021/page/3/
2021,8411,東証1,8411 東証1,株式会社みずほフィナンシャルグループ,EY新日本,2021/03/17,2021/03/17,http://www.daisanshaiinkai.com/cms/wp-content/uploads/2021/03/210317_chousa8411-1.pdf,2021/06/15,2021/06/15,http://www.daisanshaiinkai.com/cms/wp-content/uploads/2021/03/210615_chousa8411-2-1.pdf,＜システム障害対応検証委員会＞ 第三者委員会報告書を踏まえた再発防止策の策定の検証,委員長：（社外取締役） 甲斐中 辰夫 委員：（社外取締役） 関 哲夫 委員：（社外取締役） 佐藤 良二 委員：（社外取締役） 小林 いずみ,,http://www.daisanshaiinkai.com/2021/page/3/
2021,9432,東証1,9432 東証1,日本電信電話株式会社,あずさ,2021/03/09,2021/03/09,http://www.daisanshaiinkai.com/cms/wp-content/uploads/2021/03/210309_chousa9432.pdf,2021/06/07,2021/06/07,http://www.daisanshaiinkai.com/cms/wp-content/uploads/2021/03/210607_chousa9432.pdf,＜特別調査委員会＞ （１）NTT グループに対する許認可や重要な政策決定を行う監督官庁である総務省幹部と NTT グループの経営陣との間における、「週刊文春」における NTT グループに関する報道に関連する事案の有無の調査 （２）上記（１）で判明した事案に関する事実関係の解明 （３）対応策の提言、その他関連する事項,委員長：（当社独立社外取締役） 榊原 定征 委員：（当社独立社外監査役） 飯田 隆 委員：（西村あさひ法律事務所 オブカウンセル） 伊藤 鉄男 委員：（桃尾・松尾・難波法律事務所 オブカウンセル） 井上 宏,西村あさひ法律事務所 弁護士 木目田 裕 他 9 名,http://www.daisanshaiinkai.com/2021/page/3/
2021,6502,東証1・名証1,6502 東証1・名証1,株式会社東芝,PwCあらた,2021/02/17,2021/02/17 2021/03/18,http://www.daisanshaiinkai.com/cms/wp-content/uploads/2021/03/210217_chousa6502.pdf http://www.daisanshaiinkai.com/cms/wp-content/uploads/2021/03/210318_chousa6502.pdf,2021/06/10,2021/06/10,http://www.daisanshaiinkai.com/cms/wp-content/uploads/2021/03/210610_chousa6502.pdf,＜調査者による調査＞ 当社の令和2年7月31日開催の第181期定時株主総会が公正に運営されたか否かに関連して調査者が必要と認める一切の事項を明らかにすること,調査者：（外国法共同事業オメルベニー・アンド・マイヤーズ法律事務所 弁護士） 前田 陽司 調査者：（兼子・岩松法律事務所 弁護士） 木﨑 孝 調査者：（和田倉門法律事務所 弁護士） 中村 隆夫,外国法共同事業オメルベニー・アンド・マイヤーズ法律事務所 弁護士 盛里 絵美子 楠田 真士 兼子・岩松法律事務所 弁護士 森岡 誠 飯田 研吾 城石 惣 伊藤 寛泰 和田倉門法律事務所 弁護士 小出 一郎 鄭 一志 我妻 崇明 瀬川 慶 小林 貴樹 山城 在生 株式会社 FRONTEO,http://www.daisanshaiinkai.com/2021/page/3/
2021,4528,東証1,4528 東証1,小野薬品工業株式会社,トーマツ,2021/02/17,2021/02/17,http://www.daisanshaiinkai.com/cms/wp-content/uploads/2021/02/210217_chousa4528.pdf,2021/08/06,2021/08/06,http://www.daisanshaiinkai.com/cms/wp-content/uploads/2021/02/210806_chousa4528.pdf,＜外部調査委員会＞ （1）本件贈賄疑惑に係る事実関係の調査 （2）本件事件における問題点の分析 （3）会社の奨学寄附金制度の適切な運用指針の提言 （4）再発防止のための社員教育についての提言,委員長：（弁護士） 高坂 敬三 委員：（弁護士） 上原 理子 委員：（弁護士） 小林 敬,弁護士 久保田 萌花,http://www.daisanshaiinkai.com/2021/page/3/
2021,6502,東証1・名証1,6502 東証1・名証1,株式会社東芝,PwCあらた,2021/02/17,2021/02/17,http://www.daisanshaiinkai.com/cms/wp-content/uploads/2021/02/210217_chousa6502.pdf,2021/06/21,2021/06/21,http://www.daisanshaiinkai.com/cms/wp-content/uploads/2021/02/210621_chousa6502.pdf,＜外部調査委員会＞ 一部マスコミで報道されている、第181期定時株主総会の議決権行使に関する圧力問題について事実関係の解明,委員：（西村あさひ法律事務所 弁護士） 渋谷 卓司 委員：（西村あさひ法律事務所 弁護士） 勝部 純 委員：（西村あさひ法律事務所 弁護士） 浅野 啓太 委員：（西村あさひ法律事務所 弁護士） 今泉 仁志,,http://www.daisanshaiinkai.com/2021/page/3/
2021,7238,東証1,7238 東証1,曙ブレーキ工業株式会社,トーマツ,2021/02/16,2021/02/16,http://www.daisanshaiinkai.com/cms/wp-content/uploads/2021/02/210216_chousa7238.pdf,2021/02/16,2021/02/16,http://www.daisanshaiinkai.com/cms/wp-content/uploads/2021/02/210216_chousa7238-1.pdf,＜特別調査委員会＞ 客観的な視点からの徹底的な調査,,,http://www.daisanshaiinkai.com/2021/page/4/
2021,2329,JASDAQ,2329 JASDAQ,株式会社東北新社,トーマツ,2021/02/12,2021/02/12,http://www.daisanshaiinkai.com/cms/wp-content/uploads/2021/02/210212_chousa2329-1.pdf,2021/05/24,2021/05/24,http://www.daisanshaiinkai.com/cms/wp-content/uploads/2021/02/210524_chousa2329.pdf,＜特別調査委員会＞ （１）本事案に関する事実関係の解明 （２）本事案に関する原因の分析および再発防止策の提言 （３）その他、当委員会が必要と認めた事項,委員長：（弁護士法人三宅法律事務所 弁護士） 井上 真一郎 委員：（東北新社 代表取締役副社長） 伊藤 良平 委員：（東北新社 内部監査室長） 鈴木 幸雄,弁護士 有竹 雄亮 弁護士 白水 真祐 ほか弁護士４名,http://www.daisanshaiinkai.com/2021/page/4/
2021,2433,東証1,2433 東証1,株式会社博報堂ＤＹホールディングス,あずさ,2021/02/10,2021/02/10,http://www.daisanshaiinkai.com/cms/wp-content/uploads/2021/02/210210_chousa2433.pdf,2021/06/10,2021/06/10 2021/06/10,http://www.daisanshaiinkai.com/cms/wp-content/uploads/2021/02/210610_chousa2433-1.pdf http://www.daisanshaiinkai.com/cms/wp-content/uploads/2021/02/210610_chousa2433.pdf,＜特別委員会＞ 詳細な実態把握と実効性ある再発防止策の検討,委員：（株式会社博報堂ＤＹホールディングス独立社外取締役 元最高検刑事部長） 松田 昇 委員：（元裁判官 前東京地方裁判所長） 垣内 正 委員：（弁護士） 藤田 浩司,,http://www.daisanshaiinkai.com/2021/page/4/
2021,7729,東証1,7729 東証1,株式会社東京精密,EY新日本,2021/02/05,2021/02/05 2021/02/08,http://www.daisanshaiinkai.com/cms/wp-content/uploads/2021/02/210205_chousa7729.pdf http://www.daisanshaiinkai.com/cms/wp-content/uploads/2021/02/210208_chousa7729.pdf,2021/03/12,2021/03/12 2021/03/15,http://www.daisanshaiinkai.com/cms/wp-content/uploads/2021/02/210312_chousa7729.pdf http://www.daisanshaiinkai.com/cms/wp-content/uploads/2021/02/210315_chousa7729.pdf,＜特別調査委員会＞ (1) TSE における A 氏による次の 3 つの不正取引に係る事実関係の解明及び会計処理の適切性の検証(以下、3 つの不正取引を総称して｢本件｣という。) ① a 社に対する架空発注を利用した着服案件 ② 装置 P の売掛金の回収偽装案件 ③ TSE が b 社に委託した装置 P に関する業務経費の付け替え案件 (2) TSE における上記(1)と類似する案件の有無の確認(以下｢件外調査｣という。) (3) 上記(1)又は(2)において問題が発見された場合には、その原因究明及び再発防止策の提言 (4) その他、当委員会が必要と認めた事項,委員長 ：（西村あさひ法律事務所 弁護士） 平尾 覚 委員：（株式会社KPMG FAS 公認会計士） 岩田 知孝 委員：（西村あさひ法律事務所 弁護士） 勝部 純 委員：（中村合同特許法律事務所、当社社外取締役監査等委員 弁護士） 相良 由里子,西村あさひ法律事務所 弁護士3名 株式会社 KPMG FAS 公認会計士1名,http://www.daisanshaiinkai.com/2021/page/4/
2021,2752,不明,2752,株式会社フジオフードグループ本社,太陽,2021/02/05,2021/02/05,http://www.daisanshaiinkai.com/cms/wp-content/uploads/2021/02/210205_fusei2752.pdf,,未公表,,＜調査＞ 持分法適用関連会社における不適切な会計処理の調査,未公表,未公表,http://www.daisanshaiinkai.com/2021/page/4/
2021,6192,マザーズ,6192 マザーズ,ハイアス・アンド・カンパニー株式会社,アリア,2021/02/01,2021/02/01 2021/02/04,http://www.daisanshaiinkai.com/cms/wp-content/uploads/2021/02/210201_daisansha6192.pdf http://www.daisanshaiinkai.com/cms/wp-content/uploads/2021/02/210204_chousa6192.pdf,2021/03/12,2021/03/12,http://www.daisanshaiinkai.com/cms/wp-content/uploads/2021/02/210312_chousa6192.pdf,（１）本件事案の調査 本件事案に係る事実関係の認定、発生原因及び再発防止策の提言 （２）本件類似事案の調査 当社とa氏及び同人の支配下にあったと思われる会社との間において、本件事案に類するような簿外債務を生じさせる可能性のある事実関係の調査 （３）その他類似事案の調査 上記2に限らず、当社の旧経営陣が関与した本件事案と類似した簿外債務を生じさせる可能性のある事案の調査 （４）本件事案及び本件類似事案及びその他類似事案による財務諸表への影響の可能性及び影響の程度の検討,委員長：（弁護士法人ほくと総合法律事務所 弁護士） 倉橋 博文 委員：（弁護士法人ほくと総合法律事務所 弁護士） 関 秀忠 委員：（西銀座法律事務所 弁護士） 小林 健一,,http://www.daisanshaiinkai.com/2021/page/4/
2021,4923,不明,4923,コタ株式会社,和宏事務所,2021/01/26,2021/01/26,http://www.daisanshaiinkai.com/cms/wp-content/uploads/2021/02/210126_chousa4923.pdf,2021/01/26,2021/01/26,http://www.daisanshaiinkai.com/cms/wp-content/uploads/2021/02/210126_chousa4923.pdf,＜社内調査＞ 元監査役が複数年度にわたり会社の資金を私的に流用した件の調査,未公表,未公表,http://www.daisanshaiinkai.com/2021/page/4/
2021,6849,東証1,6849 東証1,日本光電工業株式会社,東陽,2021/01/20,2021/01/20,http://www.daisanshaiinkai.com/cms/wp-content/uploads/2021/01/210120_chousa6849.pdf,2021/04/15,2021/04/15,http://www.daisanshaiinkai.com/cms/wp-content/uploads/2021/01/210415_chousa6849.pdf,＜調査委員会＞ （１） 当事者 3 名が、公務員である三重大病院臨床麻酔部長（当時）Ｏ元教授らに、臨床麻酔部が機器を管理する手術室等に設置されていた生体情報モニタ等につき順次当社製品が納入されるよう有利便宜な取り計らいを受ける見返りに、Ｏ氏の設立した団体に対して販売業者（ディーラー）を介して現金 200 万円を入金したという贈賄事件に係る事実関係の調査 （２） 他の贈賄事案の存否及び事実関係の調査 （３） 上記（１）及び（２）で確認された事実関係の原因分析及び再発防止策の提言,委員長：（社外取締役 弁護士） 村岡 香奈子 委員：（社外取締役（監査等委員） 公認会計士・税理士） 清水 一男 委員：（ひびき綜合法律事務所 弁護士） 山内 雅哉 委員：（大原法律事務所 弁護士） 柿島 房枝 委員：（取締役 コンプライアンス担当役員（CCO）） 長谷川 正 委員：（取締役 常勤監査等委員） 生田 一彦,大原法律事務所 弁護士 田辺 一男 大原 武彦 加藤 平一朗,http://www.daisanshaiinkai.com/2021/page/4/
2021,1822,東証1,1822 東証1,大豊建設株式会社,あずさ,2021/01/19,2021/01/19,http://www.daisanshaiinkai.com/cms/wp-content/uploads/2021/01/210119_chousa1822.pdf,2021/03/01,2021/03/01,http://www.daisanshaiinkai.com/cms/wp-content/uploads/2021/01/210301_chousa1822.pdf,＜外部調査委員会＞ （１）当局から指摘を受けた、工事原価の付替え行為（工事下請業者に対し契約金額を水増しした発注を行ってその水増し分を同業者にプールさせた上で、大豊が発注する別工事の工事代金に充てさせる方法により、ある工事に計上すべき原価又は費用を他の工事の原価として計上する行為）の事実関係の解明並びに類似取引の有無・内容の調査 （２）上記不正行為が行われた原因及び背景の調査、並びに再発防止策の検討,委員長：（東京ベイ法律事務所 弁護士） ⼤島 義孝 委員：（アンダーソン・⽑利・友常法律事務所 弁護士） ⻄⾕ 敦 委員：（PｗC アドバイザリー合同会社 公認会計⼠） 那須 美帆⼦,アンダーソン・毛利・友常法律事務所外国法共同事業 弁護士 渡部 香菜子 原田 亮 辻 勝吾 PwC アドバイザリー合同会社 公認会計士 大塚 晃 井上 浩三郎 田中 泰生 米国公認会計士 奈良 隆佑 PwC アドバイザリー合同会社 徳野 文子 他 21 名,http://www.daisanshaiinkai.com/2021/page/4/
2021,2918,東証1,2918 東証1,わらべや日洋ホールディングス株式会社,EY新日本,2021/01/18,2021/01/18,http://www.daisanshaiinkai.com/cms/wp-content/uploads/2021/01/210118_chousa2918.pdf,2021/03/15,2021/03/15,http://www.daisanshaiinkai.com/cms/wp-content/uploads/2021/01/210315_chousa2918.pdf,＜社内調査委員会＞ 起訴内容である「入管法違反容疑」に関する事実関係について、より客観的かつ専門的視点から調査を実施すること、また本件が生じた原因の究明と再発防止策の提言,委員長：（弁護士法人斉藤法律事務所 弁護士） 齊藤 誠 委員：（社外取締役 監査等委員 弁護士） 谷村 正人 委員：（取締役 常勤監査等委員） 井村 幹男,,http://www.daisanshaiinkai.com/2021/page/4/
2021,6971,東証1,6971 東証1,京セラ株式会社,京都,2021/01/08,2021/01/08,http://www.daisanshaiinkai.com/cms/wp-content/uploads/2021/01/210108_chousa6971.pdf,2021/05/14,2021/05/14,http://www.daisanshaiinkai.com/cms/wp-content/uploads/2021/01/210514_chousa6971.pdf,＜特別調査委員会＞ ア 本件の事実関係の解明 イ 本件の原因究明と再発防⽌策の提⾔ ウ その他調査の過程で当委員会として必要と認めた事項,委員⻑：（国広総合法律事務所 弁護⼠・公認不正検査⼠） 中村 克⼰ 委員：（東京富⼠法律事務所 弁護士） ⾜⽴ 学 委員：（東京⼯業⼤学名誉教授） ⻑⽥ 洋,東京富⼠法律事務所 弁護士 廣瀬 正剛 国広総合法律事務 弁護士 増成 由佳 池⽥ 晃司 株式会社 KPMG FAS 堀⽥ 知⾏ 吉岡 ⼀真 ⼭下 晋吾 ⼭⽥ 昂輝 熊本 司 廣原 茉耶 他 9 名,http://www.daisanshaiinkai.com/2021/page/4/
2021,2191,JASDAQ,2191 JASDAQ,テラ株式会社,太陽,2021/12/20,2021/12/20 2022/02/28,http://www.daisanshaiinkai.com/cms/wp-content/uploads/2021/12/211220_chousa2191.pdf http://www.daisanshaiinkai.com/cms/wp-content/uploads/2021/12/220228_chousa2191.pdf,2022/03/04,2022/03/04 2022/03/22,http://www.daisanshaiinkai.com/cms/wp-content/uploads/2021/12/220304_chousa2191.pdf http://www.daisanshaiinkai.com/cms/wp-content/uploads/2021/12/220322_chousa2191.pdf,＜社内調査委員会（追加調査２回目）＞ (１)当社のセネジェニックス・ジャパンを割当先とした第三者割当増資に関して失権に至るまでの一連の経緯（払込期日が２回に亘り変更された事実経過を含む。）の事実調査、及び、同経緯を踏まえて、これに関連する当社の適時開示の内容の適正性、失権を防止する観点から当社の対応に不足していた点その他不適正な点が無かったか否かの検証及び不適正な点がある場合における原因分析並びに再発防止策の提言 (２)当社とD教授との間に係る事実関係、原因分析及び再発防止策,委員：（東京市谷法律事務所 弁護士） 平 英毅 委員：（東京市谷法律事務所 弁護士） 中村 涼,,http://www.daisanshaiinkai.com/2021/
2021,2127,東証1,2127 東証1,株式会社日本Ｍ＆Ａセンターホールディングス,トーマツ,2021/12/20,2021/12/20,http://www.daisanshaiinkai.com/cms/wp-content/uploads/2021/12/211220_chousa2127.pdf,2022/02/14,2022/02/14,http://www.daisanshaiinkai.com/cms/wp-content/uploads/2021/12/220214_chousa2127.pdf,＜社内調査委員会＞ （１）株式会社日本 M&A センターホールディングスの完全子会社である株式会社日本 M&A センターにおいて、調査対象となる不正案件の有無及び内容を、2016年4月1日から 2021年9月30日までの期間について調査して解明すること。 （２）上場企業として金融商品取引法、連結財務諸表の用語、様式及び作成方法に関する規則及び東京証券取引所規則に基づき開示している決算（本決算、四半期決算を含む）に与える影響を調査すること。 （３）本件不正の再発防止策を検討し、貴社に提言すること。,委員長：（三宅坂総合法律事務所 弁護士） 山岸 洋 委員：（三宅坂総合法律事務所 弁護士） 井上 裕也 委員：（株式会社青山トラスト会計社 公認会計士） 久米 雅彦 委員：（株式会社青山トラスト会計社 公認会計士） 池川 穣 委員：（社外取締役（監査等委員）・独立役員・弁護士） 木下 直樹 委員：（社外取締役（監査等委員）・独立役員） 山田 善則,弁護士 江端 重信 大場 寿人 森川 友尋 下瀬 隆士 加賀山 晧 菅原 光祥 松下 知輝 小島 啓 中谷 岳 田中 宏明 山本 淳也 原 香奈 公認会計士 小壁 雄志 後藤 浩太,http://www.daisanshaiinkai.com/2021/
2021,6272,東証1,6272 東証1,レオン自動機株式会社,トーマツ,2021/12/17,2021/12/17 2022/01/06,http://www.daisanshaiinkai.com/cms/wp-content/uploads/2021/12/211217_chousa6272.pdf http://www.daisanshaiinkai.com/cms/wp-content/uploads/2021/12/220106_daisansha6272.pdf,,第三者委員会へ移行,,＜社内調査委員会＞ 本件事実関係の全容解明及び影響額の確定、原因分析、再発防止策の立案等を行うため,委員長：（当社代表取締役） 小林 幹央 委員：（当社取締役常務執行役員） 金子 保 委員：（当社常務執行役員管理統括部長） 福田 忠男 委員：（当社内部監査室長） 設楽 正樹,当社常勤監査役（オブザーバー） 宮岡 正 平林 亮子 横山 不二夫 平原 興 横山 薫,http://www.daisanshaiinkai.com/2021/
2021,9603,東証1,9603 東証1,株式会社エイチ・アイ・エス,トーマツ,2021/12/09,2021/12/09,http://www.daisanshaiinkai.com/cms/wp-content/uploads/2021/12/211209_chousa9603-1.pdf,2021/12/24,2021/12/24,http://www.daisanshaiinkai.com/cms/wp-content/uploads/2021/12/211224_chousa9603.pdf,＜調査委員会＞ （１）本疑惑に関する事実関係の解明 （２）MIKI 及び JPH における類似事案の有無等の確認 （３）当社グループ全社における㈱JHAT との取引有無の調査 （４）当社国内グループ全社における Go To トラベル事業給付金申請状況の調査,委員長：（さくら共同法律事務所 弁護士） 荒竹 純一 副委員長：（当社取締役上席執行役員 最高財務責任者） 矢田 素史 委員：（当社独立社外取締役監査等委員 公認会計士） 梅田 常和,,http://www.daisanshaiinkai.com/2021/
2021,2484,JASDAQ,2484 JASDAQ,株式会社出前館,EY新日本,2021/11/30,2021/11/30,http://www.daisanshaiinkai.com/cms/wp-content/uploads/2021/11/211130_chousa2484.pdf,2021/12/28,2021/12/28,http://www.daisanshaiinkai.com/cms/wp-content/uploads/2021/11/211228_chousa2484.pdf,＜社内調査委員会＞ （１）未収入金・未払金の誤謬金額の確定 （２）外注費（配達代行委託業者への支払い）の精査 （３）類似事案の有無の確認 （４）連結財務諸表等への影響額の算定 （５）原因分析と再発防止策の提言 （６）その他社内調査委員会が必要と認めた事項,委員長：（アンダーソン・毛利・友常法律事務所外国法共同事業 弁護士） 三宅 英貴 委員：（株式会社アカウンティング・アドバイザリー 公認会計士） 井上 寅喜 委員：（当社執行役員CFO） 矢野 哲,アンダーソン・毛利・友常法律事務所外国法共同事業 弁護士・公認会計士 塩野 祐輝 株式会社アカウンティング・アドバイザリー 公認会計士 池内 宏幸,http://www.daisanshaiinkai.com/2021/
2021,6178,東証1,6178 東証1,日本郵政株式会社,あずさ,2021/11/26,2021/11/26,http://www.daisanshaiinkai.com/cms/wp-content/uploads/2021/11/211126_chousa6178.pdf,2021/12/22,2021/12/22,http://www.daisanshaiinkai.com/cms/wp-content/uploads/2021/11/211222_chousa6178.pdf,＜外部調査チーム＞ ① 日本郵便本社の本事案当時の経営幹部及び関係役員等の関与状況等に関する調査 ② ①に関連するメール等のデジタルフォレンジック調査 ③ 本調査により認定した事実を踏まえた政治資金規正法への抵触の有無の調査,渥美坂井法律事務所・外国法共同事業,,http://www.daisanshaiinkai.com/2021/
2021,5076,東証1,5076 東証1,インフロニア・ホールディングス株式会社,EY新日本,2021/11/19,2021/11/19,http://www.daisanshaiinkai.com/cms/wp-content/uploads/2021/11/211119_chousa5076.pdf,,未公表,,＜特別調査委員会＞ 本件の事実関係及び原因等の調査,,,http://www.daisanshaiinkai.com/2021/
2021,4617,東証1,4617 東証1,中国塗料株式会社,EY新日本,2021/11/17,2021/11/17 2021/12/24,http://www.daisanshaiinkai.com/cms/wp-content/uploads/2021/11/211117_chousa4617.pdf http://www.daisanshaiinkai.com/cms/wp-content/uploads/2021/11/211224_chousa4617.pdf,2021/12/27,2021/12/27 2022/01/31,http://www.daisanshaiinkai.com/cms/wp-content/uploads/2021/11/211227_chousa4617.pdf http://www.daisanshaiinkai.com/cms/wp-content/uploads/2021/11/220131_chousa4617.pdf,＜調査委員会＞ （１）本件に関する事実関係の調査 （２）本件による連結財務諸表等への影響額の検証 （３）CMP上海及び CMP上海以外の子会社における本件と同種又は類似事案の有無及びその内容等に関する調査 （４）前述（１）及び（３）で確認された事実に関する原因分析並びに再発防止策の検討及び提言 （５）前各号にかかる調査の結果等を記載した調査報告書の作成,委員長：（TMI 総合法律事務所 弁護士） 滝 琢磨 委員：（TMI 総合法律事務所 弁護士／公認会計士） 吉井 久美子 委員：（PwCビジネスアシュアランス合同会社 公認会計士） 本多 守,TMI総合法律事務所 包城 偉豊 小田 智典 四方 岳 梅田 朋子 秋月 亮平 藤森 翔太 石戸 あかね 福岡 大河 服部 公亮 鄭 依晨 PwCビジネスアシュアランス合同会社 中山 崇 田島 靖大 寺本 昌弘 大角 泰史 成戸 宏隆 石川 良亮 高橋 翔太 龍 麻友 他18名,http://www.daisanshaiinkai.com/2021/
2021,3647,東証2,3647 東証2,株式会社ジー・スリーホールディングス,赤坂,2021/11/10,2021/11/10 2021/11/24 2021/12/15 2022/01/28,http://www.daisanshaiinkai.com/cms/wp-content/uploads/2021/11/211110_chousa3647.pdf http://www.daisanshaiinkai.com/cms/wp-content/uploads/2021/11/211124_chousa3647.pdf http://www.daisanshaiinkai.com/cms/wp-content/uploads/2021/11/211215_chousa3647.pdf http://www.daisanshaiinkai.com/cms/wp-content/uploads/2021/11/220128_chousa3647.pdf,2022/02/02,2022/02/02,http://www.daisanshaiinkai.com/cms/wp-content/uploads/2021/11/2200202_chousa3647.pdf,＜特別調査委員会＞ （１） 外部機関から指摘・質問を受けた案件に係る事実関係の調査 （２） （１）に類似する問題の存否及び事実関係の調査 （３） （１）及び（２）に関する組織的関与の有無 （４） （１）～（３）について問題のある事項と判断された場合、事実関係の原因分析及び再発防止策の提言 （５） その他当委員会が必要と判断した事項及びこれに関連する事項,委員長：（田辺総合法律事務所 弁護士） 中西 和幸 委員：（シティユーワ法律事務所 弁護士） 寺田 昌弘 委員：（PwCアドバイザリー合同会社 公認会計士） 那須 美帆子,田辺総合法律事務所 弁護士 薄井 琢磨 伊藤 英之 鈴木 翼 大寺 正史 シティユーワ法律事務所 弁護士 貞弘 賢太郎 島田 雄介 塚本 弥石 石神 脩平 北岡 諭 佐藤 彩花 PwCアドバイザリー合同会社 公認会計士 日下 洋輔 田中 泰生 相原 祐輔 PwCアドバイザリー合同会社 徳野 文子 他 14名,http://www.daisanshaiinkai.com/2021/
2021,6541,東証1,6541 東証1,グレイステクノロジー株式会社,EY新日本,2021/11/09,2021/11/09 2022/01/14,http://www.daisanshaiinkai.com/cms/wp-content/uploads/2021/11/211109_chousa6541.pdf http://www.daisanshaiinkai.com/cms/wp-content/uploads/2021/11/220114_chousa6541.pdf,2022/01/27,2022/01/27,http://www.daisanshaiinkai.com/cms/wp-content/uploads/2021/11/220127_chousa6541.pdf,＜特別調査委員会＞ （１）本件に係る事実関係の調査 （２）本件に類似する事象の有無の調査 （３）上記につき不適切な会計処理が判明した場合における当社財務諸表への影響額の確定 （４）不適切な会計処理が判明した場合には、その原因の究明と再発防止策の提言 （５）上記のほか、当委員会が必要と認める事項,委員長：（東京富士法律事務所 弁護士） 小澤 徹夫 委員：（東京富士法律事務所 弁護士） 足立 学 委員：（株式会社アカウンティング・アドバイザリー 公認会計士） 井上 寅喜,東京富士法律事務所 弁護士 廣瀬 正剛 プロアクト法律事務所 弁護士・公認不正検査士 大野 徹也 渡邉 宙志 田中 伸英 岩渕 恵理 株式会社アカウンティング・アドバイザリー 公認会計士 長谷川 直彦 大橋 大輔 弁護士 平井 太 ほか 1 名 株式会社ＫＰＭＧ ＦＡＳ 公認会計士 藤田 大介 見越 敬夫 斎田 修 水野 宏之 公認不正検査士 中村 久美子 ほか 11 名,http://www.daisanshaiinkai.com/2021/
2021,2427,東証1,2427 東証1,株式会社アウトソーシング,トーマツ,2021/11/05,2021/11/05,http://www.daisanshaiinkai.com/cms/wp-content/uploads/2021/11/211105_chousa2427.pdf,2021/12/28,2021/12/28,http://www.daisanshaiinkai.com/cms/wp-content/uploads/2021/11/211228_chousa2427-1.pdf,＜調査委員会＞ （１）本件社内調査により検出された本件 EN 疑義の調査 （２）本件 EN 疑義の類似事案その他の件外調査 （３）不適切な会計処理が判明した場合、その影響額の算定 （４）不適切な会計処理が判明した場合、その原因の究明及び再発防止策の提言 （５）その他、当委員会が必要と認めた事項,委員長 ：（弁護士法人大江橋法律事務所（東京事務所） 弁護士） 関口 智弘 委員：（公認会計士宇澤事務所 公認会計士・公認不正検査士） 宇澤 亜弓 委員：（弁護士法人大江橋法律事務所（東京事務所） 弁護士） 逸見 佳代,弁護士法人大江橋法律事務所（東京事務所） 弁護士 土屋 佑貴 角野 真美 大八木 雄也 纐纈 悠介 株式会社 KPMG FAS 公認会計士 高岡 俊文 須賀 永治 山口 孝之 床井 宏行 外 16 名 有限責任あずさ監査法人 公認会計士等6名,http://www.daisanshaiinkai.com/2021/
2021,6849,東証1,6849 東証1,日本光電工業株式会社,東陽,2021/11/04,2021/11/04,http://www.daisanshaiinkai.com/cms/wp-content/uploads/2021/11/211104_chousa6849.pdf,,未公表,,＜社内調査委員会＞ 全容解明に向けて詳細な事実関係の確認と原因究明および再発防止策の策定,,,http://www.daisanshaiinkai.com/2021/
2021,6182,マザーズ,6182 マザーズ,株式会社メタリアル,アヴァンティア,2021/10/15,2021/10/15,http://www.daisanshaiinkai.com/cms/wp-content/uploads/2021/10/211015_chousa6182.pdf,2021/11/29,2021/11/29 2021/11/30,http://www.daisanshaiinkai.com/cms/wp-content/uploads/2021/10/211129_chousa6182.pdf http://www.daisanshaiinkai.com/cms/wp-content/uploads/2021/10/211130_chousa6182.pdf,＜特別調査委員会＞ （１）本件調査事項に関する事実関係及び会計処理の調査 （２）本件調査事項に類似した取引の有無の検証（件外調査事項） （３）上記（１）及び（２）による連結財務諸表への影響額の確定 （４）上記（１）及び（２）が生じた原因分析と再発防止策の提言 （５）上記の他、当委員会が必要と認めた事項,委員長：（弁護士法人ほくと総合法律事務所 弁護士） 中原 健夫 委員：（弁護士法人ほくと総合法律事務所 弁護士） 倉橋 博文 委員：（株式会社アカウンティング・アドバイザリー 公認会計士） 井上 寅喜,弁護士法人ほくと総合法律事務所 弁護士 高橋 康平 中野 雅文 又吉 重樹 藪田 崇之 株式会社アカウンティング・アドバイザリー 公認会計士 池内 宏幸 浅海 英孝 中田 尚 石田 悠真 株式会社 KPMG FAS（デジタル・フォレンジック） 公認会計士 藤田 大介 見越 敬夫 株式会社 KPMG FAS（デジタル・フォレンジック） 中村 久美子 他 4 名,http://www.daisanshaiinkai.com/2021/
2021,6173,マザーズ,6173 マザーズ,株式会社アクアライン,トーマツ,2021/10/14,2021/10/14,http://www.daisanshaiinkai.com/cms/wp-content/uploads/2021/10/211014_daisansha6173.pdf,2021/12/03,2021/12/03,http://www.daisanshaiinkai.com/cms/wp-content/uploads/2021/10/211203_daisansha6173.pdf,①顧客宛通知を行ったことを受けて2021年10月22日までにアクアラインに問い合わせがあった案件 ②本件処分の対象となった 3案件を担当したアクアラインのサービススタッフが 2015年8月31日（アクアラインの東京証券取引所マザーズ上場時）から2021年10月14日までに関与した過去案件 ③（前記①及び②の案件を含む）2015年8月31日（アクアラインの東京証券取引所マザーズ上場時）から 2021年 10月14日までに顧客からアクアラインに寄せられた前記 3 案件と同種又は類似の案件（消費生活センターへの相談案件を含む。） を対象として、特に特商法違反の有無等のほか、法令違反行為が経営陣からの指示によるものか否か、組織的なものか否かなどについて本調査を実施するとともに、アクアラインが、本件処分を踏まえた再発防止策の一環として構築した新モデルに関して、特に特商法に係る適法性の観点から本調査を実施し、本調査報告書をもって本調査の結果を報告するとともに、原因分析及び再発防止策に関する検討・提言を行うもの,委員長：（TMI総合法律事務所大阪オフィス 弁護士） 大島 正照 委員：（TMI総合法律事務所 弁護士） 鈴木 弘記 委員：（TMI総合法律事務所 弁護士） 安藤 庸博 委員：（リーガレックス合同会社 公認会計士・公認不正検査士） 立川 正人,TMI総合法律事務所 弁護士 森川 久範 森安 博行 大嵜 将史 内野 寛信 山口 貴臣 矢川 乾介 宮上 泰明 安里 祐介 鈴木 雄貴 中津川 望 安 昌秀 郭 宗浩 加藤 大地 木山 健太朗 小島 瑞穂 中沢 大佑 東 駿佑 平井 希依 八尾 理菜 吉岡 美紀 リーガレックス合同会社 公認会計士・公認不正検査士 髙山 清子 公認会計士 金子 広行 石塚 勝仁 その他、公認会計士 3 名,http://www.daisanshaiinkai.com/2021/
2021,9903,JASDAQ,9903 JASDAQ,株式会社カンセキ,EY新日本,2021/10/08,2021/10/08 2021/10/11,http://www.daisanshaiinkai.com/cms/wp-content/uploads/2021/10/211008_daisansha9903.pdf http://www.daisanshaiinkai.com/cms/wp-content/uploads/2021/10/211011_daisansha9903.pdf,2021/11/09,2021/11/09,http://www.daisanshaiinkai.com/cms/wp-content/uploads/2021/10/211109_daisansha9903.pdf,（１） 本件不正行為に係る事実関係の調査 （２） 類似事案の有無及び事実関係の調査 （３） 本件不正行為及び類似事案の会計上の影響の検討 （４） 本件不正行為の発生原因の分析及び再発防止策の提言,委員長：（銀座中央法律事務所 弁護士） 有田 知德 委員：（シティユーワ法律事務所 弁護士） 政木 道夫 委員：（ACE コンサルティング株式会社 公認会計士） 小川 真人,弁護士 5 名 公認会計士 2 名,http://www.daisanshaiinkai.com/2021/
2021,3167,東証1,3167 東証1,株式会社ＴＯＫＡＩホールディングス,トーマツ,2021/10/08,2021/10/08,http://www.daisanshaiinkai.com/cms/wp-content/uploads/2021/10/211008_chousa3167.pdf,2021/12/24,2021/12/24,http://www.daisanshaiinkai.com/cms/wp-content/uploads/2021/10/211224_chousa3167.pdf,＜社内調査委員会＞ 詳細な内容の解明、管理者の責任、原因究明および再発防止の策定,,,http://www.daisanshaiinkai.com/2021/
2021,4286,東証1,4286 東証1,株式会社レッグス,京都,2021/09/29,2021/09/29,http://www.daisanshaiinkai.com/cms/wp-content/uploads/2021/09/210929_chousa4286.pdf,2021/09/29,2021/09/29,http://www.daisanshaiinkai.com/cms/wp-content/uploads/2021/09/210929_chousa4286-1.pdf,＜特別調査委員会＞ 本件不正行為の全容の解明調査,,,http://www.daisanshaiinkai.com/2021/
2021,5935,JASDAQ,5935 JASDAQ,元旦ビューティ工業株式会社,トーマツ,2021/09/01,2021/09/01,http://www.daisanshaiinkai.com/cms/wp-content/uploads/2021/09/210901_chousa5935.pdf,2021/11/15,2021/11/15 2021/11/18,http://www.daisanshaiinkai.com/cms/wp-content/uploads/2021/09/211115_chousa5935.pdf http://www.daisanshaiinkai.com/cms/wp-content/uploads/2021/09/211118_chousa5935.pdf,＜不正取引調査委員会＞ （１）本件の事実関係の調査・確認 （２）類似事案の有無の調査 （３）本件の財務諸表への影響検討 （４）本件が生じた原因分析及び再発防止策の提言,委員長：（当社常勤監査役） 堀内 明 委員：（遠藤秀幸法律事務所 弁護士） 遠藤 秀幸 委員：（当社社外取締役） 南 元一 委員：（当社社外監査役 殿木公認会計士事務所 公認会計士・税理士） 殿木 輝 委員：（当社社外監査役 LBA アドバイザリー株式会社 公認会計士・税理士） 岸井 幸生 委員：（当社管理本部長） 柴田 健二,,http://www.daisanshaiinkai.com/2021/
2021,8418,東証1,8418 東証1,株式会社山口フィナンシャルグループ,あずさ,2021/08/31,2021/08/31 2021/09/30,http://www.daisanshaiinkai.com/cms/wp-content/uploads/2021/08/210831_chousa8418.pdf http://www.daisanshaiinkai.com/cms/wp-content/uploads/2021/08/210930_chousa8418.pdf,2021/10/14,2021/10/14,http://www.daisanshaiinkai.com/cms/wp-content/uploads/2021/08/211014_chousa8418.pdf,＜社内調査本部＞ 「新銀行設立にかかる案件の進め方」及びこれに関連する事象について、事実関係等を詳細に確認した上で、当社の取締役会が従来認識している事実以外にさらにガバナンス上の問題がなかったか等を調査するもの,本部長：（取締役監査等委員） 福田 進 副本部長：（専務執行役員監査部長） 田辺 修司 アドバイザー：（弁護士法人 中央総合法律事務所 弁護士） 錦野 裕宗 アドバイザー：（弁護士法人 中央総合法律事務所 弁護士） 鍜治 雄一 アドバイザー：（弁護士法人 中央総合法律事務所 弁護士） 小宮 俊,,http://www.daisanshaiinkai.com/2021/
2021,6050,東証1,6050 東証1,イー・ガーディアン株式会社,太陽,2021/08/31,2021/08/31,http://www.daisanshaiinkai.com/cms/wp-content/uploads/2021/08/210831_chousa6050.pdf,2021/11/11,2021/11/11,http://www.daisanshaiinkai.com/cms/wp-content/uploads/2021/08/211111_chousa6050.pdf,＜調査委員会＞ （１）本件に関する事実関係の確認 （２）本件による業績への影響額の確認 （３）本件が生じた原因分析と再発防止策の提言 （４）その他、調査委員会が必要と認めた事項,委員長：（当社社外取締役監査等委員 公認会計士） 楠美 雅堂 委員：（あたご法律事務所 弁護士） 瀧澤 秀俊 委員：（当社社外取締役監査等委員 弁護士） 大川 康平 委員：（当社社外取締役監査等委員 公認会計士） 峯尾 商衡 委員：（当社総務部内部監査担当） 藤倉 邦之,公認会計士 2名 表参道パートナーズ法律事務所 弁護士 赤坂屋 潤 唐木 大輔 大原 宏晶 イー・ガーディアン株式会社職員,http://www.daisanshaiinkai.com/2021/
2020,6047,東証1,6047 東証1,株式会社Ｇｕｎｏｓｙ,EY新日本,2020/10/08,2020/10/08,http://www.daisanshaiinkai.com/cms/wp-content/uploads/2020/10/201008_chousa6047.pdf,2020/10/08,2020/10/08,http://www.daisanshaiinkai.com/cms/wp-content/uploads/2020/10/201008_chousa6047-1.pdf,＜特別調査委員会＞ ① D 社において、法令に違反する疑いのある不正な広告記事の作成が行われていた件の事実経緯の調査、発生原因の究明及び再発防止策の提言 ② G 社運営のアドネットワークにおいて、法令に違反する疑いのある不正な広告記事が配信されていた件の事実経緯の調査、発生原因の究明及び再発防止策の提言,委員長：（一般財団法人日本医薬情報センター会長及び西村あさひ法律事務所アドバイザー） 村上 貴久 委員：（弁護士法人ほくと総合法律事務所 弁護士） 倉橋 博文 委員：（大知法律事務所 弁護士） 金井 暁,大知法律事務所 弁護士 高野 哲也 岸本 悠 弁護士法人ほくと総合法律事務所 弁護士 山本 裕人,http://www.daisanshaiinkai.com/2020/page/2/
2020,4526,東証1,4526 東証1,理研ビタミン株式会社,あずさ,2020/10/07,2020/10/07,http://www.daisanshaiinkai.com/cms/wp-content/uploads/2020/10/201007_chousa4526.pdf,2020/11/13,2020/11/13,http://www.daisanshaiinkai.com/cms/wp-content/uploads/2020/10/201113_chousa4526.pdf,＜特別調査委員会＞ ① 青島福生食品における棚卸資産の評価に関する不適切な会計処理の疑義（以下「本件」という。）に係る事実関係の調査 ② 本件に類似する問題の有無及び事実関係の調査 ③ その他、当委員会が必要と認めた事項,委員長：（森・濱田松本法律事務所 弁護士） 藤津 康彦 委員：（ＰｗＣアドバイザリー合同会社 公認会計士） 那須 美帆子 委員：（当社社外取締役監査等委員 独立役員 公認会計士） 竹俣 耕一 委員：（当社社外取締役監査等委員 独立役員） 藤永 敏,森・濱田松本法律事務所 弁護士 宮田 俊 森 規光 蔦 大輔 保坂 泰貴 山内 裕雅 門田 航希 中国律師 康 石 姚 珊 中国パラリーガル 金 春賢 楊 越文 PwC アドバイザリー合同会社 公認会計士 大塚 晃 田島 靖大 高橋 翔太 小俣 努 他 19 名,http://www.daisanshaiinkai.com/2020/page/2/
2020,8697,東証1,8697 東証1,株式会社日本取引所グループ,トーマツ,2020/10/05,2020/10/05,http://www.daisanshaiinkai.com/cms/wp-content/uploads/2020/12/201005_chousa8697.pdf,2020/11/30,2020/11/30,http://www.daisanshaiinkai.com/cms/wp-content/uploads/2020/12/201130_chousa8697.pdf,＜独立社外取締役による調査委員会＞ ① 本障害発生の原因 ② 発生日当日中の取引再開が出来なかった理由 ③ 責任の所在 ④ 再発防止措置,委員長：（日比谷パーク法律事務所代表 弁護士、JPX 独立社外取締役、JPX 指名委員会委員、JPX リスクポリシー委員会委員長） 久保利 英明 委員：（JPX 独立社外取締役、JPX 指名委員会委員） 遠藤 信博 委員：（JPX 独立社外取締役、JPX 監査委員会委員、JPX リスクポリシー委員会委員） 幸田 真音 委員：（JPX 独立社外取締役、JPX 監査委員会委員長、JPX リスクポリシー委員会委員） 米田 壯,日比谷パーク法律事務所パートナー 弁護士・弁理士 上山 浩 日比谷パーク法律事務所パートナー 弁護士 小川 尚史,http://www.daisanshaiinkai.com/2020/page/2/
2020,6408,JASDAQ,6408 JASDAQ,小倉クラッチ株式会社,あずさ,2020/10/05,2020/10/05,http://www.daisanshaiinkai.com/cms/wp-content/uploads/2020/10/201005_chousa6408.pdf,2020/12/16,2020/12/16,http://www.daisanshaiinkai.com/cms/wp-content/uploads/2020/10/201216_chousa6408.pdf,＜特別調査委員会＞ ・ 本件に関する事実関係の解明 ・ 本件による当社連結財務諸表等への影響額の確認 ・ 本件が生じた原因の分析と再発防止策の提言 ・ 類似取引・事例の有無の確認 ・ その他、特別調査委員会が必要と認めた事項,委員長：（のぞみ総合法律事務所 弁護士） 結城 大輔 委員：（株式会社アカウンティング・アドバイザリー 公認会計士） 井上 寅喜 委員：（のぞみ総合法律事務所 弁護士） 大東 泰雄,のぞみ総合法律事務所 弁護士 佐藤 文行 小林 敬正（調査期間途中より Covington & Burling LLP にて勤務） 福塚 侑也 株式会社アカウンティ ング・アドバイザリー 公認会計士 池内 宏幸 中国公認会計士 ルアン リンナ 公認会計士・米国公認会計士 碓田 篤史 上海澜亭弁護士事務所（上海ランディング法律事務所） 中国弁護士（律師） 叶 森 顧 燕華 邵 玉潔 中国公認会計士 張 靖輝 施 紀東 EY 新日本有限責任監査法人 公認会計士 荒張 健 金子 昌嗣 曽木 貴子 公認情報システム監査人 西原 則晶 公認不正検査士(デジタル・フォレンジック担当) 両角 智之 東 万里子 和栗 裕樹 寄川 大輔 他 29 名 Ernst & Young (China) Advisory Limited 所属 米国弁護士 三宅 亜紀子 中国公認会計士 杜 奕佳 谈 琳琳 张 梦丽 デジタル・フォレンジック担当 宋 柳霖 他 23 名 Ernst & Young LLP United States Covington & Burling LLP（コビントン・バーリング法律事務所） 米国弁護士 Daniel Suleiman Molly Doggett,http://www.daisanshaiinkai.com/2020/page/2/
2020,3107,東証1,3107 東証1,ダイワボウホールディングス株式会社,EY新日本,2020/09/30,2020/09/30 2020/10/30,http://www.daisanshaiinkai.com/cms/wp-content/uploads/2020/09/200930_chousa3107.pdf http://www.daisanshaiinkai.com/cms/wp-content/uploads/2020/09/201030_chousa3107.pdf,2020/11/27,2020/11/27,http://www.daisanshaiinkai.com/cms/wp-content/uploads/2020/09/201127_chousa3107.pdf,＜特別調査委員会＞ ①本件循環取引の事実関係及びその原因の究明 ②長期間にわたって本件循環取引の発見が遅れたことの原因の究明 ③大和紡績における本件循環取引以外の不適切な取引の調査並びに仮に存在したときは事実関係及び原因の究明 ④上記①から③についての有効な再発防止策の提言,委員長：（当社社外監査役 弁護士法人藤木新生法律事務所 弁護士） 藤木 久 委員：（当社社外監査役 マイスター公認会計士共同事務所 公認会計士） 植田 益司 委員：（弁護士法人藤木新生法律事務所 弁護士 公認不正検査士） 藤井 安子 委員：（弁護士法人藤木新生法律事務所 弁護士 公認不正検査士） 井上 彩 委員：（公認会計士・税理士松山元浩事務所 公認会計士） 松山 元浩 委員：（当社常勤監査役） 小野 正也,公認会計士 宮宇地 晃久 水井 圭人,http://www.daisanshaiinkai.com/2020/page/2/
2020,6192,東証1,6192 東証1,ハイアス・アンド・カンパニー株式会社,あずさ,2020/08/31,2020/08/31 2020/09/28,http://www.daisanshaiinkai.com/cms/wp-content/uploads/2020/09/200831_daisansha6192.pdf http://www.daisanshaiinkai.com/cms/wp-content/uploads/2020/09/200928_chousa6192.pdf,2020/09/29,2020/09/29 2020/10/26,http://www.daisanshaiinkai.com/cms/wp-content/uploads/2020/09/200929_chousa6192.pdf http://www.daisanshaiinkai.com/cms/wp-content/uploads/2020/09/201026_chousa6192.pdf,（１）新たな疑義に関する事実関係の調査 （２）類似事案の有無の確認 （３）上記（１）及び（２）による当社財務諸表への影響の確定 （４）当社株式の東京証券取引所マザーズから東京証券取引所市場第一部への市場変更のための審査に際してなされた報告内容に疑義を生じさせた事実関係の調査 （５）原因究明及び再発防止策の提言,委員長：（山口利昭法律事務所 弁護士・公認不正検査士） 山口 利昭 副委員長：（プロアクト法律事務所 弁護士・公認不正検査士 ） 竹内 朗 委員：（アンダーソン・毛利・友常法律事務所 弁護士） 三宅 英貴 委員：（光和総合法律事務所 弁護士） 伊藤 信彦 委員：（河江健史会計事務所 公認会計士） 河江 健史,プロアクト法律事務所 弁護士・公認不正検査士 大野 徹也 渡邉 宙志 田中 伸英 岩渕 恵理 アンダーソン・毛利・友常法律事務所 弁護士 大西 良平 髙田 将寛 角田 匠吾 光和総合法律事務所 弁護士 木谷 太郎 中澤 雄二 野原 俊介 鈴木 智也 永井 徳人 井上 龍太郎 坂下 大貴 橋本 祥 佐藤 敬太 網倉 健太 櫻井 駿 松宮 愛 公認会計士チーム 張本 和志 佐々木 洋平 河合 健一 吉田 浩平 吉田 圭太 田村 亮人 髙山 清子 他 5 名 PwC アドバイザリー合同会社 公認会計士 那須 美帆子 岡本 真一 井上 浩三郎 小澤 茂樹 石垣 貴博 他 3 名 株式会社 foxcale 松村 直毅 小池 赳司（公認会計士） 宮下 敦士 田野邊 昂明 平山 遼,http://www.daisanshaiinkai.com/2020/page/2/
2020,9059,東証2,9059 東証2,カンダホールディングス株式会社,あずさ,2020/08/21,2020/08/21,http://www.daisanshaiinkai.com/cms/wp-content/uploads/2020/09/200821_chousa9059.pdf,2020/09/29,2020/09/29,http://www.daisanshaiinkai.com/cms/wp-content/uploads/2020/09/200929_chousa9059.pdf,＜社内調査委員会＞ ① 本件疑義に関する事実関係の調査 ② 本件疑義に類似する問題の有無及び事実関係の調査 ③ ①及び②を踏まえた再発防止策の提言,委員長：（当社代表取締役社長） 原島 藤壽 委員（事務局長）：（当社取締役管理本部長） 江文 順一 委員：（当社総務部長） 土屋 洋一 委員：（当社経理部長） 田中 隆雄 委員：（当社顧問弁護士 村田・若槻法律事務所） 村田 雅夫 オブザーバー：（当社常勤監査役） 土屋 ミチ子 オブザーバー：（当社品質安全管理室顧問） 守谷 光明,当社監査室,http://www.daisanshaiinkai.com/2020/page/2/
2020,1960,東証2,1960 東証2,株式会社サンテック,東邦,2020/07/30,2020/07/30,http://www.daisanshaiinkai.com/cms/wp-content/uploads/2020/11/200730_chousa1960.pdf,2020/11/26,2020/11/26,http://www.daisanshaiinkai.com/cms/wp-content/uploads/2020/07/201126_chousa1960.pdf,＜社内調査委員会＞ （1）当該不正事実の全容解明 （2）類似事案の有無に関する調査 （3）上記を踏まえた再発防止策の検討,委員長：（取締役 コンプライアンス担当） 八幡 信孝 副委員長：（執行役員管理ユニット長） 舩戸 文英 委員：（社外取締役） 佐藤正臣 委員：（監査室長） 関口 金男 委員：（執行役員企画ユニット長） 河野 直 委員：（取締役 上席執行役員 中国・四国地区担当支配人） 井出崎 功,,http://www.daisanshaiinkai.com/2020/page/2/
2020,6192,東証1,6192 東証1,ハイアス・アンド・カンパニー株式会社,あずさ,2020/07/28,2020/07/28 2020/08/17 2020/08/31,http://www.daisanshaiinkai.com/cms/wp-content/uploads/2020/07/200728_chousa6192.pdf http://www.daisanshaiinkai.com/cms/wp-content/uploads/2020/07/200817_chousa6192.pdf http://www.daisanshaiinkai.com/cms/wp-content/uploads/2020/07/200831_daisansha6192.pdf,,未公表,,＜特別調査委員会＞ （１）本件に関する事実関係の調査 （２）類似事案の有無の確認 （３）上記（１）及び（２）による当社財務諸表への影響の確定 （４）原因究明及び再発防止策の提言,委員長：（光和総合法律事務所 弁護士） 伊藤 信彦 委員：（当社社外取締役） 赤井 厚雄 委員：（当社社外監査役、本間合同法律事務所 弁護士） 坂田 真吾 委員：（河江健史会計事務所 公認会計士） 河江 健史,,http://www.daisanshaiinkai.com/2020/page/2/
2020,4526,東証1,4526 東証1,理研ビタミン株式会社,あずさ,2020/07/27,2020/07/27,http://www.daisanshaiinkai.com/cms/wp-content/uploads/2020/07/200727_chousa4526.pdf,2020/09/23,2020/09/23,http://www.daisanshaiinkai.com/cms/wp-content/uploads/2020/07/200923_chousa4526.pdf,＜特別調査委員会＞ 青島福生食品のエビ加工品の取引に係る事実関係の調査,委員長：（森・濱田松本法律事務所 弁護士） 藤津 康彦 委員：（ＰｗＣアドバイザリー合同会社 公認会計士） 那須 美帆子 委員：（当社社外取締役監査等委員 独立役員 公認会計士） 竹俣 耕一 委員：（当社社外取締役監査等委員 独立役員） 藤永 敏,森・濱田松本法律事務所 弁護士 宮田 俊 森 規光 蔦 大輔 保坂 泰貴 山内 裕雅 門田 航希 森・濱田松本法律事務所 中国律師 康 石 姚 珊 森・濱田松本法律事務所 中国パラリーガル 金 春賢 楊 越文 PwC アドバイザリー合同会社 公認会計士 大塚 晃 田島 靖大 高橋 翔太 小俣 努 他 19 名,http://www.daisanshaiinkai.com/2020/page/2/
2020,9503,東証1,9503 東証1,関西電力株式会社,トーマツ,2020/07/22,2020/07/22,http://www.daisanshaiinkai.com/cms/wp-content/uploads/2020/07/200722_chousa9503.pdf,2020/10/06,2020/10/06,http://www.daisanshaiinkai.com/cms/wp-content/uploads/2020/07/201006_chousa9503.pdf,本件金品受領問題に関し、客観的かつ徹底的な調査,弁護士法人北浜法律事務所 弁護士 渡辺 徹,,http://www.daisanshaiinkai.com/2020/page/2/
2020,4714,東証1,4714 東証1,株式会社リソー教育,誠栄,2020/07/20,2020/07/20,http://www.daisanshaiinkai.com/cms/wp-content/uploads/2020/07/200720_chousa4714-1.pdf,2020/08/21,2020/08/21,http://www.daisanshaiinkai.com/cms/wp-content/uploads/2020/07/200821_chousa4714-1.pdf,＜外部調査委員会＞ ① 社内調査委員会が行う本件配当に係る事実関係の確認、原因の究明及び再発防止策の検討等の結果を検証すること ② 必要に応じ、独自に、本件配当に係る事実関係の調査及び原因究明を行い、再発防止策の提言をすること ③ 本件配当に係る関係者の責任について検討すること,委員長：（アンダーソン・毛利・友常法律事務所パートナー 弁護士） 松村 卓治 委員：（アンダーソン・毛利・友常法律事務所スペシャル・カウンセル 弁護士） 早田 尚貴 委員：（アンダーソン・毛利・友常法律事務所パートナー 弁護士） 西谷 敦,,http://www.daisanshaiinkai.com/2020/page/2/
2020,4714,東証1,4714 東証1,株式会社リソー教育,誠栄,2020/07/15,2020/07/15 2020/07/20,http://www.daisanshaiinkai.com/cms/wp-content/uploads/2020/07/200715_chousa4714.pdf http://www.daisanshaiinkai.com/cms/wp-content/uploads/2020/07/200720_chousa4714.pdf,2020/08/21,2020/08/21,http://www.daisanshaiinkai.com/cms/wp-content/uploads/2020/07/200821_chousa4714.pdf,＜社内調査委員会＞ 事実関係の確認、原因の究明、再発防止策及び社内処分の検討等を行うため,委員長：（常勤監査役） 表 美行 委員：（執行役員） 笠 賢一郎 委員：（内部監査室長） 真田 信治 他,,http://www.daisanshaiinkai.com/2020/page/2/
2020,6319,東証1,6319 東証1,株式会社シンニッタン,大手門,2020/07/14,2020/07/14,http://www.daisanshaiinkai.com/cms/wp-content/uploads/2020/08/200714_chousa6319.pdf,2020/08/12,2020/08/12,http://www.daisanshaiinkai.com/cms/wp-content/uploads/2020/08/200812_chousa6319.pdf,＜外部調査委員会＞ ① 本件自己株式取得及び本件配当に関する事実関係の調査 ② 分配可能額を超過した原因の究明及び再発防止策の提言 ③ 本件自己株式取得及び本件配当に関する関係者の責任の検討,委員：（三浦法律事務所 弁護士） 三浦 亮太 委員：（三浦法律事務所 弁護士、公認会計士） 木内 敬 委員：（三浦法律事務所 弁護士） 村田 晴香,,http://www.daisanshaiinkai.com/2020/page/2/
2020,6675,東証1,6675 東証1,サクサホールディングス株式会社,EY新日本,2020/06/24,2020/06/24,http://www.daisanshaiinkai.com/cms/wp-content/uploads/2020/06/200624_chousa6675.pdf,2020/10/07,2020/10/07 2020/10/09,http://www.daisanshaiinkai.com/cms/wp-content/uploads/2020/06/201007_chousa6675.pdf http://www.daisanshaiinkai.com/cms/wp-content/uploads/2020/06/201009_chousa6675.pdf,＜特別調査委員会＞ ① 本件疑義の徹底調査 ② 本件疑義の一部でも不適切な会計処理が認められた場合には、その類似取引の存否の検証、財務諸表への影響額の確定、原因の究明及び再発防止策の提言,委員長：（弁護⼠法⼈ほくと総合法律事務所 弁護士） 中原 健夫 委員：（株式会社アカウンティング・アドバイザリー 公認会計士） 井上 寅喜 委員：（独⽴役員・当社社外監査役 公認会計⼠） 飯森 賢⼆ 委員：（独⽴役員・当社社外監査役 弁護士） 清⽔ 建成,弁護士法人ほくと総合法律事務所 弁護士 石毛 和夫 福田 修三 千葉 恵介 高橋 康平 又吉 重樹 山本 裕人 弁護士法人ほくと総合法律事務所 弁護士・公認不正検査士 岡本 大毅 株式会社アカウンティング・アドバイザリー 公認会計士 齋藤 哲 浅海 英孝 越川 誠一 向井 一洋 佐塚 卓 のぞみ総合法律事務所 弁護士 結城 大輔 大東 泰雄 佐藤 文行 劉 セビョク 福塚 侑也 上海澜亭弁護士事務所（上海ランディング法律事務所） 中国弁護士（律師） 叶 森 大知法律事務所 弁護士 金井 暁 高野 哲也 岸本 悠 内山 悠太郎 赤坂総合法律事務所 弁護士 井田 大輔 株式会社 KPMG FAS 公認会計士 藤田 大介 見越 敬夫 斎田 修 竹本 裕史 外 17 名,http://www.daisanshaiinkai.com/2020/page/2/
2020,9024,東証1,9024 東証1,株式会社西武ホールディングス,EY新日本,2020/06/12,2020/06/12 2020/11/16,http://www.daisanshaiinkai.com/cms/wp-content/uploads/2020/06/200612_chousa9024.pdf http://www.daisanshaiinkai.com/cms/wp-content/uploads/2020/06/201116_chousa9024.pdf,2021/03/12,2021/03/12,http://www.daisanshaiinkai.com/cms/wp-content/uploads/2020/06/210312_chousa9024.pdf,当社の連結子会社である西武建設株式会社、西武造園株式会社、横浜緑地株式会社、及び西武緑化管理株式会社における実務経験不備の事実関係及びその背景・原因の調査並びに再発防止策の提言,委員長：（のぞみ総合法律事務所 弁護士） 矢田 次男 委員：（のぞみ総合法律事務所 弁護士） 吉野 弦太 委員：（のぞみ総合法律事務所 弁護士） 松林 智紀,のぞみ総合法律事務所 弁護士 川西 拓人 安田 栄哲 鈴木 和生 大畑 駿介 金森 四季 福塚 侑也 當舎 修（2020年（令和2年）10月31日まで）,http://www.daisanshaiinkai.com/2020/page/2/
2020,1982,東証1,1982 東証1,日比谷総合設備株式会社,あずさ,2020/05/22,2020/05/22,http://www.daisanshaiinkai.com/cms/wp-content/uploads/2020/05/200522_chousa1982.pdf,2020/05/22,2020/05/22,http://www.daisanshaiinkai.com/cms/wp-content/uploads/2020/05/200522_chousa1982-1.pdf,＜社内調査委員会＞,,,http://www.daisanshaiinkai.com/2020/page/2/
2020,6815,東証1,6815 東証1,ユニデンホールディングス株式会社,三優,2020/05/15,2020/05/15,http://www.daisanshaiinkai.com/cms/wp-content/uploads/2020/05/200515_chousa6815.pdf,2020/06/03,2020/06/03,http://www.daisanshaiinkai.com/cms/wp-content/uploads/2020/05/200603_chousa6815.pdf,＜外部調査委員会＞ 事実関係の把握及び再発防止策の検討,,,http://www.daisanshaiinkai.com/2020/page/2/
2020,5471,東証1・名証1,5471 東証1・名証1,大同特殊鋼株式会社,トーマツ,2020/05/15,2020/05/15,http://www.daisanshaiinkai.com/cms/wp-content/uploads/2020/05/200515_chousa5471.pdf,2020/05/15,2020/05/15,http://www.daisanshaiinkai.com/cms/wp-content/uploads/2020/05/200515_chousa5471-1.pdf,＜社内調査チーム＞ 本件に係る事実関係の把握、連結財務諸表への影響額の確認、ならびに原因の分析と再発防止策の検討,,,http://www.daisanshaiinkai.com/2020/page/2/
2020,6548,マザーズ,6548 マザーズ,株式会社旅工房,EY新日本,2020/05/12,2020/05/12 2020/06/17,http://www.daisanshaiinkai.com/cms/wp-content/uploads/2020/05/200512_chousa6548.pdf http://www.daisanshaiinkai.com/cms/wp-content/uploads/2020/05/200617_chousa6548.pdf,2020/06/26,2020/06/26,http://www.daisanshaiinkai.com/cms/wp-content/uploads/2020/05/200626_chousa6548.pdf,＜外部調査チーム＞ ① 本件従業員による経理上の不正行為に関して、第三者による公正、中立かつ客観的な視点から、事実関係の調査、その会計的・法的評価、及び再発防止策の提案を行うこと。 ② 本件従業員以外の者による経理上の不正行為に関して、第三者による公正、中立かつ客観的な視点からその存否を調査するとともに、そのような不正行為が新たに検出された場合には、当該不正行為に関して、前記①と同様の調査、評価、及び提案を行うこと。,西村あさひ法律事務所 パートナー 弁護士 髙橋 宏達 西村あさひ法律事務所 アソシエイト 弁護士 福嶋 美里 西村あさひ法律事務所 アソシエイト 弁護士 﨑 香織,,http://www.daisanshaiinkai.com/2020/page/3/
2020,5486,東証1,5486 東証1,日立金属株式会社,EY新日本,2020/04/27,2020/04/27,http://www.daisanshaiinkai.com/cms/wp-content/uploads/2020/04/200427_chousa5486.pdf,2021/01/28,2021/01/28 2021/10/26,http://www.daisanshaiinkai.com/cms/wp-content/uploads/2020/04/210128_chousa5486.pdf http://www.daisanshaiinkai.com/cms/wp-content/uploads/2020/04/211026_chousa5486.pdf,＜特別調査委員会＞ 客観的な視点から事実関係・発生原因を調査,委員長：（長島・大野・常松法律事務所顧問 弁護士） 伊丹 俊彦 委員：（同事務所パートナー 弁護士） 垰 尚義 委員：（同事務所パートナー 弁護士） 深水 大輔,長島・大野・常松法律事務所 弁護士 54名,http://www.daisanshaiinkai.com/2020/page/3/
2020,6615,東証1,6615 東証1,ユー・エム・シー・エレクトロニクス株式会社,EY新日本,2020/04/23,2020/04/23,http://www.daisanshaiinkai.com/cms/wp-content/uploads/2020/04/200423_chousa6615.pdf,2020/05/26,2020/05/26,http://www.daisanshaiinkai.com/cms/wp-content/uploads/2020/04/200526_chousa6615.pdf,＜コンプライアンス委員会＞ ① 不適切な会計処理の有無等の事実関係の解明 ② 本件と類似する事案の存否・内容の調査（以下「類似取引調査」という。） ③ 連結財務諸表への影響額の確定 ④ 原因の究明及び再発防⽌策の提⾔,委員長：（社外取締役・監査等委員会委員⻑） 中村 薫 委員：（東京富士法律事務所 弁護士） 足立 学 委員：（株式会社アカウンティング・アドバイザリー 公認会計士） 井上 寅喜 その他 弁護⼠ 4 名 公認会計⼠ 3 名,,http://www.daisanshaiinkai.com/2020/page/3/
2020,9503,東証1,9503 東証1,関西電力株式会社,トーマツ,2020/03/30,2020/03/30,http://www.daisanshaiinkai.com/cms/wp-content/uploads/2020/04/200330_chousa9503.pdf,2020/06/08,2020/06/08,http://www.daisanshaiinkai.com/cms/wp-content/uploads/2020/04/200608_chousa9503.pdf,＜取締役責任調査委員会＞ 当社の役員等が社外の関係者から金品等を受け取っていた問題等に関して、個人株主から提訴請求を受けたこと等を踏まえて、取締役がその職務執行につき善管注意義務違反等により当社に対する損害賠償責任を負うか否か等について、法的な側面から調査・検討を行う。,委員長：（ＴＭＩ総合法律事務所 弁護士） 才口 千晴 委員：（岡綜合法律事務所 弁護士） 岡 伸浩 委員：（西村あさひ法律事務所 弁護士） 太田 洋 委員：（西村あさひ法律事務所 弁護士） 木目田 裕,TMI 総合法律事務所 弁護士 大瀧 泰平 岡綜合法律事務所 弁護士 小林 一輝 西村あさひ法律事務所 弁護士 臼杵 弘宗 八木 浩史 首藤 瑛里 秋吉 諒 松本 佳子 山本 壮 佐藤 正晴,http://www.daisanshaiinkai.com/2020/page/3/
2020,6403,JASDAQ,6403 JASDAQ,水道機工株式会社,EY新日本,2020/03/27,2020/03/27 2020/05/14,http://www.daisanshaiinkai.com/cms/wp-content/uploads/2020/03/200327_daisansha6403.pdf http://www.daisanshaiinkai.com/cms/wp-content/uploads/2020/03/200514_daisansha6403.pdf,2020/09/25,2020/09/25 2021/02/05,http://www.daisanshaiinkai.com/cms/wp-content/uploads/2020/03/200925_chousa6403.pdf http://www.daisanshaiinkai.com/cms/wp-content/uploads/2020/03/210205_daisansha6403.pdf,① 技術検定試験に係る実務経験及び指導監督的実務経験不備の調査（実地試験に係る不適切な受験指導の調査を含む。） ② 監理技術者資格者証（機械器具設置工事、水道施設工事及び清掃施設工事）の申請に係る実務経験及び指導監督的実務経験不備の調査 ③ 原因分析及び再発防止策の提言 ④ 不適切な行為により取得された資格に基づいて現場の主任技術者・監理技術者として配置された物件における施工品質の調査 ⑤ その他当委員会が調査を必要と認めた一切の事項,委員長：（岩田合同法律事務所 弁護士） 本村 健 委員：（弁護士法人ほくと総合法律事務所 弁護士） 中原 健夫 委員：（岩田合同法律事務所 弁護士・公認会計士・公認不正検査士） 武藤 雄木 委員：（岩田合同法律事務所 弁護士） 青木 晋治 委員：（弁護士法人ほくと総合法律事務所 弁護士） 高橋 康平,岩田合同法律事務所 弁護士 丸山 真司 森 駿介 石川 哲平 堀 譲 蛯原 俊輔 堀 優夏 石川 裕彬 野口 大資 安西 一途 岩田合同法律事務所 パラリーガル・スタッフ等 岡本 有平 土井 真波 河上 こずえ 中里 眞央 ほか 7 名 弁護士法人ほくと総合法律事務所 弁護士 太宰 賢二 奥津 啓太 山本 裕人,http://www.daisanshaiinkai.com/2020/page/3/
2020,5290,東証2,5290 東証2,株式会社ベルテクスコーポレーション,大手門会計事務所,2020/03/26,2020/03/26,http://www.daisanshaiinkai.com/cms/wp-content/uploads/2020/03/200326_chousa5290.pdf,,未公表,,＜調査委員会＞,,,http://www.daisanshaiinkai.com/2020/page/3/
2020,9412,東証1,9412 東証1,株式会社スカパーＪＳＡＴホールディングス,トーマツ,2020/03/19,2020/03/19,http://www.daisanshaiinkai.com/cms/wp-content/uploads/2020/03/200319_futekisetsu9412.pdf,2020/03/19,2020/03/19,http://www.daisanshaiinkai.com/cms/wp-content/uploads/2020/03/200319_futekisetsu9412-1.pdf,＜社内調査＞ 同案件に関する事案の徹底解明と原因究明の調査を進めるとともに、エンルートがこれまでにNEDOを含む公的機関から公的資金を受給して実施したその他の案件についても必要な調査,,,http://www.daisanshaiinkai.com/2020/page/3/
2020,7612,JASDAQ,7612 JASDAQ,株式会社Nuts,元和,2020/03/12,2020/03/12 2020/04/13 2020/06/17,http://www.daisanshaiinkai.com/cms/wp-content/uploads/2020/03/200312_chousa7612.pdf http://www.daisanshaiinkai.com/cms/wp-content/uploads/2020/03/200413_chousa7612.pdf http://www.daisanshaiinkai.com/cms/wp-content/uploads/2020/03/200617_chousa7612.pdf,2020/09/28,2020/09/28,http://www.daisanshaiinkai.com/cms/wp-content/uploads/2020/03/200928_chousa7612.pdf,＜外部調査委員会＞ 本件に係る詳細な事実関係の調査、本件に類似する事案の有無を含めた件外調査及び原因の究明（直接的な原因のみならず、企業風土、コンプライアンス及び組織運営体制の課題といった背景となる要因等を含みます。）並びに必要な改善提案,委員長：（元検事・元公正取引委員会委員 弁護士） 神垣 清水 委員：（元東京地方裁判所判事補 弁護士） 大下 良仁 委員：（公認会計士・税理士） 横山 友之,東京フィナンシャル・アドバイザーズ株式会社 公認会計士 能勢 元 福本 翼 OMM 法律事務所 弁護士 大塚 和成 榎木 智浩 葛西 悠吾 森江 悠斗,http://www.daisanshaiinkai.com/2020/page/3/
2020,3524,東証1,3524 東証1,日東製網株式会,東陽,2020/03/10,2020/03/10,http://www.daisanshaiinkai.com/cms/wp-content/uploads/2020/03/200310_chousa3524.pdf,,未公表,,当社の内部調査により発覚した、元従業員の現金着服および事実隠蔽のための会計上の操作について、外部の専門家を含めた調査チームを立ち上げ調査を進めたもの。,未公表,未公表,http://www.daisanshaiinkai.com/2020/page/3/
2020,8746,JASDAQ,8746 JASDAQ,第一商品株式会社,海南,2020/03/10,2020/03/10 2020/03/10 2020/03/11 2020/03/13,http://www.daisanshaiinkai.com/cms/wp-content/uploads/2020/03/200310_chousa8746-1.pdf http://www.daisanshaiinkai.com/cms/wp-content/uploads/2020/03/200310_chousa8746-2.pdf http://www.daisanshaiinkai.com/cms/wp-content/uploads/2020/03/200311_daisansha8746.pdf http://www.daisanshaiinkai.com/cms/wp-content/uploads/2020/03/200313_daisansha8746.pdf,2020/04/30,2020/04/30,http://www.daisanshaiinkai.com/cms/wp-content/uploads/2020/03/200430_chousa8746.pdf,・監査官庁から疑義の指摘を受けた長期貸付金取引の実在性、その他関連取引(以下「本件」という。)の事実関係の確認及び評価 ・本件による当社財務諸表等への影響 ・本件に関連して当社がとるべき対応(再発防止策を含む)の提言 ・その他第三者委員会が必要と認めた事項,委員長：（西中・宮下法律事務所 弁護士） 西中 克己 委員：（大塚綜合法律事務所 弁護士） 大塚 和紀 委員：（赤坂有限責任監査法人 公認会計士） 林 令史,西中・宮下法律事務所 弁護士 中谷 達也 上町 俊郎 戸島 真梨子 赤坂有限責任監査法人 公認会計士 池田 勉 ほか4名 株式会社Atlas Accounting 公認会計士 吉田 浩平 ほか2名 アンダーソン・毛利・友常法律事務所 弁護士 山神 理 三宅 英貴 大西 良平,http://www.daisanshaiinkai.com/2020/page/3/
2020,8589,東証1,8589 東証1,株式会社アプラスフィナンシャル,トーマツ,2020/02/27,2020/02/27,http://www.daisanshaiinkai.com/cms/wp-content/uploads/2020/02/200227_chousa8589.pdf,2020/04/01,2020/04/01,http://www.daisanshaiinkai.com/cms/wp-content/uploads/2020/02/200401_chousa8589.pdf,＜特別調査委員会＞ ① 「投資用マンションローン」及びそれに関連する商品「アルヒ提携型サポートクレジットインベストプラン」（以下、「サポートクレジット」という。）等に関する本事案についての事実調査及び原因の究明（先行した社内調査で顕れた事項及び報道等による指摘事項を含む。） ② 上記①にかかわるアプラス等のコンプライアンス体制及び内部管理体制に関する調査 ③ 再発防止策の検討及び提言 ④ 上記①ないし③に係る調査結果等を記載した調査報告書（以下、「本調査報告書」という。）の作成,委員長 ：（明哲綜合法律事務所 弁護士） 武井 洋一 委員：（アプラスフィナンシャル独立社外取締役 弁護士） 内川 治哉 委員：（アプラスフィナンシャル独立社外取締役 弁護士） 保木野 秀明 委員：（アプラスフィナンシャル独立社外取締役） 笠原 二郎 委員：（アプラス監査役） 安川 明彦,弁護士合計 9 名,http://www.daisanshaiinkai.com/2020/page/3/
2020,3906,マザーズ,3906 マザーズ,株式会社ＡＬＢＥＲＴ,あずさ,2020/02/14,2020/02/14 2020/02/27 2020/04/21,http://www.daisanshaiinkai.com/cms/wp-content/uploads/2020/02/200214_chousa3906.pdf http://www.daisanshaiinkai.com/cms/wp-content/uploads/2020/02/200227_chousa3906.pdf http://www.daisanshaiinkai.com/cms/wp-content/uploads/2020/02/200421_chousa3906.pdf,2020/05/13,2020/05/13,http://www.daisanshaiinkai.com/cms/wp-content/uploads/2020/02/200513_chousa3906.pdf,＜外部調査委員会＞ ① 本事案に関する事実関係（類似事象の存否を含む）の確認 ② 本事案が生じた要因の究明と必要な場合はその再発防止策の提言 ③ その他本委員会が必要と認めた事項の調査,委員長：（長島・大野・常松法律事務所 弁護士） 伊丹 俊彦 委員：（長島・大野・常松法律事務所 弁護士） 垰 尚義 委員：（PwC ビジネスアシュアランス合同会社 公認会計士） 丸山 琢永,長島・大野・常松法律事務所 弁護士 PwC ビジネスアシュアランス合同会社 公認会計士,http://www.daisanshaiinkai.com/2020/page/3/
2020,2901,JASDAQ,2901 JASDAQ,石垣食品株式会社,仁智,2020/02/10,2020/02/10 2020/03/13,http://www.daisanshaiinkai.com/cms/wp-content/uploads/2020/02/200210_chousa2901.pdf http://www.daisanshaiinkai.com/cms/wp-content/uploads/2020/02/200313_chousa2901.pdf,2020/04/10,2020/04/10,http://www.daisanshaiinkai.com/cms/wp-content/uploads/2020/02/200410_chousa2901.pdf,＜特別調査委員会＞ ① 本件子会社における損益期間帰属にかかる事実調査 ② 関連当事者取引（本件子会社社長に対する仮払金）にかかる事実調査 ③ 石垣食品による本件子会社取得時にかかる連結上の会計処理にかかる事実調査 ④ 本件疑義に類似する問題の有無及び事実関係の調査 ⑤ ①乃至④を踏まえた再発防止策の提言,委員長：（弁護士法人アイピー・ロー法律特許事務所 弁護士） 杉山 直人 委員：（中野公認会計士・税理士事務所 公認会計士・税理士） 中野 陽介 委員：（株式会社アカウンティングアドバイザリー 公認会計士） 大橋 大輔,,http://www.daisanshaiinkai.com/2020/page/3/
2020,3814,JASDAQ,3814 JASDAQ,株式会社アルファクス・フード・システム,アリア,2020/02/07,2020/02/07,http://www.daisanshaiinkai.com/cms/wp-content/uploads/2020/02/200207_chousa3814.pdf,2020/03/16,2020/03/16,http://www.daisanshaiinkai.com/cms/wp-content/uploads/2020/02/200316_chousa3814.pdf,＜特別調査委員会＞ ・本件会計処理に関する事実関係の調査 ・本件会計処理以外の外部からの指摘事項に関する事実関係の調査 ・上記につき不適切な会計処理が判明した場合における当社財務諸表への影響額の確定 ・不適切な会計処理が判明した場合には、その原因の究明と再発防止策の提言 ・上記のほか、特別調査委員会が必要と認める事項,委員長：（奥津泰彦公認会計士事務所 公認会計士） 奥津 泰彦 委員：（塩野治夫公認会計士事務所 公認会計士） 塩野 治夫 委員：（当社独立社外監査役 公認会計士・弁護士） 後藤 登,公認会計士 神久 治郎 高山 行紀 方尺 敬之 山田 康雄 他 1 名,http://www.daisanshaiinkai.com/2020/page/3/
2020,8938,JASDAQ,8938 JASDAQ,グローム・ホールディングス株式会社,赤坂,2020/02/04,2020/02/04,http://www.daisanshaiinkai.com/cms/wp-content/uploads/2020/02/200204_chousa8938.pdf,2020/04/22,2020/04/22,http://www.daisanshaiinkai.com/cms/wp-content/uploads/2020/02/200422_chousa8938.pdf,＜社内調査委員会＞ (1) 本件による事実関係（類似事象の存否を含む。）の調査 (2) 本件による連結財務諸表への影響額 (3) 本件が生じた要因の究明と再発防止策への提言,委員長：（西村あさひ法律事務所 弁護士） 渋谷 卓司 委員：（太陽有限責任監査法人 会計士） 古市 岳久 委員：（当社常勤監査役） 福島 満則 委員：（当社内部監査室長） 田中 宏 委員：（当社財務経理部長） 野崎 有希子,,http://www.daisanshaiinkai.com/2020/page/3/
2020,6570,東証2,6570 東証2,株式会社共和コーポレーション,EY新日本,2020/02/03,2020/02/03 2020/02/10,http://www.daisanshaiinkai.com/cms/wp-content/uploads/2020/02/200203_chousa6570.pdf http://www.daisanshaiinkai.com/cms/wp-content/uploads/2020/02/200210_daisansha6570.pdf,2020/03/13,2020/03/13,http://www.daisanshaiinkai.com/cms/wp-content/uploads/2020/02/200313_daisansha6570.pdf,① A 社、共和及び B 社間の架空取引の疑義および担当者による競業取引に関する事実確認調査 ② 前号に類似する取引の有無の調査 ③ 本件が生じた原因の分析と再発防止策の提言,委員長：（高橋法律事務所 弁護士） 高橋 聖明 委員：（田下法律事務所 弁護士） 田下 佳代 委員：（弓場会計事務所 公認会計士） 弓場 法,株式会社 KPMG FAS 公認会計士およびデジタルフォレンジック専門家 計15名,http://www.daisanshaiinkai.com/2020/page/3/
2020,9059,東証2,9059 東証2,カンダホールディングス株式会社,あずさ,2020/01/31,2020/01/31,http://www.daisanshaiinkai.com/cms/wp-content/uploads/2020/02/200131_chousa9059.pdf,2020/02/13,2020/02/13,http://www.daisanshaiinkai.com/cms/wp-content/uploads/2020/02/200213_chousa9059.pdf,＜調査委員会＞ ① 本件疑義に関する事実関係の調査 ② 本件疑義に類似する問題の有無及び事実関係の調査 ③ ①及び②を踏まえた再発防止策の提言,委員長：（当社独立社外監査役 弁護士） 太子堂 厚子 委員：（当社独立社外取締役） 加藤 俊彦 委員：（当社独立社外取締役） 中田 信哉 委員：（当社独立社外取締役） 真下 芳隆 委員：（ひふみ総合法律事務所 弁護士） 矢田 悠,,http://www.daisanshaiinkai.com/2020/page/3/
2020,2780,東証2・名証2,2780 東証2・名証2,株式会社コメ兵,東海会計社,2020/01/28,2020/01/28,http://www.daisanshaiinkai.com/cms/wp-content/uploads/2020/01/200128_chousa2780.pdf,2020/02/14,2020/02/14,http://www.daisanshaiinkai.com/cms/wp-content/uploads/2020/01/200214_chousa2780.pdf,＜調査委員会＞ ①本件に関する事実関係の確認、 ②本件による当社連結財務諸表等への影響額の確認、 ③類似事案の調査と確認、 ④本件が生じた原因の分析と再発防止策の提言、 ⑤その他、調査委員会が必要と認めた事項等について調査,委員長：（当社取締役監査等委員 社外取締役） 小崎 誠 委員：（当社常務取締役） 瀬古 正 委員：（当社執行役員管理本部長） 興津 旬也 委員：（当社内部統制室長） 蟹江 宏治 委員：（株式会社Ｋ－ブランドオフ 代表取締役） 山内 祐也 委員：（株式会社Ｋ－ブランドオフ 取締役） 江﨑 武,アースタックス・ビジネスコンサルティング 税理士 白水 幹範 後藤・鈴木法律事務所 弁護士 鈴木 智洋 川島睦美律師事務所 弁護士 川島 睦美,http://www.daisanshaiinkai.com/2020/page/3/
2020,7198,東証1,7198 東証1,アルヒ株式会社,トーマツ,2020/01/27,2020/01/27 2020/02/12,http://www.daisanshaiinkai.com/cms/wp-content/uploads/2020/01/200127_chousa7198.pdf http://www.daisanshaiinkai.com/cms/wp-content/uploads/2020/01/200212_chousa7198.pdf,2020/03/31,2020/03/31,http://www.daisanshaiinkai.com/cms/wp-content/uploads/2020/01/200331_chousa7198.pdf,＜社内特別調査チーム＞ 社外の専門家のアドバイスの下、具体的な疑義が生じた案件7件について調査を実施,,,http://www.daisanshaiinkai.com/2020/page/3/
2020,6988,東証1,6988 東証1,日東電工株式会社,あずさ,2020/01/27,2020/01/27,http://www.daisanshaiinkai.com/cms/wp-content/uploads/2020/01/200127_chousa6988.pdf,2020/04/27,2020/04/27,http://www.daisanshaiinkai.com/cms/wp-content/uploads/2020/01/200427_chousa6988.pdf,＜社内調査委員会＞,委員長：（当社常勤監査役） 神崎 正巳 委員：（PwCアドバイザリー合同会社 公認会計士） 那須 美帆子 委員：（森・濱田松本法律事務所 弁護士） 藤津 康彦,PwCビジネスアシュアランス合同会社 森・濱田松本法律事務所 君合律師事務所,http://www.daisanshaiinkai.com/2020/page/3/
2020,6030,マザーズ,6030 マザーズ,株式会社アドベンチャー,太陽,2020/01/23,2020/01/23,http://www.daisanshaiinkai.com/cms/wp-content/uploads/2020/01/200123_chousa6030.pdf,2020/03/13,2020/03/13,http://www.daisanshaiinkai.com/cms/wp-content/uploads/2020/01/200313_chousa6030.pdf,＜調査委員会＞ ・本件に関する事実関係の確認 ・本件による当社連結財務諸表等への影響額の確認 ・本件が生じた原因の分析と再発防止策の提言 ・類似事案の確認 ・その他、調査委員会が必要と認めた事項,委員長：（ＯＡＧ監査法人 公認会計士） 今井 基喜 委員：（日比谷 Ave.法律事務所 弁護士） 藤戸 久寿 委員：（当社社外監査役 公認会計士） 児玉 尚人,,http://www.daisanshaiinkai.com/2020/page/4/
2020,6502,東証2・名証,6502 東証2・名証,株式会社 東芝,PwCあらた,2020/01/18,2020/01/18,http://www.daisanshaiinkai.com/cms/wp-content/uploads/2020/01/200118_chousa6502-1.pdf,2020/02/14,2020/02/14,http://www.daisanshaiinkai.com/cms/wp-content/uploads/2020/01/200214_chousa6502.pdf,＜社内調査＞ ① 本件取引にかかる事実関係（特に本件取引における目的物の実在性、本件取引が架空取引かつ循環取引である場合における TSC 役職員の主体的関与・認識の有無）の調査 ② 本件取引と類似する架空取引又は循環取引の有無の調査 ③ 前記①及び②による東芝の連結財務諸表における会計処理の検討 ④ 本件取引が行われた原因究明、責任の所在の分析 ⑤ 本件取引の再発防止策の提言,株式会社東芝・東芝デジタルソリューションズ株式会社・東芝 IT サービス株式会社 社内調査メンバー 森・濱田松本法律事務所 太陽グラントソントン・アドバイザーズ株式会社,,http://www.daisanshaiinkai.com/2020/page/4/
2020,2721,JASDAQ,2721 JASDAQ,株式会社ジェイホールディングス,清和,2020/01/17,2020/01/17,http://www.daisanshaiinkai.com/cms/wp-content/uploads/2020/01/200117_daisansha2721.pdf,2020/04/21,2020/04/21 2020/04/22 2020/04/28 2020/04/30,http://www.daisanshaiinkai.com/cms/wp-content/uploads/2020/01/200421_daisansha2721.pdf http://www.daisanshaiinkai.com/cms/wp-content/uploads/2020/01/200422_daisansha2721.pdf http://www.daisanshaiinkai.com/cms/wp-content/uploads/2020/01/200428_chousa2721.pdf http://www.daisanshaiinkai.com/cms/wp-content/uploads/2020/01/200430_chousa2721.pdf,外部から指摘のあった SC 社の過去の不動産取引の一 部の売上計上の妥当性等について、事実関係の解明、原因の分析、及び再発防止策の提示,委員長：（サン綜合法律事務所 弁護士） 河邉 義正 委員：（阿部・吉田・三瓶法律会計事務所 弁護士） 吉田 秀康 委員：（奥山琢磨公認会計士事務所 公認会計士） 奥山 琢磨,,http://www.daisanshaiinkai.com/2020/page/4/
2020,5940,東証2,5940 東証2,不二サッシ株式会社,東陽,2020/01/16,2020/01/16,http://www.daisanshaiinkai.com/cms/wp-content/uploads/2020/01/200116_chousa5940.pdf,2020/03/13,2020/03/13,http://www.daisanshaiinkai.com/cms/wp-content/uploads/2020/01/200313_chousa5940.pdf,＜調査委員会＞ ① 本件不適切会計に関する事実関係の調査 ② 本件不適切会計の他に同様の事象がないかの調査（関西不二及び主要生産子会社を含む。） ③ 本件不適切会計による当社及び関西不二の財務諸表への影響 ④ 本件不適切会計が発生した要因の分析及び再発防止策の策定・提言,委員長：（三浦法律事務所 弁護士） 木内 敬 委員：（エムケーアソシエイツ合同会社 公認会計士） 加藤 正憲 委員：（不二サッシ株式会社 社外取締役） 緒方 右武 委員：（不二サッシ株式会社 社外監査役） 妹尾 佳明,三浦法律事務所 渥美 雅之 今村 潤 小倉 徹 皆元 大毅 小林 智洋 株式会社 KPMG FAS 髙岡 俊文 須賀 永治 簗瀬 誠一 水野 宏之 竹本 裕史 他 9 名,http://www.daisanshaiinkai.com/2020/page/4/
2020,1925,東証1,1925 東証1,大和ハウス工業株式会社,トーマツ,2020/01/15,2020/01/15,http://www.daisanshaiinkai.com/cms/wp-content/uploads/2020/01/200115_chousa1925.pdf,2020/04/17,2020/04/17,http://www.daisanshaiinkai.com/cms/wp-content/uploads/2020/01/200417_chousa1925.pdf,＜外部調査委員会＞ ① 技術検定試験における実務経験の不備に係る事実関係の調査 ② 上記①で確認された事実関係の原因分析及び再発防止に向けた提言 ③ 実務経験に不備があった社員が不備と認定された資格に基づいて現場の主任技術者・監理技術者として配置された物件における施工品質の確認,委員長：（大和ハウス工業株式会社 社外監査役） 桑野 幸徳 委員：（加藤・西田・長谷川法律事務所 弁護士） 長谷川 健 委員：（弁護士法人北浜法律事務所 弁護士） 渡辺 徹,加藤・西田・長谷川法律事務所 弁護士 細川 健夫 他2名 北浜法律事務所・外国法共同事業 弁護士 谷 明典 他8名,http://www.daisanshaiinkai.com/2020/page/4/
2020,7519,JASDAQ,7519 JASDAQ,五洋インテックス株式会社,コスモス,2020/01/15,2020/01/15 2020/02/28,http://www.daisanshaiinkai.com/cms/wp-content/uploads/2020/01/200115_chousa7519.pdf http://www.daisanshaiinkai.com/cms/wp-content/uploads/2020/01/200228_chousa7519.pdf,2020/03/04,2020/03/04,http://www.daisanshaiinkai.com/cms/wp-content/uploads/2020/01/200304_chousa7519.pdf,＜調査委員会＞ a 本件に関する事実関係の確認 b 本件が生じた根本的な原因の特定 c 再発防止策の提言 d その他、当委員会が必要と定めた事項,委員長：（菊池哲史公認会計士事務所 公認会計士） 菊池 哲史 委員：（藤村法律事務所 弁護士） 藤村 厚夫 委員：（当社独立役員 社外取締役） 名井 博明 委員：（当社社外監査役 弁護士法人ニューポート法律事務所 弁護士） 戸田 裕典,,http://www.daisanshaiinkai.com/2020/page/4/
2020,3101,東証1,3101 東証1,東洋紡株式会社,あずさ,2020/12/29,2020/12/29 2021/02/03,http://www.daisanshaiinkai.com/cms/wp-content/uploads/2020/12/201229_chousa3101.pdf http://www.daisanshaiinkai.com/cms/wp-content/uploads/2020/12/210203_chousa3101.pdf,,未公表,,＜対応委員会＞ 実態把握と原因究明,,,http://www.daisanshaiinkai.com/2020/
2020,8203,東証1・福証,8203 東証1・福証,株式会社ミスターマックス・ホールディングス,EY新日本,2020/12/28,2020/12/28,http://www.daisanshaiinkai.com/cms/wp-content/uploads/2020/12/201228_chousa8203.pdf,2021/02/15,2021/02/15,http://www.daisanshaiinkai.com/cms/wp-content/uploads/2020/12/210215_chousa8203.pdf,＜社内調査委員会＞ ① 本件事案の事実関係調査 ② 類似事案の有無の調査 ③ 本件事案の会計上の影響の検討 ④ 本件事案の発生原因の分析及び再発防止策の提言,委員長：（シティユーワ法律事務所 弁護士） 政木 道夫 委員：（当社取締役執行役員） 小田 康徳 委員：（当社執行役員） 村垣 浩一 委員：（（株）アカウンティング・アドバイザリー 公認会計士） 井上 寅喜 委員：（シティユーワ法律事務所 弁護士） 松尾 宗太郎 委員：（シティユーワ法律事務所 弁護士） 岸見 直幸,シティユーワ法律事務所 弁護士 2名 株式会社アカウンティング・アドバイザリー 公認会計士 2名 株式会社 KPMG FAS 公認会計士等の不正調査の専門家 5名,http://www.daisanshaiinkai.com/2020/
2020,8061,東証1,8061 東証1,西華産業株式会社,明光,2020/12/28,2020/12/28 2021/02/01,http://www.daisanshaiinkai.com/cms/wp-content/uploads/2020/12/201228_chousa8061.pdf http://www.daisanshaiinkai.com/cms/wp-content/uploads/2020/12/210201_chousa8061.pdf,2021/05/21,2021/05/21,http://www.daisanshaiinkai.com/cms/wp-content/uploads/2020/12/210521_chousa8061.pdf,＜調査委員会＞ 不祥事の発生を防止できなかったこと、および自浄的に早期に発見できなかったことについて、根源的な要因を究明するとともに、同社のみならず当社グループ全体として有効な再発防止策を見い出し推し進めていくため,,,http://www.daisanshaiinkai.com/2020/
2020,6753,東証1,6753 東証1,シャープ株式会社,PwCあらた,2020/12/25,2020/12/25,http://www.daisanshaiinkai.com/cms/wp-content/uploads/2020/12/201225_chousa6753.pdf,2021/03/12,2021/03/12,http://www.daisanshaiinkai.com/cms/wp-content/uploads/2020/12/210312_chousa6753.pdf,＜調査委員会＞ ・本件に関する事実関係及び会計処理の調査（類似事象の存否を含む） ・本件による連結財務諸表への影響額の確定 ・本件が生じた原因の分析と再発防止策の立案 ・その他、調査委員会が必要と認めた事項,委員長：（弁護士法人第一法律事務所 弁護士） 村中 徹 委員：（加藤公認会計士事務所 公認会計士） 加藤 正憲 委員：（当社独立社外取締役・監査等委員・姫岩公 会計士事務所 公認会計士） 姫岩 康雄 委員：（当社管理統轄本部管理本部 本部長） 榊原 聡,外部の弁護士 3名 公認会計士及びフォレンジック専門家 23名 シャープ調査チーム（社内弁護士2名を含む）,http://www.daisanshaiinkai.com/2020/
2020,5162,JASDAQ,5162 JASDAQ,株式会社朝日ラバー,東陽,2020/12/21,2020/12/21 2020/12/28 2021/01/29,http://www.daisanshaiinkai.com/cms/wp-content/uploads/2020/12/201221_chousa5162.pdf http://www.daisanshaiinkai.com/cms/wp-content/uploads/2020/12/201228_chousa5162.pdf http://www.daisanshaiinkai.com/cms/wp-content/uploads/2020/12/210129_chousa5162.pdf,2021/03/15,2021/03/15,http://www.daisanshaiinkai.com/cms/wp-content/uploads/2020/12/210315_chousa5162.pdf,＜社内調査委員会＞ 本件の事実関係の確認、本件が生じた原因の分析と再発防止策の提言、当社連結財務諸表への影響額の算定及び、その他、調査委員会が必要と認めた事項,委員長：（当社取締役） 田崎 益次 委員：（当社取締役 監査等委員） 髙木 和久 委員：（当社社外取締役 監査等委員） 馬場 正治 委員：（当社社外取締役 監査等委員 弁護士） 筑紫 勝麿 委員：（当社執行役員管理本部長） 堀 信幸 委員：（篠崎・進士法律事務所 弁護士） 杉山 一郎 委員：（税理士法人第一経理 税理士） 長谷川 元彦 委員：（上海阿愛西商務咨詢事務所 中国公認会計士）現地法人での調査 毛 已巳 委員：（広東卓建律師事務所 中国弁護士）現地法人での調査 尹 秀鍾,,http://www.daisanshaiinkai.com/2020/
2020,7196,東証1,7196 東証1,株式会社Ｃａｓａ,トーマツ,2020/12/07,2020/12/07,http://www.daisanshaiinkai.com/cms/wp-content/uploads/2020/12/201207_chousa7196.pdf,2021/02/01,2021/02/01 2021/02/26,http://www.daisanshaiinkai.com/cms/wp-content/uploads/2020/12/210201_chousa7196.pdf http://www.daisanshaiinkai.com/cms/wp-content/uploads/2020/12/210226_chousa7196.pdf,＜特別調査委員会＞ 本件に関する事実関係を調査して審議するとともに、当社に対して調査結果を報告し、必要な限りにおいて改善提案をすること,委員長：（山岡総合法律事務所 弁護士） 山岡 通浩 委員：（山岡総合法律事務所 弁護士） 鈴木 優吾 委員：（当社社外監査役 弁護士） 廣田 聡,株式会社 JP リサーチ＆コンサルティング,http://www.daisanshaiinkai.com/2020/
2020,3036,東証1,3036 東証1,アルコニックス株式会社,EY新日本,2020/12/04,2020/12/04 2020/12/11,http://www.daisanshaiinkai.com/cms/wp-content/uploads/2020/12/201204_chousa3036.pdf http://www.daisanshaiinkai.com/cms/wp-content/uploads/2020/12/201211_chousa3036.pdf,2021/02/05,2021/02/05 2021/02/08,http://www.daisanshaiinkai.com/cms/wp-content/uploads/2020/12/210205_chousa3036.pdf http://www.daisanshaiinkai.com/cms/wp-content/uploads/2020/12/210208_chousa3036.pdf,＜特別調査委員会＞ ① 本件会計処理に関する事実関係の調査 ② 本件会計処理の他、同様の事象の有無についての調査に対する指導・助言 ③ 本件会計処理が発生した要因の分析、及び再発防止策の策定並びに提言,委員長：（シティユーワ法律事務所 弁護士） 南 敏文 委員：（シティユーワ法律事務所 弁護士） 貞弘 賢太郎 委員：（株式会社アカウンティング アドバイザリー 公認会計士） 井上 寅喜 委員：（当社社外監査役、荻公認会計士事務所 公認会計士） 荻 茂生 委員：（当社社外監査役、シティユーワ法律事務所 弁護士 公認不正検査士） 武田 涼子,シティユーワ法律事務所 弁護士 4名 株式会社アカウンティング アドバイザリー 公認会計士 5名 PwCビジネスアシュアランス合同会社 公認会計士等の不正調査の専門家 9名,http://www.daisanshaiinkai.com/2020/
2020,1762,東証1,1762 東証1,株式会社髙松コンストラクショングループ,あずさ,2020/12/02,2020/12/02,http://www.daisanshaiinkai.com/cms/wp-content/uploads/2020/12/201202_fusei1762.pdf,2020/12/02,2020/12/02,http://www.daisanshaiinkai.com/cms/wp-content/uploads/2020/12/201202_fusei1762-1.pdf,＜社内調査委員会＞ 弁護士等の社外の専門家も含めた徹底した調査,,,http://www.daisanshaiinkai.com/2020/
2020,6752,東証1,6752 東証1,パナソニック株式会社,あずさ,2020/11/27,2020/11/27,http://www.daisanshaiinkai.com/cms/wp-content/uploads/2020/11/201127_daisansha6752.pdf,2021/08/31,2021/08/31,http://www.daisanshaiinkai.com/cms/wp-content/uploads/2020/11/210831_daisansha6752.pdf,① パナソニック環境エンジ及び PCMC 社において、技術検定試験における受験資格である所定の実務経験を充足していない状況にあった従業員が同試験を受験し、不正又は不適切に施工管理技士資格を取得している問題に係る一連の経緯（別紙 1-1 のグループ会社の役員の認識及び当該会社の関与の有無・程度を含む。）。ただし、パナソニックグループとしての原因分析及び再発防止策の提言に係る調査・検討等に限られ、グループ会社の各個社の原因分析及び再発防止策の提言に関する調査等及び施工管理技士資格等の実務経験に関する調査等は含まない。 ② パナソニックの監査役が取締役会を通じて、第三者委員会をして調査等せしめることを委嘱することがある場合は、かかる事項。 ③ その他第三者委員会が調査を必要と認めた一切の行為（当該行為の調査をパナソニックが拒絶することはできない。）。,委員長：（丸の内総合法律事務所 弁護士） 川俣 尚高 委員：（岩田合同法律事務所 弁護士） 本村 健 委員：（丸の内総合法律事務所 弁護士） 長島 亘 委員：（岩田合同法律事務所 弁護士） 青木 晋治 委員：（岩田合同法律事務所 弁護士） 角野 秀 委員：（丸の内総合法律事務所 弁護士） 若林 功 委員：（岩田合同法律事務所 弁護士） 森 駿介,丸の内総合法律事務所 弁護士 岩元 昭博 木村 一輝 堀口 佐耶香 加藤 将平 佐々木 賢治 岩田合同法律事務所 弁護士 石川 哲平 藤沼 香桜里 伊東 夏帆 野口 大資 安西 一途,http://www.daisanshaiinkai.com/2020/
2020,6419,東証1,6419 東証1,株式会社マースグループホールディングス,太陽,2020/11/27,2020/11/27,http://www.daisanshaiinkai.com/cms/wp-content/uploads/2020/11/201127_chousa6419.pdf,2020/11/27,2020/11/27,http://www.daisanshaiinkai.com/cms/wp-content/uploads/2020/11/201127_chousa6419-1.pdf,＜社内調査委員会＞,,,http://www.daisanshaiinkai.com/2020/
2020,7518,東証1,7518 東証1,ネットワンシステムズ株式会社,トーマツ,2020/11/16,2020/11/16,http://www.daisanshaiinkai.com/cms/wp-content/uploads/2020/11/201116_chousa7518-2.pdf,2020/12/16,2020/12/16,http://www.daisanshaiinkai.com/cms/wp-content/uploads/2020/11/201216_chousa7518-2.pdf,＜社内調査チーム＞ 原価計上不足の疑義についての調査及び過年度の会計処理についての検討,,ひふみ総合法律事務所 弁護士 矢田 悠 神村 泰輝,http://www.daisanshaiinkai.com/2020/
2020,9412,東証1,9412 東証1,株式会社スカパーＪＳＡＴホールディングス,トーマツ,2020/11/13,2020/11/13,http://www.daisanshaiinkai.com/cms/wp-content/uploads/2020/11/201113_chousa9412.pdf,2020/11/13,2020/11/13,http://www.daisanshaiinkai.com/cms/wp-content/uploads/2020/11/201113_chousa9412-1.pdf,＜外部調査委員会＞ 同案件に関する事案の徹底解明と原因究明の調査,,,http://www.daisanshaiinkai.com/2020/
2020,2402,マザーズ,2402 マザーズ,株式会社アマナ,EY新日本,2020/11/04,2020/11/04 2020/12/01,http://www.daisanshaiinkai.com/cms/wp-content/uploads/2020/11/201104_chousa2402.pdf http://www.daisanshaiinkai.com/cms/wp-content/uploads/2020/11/201201_chousa2402.pdf,2020/12/15,2020/12/15,http://www.daisanshaiinkai.com/cms/wp-content/uploads/2020/11/201215_chousa2402.pdf,＜特別調査委員会＞ ①当該会計処理に関する事実関係の調査 ②当該会計処理と同種事項の有無の調査 ③上記①及び②の結果発見された事項の発生原因の分析と再発防止策の策定・提言,委員長：（公認会計士笹本憲一事務所 公認会計士） 笹本 憲一 委員：（河江健史会計事務所 公認会計士） 河江 健史 委員：（大知法律事務所 弁護士） 高野 哲也 委員：（ひふみ総合法律事務所 弁護士） 矢田 悠 委員：（CPA パートナーズ株式会社 公認会計士） 三平 充宏,大知法律事務所 弁護士 岸本 悠 内山 悠太郎 ひふみ総合法律事務所 弁護士 神村 泰輝 西澤 祐樹 PwC ビジネスアシュアランス合同会社 公認会計士等 25 名（日本における PwC グローバルネットワークのメンバーファームを含む） 公認会計士 張本 和志 中野 陽介 影平 真也 飯田 晋平 田村 亮人 他 2 名,http://www.daisanshaiinkai.com/2020/
2020,5711,東証1,5711 東証1,三菱マテリアル株式会社,あずさ,2020/11/02,2020/11/02,http://www.daisanshaiinkai.com/cms/wp-content/uploads/2020/11/201102_chousa5711.pdf,,未公表,,＜外部調査委員会＞ 関係者へのヒアリング、デジタル・フォレンジック調査や会計データを含む関連書類の精査等、本件事案の事実関係に係る調査,,,http://www.daisanshaiinkai.com/2020/
2020,7518,東証1,7518 東証1,ネットワンシステムズ株式会社,トーマツ,2020/11/02,2020/11/02 2020/11/16,http://www.daisanshaiinkai.com/cms/wp-content/uploads/2020/11/201102_chousa7518.pdf http://www.daisanshaiinkai.com/cms/wp-content/uploads/2020/11/201116_chousa7518.pdf,2020/12/14,2020/12/14 2020/12/16 2021/03/18 2021/03/18,http://www.daisanshaiinkai.com/cms/wp-content/uploads/2020/11/201214_chousa7518.pdf http://www.daisanshaiinkai.com/cms/wp-content/uploads/2020/11/201216_chousa7518-1.pdf http://www.daisanshaiinkai.com/cms/wp-content/uploads/2020/11/210318_chousa7518-1.pdf http://www.daisanshaiinkai.com/cms/wp-content/uploads/2020/11/210318_chousa7518-2.pdf,＜外部調査委員会＞ （１）本件に係る事実関係の調査 （２）本件に類似する事象の有無の調査 （３）本件が事実であることが判明した場合、必要に応じ、その原因の究明及び再発防止策の提言 （４）上記各号の委嘱事項を遂行した結果に基づく調査報告書の作成、及びその調査報告書の当社への提出 （５）その他、外部調査委員会が必要と認めた事項,委員長：（岩田合同法律事務所 弁護士） 本村 健 委員：（片岡総合法律事務所 弁護士） 長谷川 紘之 委員：（岩田合同法律事務所 弁護士） 冨田 雄介 委員：（和田会計事務所 公認会計士） 和田 芳幸 委員：（株式会社クリフィックスＦＡＳ 公認会計士） 近藤 弘 委員：（株式会社G&S ソリューションズ 公認会計士） 山田 勝也,岩田合同法律事務所 弁護士 唐澤 新 齋藤 弘樹 山名 淳一 堀 譲 堀 優夏 福地 拓己 米国ニュー ヨー ク州弁護士 Sander Cohen パラリーガル・スタッフ等 岡本 有平 塩野 由姫 鈴木 梨奈 土井 真波 水尾 麻理絵 片岡総合法律事務所 弁護士 福田 隆行 柳原 悠輝 山根 祐輔 中里 拓也 宜保 茉利子 公認会計士チーム CAPパートナーズ株式会社 公認会計士 山口 満 片岡 宏介 株式会社 ク リフィックス FAS 公認会計士 辻本 真介 神原 大樹 髙木公認会計士事務所 公認会計士 髙木 明 CPAコンサルティング株式会社 公認会計士 萩原 正也 日髙康輝公認会計士・税理士事務所 公認会計士 日髙 康輝 フォワードコンサルテ ィング株式会社 公認会計士 細川 泰弘 吉日圭太公認会計士事務所 公認会計士 吉田 圭太 渡部亮公認会計士事務所 公認会計士 渡部 亮 他 1名 株式会社 foxcale 公認会計士 小池 赳司 シニアアソシエイト 林 美雪,http://www.daisanshaiinkai.com/2020/
2020,6675,東証1,6675 東証1,サクサホールディングス株式会社,EY新日本,2020/10/23,2020/10/23,http://www.daisanshaiinkai.com/cms/wp-content/uploads/2020/10/201023_chousa6675.pdf,2021/02/26,2021/02/26 2021/03/02 2021/03/12,http://www.daisanshaiinkai.com/cms/wp-content/uploads/2020/10/210226_chousa6675.pdf http://www.daisanshaiinkai.com/cms/wp-content/uploads/2020/10/210302_chousa6675.pdf http://www.daisanshaiinkai.com/cms/wp-content/uploads/2020/10/210312_chousa6675.pdf,＜役員等責任調査委員会＞ 本件事案の発⽣時に取締役、監査役および会計監査⼈であった者について、本件事案に関連して、その職務執⾏に関する任務懈怠責任の有無を調査し、損害賠償責任を含めた経営者の責任のあり⽅について、当社が適切かつ公正な判断を⾏うために、監査役会および取締役会に対して報告および提⾔を⾏うもの,委員長：（中央⼤学⼤学院法務研究科教授、アンダーソン・⽑利・友常法律事務所 弁護⼠） 加藤 新太郎 委員：（中村・⾓⽥・松本法律事務所 弁護士） 中村 直⼈ 委員：（公認会計⼠宇澤事務所 公認会計士） 宇澤 亜⼸,中村・角田・松本法律事務所 弁護士 仁科 秀隆 松下 隼人,http://www.daisanshaiinkai.com/2020/
2020,2764,東証1,2764 東証1,株式会社ひらまつ,EY新日本,2020/10/23,2020/10/23,http://www.daisanshaiinkai.com/cms/wp-content/uploads/2020/10/201023_chousa2764.pdf,2020/12/25,2020/12/25 2020/12/28,http://www.daisanshaiinkai.com/cms/wp-content/uploads/2020/10/201225_chousa2764.pdf http://www.daisanshaiinkai.com/cms/wp-content/uploads/2020/10/201228_chousa2764.pdf,＜外部調査委員会＞ (ア)本事案に関する経緯・事実関係（Y社に対する資金還流の有無を含む。）の調査 (イ)上記①の結果による対象会社の財務諸表等への影響についての検討 (ウ)本事案に類似した事案（Y社又はその関係者を相手方として行われた取引であって、会計処理の妥当性に関して本事案に類似の疑義のある取引）の存否についての調査 (エ)本事案に関し、対象会社の現経営陣であるA氏及びB氏並びにC氏が、会計処理の修正を要する事実について、その修正を避ける意図をもって、会計監査人に対し、自ら秘匿し、又は対象会社役職員に秘匿を指示した事実の有無の調査 (オ)上記(ア)、(ウ)及び(エ)の調査結果を踏まえて必要な場合には、本事案に係る原因の究明及び再発防止策の提言,委員長：（長島・大野・常松法律事務所 弁護士） 小林 英明 委員：（長島・大野・常松法律事務所 弁護士） 田中 俊平 委員：（デロイト トーマツ ファイナンシャルアドバイザリー合同会社 公認会計士） 中島 祐輔 委員：（長島・大野・常松法律事務所 弁護士） 眞武 慶彦 委員：（長島・大野・常松法律事務所 弁護士） 入谷 淳,長島・大野・常松法律事務所 弁護士 デロイト トーマツ ファイナンシャルアドバイザリー合同会社 公認会計士,http://www.daisanshaiinkai.com/2020/
2020,7519,JASDAQ,7519 JASDAQ,五洋インテックス株式会社,フロンティア,2020/10/20,2020/10/20,http://www.daisanshaiinkai.com/cms/wp-content/uploads/2020/10/201020_chousa7519.pdf,2021/02/12,2021/02/12,http://www.daisanshaiinkai.com/cms/wp-content/uploads/2020/10/210212_chousa7519.pdf,＜外部調査委員会＞ 当社従業員が主張している当社連結子会社との金銭貸借について、またその他契約についても外部の専門家による客観的な調査により、その経緯及び存在、整合性を、精査すること,委員長：（永井康之法律事務所 弁護士） 永井 康之 委員：（弁護士法人清和 弁護士） 笹尾 菜穂子 委員：（暁アカウンティングアドバイザリー 公認会計士・税理士） 鎌田 修誠,,http://www.daisanshaiinkai.com/2020/
2020,6058,東証1,6058 東証1,株式会社ベクトル,東陽,2020/10/09,2020/10/09,http://www.daisanshaiinkai.com/cms/wp-content/uploads/2020/10/201009_chousa6058.pdf,2020/11/13,2020/11/13,http://www.daisanshaiinkai.com/cms/wp-content/uploads/2020/10/201113_chousa6058.pdf,＜社内調査委員会＞ （１）本件に関する事実関係（類似事象の存否を含む。）の調査 （２）本件による連結財務諸表への影響額の確定 （３）本件が生じた要因の究明と再発防止策の提言,委員長：（当社社外監査役） 柳沼 賢司 委員：（河野公認会計士事務所 公認会計士） 河野 浩人 委員：（潮見坂綜合法律事務所 弁護士） 吉羽 真一郎 委員：（当社取締役経営管理本部長 あしたのチーム取締役（非常勤）） 後藤 洋介,潮見坂綜合法律事務所 弁護士 阿南 剛 笠野 さち子 安達 裕 齊藤公彦会計事務所 公認会計士・税理士 齊藤 公彦 亀岡公認会計士事務所 公認会計士 亀岡 慎平 大塚和辰公認会計士事務所 公認会計士・税理士 大塚 和辰,http://www.daisanshaiinkai.com/2020/
2019,4931,マザーズ,4931 マザーズ,新日本製薬株式会社,トーマツ,2019/09/13,2019/09/13,http://www.daisanshaiinkai.com/cms/wp-content/uploads/2019/09/190913_chousa4931.pdf,2019/09/30,2019/09/30,http://www.daisanshaiinkai.com/cms/wp-content/uploads/2019/09/190930_chousa4931.pdf,,,,http://www.daisanshaiinkai.com/2019/page/2/
2019,2812,東証1,2812 東証1,焼津水産化学工業株式会社,芙蓉,2019/09/11,2019/09/11,http://www.daisanshaiinkai.com/cms/wp-content/uploads/2019/09/190911_chousa2812.pdf,,未公表,,,,,http://www.daisanshaiinkai.com/2019/page/2/
2019,8013,東証1,8013 東証1,株式会社ナイガイ,トーマツ,2019/09/02,2019/09/02 2019/09/11,http://www.daisanshaiinkai.com/cms/wp-content/uploads/2019/09/190902_chousa8013.pdf http://www.daisanshaiinkai.com/cms/wp-content/uploads/2019/09/190911_chousa8013.pdf,2019/11/12,2019/11/12,http://www.daisanshaiinkai.com/cms/wp-content/uploads/2019/09/191112_chousa8013.pdf,＜特別調査委員会＞ （ⅰ）本件S1不正に係る事実関係の調査並びにS1における本件S1不正に類似する不正の存否及び事実関係の調査 （ⅱ）ナイガイグループのガバナンス体制に係る事実関係の調査 （ⅲ）本件S1不正等の影響額の算定 （ⅳ）原因及び再発防止策の検討・提言 （ⅴ）その他、当委員会が必要と認めた事項,委員長：（弁護士法人大江橋法律事務所 弁護士） 国谷 史朗 委員：（EY ﾌｫﾚﾝｼﾞｯｸ･ｱﾝﾄﾞ･ｲﾝﾃｸﾞﾘﾃｨ合同会社 公認会計士） 荒張 健 委員：（社外取締役 監査等委員） 柳村 幸一 委員：（社外取締役 監査等委員） 柏木 秀一 委員：（取締役 常勤監査等委員） 磯田 裕,弁護士法人大江橋法律事務所 弁護士 大江 祥雅 北野 知広 士逸見 佳代 逢見 昂平 土井 一磨 EY 新日本有限責任監査法人 公認会計士 士田谷 直樹 粟谷 肇 越山 泰先 中村 武史 データ分析担当公認情報システム監査人 西原 則晶 データ分析担当 森田 陽 デジタル・フォレンジック担当 池上 弘樹 ほか 39 名 EY 中国 5 名 EY タイ 3 名 柏木総合法律事務所 弁護士 黒河内 明子 和田 陽一郎,http://www.daisanshaiinkai.com/2019/page/2/
2019,1898,東証1,1898 東証1,世紀東急工業株式会社,EY新日本,2019/08/07,2019/08/07,http://www.daisanshaiinkai.com/cms/wp-content/uploads/2019/08/190807_chousa1898.pdf,2019/12/18,2019/12/18 2019/12/18,http://www.daisanshaiinkai.com/cms/wp-content/uploads/2019/08/191218_chousa1898.pdf http://www.daisanshaiinkai.com/cms/wp-content/uploads/2019/08/20191218_chousa1898-1.pdf,＜調査委員会＞ ① 本件に関する事実関係の確認、原因究明 ② 再発防止策に関する客観的な評価・検討及び提言 ③ コンプライアンス監査及びモニタリング体制の整備,委員長：（前田俊房法律事務所 弁護士） 前田 俊房 委員：（村島・穂積法律事務所 弁護士） 村島 俊宏 委員：（西村・町田法律事務所 弁護士） 西村 泰夫,前田俊房法律事務所 弁護士 前田 俊斉 小暮 駿生 村島・穂積法律事務所 弁護士 谷口 悠樹 西村・町田法律事務所 弁護士 葛巻 瑞貴,http://www.daisanshaiinkai.com/2019/page/2/
2019,9812,JASDAQ,9812 JASDAQ,株式会社テーオーホールディングス,トーマツ,2019/08/02,2019/08/02 2019/08/07,http://www.daisanshaiinkai.com/cms/wp-content/uploads/2019/08/190802_chousa9812-1.pdf http://www.daisanshaiinkai.com/cms/wp-content/uploads/2019/08/190807_chousa9812.pdf,2019/09/10,2019/09/10,http://www.daisanshaiinkai.com/cms/wp-content/uploads/2019/08/190910_chousa9812.pdf,＜社内調査委員会＞ （１）本件に関する事実関係（類似事象の存否を含む。）の調査 （２）本件による連結財務諸表への影響額の確定 （３）本件が⽣じた原因の究明と再発防⽌策の提⾔,委員長：（当社社外取締役 弁護⼠） ⽶塚 茂樹 委員：（当社社外取締役 公認会計⼠・税理⼠） 佐藤 等 委員：（⻄村あさひ法律事務所 弁護士） 平尾 覚 委員：（⻄村あさひ法律事務所 弁護士） 原⽥ 充浩 委員：（株式会社エイチ・フィナンシャルアドバイザリー 公認会計⼠・税理⼠） 横井 貴,西村あさひ法律事務所 弁護士 鈴木 悠介 秋吉 諒 株式会社エイチ・フィナンシャルアドバイザリー 公認会計士 間瀬 大知,http://www.daisanshaiinkai.com/2019/page/2/
2019,6615,東証1,6615 東証1,ユー・エム・シー・エレクトロニクス株式会社,EY新日本,2019/07/24,2019/07/24 2019/08/07 2019/09/12 2019/10/23,http://www.daisanshaiinkai.com/cms/wp-content/uploads/2019/07/190724_chousa6615.pdf http://www.daisanshaiinkai.com/cms/wp-content/uploads/2019/07/190807_chousa6615.pdf http://www.daisanshaiinkai.com/cms/wp-content/uploads/2019/08/190912_chousa6615.pdf http://www.daisanshaiinkai.com/cms/wp-content/uploads/2019/08/191023_chousa6615.pdf,2019/10/28,2019/10/28,http://www.daisanshaiinkai.com/cms/wp-content/uploads/2019/08/191028_chousa6615.pdf,＜外部調査委員会＞ ① UMC中国グループにおける不適切な会計処理の疑義に関する事実関係の調査 ② UMC本社及びUMC本社の主要な関係会社における、中国事案と類似する事案の存否・内容の調査 ③ 上記①②による連結財務諸表への影響額の確定 ④ 上記①②の調査結果の報告及び発生原因の究明並びに再発防止策の提言,委員長：（東京富士法律事務所 弁護士） 小澤 徹夫 委員：（東京富士法律事務所 弁護士） 足立 学 委員：（税理士法人レクス会計事務所 公認会計士・税理士） 大森 斉貴,東京富士法律事務所 弁護士 権田 修一 廣瀬 正剛 山田 祥恵 税理士法人レクス会計事務所 公認会計士 清水 顕 池田 徹 藤本 聡 桃尾・松尾・難波法律事務所 弁護士 角元 洋利 東出 大輝 伊勢 文乃 古田 直輝 他11名 デロイト トーマツ ファイナンシャルアドバイザリー合同会社 公認会計士 垂水 敬 他 不正調査 50名 デジタル・フォレンジック調査 288名 合計 399名 株式会社アカウンティング・アドバイザリー 公認会計士 井上 寅喜 長谷川 直彦 中国公認会計士 ルアン リンナ チン グロリア 税理士法人山田＆パートナーズ 税理士 春田 憲重 安岡 喜大 大井 高志 植地 麻里奈 他23名 青葉監査法人 32名,http://www.daisanshaiinkai.com/2019/page/2/
2019,6470,東証1・名証1,6470 東証1・名証1,大豊工業株式会社,PwCあらた,2019/08/02,2019/08/02 2019/09/04,http://www.daisanshaiinkai.com/cms/wp-content/uploads/2019/08/190802_chousa6470.pdf http://www.daisanshaiinkai.com/cms/wp-content/uploads/2019/08/190904_chousa6470.pdf,2019/09/26,2019/09/26,http://www.daisanshaiinkai.com/cms/wp-content/uploads/2019/08/190926_chousa6470.pdf,＜特別調査委員会＞ （１）本件に係る事実関係の調査 （２）本件に類似する問題の存否及び事実関係の調査 （３）上記（１）及び（２）で確認された事実関係の原因分析及び再発防止策の提言 （４）上記のほか 、特別調査委員会が必要と認めた事項,委員長：（西村あさひ法律事務所 弁護士） 平尾 覚 委員：（当社 独立社外監査役） 安田 益生 委員：（当社 独立社外取締役） 佐藤 邦夫 委員：（株式会社 KPMG FAS フォレンジック部門代表パートナー 公認会計士） 高岡 俊文,西村あさひ法律事務所 株式会社KPMG FAS,http://www.daisanshaiinkai.com/2019/page/2/
2019,7610,JASDAQ,7610 JASDAQ,株式会社テイツー,三優,2019/07/26,2019/07/26 2019/08/02,http://www.daisanshaiinkai.com/cms/wp-content/uploads/2019/08/190726_chousa7610.pdf http://www.daisanshaiinkai.com/cms/wp-content/uploads/2019/08/190802_chousa7610.pdf,2019/09/11,2019/09/11,http://www.daisanshaiinkai.com/cms/wp-content/uploads/2019/08/190911_chousa7610.pdf,＜調査委員会＞ ①分配可能額を超過した本件自己株式取得が行われた原因の究明 ②本調査結果を踏まえた再発防止策の提言 ③本件自己株式取得の意思決定に関与した役員の責任の検討,委員長：（弁護士法人キャスト 弁護士） 原田 芳衣 委員：（弁護士法人キャスト 弁護士・公認不正検査士） 河田 好平 委員：（キャストコンサルティング株式会社 公認会計士・税理士） 川手 典子,弁護士法人キャスト 弁護士 宮武 篤司,http://www.daisanshaiinkai.com/2019/page/2/
2019,7781,JASDAQ,7781 JASDAQ,株式会社平山ホールディングス,トーマツ,2019/08/02,2019/08/02,http://www.daisanshaiinkai.com/cms/wp-content/uploads/2019/08/190802_daisansha7781.pdf,2019/09/06,2019/09/06 2019/09/09,http://www.daisanshaiinkai.com/cms/wp-content/uploads/2019/08/190906_chousa7781.pdf http://www.daisanshaiinkai.com/cms/wp-content/uploads/2019/08/190909_chousa7781.pdf,① FTF 社が大松自動車に対して 2019 年 4 月から 6 月にかけて売上計上した本件コンサル取引、有料職業紹介取引及び労働者派遣取引（総称して、以下「本件調査対象取引」という。）の事実関係の解明 ② 本件調査対象取引に係る会計処理の妥当性に関する検証 ③ 類似事象の確認 ④ 原因の分析と再発防止策に関する提言 ⑤ その他、当委員会が必要と認めた事項,委員長：（アンダーソン・毛利・友常法律事務所 弁護士） 増田 健一 委員：（株式会社 KPMG FAS 弁護士・公認会計士） 岩田 知孝 委員：（アンダーソン・毛利・友常法律事務所 弁護士） 三宅 英貴,アンダーソン・毛利・友常法律事務所 弁護士 池田 彩穂里 髙田 将寛 森 佳苗 天野 里美 株式会社 KPMG FAS 公認会計士 見越 敬夫 山口 孝之 山田 昴輝 ほか11名,http://www.daisanshaiinkai.com/2019/page/2/
2019,6178,東証1,6178 東証1,日本郵政株式会社,あずさ,2019/07/24,2019/07/24 2019/07/24,http://www.daisanshaiinkai.com/cms/wp-content/uploads/2019/07/190724_chousa6178-1.pdf http://www.daisanshaiinkai.com/cms/wp-content/uploads/2019/07/190724_chousa6178-2.pdf,2019/09/30,2019/09/30 2019/12/18 2020/03/26,http://www.daisanshaiinkai.com/cms/wp-content/uploads/2019/07/190930_chousa6178.pdf http://www.daisanshaiinkai.com/cms/wp-content/uploads/2019/07/191218_chousa6178.pdf http://www.daisanshaiinkai.com/cms/wp-content/uploads/2019/07/200326_chousa6178.pdf,＜特別調査委員会＞ 本契約問題に関して、かんぽ生命および日本郵便による事実確認の範囲及び方法等の妥当性を検証するとともに、独自に事実関係及び原因等について徹底した調査を行い、その結果を踏まえて再発防止策等の提言等の検討を行い、調査報告書を作成すること。,西村あさひ法律事務所 弁護士 伊藤 鉄男 鈴木諭法律事務所 弁護士 寺脇 一峰 渥美坂井法律事務所・外国法共同事業 弁護士 早川 真崇,渥美坂井法律事務所・ 外国法共同事業 弁護士 細田 浩史 安冨 潔 花田 さおり 大塚 美奈子 鈴木 大輔 小幡 映未子 三浦 悠佑 戸松 夏子 相沢 初夏 臼井 康博 奥原 力也 村川 耕平 湊 健太郎 丸山 るり子 湯澤 正 都築 翔 溝口 元気 伊藤 和樹 渡邊 俊典 表 大祐 金 貞伊 宮前 豪 山梨 浩史 藤原 瞭平 請園 未矩 齊藤 千尋 布施 景子 紀野 祥之 白川 雄基 竹井 駿 渡邉 裕介 現立命館アジア太平洋大学学長 出口 治明,http://www.daisanshaiinkai.com/2019/page/2/
2019,6181,マザーズ,6181 マザーズ,株式会社パートナーエージェント,太陽,2019/07/22,2019/07/22 2019/08/09,http://www.daisanshaiinkai.com/cms/wp-content/uploads/2019/07/190722_chousa6181.pdf http://www.daisanshaiinkai.com/cms/wp-content/uploads/2019/07/190809_chousa6181.pdf,2019/09/27,2019/09/27 2019/10/15,http://www.daisanshaiinkai.com/cms/wp-content/uploads/2019/07/190927_chousa6181.pdf http://www.daisanshaiinkai.com/cms/wp-content/uploads/2019/07/191015_chousa6181-1.pdf,＜社内調査委員会＞ 本件に関する事実関係（類似事案の存否を含む。）の調査、本件が生じた発生原因の解明（とりわけ内部統制上の課題の検討）、及び再発防止策の提言を行うこと,委員長：（取締役 コーポレート本部長） 貝瀬 雄一 委員：（社外取締役） 渡瀬 ひろみ 委員：（堀総合法律事務所 弁護士） 藤池 智則,公認会計士須賀智仁事務所 公認会計士 須賀 智仁 堀 総合法律事務所 弁護士 富田 直由 弁護士法人鈴木康之法律事務所 弁護士 山口 真吾 当社経理財務部部長 公認会計士 久保 理 当社総務法務部部長 笹渕 宏明 等,http://www.daisanshaiinkai.com/2019/page/2/
2019,8927,JASDAQ,8927 JASDAQ,株式会社明豊エンタープライズ,明治アーク,2019/07/10,2019/07/10,http://www.daisanshaiinkai.com/cms/wp-content/uploads/2019/07/190710_chousa8927.pdf,2019/09/06,2019/09/06 2019/09/13,http://www.daisanshaiinkai.com/cms/wp-content/uploads/2019/07/190906_chousa8927.pdf http://www.daisanshaiinkai.com/cms/wp-content/uploads/2019/07/190913_chousa8927.pdf,＜特別調査委員会＞ （1）本件会計処理に係る事実関係の調査及び本件会計処理の適切性の検証 （2）類似事案の有無の確認 （3）上記（1）又は（2）において問題が発見された場合には、その原因究明及び再発防止策の提言 （4）その他、特別調査委員会が必要と認めた事項,委員長：（西村あさひ法律事務所 弁護士） 森本 大介 委員：（光和総合法律事務所 弁護士） 白井 真 委員：（河江健史会計事務所 公認会計士） 河江 健史,西村あさひ法律事務所 弁護士9名 光和総合法律事務所 弁護士2名 公認会計士8名 PwC アドバイザリー合同会社,http://www.daisanshaiinkai.com/2019/page/2/
2019,7955,東証1,7955 東証1,クリナップ株式会社,仰星,2019/07/05,2019/07/05,http://www.daisanshaiinkai.com/cms/wp-content/uploads/2019/07/190705_chousa7955.pdf,2019/07/05,2019/07/05,http://www.daisanshaiinkai.com/cms/wp-content/uploads/2019/07/190705_chousa7955-1.pdf,,,,http://www.daisanshaiinkai.com/2019/page/2/
2019,7604,東証2,7604 東証2,株式会社 梅の花,トーマツ,2019/06/26,2019/06/26 2019/07/01,http://www.daisanshaiinkai.com/cms/wp-content/uploads/2019/06/190626_daisansha7604.pdf http://www.daisanshaiinkai.com/cms/wp-content/uploads/2019/06/190701_daisansha7604.pdf,2019/08/28,2019/08/28 2019/08/29,http://www.daisanshaiinkai.com/cms/wp-content/uploads/2019/06/190828_daisansha7604.pdf http://www.daisanshaiinkai.com/cms/wp-content/uploads/2019/06/190829_daisansha7604.pdf,① 会計監査人より指摘を受けた店舗に係る固定資産の減損処理に関する事実関係調査及び原因究明 ② 再発防止策の検討・提言,委員長：（弁護士法人関西法律特許事務所 弁護士） 山形 康郎 委員：（弁護士法人関西法律特許事務所 弁護士） 原 仁志 委員：（酒井法律事務所 弁護士） 酒井 辰馬 委員：（北斗税理士法人 公認会計士） 新川 大祐 委員：（株式会社ＫＰＭＧ ＦＡＳ 弁護士・公認会計士） 岩田 知孝,関西法律特許事務所 弁護士 冨田 信雄 北川 慎一郎 桒田 聡 KPMG FAS 公認会計士 見越 敬夫 山口 孝之 遠藤 正樹 他10名,http://www.daisanshaiinkai.com/2019/page/2/
2019,3668,東証1,3668 東証1,株式会社コロプラ,トーマツ,2019/06/21,2019/06/21 2019/06/26,http://www.daisanshaiinkai.com/cms/wp-content/uploads/2019/06/190621_chousa3668.pdf http://www.daisanshaiinkai.com/cms/wp-content/uploads/2019/06/190626_chousa3668.pdf,2019/08/13,2019/08/13,http://www.daisanshaiinkai.com/cms/wp-content/uploads/2019/06/190813_chousa3668.pdf,＜特別調査委員会＞ （１）本事象についての事実及び経緯の確認 （２）過年度を含めた類似取引の有無の確認 （３）原因究明及び再発防止策の提言,委員長：（当社社外取締役常勤監査等委員） 長谷川 哲造 委員：（光和総合法律事務所 弁護士） 白井 真 委員：（株式会社 KPMG FAS パートナー 公認会計士） 髙岡 俊文,光和総合法律事務所 弁護士 野原 俊介 永井 徳人 井上 龍太郎 坂下 大貴 橋本 祥 石塚 幸子 櫻井 駿 株式会社 KPMG FAS 公認会計士 藤田 大介 金原 利成 他5名,http://www.daisanshaiinkai.com/2019/page/2/
2019,8586,東証1,8586 東証1,日立キャピタル株式会社,EY新日本,2019/06/17,2019/06/17,http://www.daisanshaiinkai.com/cms/wp-content/uploads/2019/06/190617_chousa8586.pdf,2019/07/25,2019/07/25,http://www.daisanshaiinkai.com/cms/wp-content/uploads/2019/06/190725_chousa8586.pdf,＜特別調査委員会＞ 当社の業績に与える影響を把握するため、当社中国子会社における債権の実在性、ならびに、当社および当社中国子会社役職員の不正への関与の有無に関するより客観性、信頼性を高めた調査。,委員長：（(当社 独立社外取締役） 平岩 孝一郎 委員：（PwC ビジネスアシュアランス合同会社 公認会計士） 丸山 琢永 委員：（西村あさひ法律事務所 弁護士） 平尾 覚,PwC ビジネスアシュアランス合同会社 公認会計士 本多 守 那須 美帆子 他47名 西村あさひ法律事務所 弁護士 野村 高志 鈴木 悠介 他6名,http://www.daisanshaiinkai.com/2019/page/2/
2019,8586,東証1,8586 東証1,日立キャピタル株式会社,EY新日本,2019/05/10,2019/05/10 2019/06/06 2019/06/17,http://www.daisanshaiinkai.com/cms/wp-content/uploads/2019/05/190510_chousa8586.pdf http://www.daisanshaiinkai.com/cms/wp-content/uploads/2019/05/190606_chousa8586.pdf http://www.daisanshaiinkai.com/cms/wp-content/uploads/2019/05/190617_chousa8586.pdf,,未公表,,＜社内調査委員会＞ 当社の業績に与える影響を把握するため、日立商業保理における不正常取引の可能性のある取引に対する債権の実在性、及びその他債権に対する同種問題点の有無の確認。 当社及び当社中国子会社役職員の不正への関与の調査。,委員長：（執行役副社長 経営基盤強化統括本部長） 木住野 誠一郎 副委員長：（執行役 経営戦略本部副本部長） 佐藤 剛 委員：品質保証部、法務部、IT 企画部、資産債権管理部の管理職,,http://www.daisanshaiinkai.com/2019/page/2/
2019,3098,東証1,3098 東証1,株式会社ココカラファイン,EY新日本,2019/06/10,2019/06/10 2019/07/30,http://www.daisanshaiinkai.com/cms/wp-content/uploads/2019/06/190611_chousa3098.pdf http://www.daisanshaiinkai.com/cms/wp-content/uploads/2019/06/190730_chousa3098.pdf,,未公表,,＜特別調査委員会＞ 当社の企業価値を向上させる可能性の有無の観点から、マツモトキヨシホールディングス及びスギホールディングスによる提案を客観的な立場から総合的に検討すること。,委員：（元株式会社イトーヨーカ堂代表取締役社長最高執行責任者） 亀井 淳 委員：（元メリルリンチ日本証券株式会社副会長） 今井 光 委員：（ＫＰＭＧヘルスケアジャパン株式会社代表取締役） 松田 淳 委員：（弁護士） 中川 秀宣 委員：（公認会計士） 和田 芳幸 委員：（当社社外取締役） 谷間 真,,http://www.daisanshaiinkai.com/2019/page/2/
2019,2784,東証1,2784 東証1,アルフレッサホールディングス株式会社,あずさ,2019/06/07,2019/06/07 2019/09/27,http://www.daisanshaiinkai.com/cms/wp-content/uploads/2019/06/190607_chousa2784.pdf http://www.daisanshaiinkai.com/cms/wp-content/uploads/2019/06/190927_chousa2784.pdf,2019/12/26,2019/12/26,http://www.daisanshaiinkai.com/cms/wp-content/uploads/2019/06/191226_daisansha2784.pdf,＜特別調査委員会＞ （１）本件の不適切行為に係る事実関係の調査並びにアポロメディカルを含む当社連結子会社が運営する調剤薬局を対象とする本件と類似する問題点の調査 （２）アポロメディカルのコンプライアンス及びガバナンス上の問題点の調査 （３）上記（１）及び（２）で確認された事実関係及び問題点の原因分析及び再発防止策の提言 （４）上記のほか、本委員会が必要と認めた事項,委員長：（シティユーワ法律事務所 弁護士） 政木 道夫 委員：（ シティユーワ法律事務所 弁護士） 深山 美弥 委員：（ シティユーワ法律事務所 弁護士） 松尾 宗太郎,シティユーワ法律事務所 弁護士3名,http://www.daisanshaiinkai.com/2019/page/2/
2019,8089,東証1,8089 東証1,すてきナイスグループ株式会社,原会計事務所,2019/05/30,2019/05/30,http://www.daisanshaiinkai.com/cms/wp-content/uploads/2019/05/190530_daisansha8089.pdf,2019/07/24,2019/07/24,http://www.daisanshaiinkai.com/cms/wp-content/uploads/2019/05/190724_daisansha8089.pdf,⑴ すてきナイスの平成 27 年 3 月期に係る不動産物件の取引に関する架空売上計上の疑い（以下「本件嫌疑」という。）に係る事実関係の調査及び本件嫌疑に係る会計処理の適切性の検証 ⑵ 本件嫌疑の類似事案の有無の確認 ⑶ 上記⑴及び⑵において問題が発見された場合には、その原因究明及び再発防止策の提言,委員長：（日野正晴法律事務所 弁護士） 日野 正晴 委員：（丸の内総合法律事務所 弁護士） 松井 秀樹 委員：（紙野公認会計士事務所 公認会計士、青山アクセス税理士法人 税理士） 紙野 愛健,丸の内総合法律事務所 弁護士 太田 大三 近内 京太 若林 功 木村 一輝 磯部 勇太 尾臺 知弘 公認会計士紺野良一事務所 公認会計士 紺野 良一 公認会計士角田博昭事務所 公認会計士 角田 博昭 田島公認会計士事務所 公認会計士 田島 照久 公認会計士金子恭治事務所 公認会計士 金子 恭治 本多一徳公認会計士事務所 公認会計士 本多 一徳 野村宜弘公認会計士事務所 公認会計士 野村 宜弘 株式会社 FRONTEO,http://www.daisanshaiinkai.com/2019/page/2/
2019,8604,東証1・名証1,8604 東証1・名証1,野村ホールディングス株式会社,EY新日本,2019/05/24,2019/05/24,http://www.daisanshaiinkai.com/cms/wp-content/uploads/2019/05/190524_chousa8604.pdf,2019/05/24,2019/05/24,http://www.daisanshaiinkai.com/cms/wp-content/uploads/2019/05/190524_chousa8604-1.pdf,＜特別調査チーム＞ (ア) 関係者への事情聴取及び証拠の収集と分析 (イ) 管理態勢の実態と問題点の分析 (ウ) 本件における法的論点の有無の検討及び評価 (エ) セールス活動において不適切な情報伝達が生じる根本原因の分析 (オ) 再発防止に向けて改善を要する点の摘示 (カ) その他本件対応に係る事項,森・濱田松本法律事務所 弁護士 難波 孝一 菊地 伸 熊谷 真和 髙橋 悠 片山 和紀,,http://www.daisanshaiinkai.com/2019/page/3/
2019,5121,東証1,5121 東証1,藤倉コンポジット株式会社,EY新日本,2019/05/24,2019/05/24,http://www.daisanshaiinkai.com/cms/wp-content/uploads/2019/05/190524_chousa5121.pdf,2019/06/28,2019/06/28,http://www.daisanshaiinkai.com/cms/wp-content/uploads/2019/05/190628_chousa5121-1.pdf,＜特別調査委員会＞ ① A 副総経理が AF の 1 期及び 2 期工事において D グループに工場の建設を実質的に請け負わせ、D グループを通じて多額の不正な利益を得た事実の有無の確認 ② AF の工場に対する環境規制についての A 副総経理の認識及び対応の確認 ③ A 副総経理による架空の又は水増しされた労務費の支払いその他の不正送金の有無の確認 ④ A 副総経理による FC 中国子会社の従業員の差別的取り扱いの有無の確認 ⑤ B 社から E 夫人への配当及び役員報酬の支払いの有無の確認 ⑥ S 元総経理による W 社、X 社及び Y 社との不適切な取引行為の有無の確認 ⑦ S 元総経理の指示による固定資産の減価償却の先送りその他の不適切な会計処理の有無の確認 ⑧ FC 経営陣による内部通報に対する対応の確認 ⑨ 上記①～⑧の事実調査の結果判明した事実における原因・背景事情の分析 ⑩ 上記⑨の分析を踏まえた再発防止策の提言,委員長：（曾我法律事務所 弁護士） 谷 友輔 委員：（曾我法律事務所 弁護士） 住田 尚之 委員：（曾我法律事務所 公認会計士・税理士） 金子 広行 委員：（北京徳和衡（上海）律師事務所 中華人民共和国律師） 劉 華,曾我法律事務所 デロイト トーマツ ファイナンシャルアドバイザリー合同会社 デジタルフォレンジック調査会社,http://www.daisanshaiinkai.com/2019/page/3/
2019,3766,JASDAQ,3766 JASDAQ,システムズ・デザイン株式会社,あずさ,2019/05/13,2019/05/13,http://www.daisanshaiinkai.com/cms/wp-content/uploads/2019/05/190513_chousa3766.pdf,2019/06/19,2019/06/19,http://www.daisanshaiinkai.com/cms/wp-content/uploads/2019/05/c47d10e18ac4ead18e73586deb9c487f.pdf,＜原因究明委員会＞ 委託元の承諾を得ずに番号法 10 条等違反の再委託事案が発生した正確な事実関係を把握し、原因等の分析を行い、再発防止策を策定すること,委員長：（内部監査室長） 坂本 徳明 委員：（常勤監査役） 鈴木 克明 委員：（取締役・管理担当役員） 岡本 芳明 委員：（弁護士） 櫻庭 信之 委員：（弁護士） 田村 陽 委員：（弁護士） 齋藤 亮太 委員：（弁護士） 廣瀬 智彦,,http://www.daisanshaiinkai.com/2019/page/3/
2019,7806,マザーズ,7806 マザーズ,株式会社ＭＴＧ,トーマツ,2019/05/13,2019/05/13 2019/05/14 2019/06/13,http://www.daisanshaiinkai.com/cms/wp-content/uploads/2019/05/190513_daisansha7806.pdf http://www.daisanshaiinkai.com/cms/wp-content/uploads/2019/05/190514_daisansha7806.pdf http://www.daisanshaiinkai.com/cms/wp-content/uploads/2019/05/190613_daisansha7806.pdf,2019/07/11,2019/07/11 2019/07/12,http://www.daisanshaiinkai.com/cms/wp-content/uploads/2019/05/190711_daisansha7806.pdf http://www.daisanshaiinkai.com/cms/wp-content/uploads/2019/05/190712_daisansha7806.pdf,(1)MTG上海における不正売上行為の疑義及び監査人への虚偽説明並びに不適切な会計処理の疑義に関する事実関係（類似事象の存否を含む）の調査 (2)当社の組織的関与の有無 (3)本件(上記(1))による連結財務諸表への影響額 (4)本件(上記(1))の調査結果の報告及び発生要因の究明並びに再発防止策の提言,委員長：（阿部・井窪・片山法律事務所 弁護士） 伊藤 尚 委員：（株式会社アカウンティング・アドバイザリー 公認会計士） 井上 寅喜 委員：（横浜市立大学准教授） 芦澤 美智子,EY新日本有限責任監査法人 森田 陽 布施 和弘 東 万里子 公認会計士 荒張 健 曽木 貴子 吉田 靖孝 越山 泰先 公認情報システム監査人 西原 則晶 公認不正検査士 松原 努 他24名 Ernst & Young(China) Advisory Limited ルーシー チャン カレン シ ニューヨーク州弁護士 三宅 亜紀子 他28名 阿部・井窪・片山法律事務所 弁護士 大月 雅博 広瀬 史乃 須崎 利康 牧 恵美子 上坂 望 佐藤 健太郎 杉森 康平 株式会社アカウンティング・アドバイザリー 公認会計士 斎藤 哲 大福 学 中国公認会計士 ルアン リンナ 陳 グロリア アンダーソン・毛利・友常法律事務所 弁護士 三宅 英貴 伊東 大幸 田端 仁美 高田 将寛 曺 貴鎬 坂井 瞭平 朝戸 統覚,http://www.daisanshaiinkai.com/2019/page/3/
2019,6706,東証1,6706 東証1,電気興業株式会社,トーマツ,2019/05/10,2019/05/10,http://www.daisanshaiinkai.com/cms/wp-content/uploads/2019/05/190510_chousa6706.pdf,2019/06/07,2019/06/07,http://www.daisanshaiinkai.com/cms/wp-content/uploads/2019/05/190607_chousa6706.pdf,①A事案に関する事実関係の調査、 ②A事案以外の類似の不適切な会計処理に関する事実関係の調査（以下「件外調査」といいます。）、並びに ③これらの調査結果を踏まえた原因分析及び再発防止策の検討・提言等,,,http://www.daisanshaiinkai.com/2019/page/3/
2019,1925,東証1,1925 東証1,大和ハウス工業株式会社,トーマツ,2019/05/09,2019/05/09,http://www.daisanshaiinkai.com/cms/wp-content/uploads/2019/05/190509_chousa1925.pdf,2019/05/31,2019/05/31 2019/06/18 2019/06/19,http://www.daisanshaiinkai.com/cms/wp-content/uploads/2019/05/190531_chousa1925.pdf http://www.daisanshaiinkai.com/cms/wp-content/uploads/2019/05/190618_chousa1925.pdf http://www.daisanshaiinkai.com/cms/wp-content/uploads/2019/05/190619_chousa1925.pdf,＜外部調査委員会＞ 型式適合認定を取得した仕様に合致しないという不備（①独立基礎不適合問題、②L 字型受柱不適合問題）ならびに③防火安全性基準不適合問題についての事実関係の調査、原因分析を行うこと,委員長：（当社社外監査役） 桑野 幸徳 委員：（加藤・西田・長谷川法律事務所 弁護士） 長谷川 健 委員：（北浜法律事務所 弁護士） 渡辺 徹,加藤・西田・長谷川法律事務所 弁護士 細川 健夫 北浜法律事務所・外国法共同事業 弁護士 谷 明典 他 8 名,http://www.daisanshaiinkai.com/2019/page/3/
2019,8132,東証1,8132 東証1,シナネンホールディングス株式会社,EY新日本,2019/05/08,2019/05/08,http://www.daisanshaiinkai.com/cms/wp-content/uploads/2019/05/190508_chousa8132.pdf,2019/06/04,2019/06/04 2019/06/28,http://www.daisanshaiinkai.com/cms/wp-content/uploads/2019/05/190604_chousa8132.pdf http://www.daisanshaiinkai.com/cms/wp-content/uploads/2019/05/190628_chousa8132.pdf,＜特別調査委員会＞ ① 本件に関する事実関係の確認（類似事象の存否を含む。）の調査 ② 本件による連結財務諸表、個別財務諸表への影響額の確定 ③ 本件が生じた要因の究明と再発防止策の提言,委員長：（アンダーソン・毛利・友常 法律事務所 弁護士） 三宅 英貴 委員：（当社社外取締役監査等委員） 小川 常司 委員：（当社社外取締役監査等委員 弁護士） 篠 連,アンダーソン・毛利・友常法律事務所 弁護士 伊藤 美奈子 デロ イト トーマツ ファイナンシャル アドバイザリー合同会社 公認会計士 垂水 敬 以下 22 名,http://www.daisanshaiinkai.com/2019/page/3/
2019,6675,東証1,6675 東証1,サクサホールディングス株式会社,EY新日本,2019/05/07,2019/05/07,http://www.daisanshaiinkai.com/cms/wp-content/uploads/2019/05/190507_chousa6675.pdf,2019/05/27,2019/05/27,http://www.daisanshaiinkai.com/cms/wp-content/uploads/2019/05/190527_chousa6675.pdf,＜社内調査委員会＞ ① 本事案に関する事実関係の調査・検証 ② 調査の結果判明した本事案の特徴を踏まえ、不適切な会計処理がなされる可能性のある取引を抽出した上で、SPR 社を含む当社グループ会社における類似取引の調査・検証 ③ 本事案による当社及び SPR 社の財務諸表への影響 ④ 本事案が生じた原因の究明と再発防止策の提言,委員長：（匠総合法律事務所 弁護士） 秋野 卓生 副委員長：（株式会社アカウンティング・アドバイザリー 公認会計士） 井上 寅喜 委員：（独立役員・当社社外取締役） 小口 喜美夫 委員：（独立役員・当社社外取締役） 山本 秀男 委員：（独立役員・当社社外監査役 公認会計士） 飯森 賢二 委員：（独立役員・当社社外監査役 弁護士） 清水 建成,匠総合法律事務所 弁護士 5名 株式会社アカウンティング・アドバイザリー 公認会計士 5名 株式会社 FRONTEO デジタル・フォレンジック専門家 7名,http://www.daisanshaiinkai.com/2019/page/3/
2019,6985,東証1,6985 東証1,株式会社ユーシン,トーマツ,2019/04/26,2019/04/26,http://www.daisanshaiinkai.com/cms/wp-content/uploads/2019/04/190426_chousa6985-1.pdf,2019/06/17,2019/06/17,http://www.daisanshaiinkai.com/cms/wp-content/uploads/2019/04/190617_chousa6985.pdf,①本件に関する事実関係(類似事象の存否を含む)の調査、②本件による棚卸資産への影響額の確定、 ③本件が生じた原因分析及び再発防止策の提言,委員長：（西村あさひ法律事務所 弁護士） 森本 大介 委員：（公認会計士） 河江 健史 委員：（当社社外取締役監査等委員 公認会計士・税理士） 宮森 信英,西村あさひ法律事務所 PwC アドバイザリー合同会社,http://www.daisanshaiinkai.com/2019/page/3/
2019,4423,東証1,4423 東証1,アルテリア・ネットワークス株式会社,EY新日本,2019/04/22,2019/04/22,http://www.daisanshaiinkai.com/cms/wp-content/uploads/2019/04/190422_daisansha4423.pdf,2019/06/19,2019/06/19,http://www.daisanshaiinkai.com/cms/wp-content/uploads/2019/04/190619_daisansha4423.pdf,(１) ①本件上場にあたり、本件行為につき、審査時提出書面及び有価証券届出書に記載されなかった経緯に関する調査 ②当社による、本件行為及び本件行為が審査時提出書面及び有価証券届出書に記載されなかったことについての適時開示が、2019年４月16日まで行われなかった経緯に関する調査 (２) 上記(１)記載の調査で確認された事実関係の原因分析及び再発防止策の提言 (３) その他、第三者委員会が必要と認めた事項,委員長：（熊﨑勝彦綜合法律事務所 弁護士） 熊﨑 勝彦 委員：（日比谷パーク法律事務所 弁護士） 松山 遙 委員：（ひふみ総合法律事務所 （弁護士・公認不正検査士） 矢田 悠,サン綜合法律事務所 弁護士 中村 信雄 押久保 公人 ひふみ総合法律事務所 弁護士 玉川 竜大,http://www.daisanshaiinkai.com/2019/page/3/
2019,7269,東証1,7269 東証1,スズキ株式会社,清明,,,,2019/04/12,2019/04/12 2019/04/12,http://www.daisanshaiinkai.com/cms/wp-content/uploads/2019/04/190412_chousa7269-2.pdf http://www.daisanshaiinkai.com/cms/wp-content/uploads/2019/04/190412_chousa7269.pdf,・ 完成検査工程の燃費・排ガス測定におけるトレースエラーが生じている測定を有効なものとして処理した事案に関する事実関係及び認識並びにその他の不適切行為の有無（不適切行為が存在した場合の事実関係及び認識を含む。） ・ 燃費・排ガス測定以外の完成検査業務のうち保安基準適合性についての検査業務における不適切行為の有無（不適切行為が存在した場合の事実関係及び認識を含む。） ・ 完成検査実施における検査員有資格者以外の者による完成検査実施等の不適切な完成検査業務の運用状況の実態に関する事実関係及び認識 ・ 前記事実関係等の原因・背景の分析 ・ 再発防止策の提言,長島・大野・常松法律事務所 弁護士 太田 穰 石塚 洋之 垰 尚義 池田 順一 ほか21名,PwC アドバイザリー合同会社,http://www.daisanshaiinkai.com/2019/page/3/
2019,9787,東証1,9787 東証1,イオンディライト株式会社,トーマツ,2019/04/05,2019/04/05 2019/04/11 2019/05/10,http://www.daisanshaiinkai.com/cms/wp-content/uploads/2019/04/190405_chousa9787.pdf http://www.daisanshaiinkai.com/cms/wp-content/uploads/2019/04/190411_chousa9787.pdf http://www.daisanshaiinkai.com/cms/wp-content/uploads/2019/04/190510_chousa9787.pdf,2019/05/24,2019/05/24 2019/06/27 2019/06/28,http://www.daisanshaiinkai.com/cms/wp-content/uploads/2019/04/190524_chousa9787.pdf http://www.daisanshaiinkai.com/cms/wp-content/uploads/2019/04/190627_chousa9787.pdf http://www.daisanshaiinkai.com/cms/wp-content/uploads/2019/04/190628_chousa9787.pdf,＜特別調査委員会＞ (1) カジタク店頭支援事業の中古複写機再販ビジネスにおける在庫廃棄等の処理手続における過誤の内容に関する調査（これに類する不適切な会計処理の有無に関する調査を含む。）、並びにこれによる当社連結財務諸表への影響額の認定 (2) 上記在庫廃棄等処理手続が行われた背景事情、経緯およびカジタクの企業風土に関する調査 (3) 上記各調査結果を踏まえた原因の究明、並びに再発防止策およびガバナンス強化策（当社グループにおけるガバナンス強化策を含む。）に対する提言,委員長：（TMI 総合法律事務所 弁護士） 野間 敬和 委員：（招和法律事務所 弁護士、公認会計士） 岩田 知孝 委員：（TMI 総合法律事務所 弁護士） 田代 啓史郎,,http://www.daisanshaiinkai.com/2019/page/3/
2019,7869,JASDAQ,7869 JASDAQ,日本フォームサービス株式会社,大手門会計事務所,2019/04/05,2019/04/05,http://www.daisanshaiinkai.com/cms/wp-content/uploads/2019/04/190405_daisansha7869.pdf,2019/06/12,2019/06/12 2019/06/21,http://www.daisanshaiinkai.com/cms/wp-content/uploads/2019/04/190612_daisansha7869.pdf http://www.daisanshaiinkai.com/cms/wp-content/uploads/2019/04/190621_daisansha7869.pdf,①本件会計処理に関する事実関係の認定、問題点及び発生原因の調査分析 ②本件会計処理に関する内部統制、コンプライアンス、ガバナンス上の問題点の調査分析 ③上記①及び②の調査分析結果に基づく再発防止策の提言 ④その他当委員会が必要と認めた事項,委員長：（シティユーワ法律事務所 弁護士） 青沼 隆之 委員：（シティユーワ法律事務所 弁護士） 政木 道夫 委員：（ＡＣＥコンサルティング株式会社 公認会計士） 小川 真人,弁護士 3名 公認会計士 2名,http://www.daisanshaiinkai.com/2019/page/3/
2019,7408,東証1,7408 東証1,株式会社ジャムコ,太陽,2019/03/26,2019/03/26,http://www.daisanshaiinkai.com/cms/wp-content/uploads/2019/03/190326_chousa7408.pdf,,未公表,,＜特別調査委員会＞,高橋・片山法律事務所 弁護士 高橋 明人 弁護士法人キャスト、元検察官 弁護士 河田 好平 民間航空機株式会社等の取締役等を歴任 松尾 則久,,http://www.daisanshaiinkai.com/2019/page/3/
2019,9632,東証1,9632 東証1,スバル興業株式会社,トーマツ,2019/03/22,2019/03/22,http://www.daisanshaiinkai.com/cms/wp-content/uploads/2019/03/190322_chousa9632.pdf,2019/04/11,2019/04/11,http://www.daisanshaiinkai.com/cms/wp-content/uploads/2019/03/190411_chousa9632.pdf,＜特別調査委員会＞ ① 元社長による代金着服に関する事実関係の解明 ② 上記代金着服の具体的手法並びに 2019 年 1 月期及びその過去 5 年度における年度別の着服金額の把握 ③ 協立道路における上記代金着服以外の不正行為(実在取引の未計上、売上の架空計上、水増請求・キックバック要求等)の有無の確認 ④ スバル興業及びその他の連結子会社における上記代金着服と同様・類似の不正行為の有無の確認 ⑤ 上記①～④の事実調査の結果判明した事実における原因・背景事情の分析 ⑥ 上記⑤の分析を踏まえた再発防止策の提言,委員長：（西村あさひ法律事務所 弁護士） 平尾 覚 委員：（西村あさひ法律事務所 弁護士） 勝部 純 委員：（PwC ビジネスアシュアランス合同会社 公認会計士） 駒井 昌宏,西村あさひ法律事務所 PwC アドバイザリー合同会社,http://www.daisanshaiinkai.com/2019/page/3/
2019,1925,東証1,1925 東証1,大和ハウス工業株式会社,トーマツ,2019/03/13,2019/03/13 2019/03/29,http://www.daisanshaiinkai.com/cms/wp-content/uploads/2019/03/190313_daisansha1925.pdf http://www.daisanshaiinkai.com/cms/wp-content/uploads/2019/03/190329_daisansha1925.pdf,2019/06/18,2019/06/18,http://www.daisanshaiinkai.com/cms/wp-content/uploads/2019/03/190618_daisansha1925.pdf,① 本件不正行為に係る事実関係の調査 ② 本件不正行為に類似する事象の有無の調査 ③ ①及び②に係る発生原因の分析及び再発防止策の提言 ④ その他、第三者委員会が必要と認めた事項,委員長：（大江橋法律事務所 弁護士） 国谷 史朗 委員：（ひふみ総合法律事務所 弁護士） 矢田 悠 委員：（株式会社 KPMG FAS 公認会計士） 髙岡 俊文,弁護士法人大江橋法律事務所 弁護士 松井 衡 関口 智弘 逸見 佳代 倉持 大 外山 信之介 松本 亮 ひふみ総合法律事務所 弁護士 玉川 竜大 株式会社KPMG FAS 公認会計士 藤田 大介 ほか39名（内28名はKPMG Advisory (China) Limited）,http://www.daisanshaiinkai.com/2019/page/3/
2019,1448,東証1,1448 東証1,株式会社スペースバリューホールディングス,あずさ,2019/03/11,2019/03/11,http://www.daisanshaiinkai.com/cms/wp-content/uploads/2019/03/190311_daisansha1448.pdf,2019/04/11,2019/04/11,http://www.daisanshaiinkai.com/cms/wp-content/uploads/2019/03/190411_daisansha1448.pdf,・ＥＰＳ社立体駐車場建設コストに関する疑義：特別調査委員会の調査結果を引継ぎ、第三者委員会としてその調査結果の最終報告（原因究明及び再発防止策の立案を含む） ・日成ビルド工業レンタル工事未払金に関する疑義：特別調査委員会の調査結果を引継ぎ、第三者委員会としてその調査結果の最終報告（原因究明及び再発防止策の立案を含む） ・日成ビルド工業の組織的な原価付け替えに関する疑義：特別調査委員会の調査結果を引継ぎ、第三者委員会としてその調査を敷衍し、類似の手法による案件の有無を含む組織的な不適切行為の全容解明と原因究明及び再発防止策の立案並びに調査結果の報告,委員長：（和田会計事務所 公認会計士） 和田 芳幸 委員：（岩田合同法律事務所 弁護士） 本村 健 委員：（ふじ合同法律事務所 弁護士） 和田 希志子 委員：（岩田合同法律事務所 弁護士） 永口 学 委員：（髙木公認会計士事務所 公認会計士） 髙木 明,弁護士 中村 忠司 髙山 梢 伊藤 菜々子 松田 章良 小松 徹也 早川 祐司 碇 由利絵 太田 幹彦 山田 祐大 齋藤 弘樹 足立 理 弁護士・公認会計士 浜崎 祐紀 公認会計士 我那覇 篤司 髙山 清子 張本 和志 中野 陽介 佐塚 卓 梶田 雄之 河合 健一 奥澤 望 佐藤 新也 小池 赳司 友部 隆博 後藤 亮太 長谷川 雄史 吉田 浩平 井上 大輔 吉田 壮志 吉田 圭太 嶋田 智也 古澤 卓 飯田 夏希 田村 亮人 その他 2 名 その他 パ ラ リ ー ガル、翻訳、スタッフ等 David Walsh 岩田 圭祐 西川 順子 宮下 敦士 ほか 9 名,http://www.daisanshaiinkai.com/2019/page/3/
2019,1448,東証1,1448 東証1,株式会社スペースバリューホールディングス,あずさ,2019/02/12,2019/02/12 2019/02/13 2019/03/11,http://www.daisanshaiinkai.com/cms/wp-content/uploads/2019/02/190212_chousa1448.pdf http://www.daisanshaiinkai.com/cms/wp-content/uploads/2019/02/190213_chousa1448.pdf http://www.daisanshaiinkai.com/cms/wp-content/uploads/2019/02/190311_daisansha1448.pdf,,未公表,,＜特別調査委員会＞ 本件に係る事実関係の客観的な調査と問題が発生した原因の究明、ならびに効果的な再発防止策の立案 ※第三者委員会へ移行,委員長：（和田会計事務所 公認会計士） 和田 芳幸 委員：（岩田合同法律事務所 弁護士） 永口 学 委員：（高木公認会計士事務所 公認会計士） 高木 明 委員：（当社 取締役管理本部長） 鈴木 啓介 委員：（当社 常勤監査役） 黒澤 均,,http://www.daisanshaiinkai.com/2019/page/3/
2019,7013,東証1,7013 東証1,株式会社ＩＨＩ,EY新日本,2019/03/08,2019/03/08 2019/04/08,http://www.daisanshaiinkai.com/cms/wp-content/uploads/2019/03/190308_chousa7013.pdf http://www.daisanshaiinkai.com/cms/wp-content/uploads/2019/03/190408_futekisetsu7013.pdf,2019/05/10,2019/05/10,http://www.daisanshaiinkai.com/cms/wp-content/uploads/2019/03/ff329aa849a33834b40b4ec553bdc40e.pdf,＜第三者検証委員会＞ 当社報告書において不適切な事案と判断された行為類型についての原因分析および再発防止策の検証,慶應義塾大学商学部 准教授 日本経営倫理学会 会長 梅津 光弘 西村あさひ法律事務所 弁護士 平尾 覚 緒方 健太 鈴木 悠介 河野 光輝 秋吉 諒 松本 佳子,,http://www.daisanshaiinkai.com/2019/page/3/
2019,1515,東証1,1515 東証1,日鉄鉱業株式会社,EY新日本,2019/03/01,2019/03/01,http://www.daisanshaiinkai.com/cms/wp-content/uploads/2019/03/190301_chousa1515.pdf,2019/04/26,2019/04/26,http://www.daisanshaiinkai.com/cms/wp-content/uploads/2019/03/190426_chousa1515.pdf,＜特別調査委員会＞ ① 本件会計不正の疑義の発覚に端を発した一連の不適切な会計処理の疑義に係る事実関係の解明 ② 類似事象の有無の調査 ③ 発生原因の究明 ④ 再発防止策の提言 ⑤ その他、上記各号に関連する事項,委員長：（須藤綜合法律事務所 弁護士 ） 須藤 修 委員長：（アンダーソン・毛利・友常法律事務所 弁護士 ） 三宅 英貴 委員長：（株式会社アカウンティング・アドバイザリー 公認会計士 ） 井上 寅喜,アンダーソン・毛利・友常法律事務所 弁護士 伊嵜 風人 株式会社アカウンティグ・アドバイザリー 公認会計士 齋藤 哲 デロイト トーマツ ファイナンシャル アドバイザリー合同会社,http://www.daisanshaiinkai.com/2019/page/4/
2019,8848,東証1,8848 東証1,株式会社レオパレス２１,太陽,2019/03/01,2019/03/01 2019/03/18 2019/06/10,http://www.daisanshaiinkai.com/cms/wp-content/uploads/2019/03/190301_chousa8848.pdf http://www.daisanshaiinkai.com/cms/wp-content/uploads/2019/03/190318_chousa8848.pdf http://www.daisanshaiinkai.com/cms/wp-content/uploads/2019/03/190611_chousa8848.pdf,2019/05/29,2019/05/29 2019/06/21 2019/07/31,http://www.daisanshaiinkai.com/cms/wp-content/uploads/2019/03/190529_chousa8848.pdf http://www.daisanshaiinkai.com/cms/wp-content/uploads/2019/03/190621_chousa8848.pdf http://www.daisanshaiinkai.com/cms/wp-content/uploads/2019/03/190731_chousa8848.pdf,＜外部調査委員会＞ 本件施工不備に関する原因について厳正かつ徹底した調査を実施し、2019年 3 月 18 日を目途に一定の中間報告を行い、その後然るべき時期に再発防止策、社内役員の責任についての検討を含めた最終報告書を作成すること,委員長：（西村あさひ法律事務所 弁護士 ） 伊藤 鉄男 委員：（西村あさひ法律事務所 弁護士 ） 木目田 裕 委員：（西村あさひ法律事務所 弁護士 ） 山本 憲光,西村あさひ法律事務所 弁護士 20名,http://www.daisanshaiinkai.com/2019/page/4/
2019,8182,東証1,8182 東証1,株式会社いなげや,日本橋事務所,2019/02/27,2019/02/27,http://www.daisanshaiinkai.com/cms/wp-content/uploads/2019/02/190227_chousa8182.pdf,2019/05/07,2019/05/07,http://www.daisanshaiinkai.com/cms/wp-content/uploads/2019/02/17ccd5e72354fa944776c131a140e62e.pdf,＜社内の特別調査委員会＞,,,http://www.daisanshaiinkai.com/2019/page/4/
2019,6465,東証1・名証1,6465 東証1・名証1,ホシザキ株式会社,トーマツ,2019/02/25,2019/02/25 2019/03/20,http://www.daisanshaiinkai.com/cms/wp-content/uploads/2019/02/190225_daisansha6465-1.pdf http://www.daisanshaiinkai.com/cms/wp-content/uploads/2019/02/190320_daisansha6465.pdf,2019/05/07,2019/05/07,http://www.daisanshaiinkai.com/cms/wp-content/uploads/2019/02/190507_daisansha6465.pdf,① ホシザキ東海のエリア営業部で、平成 30 年 1 月 1 日から同年 12 月 31 日までの間に、いわゆる「貸し借り」（後に定義する。）に代表される不正行為が行われていた事実等（以下「本件問題」という。）に係る事実関係の調査 ② 本件問題に類似する問題の存否及び事実関係の調査 ③ 本件問題へのホシザキの組織的関与の有無の調査 ④ 上記①及び②で確認された事実関係の原因分析及び再発防止策の提言 ⑤ 上記のほか、当委員会が必要と認めた事項,委員長：（シティユーワ法律事務所 弁護士） 寺田 昌弘 委員：（プロアクト法律事務所 弁護士） 竹内 朗 委員：（EY新日本有限責任監査法人 公認会計士） 金子 昌嗣,シティユーワ法律事務所 弁護士 貞弘 賢太郎 長木 裕史 島田 雄介 齋藤 亮太 塚本 弥石 荒武 慶二 山下 惇也 深山 美弥 石森 博行 田村 祐一 河西 薫子 北岡 諭 中山 基義 他 7 名 プロアクト法律事務所 弁護士 大野 徹也 渡邉 宙志 岩渕 恵理 EY 新日本有限責任監査法人 公認会計士 粟谷 肇 吉田 靖孝 福原 真 小宮山 汐美 米国公認会計士 石橋 佐和子 他 45 名 データアナリティクス担当 和栗 裕樹 他 4 名 デジタルフォレンジック担当 池上 弘樹 他 4 名 田辺総合法律事務所 弁護士 中西 和幸 橋本 裕幸 遠藤 英明 田辺 泰彦,http://www.daisanshaiinkai.com/2019/page/4/
2019,8032,東証1,8032 東証1,日本紙パルプ商事株式会社,八重洲,2019/02/22,2019/02/22,http://www.daisanshaiinkai.com/cms/wp-content/uploads/2019/04/190222_chousa8032.pdf,2019/04/25,2019/04/25,http://www.daisanshaiinkai.com/cms/wp-content/uploads/2019/04/190425_chousa8032.pdf,＜社内調査委員会＞ ①本件不適正処理に関する事実関係の解明及び当社グループ内における本件不適正処理に関連・類似する事象の調査 ②本件不適正処理が生じた原因究明と再発防止策の提言,委員長：（当社社外取締役／東京大学客員教授 博士（工学）） 小林 光 委員：（当社常勤監査役） 酒井 諭 委員：（当社社外監査役／丸の内法律事務所 弁護士） 喜多村 勝德,松田綜合法律事務所 弁護士 岩月 泰頼 田中 裕可 徐 靖 梅澤 隼 加藤 拓,http://www.daisanshaiinkai.com/2019/page/4/
2019,4708,東証1,4708 東証1,りらいあコミュニケーションズ株式会社,トーマツ,2019/02/08,2019/02/08 2019/02/12,http://www.daisanshaiinkai.com/cms/wp-content/uploads/2019/02/190208_chousa4708.pdf http://www.daisanshaiinkai.com/cms/wp-content/uploads/2019/02/190212_chousa4708.pdf,2019/02/14,2019/02/14,http://www.daisanshaiinkai.com/cms/wp-content/uploads/2019/02/190214_chousa4708.pdf,＜内部調査委員会＞ ①本件調査 同事業部での原価付け替えの全容解明および同部の他業務での原価の不適切計上有無の調査・解明 ②件外調査 同事業部における 2018 年 3 月期以前の原価不適切計上有無の調査・解明 他の事業部における 2019 年 3 月期及び過去の原価不適切計上有無の調査・解明,委員長：（当社取締役、CFO 兼 CPO 兼 CCO） 麻布 秀徳 委員：（当社監査部長） 齋藤 整 委員：（当社経営企画部長） 滝原 茂 委員：（当社経理財務部長） 阿部 忠義 委員：（当社経理財務部付部長） 鈴木 敏彦 委員：（当社法務部長） 小林 和央 委員：（当社内部統制室長） 白水 良明,,http://www.daisanshaiinkai.com/2019/page/4/
2019,5938,東証1・名証1,5938 東証1・名証1,株式会社 LIXIL グループ,トーマツ,2019/02/08,2019/02/08 2019/03/12,http://www.daisanshaiinkai.com/cms/wp-content/uploads/2019/02/190208_chousa5938.pdf http://www.daisanshaiinkai.com/cms/wp-content/uploads/2019/02/190312_chousa5938.pdf,2019/03/13,2019/03/13 2019/03/29,http://www.daisanshaiinkai.com/cms/wp-content/uploads/2019/02/190313_chousa5938.pdf http://www.daisanshaiinkai.com/cms/wp-content/uploads/2019/02/190329_chousa5938.pdf,＜特別調査委員会＞ ① 本件疑義に関する事実関係（類似事象の存否を含む）の調査 ② 連結財務諸表への影響額の確定 ③ 本調査により判明した事実における要因の究明と再発防止策の提言,委員長：（祝田法律事務所パートナー 弁護士） 熊谷 真喜 委員：（祝田法律事務所パートナー 弁護士） 清野 訟一 委員：（ＰｗＣビジネスアシュアランス合同会社 代表執行役社長 公認会計士） 丸山 琢永,祝田法律事務所 弁護士 中林 数基 戸口 拓也 PwC ビジネスアシュアランス合同会社 公認会計士 本多 守 那須 美帆子 中山 崇 白髭 英一 田中 洋範 他 13 名,http://www.daisanshaiinkai.com/2019/page/4/
2019,6355,東証1,6355 東証1,住友精密工業株式会社,トーマツ,2019/01/29,2019/01/29,http://www.daisanshaiinkai.com/cms/wp-content/uploads/2019/01/190129_chousa6355.pdf,2020/01/24,2020/01/24,http://www.daisanshaiinkai.com/cms/wp-content/uploads/2019/01/200124_chousa6355.pdf,＜特別調査委員会＞ 本件工数調整及び本件過大請求の事実関係の調査、本件工数調整及び本件過大請求事案に類似・関連する不正等の不適切な行為の有無の調査及びこれらの原因の分析並びに再発防止策の提言,委員長：（弁護士法人大江橋法律事務所 弁護士） 国谷 史朗 委員：（弁護士法人大江橋法律事務所 弁護士） 大江 祥雅 委員：（弁護士法人大江橋法律事務所 弁護士） 北野 知広 委員：（EY 新日本有限責任監査法人 公認会計士） 荒張 健,弁護士法人大江橋法律事務所 弁護士 吉村 幸祐 石田 明子 土岐 俊太 逢見 昂平 土井 一磨 EY 新日本有限責任監査法人 公認会計士 越山 泰先 吉田 靖孝 福原 真 デジタル・フォレンジック担当 松原 努 布施 和弘 他 34 名,http://www.daisanshaiinkai.com/2019/page/4/
2019,7949,東証1,7949 東証1,小松ウオール工業株式会社,トーマツ,2019/01/29,2019/01/29,http://www.daisanshaiinkai.com/cms/wp-content/uploads/2019/01/190129_chousa7949.pdf,2019/03/11,2019/03/11 2019/03/12,http://www.daisanshaiinkai.com/cms/wp-content/uploads/2019/01/190311_chousa7949.pdf http://www.daisanshaiinkai.com/cms/wp-content/uploads/2019/01/190312_chousa7949.pdf,＜特別調査委員会＞ ① 本件会計処理に関する事実関係の調査 ② 本件会計処理の類似事案の有無の確認 ③ ①及び②による当社財務諸表への影響額の確定 ④ ①及び②の原因究明と再発防止策の提言,委員長：（当社取締役常勤監査等委員） 松本 茂 委員：（森・濱田松本法律事務所 弁護士） 藤津 康彦 委員：（招和法律事務所 弁護士・公認会計士） 岩田 知孝,当社経理部及び内部監査室の担当者 森・濱田松本法律事務所 弁護士 李 政潤 園田 観希央 宮田 俊 黒田 大介 北 和尚 村井 智顕 塚田 智宏 村田 昇洋 髙倉 佑介 上田 優介 山内 裕雅 株式会社KPMG FAS 公認会計士 藤田 大介 須賀 永治 見越 敬夫 山口 孝之 西澤 克哉 他 15 名,http://www.daisanshaiinkai.com/2019/page/4/
2019,6302,東証1,6302 東証1,住友重機械工業株式会社,あずさ,2019/01/24,2019/01/24 2019/01/28,http://www.daisanshaiinkai.com/cms/wp-content/uploads/2019/01/190124_chousa6302.pdf http://www.daisanshaiinkai.com/cms/wp-content/uploads/2019/01/190128_chousa6302.pdf,2019/03/28,2019/03/28,http://www.daisanshaiinkai.com/cms/wp-content/uploads/2019/01/190328_chousa6302.pdf,＜特別調査委員会＞ ① 各事案における、各事業部門が行った事実関係調査、原因究明、再発防止策の妥当性検証と各事業部門に対する提言 ② 上記①を踏まえての当社グループとしての原因究明と再発防止策の妥当性検証と調査委員会としての提言,委員長：（社外取締役） 小島 秀雄 副委員長：（取締役・専務執行役員 財務経理本部長） 鈴木 英夫 委員：（社外監査役） 若江 健雄 委員：（常務執行役員 人事本部長） 森田 裕生 委員：（内部統制本部長） 阿部 智紀 委員：（法務室長） 伊藤 達朗 委員：（経営品質本部長） 田口 俊彦,内部統制本部,http://www.daisanshaiinkai.com/2019/page/4/
2019,6188,東証2,6188 東証2,富士ソフトサービスビューロ株式会社,太陽,2019/01/21,2019/01/21,http://www.daisanshaiinkai.com/cms/wp-content/uploads/2019/01/190121_chousa6188.pdf,2019/02/08,2019/02/08 2019/02/13 2019/02/15,http://www.daisanshaiinkai.com/cms/wp-content/uploads/2019/01/190208_chousa6188.pdf http://www.daisanshaiinkai.com/cms/wp-content/uploads/2019/01/190213_chousa6188.pdf http://www.daisanshaiinkai.com/cms/wp-content/uploads/2019/01/190214_chousa6188.pdf,＜社内調査委員会＞ （１） 本件に関する事実関係の調査 （２） 本件による財務諸表への影響額の確定 （３） 本件が生じた要因の究明と再発防止策の作成,委員長：（当社常務取締役 管理本部長) 小木曽 雅浩 委員：（当社社外監査役 司綜合法律事務所 弁護士） 中込 一洋 委員：（当社社外監査役 神田税理士事務所 税理士） 神田 博則 オブザーバー：（常勤監査役） 作野 勝英 事務局：（総務部） 工藤 正和,管理本部及び内部監査室の担当者（社内調査チーム）,http://www.daisanshaiinkai.com/2019/page/4/
2019,6333,東証1,6333 東証1,株式会社帝国電機製作所,トーマツ,2019/01/18,2019/01/18 2019/01/18,http://www.daisanshaiinkai.com/cms/wp-content/uploads/2019/01/190118_chousa6333-1.pdf http://www.daisanshaiinkai.com/cms/wp-content/uploads/2019/01/190118_chousa6333-2.pdf,2019/03/14,2019/03/14,http://www.daisanshaiinkai.com/cms/wp-content/uploads/2019/01/190314_chousa6333.pdf,＜社内調査委員会＞ （1）大連帝国営業請負制度及び修理子会社営業請負制度に基づく架空の費用計上、架空取引等の不適切な取引及び当該取引を利用した個人的な領得の有無、並びに上記に係る税務リスク （2）売上の早期計上の有無 （3）時間外労働の賃金未払の有無 （4）スクラップ売却代金の簿外処理の有無 （5）税金還付金の簿外処理の有無 （6）不良在庫の簿外処理の有無 （7）その他前各号と類似する不正の有無,委員長：（当社代表取締役副社長執行役員） 中村 嘉治 委員：（弁護士法人大江橋法律事務所 弁護士） 金井 美智子 委員：（当社社外取締役監査等委員 弁護士） 林 晃史,弁護士法人大江橋法律事務所 弁護士 高槻 史 松本 亮 田中 宏岳 石田 明子 太陽グラントソントン・ アドバイザーズ株式会社 税理士 下岡 郁 公認会計士 早川 和秀,http://www.daisanshaiinkai.com/2019/page/4/
2019,7769,東証1,7769 東証1,リズム時計工業株式会社,トーマツ,2019/01/16,2019/01/16,http://www.daisanshaiinkai.com/cms/wp-content/uploads/2019/01/190116_chousa7769.pdf,2019/03/12,2019/03/12,http://www.daisanshaiinkai.com/cms/wp-content/uploads/2019/01/190312_chousa7769.pdf,＜特別調査委員会＞ • 不適切な会計処理及び購買取引の有無・内容を含む事実関係の解明、並びに類似取引の有無・内容の調査 • 会計処理及び購買取引について適切性に疑義が生じた原因、並びに不適切な会計処理及び購買取引が行われた原因の究明 • 再発防止策の提言,委員長：（アンダーソン・毛利・友常法律事務所 弁護士） 西谷 敦 委員：（ＰｗＣビジネスアシュアランス合同会社 公認会計士） 駒井 昌宏 委員：（弊社取締役監査等委員） 小泉 裕一 委員：(弊社社外取締役監査等委員) 山下 和彦,アンダーソン・毛利・友常法律事務所 10名（（うち、弁護士 3 名、外国法事務弁護士 1 名） ＰｗＣアドバイザリー合同会社 30名,http://www.daisanshaiinkai.com/2019/page/4/
2019,6740,東証1,6740 東証1,株式会社ジャパンディスプレイ,あずさ,2019/12/24,2019/12/24 2019/12/26,http://www.daisanshaiinkai.com/cms/wp-content/uploads/2019/12/191224_daisansha6740.pdf http://www.daisanshaiinkai.com/cms/wp-content/uploads/2019/12/191226_daisansha6740.pdf,2020/04/13,2020/04/13,http://www.daisanshaiinkai.com/cms/wp-content/uploads/2019/12/200413_chousa6740.pdf,（１） 本件に係る事実関係の調査 （２） 当社の事業開始時（2012 年４月）から 2019 年９月までの間（以下「調査対象期間」といいます。）における本件に類似する事象の有無の調査 （３） 不適切な会計処理が判明した場合、その影響額の算定 （４） 不適切な会計処理が判明した場合、その原因の究明及び再発防止策の提言 （５） その他、第三者委員会が必要と認めた事項,委員長：（弁護士法人大江橋法律事務所 弁護士） 国谷 史朗 委員：（EY フォレンジック・アンド・インテグリティ合同会社 公認会計士） 荒張 健 委員：（弁護士法人大江橋法律事務所 弁護士） 関口 智弘,弁護士法人大江橋法律事務所 弁護士 逸見 佳代 倉持 大 宮本 聡 土屋 佑貴 橋本 小智 角野 真美 平岡 絢 簑田 由香 大八木 雄也 福田 竜也 EY 新日本有限責任監査法人 公認会計士 田谷 直樹 曽木 貴子 日置 敏之 越山 泰先 中村 武史 東 万里子 和栗 裕樹 デジタル・フォレンジック担当 布施 和弘 外 148 名 EY 中国 4 名,http://www.daisanshaiinkai.com/2019/
2019,7518,東証1,7518 東証1,ネットワンシステムズ株式会社,トーマツ,2019/12/13,2019/12/13,http://www.daisanshaiinkai.com/cms/wp-content/uploads/2019/12/191213_chousa7518.pdf,2020/02/13,2020/02/13 2020/03/12,http://www.daisanshaiinkai.com/cms/wp-content/uploads/2019/12/200213_chousa7518.pdf http://www.daisanshaiinkai.com/cms/wp-content/uploads/2019/12/200312_chousa7518-1.pdf,＜特別調査委員会＞ 本件の事実関係の解明、並びに事実と認められた場合の原因の究明、類似事象の有無の確認、当社連結財務諸表への影響額の算定、及び再発防止策の提言,委員長：（濵法律事務所 弁護士） 濵 邦久 委員：（芝・田中経営法律事務所 弁護士） 芝 昭彦 委員：（株式会社ＫＰＭＧ ＦＡＳ 弁護士・公認会計士） 岩田 知孝,和田法律事務所 弁護士 西岡 環 ＴＭＩ総合法律事務所 弁護士 菊田 行紘 田代 啓史郎 高野 大滋郎 近藤 圭介 鈴木 弘記 山口 俊 合田 顕宏 松永 耕明 熊澤 啓介 藤井 裕季 中村 恵太 岩田 周 南 悠樹 平 龍大 山田 皓介 鍛治 亮太 川浦 翔太 大栢 美緒 清水 一平 正田 琢也 板井 遼平 株式会社ＫＰＭＧ ＦＡＳ 公認会計士 見越 敬夫 山田 昂輝 他7名,http://www.daisanshaiinkai.com/2019/
2019,2327,東証1,2327 東証1,日鉄ソリューションズ株式会社,あずさ,2019/12/13,2019/12/13,http://www.daisanshaiinkai.com/cms/wp-content/uploads/2019/12/191213_chousa2327.pdf,2020/02/06,2020/02/06,http://www.daisanshaiinkai.com/cms/wp-content/uploads/2019/12/200206_chousa2327.pdf,＜特別調査委員会＞ ・本件に関する事実関係（類似事象の存否を含む）の確認 ・本件による当社連結財務諸表等への影響額の確認 ・本件が生じた原因の分析と再発防止策の提言 ・その他、特別調査委員会が必要と認めた事項,委員長：（アンダーソン・毛利・友常法律事務所 弁護士） 三宅 英貴 委員：（株式会社アカウンティングアドバイザリー 公認会計士） 井上 寅喜 委員：（当社社外監査役 公認会計士） 樋口 哲朗,,http://www.daisanshaiinkai.com/2019/
2019,3246,東証1・福証,3246 東証1・福証,株式会社コーセーアールイー,トーマツ,2019/12/09,2019/12/09,http://www.daisanshaiinkai.com/cms/wp-content/uploads/2019/12/191209_chousa3246.pdf,2020/01/31,2020/01/31,http://www.daisanshaiinkai.com/cms/wp-content/uploads/2019/12/200131_chousa3246.pdf,調査の独立性・中立性を担保して客観的な調査を実施するため,長島・大野・常松法律事務所,,http://www.daisanshaiinkai.com/2019/
2019,7958,東証1,7958 東証1,天馬株式会社,あずさ,2019/12/02,2019/12/02,http://www.daisanshaiinkai.com/cms/wp-content/uploads/2019/12/191202_daisansha7958.pdf,2020/03/13,2020/03/13 2020/04/02,http://www.daisanshaiinkai.com/cms/wp-content/uploads/2019/12/200313_chousa7958.pdf http://www.daisanshaiinkai.com/cms/wp-content/uploads/2019/12/200402_chousa7958.pdf,① X 国天馬の役職員が 2019 年に X 国税務局職員に対して現金を交付した問題（以下「本事案」という。）に係る事実関係の調査 ② 本事案に類似する問題（以下「類似事案」という。）の存否及び事実関係の調査 ③ 上記①及び②で確認された事実関係の原因分析及び再発防止策の提言,委員長：（弁護士法人トラスト 早川経営法律事務所 弁護士） 早川 明伸 委員：（プロアクト法律事務所 弁護士・公認不正検査士） 竹内 朗 委員：（ＥＹフォレンジック・アンド・インテグリティ合同会社 公認会計士） 金子 昌嗣,弁護士法人トラスト 早川経営法律事務所 弁護士 國分 吾郎 渡邊 俊彦 田中 佑佳 プロアクト法律事務所 弁護士 田中 伸英 弁護士・公認不正検査士 松葉 優子 EY 新日本有限責任監査法人及び各国 EY メンバーファーム 横田 祐次 緒方 幸司 中田 泰記 東野 拓人 田中 水織 他 68 名,http://www.daisanshaiinkai.com/2019/
2019,6740,東証1,6740 東証1,株式会社ジャパンディスプレイ,あずさ,2019/12/02,2019/12/02 2019/12/03,http://www.daisanshaiinkai.com/cms/wp-content/uploads/2019/12/191202_chousa6740.pdf http://www.daisanshaiinkai.com/cms/wp-content/uploads/2019/12/191203_chousa6740.pdf,,未公表,,＜特別調査委員会＞ （１） 本件に係る事実関係の調査 （２） 本件に類似する事象の有無の調査 （３） 不適切な会計処理が判明した場合、その影響額の算定 （４） 不適切な会計処理が判明した場合、その原因の究明及び再発防止策の提言 （５） その他、特別調査委員会が必要と認めた事項,委員長：（森・濱田松本法律事務所 弁護士） 藤津 康彦 委員：（EY フォレンジック・アンド・インテグリティ合同会社 公認会計士） 荒張 健 委員：（（当社執行役員 法務・コンプライアンス担当 弁護士） 岡田 拓也,森・濱田松本法律事務所 EY 新日本有限責任監査法人,http://www.daisanshaiinkai.com/2019/
2019,5915,東証1,5915 東証1,株式会社駒井ハルテック,EY新日本,2019/11/22,2019/11/22,http://www.daisanshaiinkai.com/cms/wp-content/uploads/2019/11/191122_chousa5915.pdf,,未公表,,＜特別調査委員会＞ 本件の全容解明及び同類の事案の有無について徹底的に調査するため。,弁護士法人御堂筋法律事務所 弁護士 4名 株式会社ＫＰＭＧ ＦＡＳ 弁護士・公認会計士 1名,株式会社ＫＰＭＧ ＦＡＳ 有限責任あずさ監査法人,http://www.daisanshaiinkai.com/2019/
2019,6740,東証1,6740 東証1,株式会社ジャパンディスプレイ,あずさ,2019/11/21,2019/11/21,http://www.daisanshaiinkai.com/cms/wp-content/uploads/2019/11/191121_chousa6740.pdf,,未公表,,＜社内調査委員会＞,,,http://www.daisanshaiinkai.com/2019/
2019,7806,マザーズ,7806 マザーズ,株式会社ＭＴＧ,トーマツ,2019/11/19,2019/11/19,http://www.daisanshaiinkai.com/cms/wp-content/uploads/2019/11/191119_chousa7806.pdf,2019/12/09,2019/12/09,http://www.daisanshaiinkai.com/cms/wp-content/uploads/2019/11/191209_chousa7806-1.pdf,,,,http://www.daisanshaiinkai.com/2019/
2019,7932,JASDAQ,7932 JASDAQ,株式会社ニッピ,トーマツ,2019/11/12,2019/11/12,http://www.daisanshaiinkai.com/cms/wp-content/uploads/2019/11/191112_chousa7932.pdf,2019/12/11,2019/12/11,http://www.daisanshaiinkai.com/cms/wp-content/uploads/2019/11/191211_chousa7932.pdf,＜社内特別調査委員会＞ ① 本件不正行為の事実関係及び金額の解明 ② 類似事象の有無の確認 ③ その他不正行為の有無の確認 ④ 本件不正行為の原因分析 ⑤ 本件不正行為の再発防止策の提言,委員長：（当社社外監査役） 早山 徹 委員：（当社常勤監査役） 吉田 安 委員：（三宅坂総合法律事務所 弁護士） 篠田 憲明 委員：（株式会社 KPMG FAS 公認会計士） 髙岡 俊文 委員：（当社取締役労務人事部長） 大浦 顕逸,三宅坂総合法律事務所 弁護士 下瀬 隆士 野田 陽一 中谷 岳 株式会社 KPMG FAS 公認会計士 須賀 永治 水野 宏之 米国公認会計士 荒木 吾郎 他、株式会社 KPMG FAS 11名 KPMG 24 名 金杜法律事務所 弁護士 閔 煒 王 臻婷 洪 曉芸 陸 妲汐 他、金杜法律事務所 1 名,http://www.daisanshaiinkai.com/2019/
2019,4998,東証2,4998 東証2,フマキラー株式会社,あずさ,2019/11/08,2019/11/08,http://www.daisanshaiinkai.com/cms/wp-content/uploads/2019/11/191108_chousa4998.pdf,2019/12/09,2019/12/09,http://www.daisanshaiinkai.com/cms/wp-content/uploads/2019/11/191209_chousa4998.pdf,＜社内調査チーム＞ 1． 本件取引に関する事実関係の調査 2． 本件取引と同種取引の有無の調査 3． 上記 1.および 2.の結果発見された取引の原因分析および再発防止策の提言,,,http://www.daisanshaiinkai.com/2019/
2019,3103,東証1,3103 東証1,ユニチカ株式会社,トーマツ,2019/11/01,2019/11/01,http://www.daisanshaiinkai.com/cms/wp-content/uploads/2019/11/191101_chousa3103-1.pdf,2020/03/19,2020/03/19,http://www.daisanshaiinkai.com/cms/wp-content/uploads/2019/11/200319_chousa3103.pdf,＜外部調査委員会＞ 当事者、関係者からの聴取を行うなど原因究明と再発防止策の検討、策定、実行,委員長：（弁護士） 森信 静治 委員：（弁護士） 吉村 信幸 委員：（弁護士） 瀬川 武生 委員：（弁護士） 奥野 弘幸 委員：（弁護士） 城之内 太志,,http://www.daisanshaiinkai.com/2019/
2019,8570,東証1,8570 東証1,イオンフィナンシャルサービス株式会社,トーマツ,2019/11/01,2019/11/01,http://www.daisanshaiinkai.com/cms/wp-content/uploads/2019/11/191101_chousa8570.pdf,,未公表,,,,,http://www.daisanshaiinkai.com/2019/
2019,8267,東証1,8267 東証1,イオン株式会社,トーマツ,2019/11/01,2019/11/01,http://www.daisanshaiinkai.com/cms/wp-content/uploads/2019/11/191101_chousa8267.pdf,,未公表,,,,,http://www.daisanshaiinkai.com/2019/
2019,6502,東証2・名証,6502 東証2・名証,株式会社 東芝,PwCあらた,2019/10/31,2019/10/31,http://www.daisanshaiinkai.com/cms/wp-content/uploads/2019/11/191031_fusei6502.pdf,,未公表,,,,,http://www.daisanshaiinkai.com/2019/
2019,8803,東証1・名証1 福岡・札幌,8803 東証1・名証1 福岡・札幌,平和不動産株式会社,東陽,2019/10/30,2019/10/30,http://www.daisanshaiinkai.com/cms/wp-content/uploads/2019/10/191030_chousa8803.pdf,2019/12/12,2019/12/12 2019/12/13,http://www.daisanshaiinkai.com/cms/wp-content/uploads/2019/10/191212_chousa8803.pdf http://www.daisanshaiinkai.com/cms/wp-content/uploads/2019/10/191213_chousa8803.pdf,＜社内調査委員会＞ ① 本件不正行為に関する事実関係（類似事案の存否を含む。）の調査 ② 上記①による当社連結財務諸表・個別財務諸表への影響の検討 ③ 本件不正行為が生じた原因究明と再発防止策の提言,委員長：（当社 代表取締役） 土本 清幸 委員：（当社 取締役常務執行役員） 山田 和雄 委員：（当社 取締役常務執行役員） 岩崎 範郎 委員：（当社 常勤監査役） 加藤 尚人 委員：（森・濱田松本法律事務所 弁護士） 藤津 康彦 委員：（デロイト トーマツ ファイナンシャルアドバイザリー合同会社 公認会計士） 中島 祐輔,当社企画総務部、法務室、財務部、監査役室及び内部監査部の担当者 森・濱田松本法律事務所 弁護士 新井 朗司 眞木 純平 山川 佳子 本井 豊 荻野 績 片野 泰世 デロイト トーマツ ファイナンシャルアドバイザリー合同会社 公認会計士 垂水 敬 公認会計士 5名 他 33名,http://www.daisanshaiinkai.com/2019/
2019,4634,東証1,4634 東証1,東洋インキＳＣホールディングス,トーマツ,2019/10/11,2019/10/11,http://www.daisanshaiinkai.com/cms/wp-content/uploads/2019/10/191011_chousa4634.pdf,2019/12/11,2019/12/11,http://www.daisanshaiinkai.com/cms/wp-content/uploads/2019/10/191211_chousa4634.pdf,＜特別調査委員会＞ （１）本件に関する事実関係の調査 （２）本件に類似する案件の存否 （３）本件による連結財務諸表への影響額の確定 （４）本件が生じた原因の究明及び再発防止策の提言,委員長：（当社社外取締役 弁護士） 甘利 公人 委員：（EY フォレンジック・アンド・インテグリティ合同会社 公認会計士） 荒張 健 委員：（西村あさひ法律事務所 弁護士） 平尾 覚,EY 新日本有限責任監査法人 公認会計士 金子 昌嗣 吉田 靖孝 東 万里子 他 50名 西村あさひ法律事務所 弁護士 鈴木 悠介 秋吉 諒 他 3名,http://www.daisanshaiinkai.com/2019/
2019,9503,東証1,9503 東証1,関西電力株式会社,トーマツ,2019/10/02,2019/10/02 2019/10/09 2019/12/15,http://www.daisanshaiinkai.com/cms/wp-content/uploads/2019/10/191002_chousa9503.pdf http://www.daisanshaiinkai.com/cms/wp-content/uploads/2019/10/191009_chousa9503.pdf http://www.daisanshaiinkai.com/cms/wp-content/uploads/2019/10/191215_chousa9503.pdf,2020/03/14,2020/03/14 2020/03/18,http://www.daisanshaiinkai.com/cms/wp-content/uploads/2019/10/200314_daisansha9503.pdf http://www.daisanshaiinkai.com/cms/wp-content/uploads/2019/10/200318_daisansha9503.pdf,１．森山氏関係追加調査 森山氏との間で本件類似の金品提供の事例はないか ２．類似事案調査 工事等発注や地域対応を行うにあたり、社外から不適切な金品提供された事案がないか ３．本件の事実関係・原因究明の結果に関する検証 これまでの調査委員会の調査プロセス・調査結果および会社の対応の妥当性,委員長：（Ｔ＆Ｔﾊﾟｰﾄﾅｰｽﾞ法律事務所 弁護士） 但木 敬一 委員：（半蔵門総合法律事務所 弁護士） 奈良 道博 委員：（大手町法律事務所 弁護士） 貝阿彌 誠 特別顧問：（久保井総合法律事務所 弁護士） 久保井 一匡,森・濱田松本法律事務所 弁護士 北田 幹直 横田 真一朗 山内 洋嗣 山田 徹 臼井 慶宜 田尻 佳菜子 木山 二郎 北 和尚 黒田 大介 小林 雄介 小田 輝 加藤 裕之 眞木 純平 千原 剛 村田 昇洋 後潟 伸吾 片野 泰世 近藤 武尊 中津 卓 平岡 優 山内 裕雅 奥田 敦貴 髙橋 圭,http://www.daisanshaiinkai.com/2019/
2019,2178,マザーズ,2178 マザーズ,株式会社トライステージ,EY新日本,2019/09/30,2019/09/30,http://www.daisanshaiinkai.com/cms/wp-content/uploads/2019/09/190930_chousa2178.pdf,,未公表,,＜社内調査委員会＞ 本件の全容解明及び同類の事案の有無について徹底的に調査するため,委員長：（当社常勤監査役 独立役員） 太田 譲治 委員：（新霞が関綜合法律事務所 弁護士） 白川 純子 委員：（新霞が関綜合法律事務所 弁護士） 安東 恭一 委員：（公認会計士，公認不正検査士） 辻 さちえ 委員：（当社経営企画部長） 福田 大,,http://www.daisanshaiinkai.com/2019/
2019,9692,東証1,9692 東証1,株式会社シーイーシー,PwCあらた,2019/09/17,2019/09/17 2019/10/17,http://www.daisanshaiinkai.com/cms/wp-content/uploads/2019/09/190917_chousa9692.pdf http://www.daisanshaiinkai.com/cms/wp-content/uploads/2019/09/191017_chousa9692.pdf,2019/11/08,2019/11/08,http://www.daisanshaiinkai.com/cms/wp-content/uploads/2019/09/191108_chousa9692.pdf,＜特別調査委員会＞ ・本件に関する事実関係（類似事象の存否を含む。）の調査 ・本件による連結財務諸表への影響額の確定 ・本件が生じた要因の究明 ・その他、特別調査委員会が必要と認めた事項,委員長：（当社社外監査役 公認会計士） 谷口 勝則 委員：（当社社外監査役 弁護士） 仲谷 栄一郎 委員：（光和総合法律事務所 弁護士） 白井 真 委員：（河江健史会計事務所 公認会計士） 河江 健史 委員：（弁護士法人ほくと総合法律事務所 弁護士） 倉橋 博文,光和総合法律事務所 弁護士 木谷 太郎 中澤 雄仁 神田 泰行 渡邊 涼介 藤井 奏子 坂下 大貴 橋本 祥 石塚 幸子 弁護士法人ほくと総合法律事務所 弁護士 奥津 啓太 又吉 重樹 鈴木 裕也 福田 哲也 宇井 美礼 DTFA 公認会計士8名 公認不正検査士1名 その他40名 リーガレックス合同会社 公認会計士10名 株式会社BESTTRADE 公認会計士18名,http://www.daisanshaiinkai.com/2019/
2018,5614,東証2,5614 東証2,株式会社川金ホールディングス,東陽,2018/10/23,2018/10/23,http://www.daisanshaiinkai.com/cms/wp-content/uploads/2018/10/181023_chousa5614.pdf,2019/02/07,2019/02/07 2019/02/13,http://www.daisanshaiinkai.com/cms/wp-content/uploads/2018/10/190207_chousa5614.pdf http://www.daisanshaiinkai.com/cms/wp-content/uploads/2018/10/190213_chousa5614-1.pdf,＜社内調査委員会＞ 第三者の視点から本件不適切行為の実態を精査し、本件不適切行為に至るまでの原因・背景事情を分析するとともに、再発防止策を策定するもの。,委員長：（西村あさひ法律事務所 弁護士） 梅林 啓 委員：（西村あさひ法律事務所 弁護士） 髙林 勇斗 委員：（西村あさひ法律事務所 弁護士） 浅野 啓太,,http://www.daisanshaiinkai.com/2018/page/2/
2018,5451,東証1,5451 東証1,株式会社淀川製鋼所,新日本,2018/09/21,2018/09/21 2018/10/19,http://www.daisanshaiinkai.com/cms/wp-content/uploads/2018/10/181019_futekisetsu5451.pdf http://www.daisanshaiinkai.com/cms/wp-content/uploads/2018/10/5aef17b4a29b32deaa096b1ae171f50a.pdf,2018/10/19,2018/10/19,http://www.daisanshaiinkai.com/cms/wp-content/uploads/2018/10/181019_futekisetsu5451-1.pdf,＜品質特別検証チーム＞ 平成25年4月1日～平成30年8月31日に出荷された当社ロール製品全数について、実際の検査記録（いわゆる生データ）とお取引先様に提出した検査成績表（控え）との突合照合により確認。,,,http://www.daisanshaiinkai.com/2018/page/2/
2018,7242,東証1,7242 東証1,カヤバ株式会社（KYB株式会社）,あずさ,2018/10/16,2018/10/16 2018/12/19,http://www.daisanshaiinkai.com/cms/wp-content/uploads/2018/10/181016_chousa7242.pdf http://www.daisanshaiinkai.com/cms/wp-content/uploads/2018/10/181219_futekisetsu7242.pdf,2019/02/13,2019/02/13 2022/09/20,http://www.daisanshaiinkai.com/cms/wp-content/uploads/2018/10/190213_chousa7242.pdf http://www.daisanshaiinkai.com/cms/wp-content/uploads/2018/10/220920_chousa7242.pdf,＜外部調査委員会＞ 本件の事実関係の認定、KYB グループにおける類似の不正行為の有無の確認、原因究明及び再発防止策案の策定,委員長：（森･濱田松本法律事務所 弁護士） 難波 孝一 委員：（森・濱田松本法律事務所 パートナー・弁護士） 鈴木 克昌 委員：（森・濱田松本法律事務所 パートナー・弁護士） 山内 洋嗣,森・濱田松本法律事務所 弁護士 濱 史子 白坂 守 田尻 佳菜子 篠原 孝典 北 和尚 村井 智顕 小田 輝 塚田 智宏 千原 剛 平田 憲人 溝端 悠太 小林 央忠 竹市 涼 堀 裕太郎 増野 駿 太、山口祥太,http://www.daisanshaiinkai.com/2018/page/2/
2018,9142,東証1、福証,9142 東証1、福証,九州旅客鉄道株式会社,トーマツ,2018/10/10,2018/10/10,http://www.daisanshaiinkai.com/cms/wp-content/uploads/2018/10/181010_daisansha9142.pdf,2018/11/30,2018/11/30 2018/11/30,http://www.daisanshaiinkai.com/cms/wp-content/uploads/2018/10/181130_daisansha9142-1.pdf http://www.daisanshaiinkai.com/cms/wp-content/uploads/2018/10/181130_daisansha9142-2.pdf,① 本件懸案事案に関する事実関係の調査 ② 類似事案の有無の調査 ③ ①及び②に問題点がある場合の原因分析 ④ ③を踏まえた再発防止策の検討・提言 ⑤ その他、当委員会が必要と認めた事項,委員長：元日本弁護士連合会会長 弁護士） 本林 徹 委員：（元大阪高等検察庁検事長 弁護士） 寺脇 一峰 委員：（株式会社ＫＰＭＧ ＦＡＳ パートナー 公認会計士） 髙岡 俊文,森・濱田松本法律事務所 弁護士 5名 株式会社 KPMG FAS 公認会計士等 14名,http://www.daisanshaiinkai.com/2018/page/2/
2018,7721,東証1,7721 東証1,東京計器株式会社,トーマツ,2018/10/05,2018/10/05,http://www.daisanshaiinkai.com/cms/wp-content/uploads/2018/10/181005_futekisetsu7721.pdf,2018/12/25,2018/12/25,http://www.daisanshaiinkai.com/cms/wp-content/uploads/2018/10/181225_futekisetsu7721-1.pdf,＜検査品質問題調査委員会＞ 客観的な視点を入れて事実関係・発生原因等を調査,委員長：（取締役社長 代表取締役） 安藤 毅 委員：（取締役 監査等委員 社外取締役） 柳川 南平 委員：（取締役 監査等委員 社外取締役） 中村 敬 委員：（取締役 監査等委員） 横山 宏 委員：（専務取締役 ものづくり革新担当 代表取締役） 山田 秀光 委員：（常務取締役 資材担当 財務経理部長 代表取締役） 厚見 幸利 委員：（ひすい総合法律事務所 社外弁護士） 原口 健 委員：（みなつき法律事務所 社外弁護士） 丹羽 厚太郎 委員：（内部監査室長） 森山 恭匡,,http://www.daisanshaiinkai.com/2018/page/2/
2018,5781,東証2,5781 東証2,東邦金属株式会社,新日本,2018/09/28,2018/09/28,http://www.daisanshaiinkai.com/cms/wp-content/uploads/2018/09/180928_chousa5781.pdf,2018/11/09,2018/11/09,http://www.daisanshaiinkai.com/cms/wp-content/uploads/2018/09/181109_chousa5781.pdf,＜特別調査委員会＞ ① 本件取引に関する事実関係及び、同種取引の有無並びにその事実関係の調査 ② ①において判明した事実関係に基づき、当社の過年度の会計処理に及ぼす影響の調査 ③ 確認された事実関係に基づく発生原因の分析及び再発防止策の提言,委員長：（弁護士） 安元 義博 委員：（社外監査役） 飯島 宗文 委員：（社外監査役） 深瀬 真一 委員：（公認会計士） 豊見里 隆一,,http://www.daisanshaiinkai.com/2018/page/2/
2018,8358,東証1,8358 東証1,スルガ銀行株式会社,新日本,2018/09/14,2018/09/14,http://www.daisanshaiinkai.com/cms/wp-content/uploads/2018/09/180914_chousa8358-1.pdf,2018/11/14,2018/11/14,http://www.daisanshaiinkai.com/cms/wp-content/uploads/2018/09/181114_chousa8358-1.pdf,＜監査役責任調査委員会＞ （１）監査役責任調査委員会は、シェアハウス関連融資その他における不適切な取り扱いをはじめとする一連の問題について、現旧監査役において、取締役の職務執行の監査につき善管注意義務違反等により当社に対する損害賠償責任を負うか否か等について、法的な側面から調査・検討を行う。 （２）その他当委員会における調査の過程等において、現旧監査役が取締役の職務執行の監査につき善管注意義務違反等に該当する行為があった可能性を認めた場合には、当該行為についても（１）と同様の調査・検討を行う。,委員長：（あさひ法律事務所 弁護士） 西岡 清一郎 委員：（あさひ法律事務所パートナー 弁護士） 上床 竜司 委員：（あさひ法律事務所パートナー 弁護士） 金山 卓晴,あさひ法律事務所 弁護士 亀井 洋一 古原 暁 畑井 研吾 藤並 知憲,http://www.daisanshaiinkai.com/2018/page/2/
2018,3686,東証1,3686 東証1,株式会社ディー・エル・イー,あずさ,2018/09/14,2018/09/14 2018/10/29,http://www.daisanshaiinkai.com/cms/wp-content/uploads/2018/09/180914_daisansha3686.pdf http://www.daisanshaiinkai.com/cms/wp-content/uploads/2018/09/181029_daisansha3686.pdf,2018/11/27,2018/11/27,http://www.daisanshaiinkai.com/cms/wp-content/uploads/2018/09/181127_daisansha3686.pdf,① 下記の事実関係の調査並びに問題点及び発生原因の分析、及び ② DLE の調査対象行為に係る会計処理が、一般に公正妥当と認められる企業会計の基準に違反するか否かについての、DLE の取締役会への答申 記 ① 2018 年 6 月期及びその前 5 期分の映像制作事業における企画売上の計上及び事業構造改善引当金の計上 ② その他本委員会が調査を必要と認めた一切の行為,委員長：（公認会計士松藤斉事務所 公認会計士） 松藤 斉 委員：（日本公認会計士協会東京会副会長 公認会計士） 前原 一彦 委員：（岩田合同法律事務所 弁護士） 坂本 倫子 委員：（岩田合同法律事務所 弁護士/公認会計士） 武藤 雄木,川手公認会計士事務所 公認会計士 川手 典子 公認会計士奥村倫弘事務所 公認会計士 奥村 倫弘 林公認会計士事務所 公認会計士 林 功司 市場公認会計士事務所 公認会計士 市場 典子 岩田合同法律事務所 弁護士 平井 太 池田 美奈子 三浦 貴史 深津 春乃 MYK アドバイザリー株式会社 公認会計士・公認不正検査士 立川 正人 公認不正検査士 深山 治 他 公認会計士 17名 米国公認会計士 1名 公認不正検査士 1名 その他 14名,http://www.daisanshaiinkai.com/2018/page/2/
2018,6326,東証1,6326 東証1,株式会社クボタ,トーマツ,2018/09/12,2018/09/12,http://www.daisanshaiinkai.com/cms/wp-content/uploads/2018/09/180912_chousa6326.pdf,2018/11/29,2018/11/29,http://www.daisanshaiinkai.com/cms/wp-content/uploads/2018/09/181129_chousa6326.pdf,＜外部調査委員会＞ 本件不適切行為に係る事実関係、原因分析及び再発防止策について取りまとめるもの。,長島・大野・常松法律事務所,,http://www.daisanshaiinkai.com/2018/page/2/
2018,1435,東証1,1435 東証1,株式会社TATERU,あずさ,2018/09/04,2018/09/04 2018/11/30,http://www.daisanshaiinkai.com/cms/wp-content/uploads/2018/09/180904_chousa1435.pdf http://www.daisanshaiinkai.com/cms/wp-content/uploads/2018/09/181130_chousa1435.pdf,2018/12/27,2018/12/27,http://www.daisanshaiinkai.com/cms/wp-content/uploads/2018/09/181227_chousa1435.pdf,＜特別調査委員会＞ 本件を含む本件と同様の書類の改ざんの有無の確認等及び調査の結果判明した事実を踏まえた再発防止に関する助言のため。,委員長：（濱法律事務所 弁護士） 濱 邦久 委員：（TMI 総合法律事務所 弁護士） 宮下 正彦 委員：（TMI 総合法律事務所 弁護士） 富田 裕 委員：（TMI 総合法律事務所 弁護士） 柴野 相雄 委員：（社外取締役 監査等委員） 秦 武司,,http://www.daisanshaiinkai.com/2018/page/2/
2018,5803,東証1,5803 東証1,株式会社フジクラ,PwCあらた,2018/03/31,2018/03/31,http://www.daisanshaiinkai.com/cms/wp-content/uploads/2018/09/180831_chousa5803.pdf,2019/04/25,2019/04/25,http://www.daisanshaiinkai.com/cms/wp-content/uploads/2018/09/190425_chousa5803.pdf,＜外部調査委員会＞ 本事案の事実確認及び原因の究明,,,http://www.daisanshaiinkai.com/2018/page/2/
2018,1802,東証1,1802 東証1,株式会社大林組,新日本,2018/08/31,2018/08/31,http://www.daisanshaiinkai.com/cms/wp-content/uploads/2018/09/180831_daisansha1802-1.pdf,2019/01/31,2019/01/31,http://www.daisanshaiinkai.com/cms/wp-content/uploads/2018/09/190131_daisansha1802.pdf,① 本件受注調整の事実関係に関する調査 ② 同種事案の有無等の調査 ③ 大林組における独占禁止法違反防止策の沿革の検証 ④ 上記③を踏まえた上記①及び②の背景・原因の分析 ⑤ 大林組が策定した再発防止策の有効性評価及び当委員会としての提言,委員長：（田辺総合法律事務所 弁護士） 原田 國男 委員：（ジョーンズ・デイ法律事務所 弁護士） 鈴木 正具 委員：（桃尾・松尾・難波法律事務所 弁護士） 向 宣明,東京大学大学院工学系研究科教授 小澤 一雅 田辺総合法律事務所 弁護士 中井 憲治 薄井 琢磨 橋本 裕幸 貝塚 光啓 内藤 亜雅沙 北脇 俊之 伊藤 英之 松原 香織 大寺 正史 川上 善行 安藤 文子 外国法共同事業・ジョーンズ・デイ法律事務所 弁護士 増田 好剛 つじきむら法律事務所 弁護士 辻 拓 一 郎,http://www.daisanshaiinkai.com/2018/page/2/
2018,6848,東証1,6848 東証1,東亜ディーケーケー株式会社,新日本,2018/08/20,2018/08/20,http://www.daisanshaiinkai.com/cms/wp-content/uploads/2018/08/180820_daisansha6848.pdf,2019/03/29,2019/03/29 2019/03/29 2019/03/29 2019/03/29 2019/03/29 2019/03/29,http://www.daisanshaiinkai.com/cms/wp-content/uploads/2018/08/190329_daisansha6848-1.pdf http://www.daisanshaiinkai.com/cms/wp-content/uploads/2018/08/190329_daisansha6848-2.pdf http://www.daisanshaiinkai.com/cms/wp-content/uploads/2018/08/190329_daisansha6848-3-1.pdf http://www.daisanshaiinkai.com/cms/wp-content/uploads/2018/08/190329_daisansha6848-4.pdf http://www.daisanshaiinkai.com/cms/wp-content/uploads/2018/08/190329_daisansha6848-5.pdf http://www.daisanshaiinkai.com/cms/wp-content/uploads/2018/08/190329_daisansha6848-6.pdf,（１）本現象に関する事実関係の調査及び原因究明 （２）本現象に類似した事象の存否の調査 （３）再発防止策の検討・提言 （４）その他、第三者委員会が必要と認めた事項,委員長：（グリーンヒル法律特許事務所 パートナー弁護士） 今村 昭文 委員：（ 東北大学 大学院環境科学研究科 工学部 化学・バイオ工学科 教授） 末永 智一 委員：（グリーンヒル法律特許事務所 パートナー弁護士） 西田 育代司,,http://www.daisanshaiinkai.com/2018/page/2/
2018,2191,JASDAQ,2191 JASDAQ,テラ株式会社,太陽,2018/08/10,2018/08/10,http://www.daisanshaiinkai.com/cms/wp-content/uploads/2018/08/180810_daisansha2191.pdf,2018/09/13,2018/09/13,http://www.daisanshaiinkai.com/cms/wp-content/uploads/2018/08/180913_daisansha2191.pdf,① 本件問題に係る事実関係の調査 ② 本件問題に類似する問題の存否及び事実関係の調査 ③ 上記①及び②で確認された事実関係に関する原因分析及び再発防止策の提言 ④ その他、第三者委員会が必要と認めた事項,委員長：（光和総合法律事務所 弁護士） 白井 真 委員：（ひふみ総合法律事務所 弁護士） 矢田 悠 委員：（PwC ビジネスアシュアランス合同会社 公認会計士） 那須 美帆子,光和総合法律事務所 弁護士 野原 俊介 渡邊 涼介 井上 龍太郎 森・濱田松本法律事務所 弁護士 藤津 康彦 田尻 佳菜子 木山 二郎 五島 隆文 塚田 智宏 香川 絢奈 川本 健 小林 央忠 芝村 佳奈 林 幸賢 PwC ビジネスアシュアランス合同会社 公認会計士 丸山 琢永 岡本 真一 大塚 晃 他 23 名,http://www.daisanshaiinkai.com/2018/page/2/
2018,6637,JASDAQ,6637 JASDAQ,寺崎電気産業株式会社,新日本,2018/08/07,2018/08/07,http://www.daisanshaiinkai.com/cms/wp-content/uploads/2018/08/180807_chousa6637.pdf,2018/09/13,2018/09/13,http://www.daisanshaiinkai.com/cms/wp-content/uploads/2018/08/180913_chousa6637.pdf,＜社内調査委員会＞ ① 本件不正行為に関する事実関係の認定，発生原因及び問題点の調査分析，その他同種事例の調査 ② 本件不正行為に係る内部統制，コンプライアンス，ガバナンス上の問題点の調査分析 ③ 上記の調査分析結果を前提とした会計処理の修正の要否の検証 ④ 本件不正行為の再発防止策の検討及び提言,委員長： （大阪西総合法律事務所 弁護士） 池口 毅 委員：（大阪西総合法律事務所 弁護士） 吹矢 洋一 委員：（代表取締役社長） 寺崎 泰造 委員：（専務取締役） 周藤 忠 委員：（常務取締役） 熊澤 和信 委員：（取締役 監査等委員） 長瀬 順治,公認会計士、税理士 飯田 健一 走出 広章,http://www.daisanshaiinkai.com/2018/page/2/
2018,6838,JASDAQ,6838 JASDAQ,株式会社多摩川ホールディングス,海南,2018/08/06,2018/08/06,http://www.daisanshaiinkai.com/cms/wp-content/uploads/2018/08/180806_chousa6838-1.pdf,2018/09/07,2018/09/07,http://www.daisanshaiinkai.com/cms/wp-content/uploads/2018/08/077e5e07c077a230fec5923c2d3bbb3c.pdf,＜外部調査委員会＞ ①社内調査委員会が行う本件配当に係る原因の究明と再発防止策の策定の検証をすること ②必要に応じ、独自に、本件配当に係る原因の究明と再発防止策の提言をすること ③本件配当に係る関係者の責任について検討すること,委員長：（森・濱田松本法律事務所 弁護士） 信國 篤慶 委員：（森・濱田松本法律事務所 弁護士） 峯岸 健太郎 委員：（森・濱田松本法律事務所 弁護士） 千原 剛 委員：（森・濱田松本法律事務所 弁護士） 山口 みどり,,http://www.daisanshaiinkai.com/2018/page/2/
2018,4287,JASDAQ,4287 JASDAQ,株式会社ジャストプランニング,あずさ,2018/08/01,2018/08/01 2018/08/10,http://www.daisanshaiinkai.com/cms/wp-content/uploads/2018/08/180801_chousa4287.pdf http://www.daisanshaiinkai.com/cms/wp-content/uploads/2018/08/180810_chousa4287.pdf,2018/09/11,2018/09/11,http://www.daisanshaiinkai.com/cms/wp-content/uploads/2018/08/180911_chousa4287.pdf,＜外部調査委員会＞ ① 本件不正行為に係る事実関係及びその発生原因その他の背景事情を解明すること ② 前記①により解明された事実関係の法的評価（法的責任発生の可能性についての評価）を行うこと ③ 本件不正行為に係る取引金額及び財務諸表への影響度を検証すること ④ 本件不正行為と類似の事案の有無を調査すること（なお、この点については JP、JPパワー及び連結子会社である株式会社サクセスウェイ（以下「サクセスウェイ」という。）を対象とした。） ⑤ 本件不正行為に係る事実及びその発生原因を踏まえて、再発防止措置の提言を行うこと,委員長：（株式会社アカウンティング・アドバイザリー 公認会計士） 井上 寅喜 委員：（光和総合法律事務所 弁護士） 白井 真 委員：（LM 法律事務所 弁護士） 森 直樹,光和総合法律事務所 弁護士 鈴木 智也 永井 徳人 坂下 大貴 LM 法律事務所 弁護士 上野 尚文 清水 祐大 下田 正彦 株式会社アカウンティングアドバイザリー 公認会計士 池内 宏幸 加瀬 豊 森元 義貴 EY 新日本有限責任監査法人 Forensics 事業部 19 名,http://www.daisanshaiinkai.com/2018/page/2/
2018,4686,東証1,4686 東証1,株式会社ジャストシステム,トーマツ,2018/07/24,2018/07/24,http://www.daisanshaiinkai.com/cms/wp-content/uploads/2018/09/140120180724484449.pdf,2018/09/07,2018/09/07 2018/09/12,http://www.daisanshaiinkai.com/cms/wp-content/uploads/2018/07/180912_chousa4686.pdf http://www.daisanshaiinkai.com/cms/wp-content/uploads/2018/09/180907_chousa4686.pdf,＜特別調査委員会＞ ① 本件返品条項付取引に係る事実関係の調査 ② 本件返品条項付取引に類似する問題の有無の調査 ③ 本件返品条項付取引に係る原因分析及び再発防止策の提言 ④ その他、当委員会が必要と認めた事項,委員長：（名取法律事務所 弁護士） 名取 勝也 委員：（アンダーソン・毛利・友常 法律事務所 弁護士） 甲斐 淑浩 委員：（千葉公認会計士事務所 公認会計士） 千葉 通子,アンダーソン・毛利・友常法律事務所 弁護士 三宅 英貴 荻野 聡之 伊藤 美奈子 伊嵜 風人 EY 新日本有限責任監査法人 Forensics 事業部 公認会計士 田谷 直樹 萬 仁志 吉田 靖孝 山口 孝之 Digital Forensics担当 布施 和弘 池上 弘樹 その他 31 名,http://www.daisanshaiinkai.com/2018/page/2/
2018,9064,東証1,9064 東証1,ヤマトホールディングス株式会社,トーマツ,2018/07/24,2018/07/24,http://www.daisanshaiinkai.com/cms/wp-content/uploads/2018/07/180724_chousa9064.pdf,2018/08/31,2018/08/31,http://www.daisanshaiinkai.com/cms/wp-content/uploads/2018/07/180831_chousa9064.pdf,＜外部調査委員会＞ ① 本件事象に関する事実関係の調査 ・ ＹＨＣが取り扱う引越商品に関する事項 ・ 法人契約締結に関する事項 ・ 見積書作成に関する事項 ・ 家財の搬出入作業に関する事項 ・ 顧客への請求に関する事項 ・ 取引帳票及びそのデータ保管に関する事項 ② 平成２２年及び平成２３年に内部告発（以下「本件内部告発」という。）を受けた不適切請求に係る事象等、これまでの実態に関する事実関係の調査 ③ 本件事象の原因分析 ④ 再発防止策の策定（ＹＨＣが緊急対応し、又はしようとしている再発防止策に対する有効性評価を含む）、その他の提言,委員長：（東京リベルテ法律事務所 弁護士） 河合 健司 委員：（伊藤忠商事株式会社 特別理事） 小林 栄三 委員：（株式会社ＫＰＭＧ ＦＡＳ 公認会計士） 林 稔,,http://www.daisanshaiinkai.com/2018/page/3/
2018,6064,マザーズ,6064 マザーズ,株式会社アクトコール,日之出,2018/07/10,2018/07/10 2018/08/10,http://www.daisanshaiinkai.com/cms/wp-content/uploads/2018/07/180710_daisansha6064.pdf http://www.daisanshaiinkai.com/cms/wp-content/uploads/2018/07/180810_daisansha6064.pdf,2018/08/13,2018/08/13 2018/09/06,http://www.daisanshaiinkai.com/cms/wp-content/uploads/2018/07/180813_daisansha6064.pdf http://www.daisanshaiinkai.com/cms/wp-content/uploads/2018/07/180906_daisansha6064.pdf,① 当社の不動産総合ソリューション事業における不動産売買及び不動産フランチャイズ権利販売について、監査法人から指摘を受けた取引に係る当社役職員等に対するヒアリング、資料に基づく事実関係の調査・解明 ② 上記①の事実関係の調査結果に基づき、平成 29 年 11 月期における会計処理の訂正の要否、及び平成 29 年 11 月期の会計処理の訂正が必要となる場合、その範囲・影響額の確認 ③ 当社役職員等に対するヒアリング及び資料の検討に基づく、不動産総合ソリューション事業における、上記①以外の不透明取引の有無に係る調査 ④ 当社役職員等に対するヒアリング及び資料の検討に基づく、各不透明取引発生の原因究明、責任の所在の明確化及び再発防止策に関する提言,委員長：（佐藤総合法律事務所 弁護） 佐藤 明夫 委員：（平河町法律事務所 弁護士） 安田 博延 委員：（鳥羽公認会計士事務所 公認会計士） 鳥羽 史郎,,http://www.daisanshaiinkai.com/2018/page/3/
2018,4217,東証1,4217 東証1,日立化成株式会社,新日本,2018/06/29,2018/06/29 2018/10/29 2018/11/02,http://www.daisanshaiinkai.com/cms/wp-content/uploads/2018/07/140120181029424707.pdf http://www.daisanshaiinkai.com/cms/wp-content/uploads/2018/07/140120181102429145.pdf http://www.daisanshaiinkai.com/cms/wp-content/uploads/2018/07/180629_chousa4217-1.pdf,2018/11/22,2018/11/22,http://www.daisanshaiinkai.com/cms/wp-content/uploads/2018/07/181122_chousa4217.pdf,＜特別調査委員会＞ 当初事案の事実関係の解明 ② 当初事案に類似する不適切行為（その判断基準の詳細は、後記第 3 章のとおりである。以下「件外事案」という）の存否及びその事実関係の解明 ③ 不適切行為の背景及び原因分析 ④ 再発防止に向けた提言,委員長：（プロアクト法律事務所 弁護士、公認不正検査士） 竹内 朗 委員：（東京工業大学名誉教授） 長田 洋 委員：（長島・大野・常松法律事務所 弁護士） 池田 順一 委員：（当社社外取締役 監査委員長） 大戸 武元,福井大学 産学官連携本部 准教授 井上 利弘 プロアクト法律事務所 弁護士 大野 徹也 渡邉 宙志 松葉 優子 長島・大野・常松法律事務所 弁護士 伊藤 昌夫 眞武 慶彦 福原 あゆみ 須藤 希祥 糸川 貴視 中所 昌司 鍋島 智彦 江﨑 佳孝 水越 政輝 原 哲也 嶋崎 勝規 竹内 淳哉 根岸 聡知 浅尾 荘平 谷本 芳朗 今野 庸介 高野 紘輝 水野 陽清 島田 潤也 福原 亮輔 小川 美月 小泉 遼平 水野 碧 安田 幸弘 弁護士法人ほくと総合法律事務所 弁護士 倉橋 博文 千葉 恵介 高橋 康平 太宰 賢二 横瀬 大輝 鈴木 裕也 又吉 重樹 公認会計士 河江 健史 張本 和志 土井 貴達 上村 治 小嶋 良樹 黒川 剛史 吉田 浩平 城 知宏 吉田 圭太 東海林 秀樹 他 22 名 株式会社 KPMG FAS 堀田 知行 簗瀬 誠一 山田 昂輝 増本 有希 川辺 雄二 廣原 茉耶 他 35 名,http://www.daisanshaiinkai.com/2018/page/3/
2018,8704,JASDAQ,8704 JASDAQ,トレイダーズホールディングス株式会社,明誠,2018/06/14,2018/06/14 2018/06/20,http://www.daisanshaiinkai.com/cms/wp-content/uploads/2018/06/180614_chousa8704-1.pdf http://www.daisanshaiinkai.com/cms/wp-content/uploads/2018/06/180620_chousa8704.pdf,2018/08/02,2018/08/02 2018/09/14,http://www.daisanshaiinkai.com/cms/wp-content/uploads/2018/06/180802_chousa8704.pdf http://www.daisanshaiinkai.com/cms/wp-content/uploads/2018/06/180914_chousa8704.pdf,1 本件指摘に係る実態の調査及び会計処理の適正性についての検討 2 1の事実調査の結果判明した事実における原因・背景事情の分析 3 1・2の分析を踏まえた再発防止策の提言,委員長：（ACEコンサルティング株式会社 公認会計士） 小川 真人 委員：（西村あさひ法律事務所 弁護士） 平尾 覚 委員：（西村あさひ法律事務所 弁護士） 美﨑 貴子,ACEコンサルティング株式会社 公認会計士 西村あさひ法律事務所 弁護士,http://www.daisanshaiinkai.com/2018/page/3/
2018,6072,マザーズ,6072 マザーズ,地盤ネットホールディングス株式会社,東陽,2018/05/23,2018/05/23,http://www.daisanshaiinkai.com/cms/wp-content/uploads/2018/07/180523_chousa6072.pdf,2018/06/29,2018/06/29,http://www.daisanshaiinkai.com/cms/wp-content/uploads/2018/07/180629_chousa6072.pdf,1 対象取引の売上計上処理に関する事実関係の調査 2 対象取引と同種取引の有無の調査 3 対象取引の売上計上処理を取消した場合における影響額の確定 4 上記１及び2の結果、発見された事項の発生原因の調査 5 対象取引以外のリースに関わる取引の調査 6 内部統制からの問題の調査 7 再発防止策の策定・提言,社外常勤監査役 吉田 弘忠 社外監査役 弁護士 松本 大輔 社外監査役 公認会計士 樋口 俊輔 社外取締役 杉山 全功 社外取締役 新美 輝夫 ふじ合同法律事務所 弁護士 松永 暁太 安西法律事務所 弁護士 梅木 佳則,,http://www.daisanshaiinkai.com/2018/page/3/
2018,8358,東証1,8358 東証1,スルガ銀行株式会社,新日本,2018/05/15,2018/05/15 2018/08/30,http://www.daisanshaiinkai.com/cms/wp-content/uploads/2018/05/180515_daisansha8358-2.pdf http://www.daisanshaiinkai.com/cms/wp-content/uploads/2018/05/180830_daisansha8358.pdf,2018/09/07,2018/09/07 2018/09/07,http://www.daisanshaiinkai.com/cms/wp-content/uploads/2018/05/180907_daisansha8358_1.pdf http://www.daisanshaiinkai.com/cms/wp-content/uploads/2018/05/180907_daisansha8358_2.pdf,① 2018 年 1 月にスマートデイズがシェアハウスオーナーに対する賃料支払いを中止したことに端を発するシェアハウス関連融資の問題についての事実の調査及び原因の究明 ② 上記①の問題発覚を受けてスルガ銀行が実施した顧客アンケート及び行員アンケートの分析並びに追加アンケートの要否の検討 ③ 上記②のアンケート結果に顕れた疑念及び報道等により指摘されている事項についての事実の調査及び原因の究明 ④ スルガ銀行の内部管理体制に関する調査並びに再発防止策の検討及び提言 ⑤ 前各号に係る調査等の結果を記載した調査報告書（以下、「本調査報告書」という。）の作成,委員長：（中村・角田・松本法律事務所 弁護士） 中村 直人 委員：（中村・角田・松本法律事務所 弁護士） 仁科 秀隆 委員：（中村・角田・松本法律事務所 弁護士） 山田 和彦 委員：（中村・角田・松本法律事務所 弁護士） 倉橋 雄作,中村・角田・松本法律事務所 弁護士 中島 正裕 後藤 晃輔 小原 隆太郎 北村 勇人 株式会社 KPMG FAS 堀田 知行 簗瀬 誠一 由良 亘行 山田 昂輝 増本 有希 他合計46名,http://www.daisanshaiinkai.com/2018/page/3/
2018,7214,東証１,7214 東証１,ＧＭＢ株式会社,トーマツ,2018/05/10,2018/05/10,http://www.daisanshaiinkai.com/cms/wp-content/uploads/2018/05/180510_chousa7214.pdf,2018/08/01,2018/08/01,http://www.daisanshaiinkai.com/cms/wp-content/uploads/2018/05/180801_chousa7214.pdf,＜特別調査委員会＞ ① 本件不適切行為に関する事実関係の調査 ② 本件不適切行為に関する原因の調査 ③ 同種類似案件の存否に関する調査 ④ 再発防止策の提言等,委員長：（アイマン総合法律事務所 弁護士） 井上 圭吾 委員： （アイマン総合法律事務所 弁護士） 安部 将規 委員：（弊社社外監査役 公認会計士） 中川 雅晴,,http://www.daisanshaiinkai.com/2018/page/3/
2018,6926,東証1,6926 東証1,岡谷電機産業株式会社,あずさ,2018/05/10,2018/05/10,http://www.daisanshaiinkai.com/cms/wp-content/uploads/2018/05/180510_chousa6926.pdf,2018/05/10,2018/05/10,http://www.daisanshaiinkai.com/cms/wp-content/uploads/2018/05/180510_chousa6926-1.pdf,＜社内調査委員会＞ 本件の事実関係等について、徹底して調査を行うため。,委員長：（当社取締役） 清田 宗明 委員：（当社取締役） 高屋舗 明 委員：（当社上席執行役員） 中山 淳 委員：（当社上席執行役員） 黒﨑 政道 委員：（当社総務部長） 福田 茂 委員：（当社経営監査室長） 新原 幹男 委員：（当社経営監査室） 小林 博行 社外委員：（吉田康法律事務所 弁護士） 吉田 康 社外委員：（吉田康法律事務所 弁護士） 吉田 夢子 社外委員：（㈱アカウンティング・アドバイザリー 公認会計士） 井上 寅喜,,http://www.daisanshaiinkai.com/2018/page/3/
2018,9621,東証1,9621 東証1,株式会社建設技術研究所,トーマツ,2018/05/10,2018/05/10,http://www.daisanshaiinkai.com/cms/wp-content/uploads/2018/05/180510_chousa9621.pdf,,未公表,,＜社内調査委員会＞,,,http://www.daisanshaiinkai.com/2018/page/3/
2018,7214,東証1,7214 東証1,ＧＭＢ株式会社,トーマツ,2018/05/07,2018/05/07,http://www.daisanshaiinkai.com/cms/wp-content/uploads/2018/05/180507_chousa7270.pdf,,未公表,,本件不適切行為の事実関係および発生原因を究明、再発防止策の策定,,,http://www.daisanshaiinkai.com/2018/page/3/
2018,1711,東証2,1711 東証2,株式会社省電舎ホールディングス,アスカ,2018/05/02,2018/05/02 2018/05/11 2018/07/10,http://www.daisanshaiinkai.com/cms/wp-content/uploads/2018/05/180502_daisansha1711.pdf http://www.daisanshaiinkai.com/cms/wp-content/uploads/2018/05/180511_daisansha1711.pdf http://www.daisanshaiinkai.com/cms/wp-content/uploads/2018/05/180710_daisansha1711.pdf,2018/07/11,2018/07/11,http://www.daisanshaiinkai.com/cms/wp-content/uploads/2018/05/180711_daisansha1711.pdf,当該取引等の詳細を解明し、専門的かつ客観的な立場から、当該取引等に係る発生事実の正確な把握、発生原因の分析、問題点の解明、今後の対応策に関する提言。,委員長：（光和総合法律事務所 弁護士） 白井 真 委員：（光和総合法律事務所 弁護士） 小林 正樹 委員：（河江健史会計事務所 公認会計士） 河江 健史 委員：（土井公認会計士・税理士事務所 公認会計士） 土井 貴達,弁護士 野原 俊介 井上 龍太郎 橋本 祥 坂下 大貴 公認会計士 青木 幹雄 中野 陽介 上村 治 小林 孝嗣 黒川 剛史 小池 赳司 長谷川 雄史 高木 明 東海林 秀樹 中山 住人 菊池 貴加志 他 公認会計士 1名,http://www.daisanshaiinkai.com/2018/page/3/
2018,7270,東証1,7270 東証1,株式会社ＳＵＢＡＲＵ,あずさ,2018/04/27,2018/04/27,http://www.daisanshaiinkai.com/cms/wp-content/uploads/2018/04/180427_chousa7270.pdf,2018/04/27,2018/04/27,http://www.daisanshaiinkai.com/cms/wp-content/uploads/2018/04/180427_chousa7270-1.pdf,＜社内調査委員会＞ ・完成検査工程における燃費・排出ガス測定業務の運用状況の実態、測定値の書き換えに関する事実関係 ・上記事実関係等の原因・背景の分析 ・再発防止策の検討,,,http://www.daisanshaiinkai.com/2018/page/3/
2018,4028,東証1,4028 東証1,石原産業株式会社,新日本,2018/04/27,2018/04/27,http://www.daisanshaiinkai.com/cms/wp-content/uploads/2018/04/180427_chousa4028.pdf,2018/06/02,2018/06/02,http://www.daisanshaiinkai.com/cms/wp-content/uploads/2018/04/180602_chousa4028.pdf,＜社内調査委員会＞ ア） 本件会計処理の実態の調査・解明 （当社又はその連結子会社による関与の有無の確認を含む。） イ） 本件会計処理と類似事案の有無の確認 ウ） 上記ア）及びイ）により判明した問題の背景・原因の分析 エ） 再発防止策の提言,委員長：（当社取締役 常務執行役員 法務本部長） 松江 輝明 委員：（当社常勤社外監査役） 秋國 仁孝 委員：（当社社外監査役 弁護士） 播磨 政明 委員：（森・濱田松本法律事務所 パートナー 弁護士） 藤津 康彦 委員：（株式会社KPMG FAS パートナー 公認会計士） 髙岡 俊文,森・濱田松本法律事務所 株式会社 KPMG FAS K law civil CVBA KPMG Advisory civil CVBA/SCRL,http://www.daisanshaiinkai.com/2018/page/3/
2018,5953,福証,5953 福証,昭和鉄工株式会社,トーマツ,2018/04/25,2018/04/25,http://www.daisanshaiinkai.com/cms/wp-content/uploads/2018/04/180425_chousa5953.pdf,2018/04/25,2018/04/25,http://www.daisanshaiinkai.com/cms/wp-content/uploads/2018/04/180425_chousa5953-1.pdf,本件不正行為に関する事実関係、会計処理に及ぼす影響、当社グループにおける類似の不正行為の有無等の慎重な調査・検証に加え、発生原因の分析と効果的な再発防止策の策定のため,,,http://www.daisanshaiinkai.com/2018/page/3/
2018,7859,東証2,7859 東証2,株式会社アルメディオ,明治アーク,2018/04/20,2018/04/20,http://www.daisanshaiinkai.com/cms/wp-content/uploads/2018/04/180420_chousa7859-1.pdf,2018/05/28,2018/05/28,http://www.daisanshaiinkai.com/cms/wp-content/uploads/2018/04/180528_daisansha7859-1.pdf,社内調査委員会の調査結果の検証、および役員の責任の所在の調査,委員長：（ＴＭＩ総合法律事務所 弁護士） 酒井 邦彦 委員：（熊谷・田中・津田法律事務所 弁護士） 熊谷 貴之 委員：（高山公認会計士事務所 公認会計士） 高山 信紀,,http://www.daisanshaiinkai.com/2018/page/3/
2018,4347,JASDAQ,4347 JASDAQ,ブロードメディア 株式会社,仁智,2018/04/13,2018/04/13 2018/04/13 2018/04/20,http://www.daisanshaiinkai.com/cms/wp-content/uploads/2018/04/180413_chousa4347.pdf http://www.daisanshaiinkai.com/cms/wp-content/uploads/2018/04/180413_daisansha4347.pdf http://www.daisanshaiinkai.com/cms/wp-content/uploads/2018/04/180420_daisansha4347.pdf,2018/05/23,2018/05/23,http://www.daisanshaiinkai.com/cms/wp-content/uploads/2018/04/180523_daisansha4347.pdf,・FVにおける架空取引を当社の役員が認識していた可能性の検討 ・上記架空取引に類似する取引等の有無の検討 ・その他、第三者委員会が必要と認める調査,委員長：（岩田合同法律事務所 弁護士） 本村 健 副委員長：（和田会計事務所 公認会計士） 和田 芳幸 委員：（河江健史会計事務所 公認会計士） 河江 健史 委員：（T&K 法律事務所 弁護士） 戸澤 晃広,東京フィールド法律事務所 弁護士 中川 佳男 岩田合同法律事務所 弁護士 永口 学 武藤 雄木 斎藤 弘樹 中村 紗絵子 パラリーガル等 他2名 公認会計士 山田 勝也 武藤 敦彦 青木 幹雄 黒川 剛史 小池 赳司 国近 宜裕 他1名,http://www.daisanshaiinkai.com/2018/page/3/
2018,4987,東証2,4987 東証2,株式会社寺岡製作所,井上,2018/04/06,2018/04/06,http://www.daisanshaiinkai.com/cms/wp-content/uploads/2018/04/180406_chousa4987.pdf,2018/07/20,2018/07/20,http://www.daisanshaiinkai.com/cms/wp-content/uploads/2018/04/180720_chousa4987.pdf,① 本件不適切行為に関する事実調査 ② 本件不適切行為の原因・背景の検討及び分析 ③ 再発防止策の提言,委員長：（元広島高等検察庁検事長 弁護士） 酒井 邦彦 委員：（TMI 総合法律事務所 弁護士） 鳥海 哲郎 委員：（東京理科大学理工学部先端化学科 大学教授） 郡司 天博 委員：（当社社外監査役） 三宅 正樹,TMI総合法律事務所 弁護士 大久保 和樹 鶴田 桂子 熊澤 啓介,http://www.daisanshaiinkai.com/2018/page/3/
2018,7519,JASDAQ,7519 JASDAQ,五洋インテックス株式会社,コスモス,2018/03/27,2018/03/27,http://www.daisanshaiinkai.com/cms/wp-content/uploads/2018/03/180327_daisansha7519.pdf,2018/05/07,2018/05/07,http://www.daisanshaiinkai.com/cms/wp-content/uploads/2018/03/180507_daisansha7519.pdf,① 事実関係及び問題点の調査分析 ② 会計処理の調査分析 ③ 当委員会が調査の過程において必要と認める一切の事項及び行為,委員長：（藤村法律事務所 弁護士） 藤村 厚夫 委員：（公認会計士神崎時男事務所） 神崎 時男 委員：（そうせい監査法人） 菊池 愼太郎 委員：（シティ法律事務所 弁護士） 岡田 奉典 委員：（そうせい監査法人） 久保田 寛志,,http://www.daisanshaiinkai.com/2018/page/3/
2018,3928,東証1,3928 東証1,株式会社マイネット,新日本,2018/03/23,2018/03/23,http://www.daisanshaiinkai.com/cms/wp-content/uploads/2018/05/180323_chousa3928.pdf,2018/03/26,2018/03/26 2018/05/11,http://www.daisanshaiinkai.com/cms/wp-content/uploads/2018/05/180326_chousa3928.pdf http://www.daisanshaiinkai.com/cms/wp-content/uploads/2018/05/180511_chousa3928.pdf,＜社内調査＞,,,http://www.daisanshaiinkai.com/2018/page/3/
2018,6217,東証1,6217 東証1,津田駒工業株式会社,仰星,2018/03/22,2018/03/22,http://www.daisanshaiinkai.com/cms/wp-content/uploads/2018/03/180322_chousa6217.pdf,2018/05/21,2018/05/21,http://www.daisanshaiinkai.com/cms/wp-content/uploads/2018/03/180521_chousa6217.pdf,＜特別調査委員会＞ ①津田駒が過去取引先にアスベスト入り本件ライニング部品を使用した製品及びアスベスト入り本件ライニング部品を納入していた事案（以下「本件事案」という。）に関する事実関係、本件違反に関係した社員らの本件違反についての認識及びその背景事情を調査・解明すること、 ②今後の再発防止策について調査及び答申を行うこと、並びに ③その他、津田駒と協議の上、本委員会による調査のために必要であると認めた追加調査等を行うこと,委員長：（岩田合同法律事務所 弁護士） 本村 健 委員：（津田駒工業株式会社 社外取締役） 潮田 資勝 委員：（長島・大野・常松法律事務所 弁護士） 浅妻 敬,岩田合同法律事務所 弁護士 青木 晋治 松田 章良 冨田 雄介 鈴木 智弘 深津 春乃 長島・大野・常松法律事務所 弁護士 眞武 慶彦 伊佐次 亮介 近石 弘太郎,http://www.daisanshaiinkai.com/2018/page/4/
2018,6093,東証1,6093 東証1,株式会社エスクロー・エージェント・ジャパン,あずさ,2018/03/16,2018/03/16,http://www.daisanshaiinkai.com/cms/wp-content/uploads/2018/03/180316_chousa6093.pdf,2018/03/26,2018/03/26,http://www.daisanshaiinkai.com/cms/wp-content/uploads/2018/03/180326_chousa6093.pdf,＜特別調査委員会＞ 本件の経緯及び内容の調査並びに当社の重要事実の管理の状況について検証,,,http://www.daisanshaiinkai.com/2018/page/4/
2018,7623,JASDAQ,7623 JASDAQ,株式会社サンオ－タス,東陽,2018/03/05,2018/03/05,http://www.daisanshaiinkai.com/cms/wp-content/uploads/2018/03/180305_daisansha7623.pdf,2018/04/09,2018/04/09,http://www.daisanshaiinkai.com/cms/wp-content/uploads/2018/03/180409_daisansha7623.pdf,①本件取引の実在性及び一連の関連取引(新車販売契約に付随する信販契約、中古車売買契約、損害保険契約等)に関する事実調査(会計処理に関する調査を含む) ②本件取引において法令違反、内規違反又は契約違反があった場合、かかる違反行為が発生した背景、原因、経緯に関する事実調査 ③②記載の違反行為があった場合、 MT社、 MP社における類似事案の有無の調査 ④SA社、 MT社、 MP社における本件取引及び一連の関連取引並びにその会計処理にかかる内部管理体制及び子会社管理体制に関する事実調査 ⑤②記載の違反行為又は③記載の類似事案があった場合、その再発防止に関する提言 ⑥④記載の内部管理体制又は子会社管理体制に不備があった場合、その再発防止に関する提言 ⑦過年度決算訂正の必要性の有無及びあるべき会計処理方法に関する提言,委員長：（横浜ステーション法律事務所 弁護士） 紺野 晃男 委員：（R&G 横浜法律事務所 弁護士） 佐藤 麻子 委員：（信太元紀公認会計士事務所 公認会計士） 信太 元紀,,http://www.daisanshaiinkai.com/2018/page/4/
2018,6464,東証1,6464 東証1,株式会社ツバキ・ナカシマ,あずさ,2018/02/28,2018/02/28 2018/03/06,http://www.daisanshaiinkai.com/cms/wp-content/uploads/2018/03/180228_chousa6464.pdf http://www.daisanshaiinkai.com/cms/wp-content/uploads/2018/03/180306_chousa6464.pdf,2018/05/25,2018/05/25,http://www.daisanshaiinkai.com/cms/wp-content/uploads/2018/03/180525_chousa6464.pdf,＜外部調査委員会＞ ① 本件不適切行為に関する事実関係調査及び原因究明 ② その他同種事項の有無の調査 ③ 再発防止策の検討・提言 ④ その他、外部調査委員会が必要と認めた事項,委員長：（山口利昭法律事務所 弁護士） 山口 利昭 委員：（色川法律事務所 弁護士） 嶋野 修司 委員：（張本公認会計士事務所 公認会計士） 張本 和志,色川法律事務所 弁護士 高橋 直子 加古 洋輔 有岡 一大 伊藤 敬之 志連 広祐 河江健史会計事務所 公認会計士 河江 健史 MYKアドバイザリー株式会社 公認会計士 立川 正人 吉田総合会計事務所 公認会計士 吉田 壮志 公認会計士 20名 その他 3名,http://www.daisanshaiinkai.com/2018/page/4/
2018,8032,東証1,8032 東証1,日本紙パルプ商事株式会社,八重洲,2018/02/28,2018/02/28 2018/03/27,http://www.daisanshaiinkai.com/cms/wp-content/uploads/2018/03/1800327_chousa8032.pdf http://www.daisanshaiinkai.com/cms/wp-content/uploads/2018/03/180228_chousa8032.pdf,2018/05/18,2018/05/18,http://www.daisanshaiinkai.com/cms/wp-content/uploads/2018/03/180518_chousa8032.pdf,＜社内調査委員会＞ ① 本件不正行為に関する事実関係及びこれに関連・類似する事象の事実関係の調査 ② 本件不正行為による当社及び SS 社の財務諸表への影響額の確定 ③ 本件不正行為が生じた要因の究明と再発防止策の提言,委員長：（丸の内法律事務所 当社顧問弁護士） 及川 清彦 委員：（当社社外取締役） 増田 格 委員：（当社社外監査役 公認会計士） 樋口 尚文 委員：（当社内部監査室室長） 新川 裕一 委員：（アンダーソン・毛利・友常法律事務所 弁護士） 三宅 英貴,アンダーソン・毛利・友常法律事務所 弁護士 西谷 敦 他3名 PwC アドバイザリー合同会社 公認会計士等不正調査の専門家 佐々木 健仁 他12名,http://www.daisanshaiinkai.com/2018/page/4/
2018,4208,東証1,4208 東証1,宇部興産株式会社,新日本,2018/02/23,2018/02/23,http://www.daisanshaiinkai.com/cms/wp-content/uploads/2018/02/180223_chousa4208.pdf,2018/06/07,2018/06/07,http://www.daisanshaiinkai.com/cms/wp-content/uploads/2018/02/20180607chousa-4208.pdf,① ポリエチレン事案の事実関係の解明 ② ポリエチレン事案に類似する不適切行為の存否及びその事実関係の解明 ③ 本件社内調査の妥当性 ④ 不適切行為の背景及び原因分析 ⑤ 宇部興業が策定した再発防止策の評価及び再発防止措置に係る当委員会の提言,委員長：（光和総合法律事務所 弁護士） 小田 修司 委員：（長島・大野・常松法律事務所 弁護士） 池田 順一 委員：（宇部興産株式会社 社外取締役） 庄田 隆 事務局：グループCCO、総務・人事室長及び購買・物流本部長並びグループCSR担当法務部長,光和総合法律事務所 弁護士 小林 正樹 白井 真 木谷 太郎 中澤 雄仁 渡邊 涼介 井上 龍太郎 坂下 大貴 橋本 祥 長島・大野・常松法律事務所 弁護士 伊藤 昌夫 木内 敬 福原 あゆみ 原 哲也 浅尾 荘平 谷本 芳朗 高野 絋輝 水野 陽清 小柏 卓也 島田 潤也 小泉 遼平 安田 幸弘 弁護士法人ほくと総合法律事務所 弁護士 倉橋 博文 千葉 恵介 高橋 康平 横瀬 大輝 鈴木 裕也 又吉 重樹 公認会計士 河江 健史 吉田 浩平 他 11名,http://www.daisanshaiinkai.com/2018/page/4/
2018,2270,東証1・札証,2270 東証1・札証,雪印メグミルク株式会社,トーマツ,2018/02/20,2018/02/20,http://www.daisanshaiinkai.com/cms/wp-content/uploads/2018/02/180220_daisansha2270.pdf,2018/04/27,2018/04/27 2018/04/27 2018/04/27,http://www.daisanshaiinkai.com/cms/wp-content/uploads/2018/02/140120180427423737.pdf http://www.daisanshaiinkai.com/cms/wp-content/uploads/2018/02/houkoku_kaiji_20180427.pdf http://www.daisanshaiinkai.com/cms/wp-content/uploads/2018/02/houkoku_kanryaku_20180427.pdf,① 種苗法に違反する表示（「違反表示」）に関する事実関係の調査 ② 違反表示以外の義務違反の有無等の調査 ③ 上記①及び②に関する原因・背景分析 ④ 再発防止策の提言,委員長：（弁護士） 橋本 副孝 委員：（麗澤大学大学院経済研究科教授） 髙 巖 委員：（明治大学情報コミュニケーション学部准教授） 今村 哲也,東京八丁堀法律事務所 弁護士 笠 浩久 工藤 洋治 ひふみ総合法律事務所 弁護士 矢田 悠 東京八丁堀法律事務所 弁護士 前田 英伸 渡邉 遼太郎 土田 悠太 松村 拓紀 他 弁護士８名,http://www.daisanshaiinkai.com/2018/page/4/
2018,2402,マザーズ,2402 マザーズ,株式会社アマナ,新日本,2018/02/15,2018/02/15 2018/03/29,http://www.daisanshaiinkai.com/cms/wp-content/uploads/2018/02/180215_chousa2402.pdf http://www.daisanshaiinkai.com/cms/wp-content/uploads/2018/02/180329_chousa2402.pdf,2018/04/26,2018/04/26,http://www.daisanshaiinkai.com/cms/wp-content/uploads/2018/02/180426_chousa2402.pdf,＜社内調査委員会＞ ①当該会計処理に関する事実関係の調査 ⅰ）関連する事実関係の調査、問題点の有無の確認および会計処理の適切性・妥当性の検証 ⅱ）上記の検証結果に基づく会 計処理の訂正要否の検討 、訂正が必要となる場合その範囲・影響額等の確認 ②当該会計処理と同種 事項の有無の調査 他の費用における同種の会計処理の有無の確認 ③上記①および②の結果発見された事項の発生原因の分析と再発防止策の策定・提言,委員長：（当社取締役 法務担当） 石亀 幸大 委員：（当社取締役 ストックフォト・ライフスタイルコンテンツ担当） 堀越 欣也 委員：（当社取締役 経営企画担当） 築山 充 委員：（当社取締役） 遠藤 恵子 委員：（当社社外監査役 弁護士） 飛松 純一,森・濱田松本法律事務所 ひふみ総合法律事務所 ＰｗＣビジネスアシュアランス合同会社 ＰｗＣグローバルネットワーク,http://www.daisanshaiinkai.com/2018/page/4/
2018,1770,JASDAQ,1770 JASDAQ,藤田エンジニアリング株式会社,トーマツ,2018/02/14,2018/02/14,http://www.daisanshaiinkai.com/cms/wp-content/uploads/2018/02/180214_chousa1770.pdf,2018/04/24,2018/04/24,http://www.daisanshaiinkai.com/cms/wp-content/uploads/2018/02/180424_chousa1770.pdf,本件不正行為の全容解明、同種不正事象の有無の調査、これらの結果を踏まえた再発防止策の提言,委員長：（当社専務取締役） 鈴木 昇司 委員：（当社常勤監査役） 清水 耕司 委員：（当社社外監査役 弁護士） 室賀 康志 委員：（当社社外監査役 公認会計士） 信澤 山洋 委員：（当社取締役） 須藤 久実 委員：（当社内部監査室長） 大図 裕一,,http://www.daisanshaiinkai.com/2018/page/4/
2018,6588,東証1,6588 東証1,東芝テック株式会社,新日本,2018/02/14,2018/02/14,http://www.daisanshaiinkai.com/cms/wp-content/uploads/2018/02/180214_chousa6588.pdf,,未公表,,本事案の調査に加え、実態のない複合機のリース取引の有無についてすべてのグループ会社の調査、および再発防止策の策定。,,,http://www.daisanshaiinkai.com/2018/page/4/
2018,9101,東証1・名証1,9101 東証1・名証1,日本郵船株式会社,トーマツ,2018/02/13,2018/02/13,http://www.daisanshaiinkai.com/cms/wp-content/uploads/2018/02/180213_chousa9101.pdf,2018/03/22,2018/03/22,http://www.daisanshaiinkai.com/cms/wp-content/uploads/2018/02/180322_chousa9101.pdf,1. 不正⾏為の疑義に関する事実関係と発⽣原因の調査・分析と類似案件の調査 2. 内部統制上の問題に関する分析・評価と再発防⽌策の提⾔ 3. 不正⾏為の関係者に対する税務告訴・刑事告訴などの証拠収集,委員長：（代表取締役社長・社長経営委員） 内藤 忠顕 委員：（取締役・常務経営委員 チーフコンプライアン スオフィサー） 吉田 芳之 委員：（経営委員） 日暮 豊 委員：（弁護士法人阿部・阪田法律事務所 弁護士） 阪田 裕一,,http://www.daisanshaiinkai.com/2018/page/4/
2018,6239,JASDAQ,6239 JASDAQ,株式会社ナガオカ,桜橋,2018/02/09,2018/02/09,http://www.daisanshaiinkai.com/cms/wp-content/uploads/2018/02/180209_chousa6239.pdf,2018/02/14,2018/02/14,http://www.daisanshaiinkai.com/cms/wp-content/uploads/2018/02/180214_chousa6239.pdf,＜社内調査委員会＞ 当該会計処理に関する事実関係を調査するため,委員長：（堂島法律事務所 当社社外取締役 弁護士） 中井 康之 委員：（弁護士法人大江橋法律事務所 弁護士） 池田 裕彦 委員：（マイスター公認会計士共同事務所 公認会計士） 植田 益司,堂島法律事務所 弁護士 富山 聡子 柳 勝久 弁護士法人大江橋法律事務所 弁護士 後岡 伸哉 公認会計士 松山 元浩,http://www.daisanshaiinkai.com/2018/page/4/
2018,4319,東証1,4319 東証1,TAC株式会社,太陽,2018/02/07,2018/02/07,http://www.daisanshaiinkai.com/cms/wp-content/uploads/2018/02/180207_chousa4319.pdf,,非開示,,＜社内調査委員会＞ 全容解明、および再発防止策の策定,委員長：（当社代表取締役） 斎藤 博明 委員：（当社取締役） 多田 敏男 委員：（当社取締役） 近藤 敦 委員：（当社取締役） 猪野 樹 委員：（当社取締役 税理士） 平賀 大二郎 委員：（当社取締役（社外） 弁護士） 原口 健 委員：（当社取締役（社外） 弁護士） 丹羽 厚太郎 委員：（当社執行役員 公認会計士） 野中 将二 外部委員：（大江橋法律事務所 パートナー 弁護士） 村上 寛,,http://www.daisanshaiinkai.com/2018/page/4/
2018,7183,マザーズ,7183 マザーズ,あんしん保証株式会社,優成,2018/02/07,2018/02/07,http://www.daisanshaiinkai.com/cms/wp-content/uploads/2018/02/180207_chousa7183.pdf,2018/03/20,2018/03/20,http://www.daisanshaiinkai.com/cms/wp-content/uploads/2018/02/180320_chousa7183.pdf,＜特別調査委員会＞ 独立した立場から本件に関する ①事実関係の調査、 ②再発防止策についての調査及び答申を行うこと,委員長：（岩田合同法律事務所 弁護士） 本村 健 委員：（真和総合法律事務所 弁護士） 髙山 梢 委員：（岩田合同法律事務所 弁護士） 伊藤 菜々子,岩田合同法律事務所 弁護士 齋藤 弘樹 羽間 弘善 佐々木 智生,http://www.daisanshaiinkai.com/2018/page/4/
2018,5021,東証1,5021 東証1,コスモエネルギーホールディングス株式会社,あずさ,2018/02/02,2018/02/02,http://www.daisanshaiinkai.com/cms/wp-content/uploads/2018/02/180202_chousa5021.pdf,2018/04/04,2018/04/04,http://www.daisanshaiinkai.com/cms/wp-content/uploads/2018/02/180404_chousa5021.pdf,＜社内調査委員会＞ ①以下に記載する本件不適切行為に関する事実調査 (a) 千葉工場生産管理部品質管理課(一般分析チーム、ガスクロチーム、樹脂環境チーム及び EO チーム)における本件不適切行為に関する事実調査 (b) 四日市工場生産管理課(品質管理チーム)における本件不適切行為に関する事実調査 (c) 上記以外の本件不適切行為に類似する案件の有無の調査 ②上記1の事実調査を踏まえた本件不適切行為の原因の分析 ③上記2に基づく再発防止策の提言,委員長：（常務取締役） 飛永 晶彦 委員：（常務取締役執行役員 CSR 推進室長） 小笠原 聡 委員：（取締役総務部長） 佐藤 和寿 委員：（経営企画部次長） 久森 一輝 委員：（内部監査室長） 豊田 裕 委員：（弁護士） 甲斐 淑浩 委員：（弁護士） 西谷 敦,アンダーソン・毛利・友常法律事務所 弁護士 中川 裕茂 渡部 香菜子 伊藤 美奈子 後藤 直之 徳山 剛史 塩越 希 中川 雄介 山本 直諒 山下 貴行 PwC アドバイザリー合同会社 佐々木 健仁 他２名,http://www.daisanshaiinkai.com/2018/page/4/
2018,4347,JASDAQ,4347 JASDAQ,ブロードメディア 株式会社,仁智,2018/01/30,2018/01/30,http://www.daisanshaiinkai.com/cms/wp-content/uploads/2018/01/180130_chousa4347.pdf,2018/04/13,2018/04/13,http://www.daisanshaiinkai.com/cms/wp-content/uploads/2018/01/180413_chousa4347.pdf,＜社内調査委員会＞ 本件に関して公正に全容の解明及び原因究明を進めるため,,,http://www.daisanshaiinkai.com/2018/page/4/
2018,2121,マザーズ,2121 マザーズ,株式会社ミクシィ,トーマツ,2018/01/24,2018/01/24,http://www.daisanshaiinkai.com/cms/wp-content/uploads/2018/01/180124_daisansha2121.pdf,2018/02/08,2018/02/08 2018/02/14,http://www.daisanshaiinkai.com/cms/wp-content/uploads/2018/01/180208_daisansha2121.pdf http://www.daisanshaiinkai.com/cms/wp-content/uploads/2018/01/180214_daisansha2121.pdf,以下の事項を調査対象とし、事実関係の調査、原因の 究明及び必要な改善策の提言を行うもの。 ① ミクシィ社におけるフンザ社の買収にあたっての経営判断の合理性 ② ミクシィ社によるフンザ社管理体制（フンザ社の反社会的勢力排除の取り組みを含む。）の合理性 ③ その他本委員会が必要と認めた事項,委員長：（上田廣一法律事務所 弁護士） 上田 廣一 委員：（みなつき法律事務所 弁護士） 小林 公明 委員：（みなつき法律事務所 弁護士） 丹羽 厚太郎,弁護士 清水 琢麿 稲葉 直紀 村上 晋一朗 富田 大樹,http://www.daisanshaiinkai.com/2018/page/4/
2018,7215,東証1,7215 東証1,株式会社ファルテック,新日本,2018/01/17,2018/01/17,http://www.daisanshaiinkai.com/cms/wp-content/uploads/2018/01/180117_chousa7215.pdf,2018/03/13,2018/03/13,http://www.daisanshaiinkai.com/cms/wp-content/uploads/2018/01/180313_chousa7215.pdf,＜特別調査委員会＞ ①事実関係の調査、 ②FAL 及び FAP の調査対象行為に係る会計処理が、一般に公正妥当と認められる企業会計の基準に違反するか否かについて、FAL 取締役会への答申、 ③再発防止策についての調査及び答申を行うこと,委員長：（岩田合同法律事務所 弁護士） 本村 健 委員：（(株)アカウンティング アドバイザリー 代表取締役社長 公認会計士） 井上 寅喜 委員：（ほくと総合法律事務所 弁護士） 中原 健夫,岩田合同法律事務所 弁護士 上田 淳史 村上 雅哉 中村 忠司 永口 学 小松 徹也 粉川 知也 鈴木 友一 平井 太 早川 祐司 鈴鹿 祥吾 堀田 昂慈 三浦 貴史 深津 春乃 弁護士・公認会計士・公認不正検査士 武藤 雄木 中国律師・外国法事務弁護士（金茂律師事務所兼任） 郁 志明 パラリーガル 複数名 株式会社アカウンティング・アドバイザリー 公認会計士 大橋 大輔 向井 一洋 松本 亨 吉谷 一成 米倉 弘之 中国公認会計士 リンナ ルアン グロリア チェン アナリスト 杭 ユウ （補助者） 池内 宏幸 荒川 竜太 加瀬 豊 大脇 誠一郎 小柳 良介 金馬 直紀 辻 秀明 黒川 剛史 米倉 弘之 城 知宏 弁護士法人ほくと総合法律事務所 弁護士 倉橋 博文 高橋 康平 横瀬 大輝 弁護士・公認不正検査士 岡本 大毅 金茂律師事務所 中国律師 段 潔琦,http://www.daisanshaiinkai.com/2018/page/4/
2018,9924,名証2,9924 名証2,株式会社ドミー,新日本,2018/01/09,2018/01/09 2018/01/12 2018/02/08 2018/03/08 2018/03/23,http://www.daisanshaiinkai.com/cms/wp-content/uploads/2018/01/180109_chousa9924.pdf http://www.daisanshaiinkai.com/cms/wp-content/uploads/2018/01/180112_chousa9924.pdf http://www.daisanshaiinkai.com/cms/wp-content/uploads/2018/01/180208_chousa9924.pdf http://www.daisanshaiinkai.com/cms/wp-content/uploads/2018/01/180308_daisansha9924.pdf http://www.daisanshaiinkai.com/cms/wp-content/uploads/2018/01/180323_chousa9924.pdf,2018/01/31,2018/01/31 2018/02/01 2018/04/27,http://www.daisanshaiinkai.com/cms/wp-content/uploads/2018/01/180131_chousa9924.pdf http://www.daisanshaiinkai.com/cms/wp-content/uploads/2018/01/180201_chousa9924.pdf http://www.daisanshaiinkai.com/cms/wp-content/uploads/2018/01/20180427chousa-domy-1.pdf,① 食品第二事業部における仕入先からのリベート及び協賛金の会計処理に関し、一部の店舗に不適切な傾斜配賦処理が行われていたことに関する事実関係の調査及び原因究明 ② リベート及び協賛金以外の不正の有無に関する調査 ③ 再発防止策の検討・提言 ④ その他、第三者委員会が必要と認めた事項,委員長：（神谷明文法律事務所 弁護士） 神谷 明文 委員：（マック法律事務所 弁護士） 山崎 圭 委員：（都築敏公認会計士事務所 公認会計士） 都築 敏 委員：（加藤大史法律事務所 弁護士・公認会計士） 加藤 大史 委員：（弁護士法人ほくと総合法律事務所 弁護士） 倉橋 博文 委員：（大知法律事務所 弁護士） 高野 哲也 委員：（加藤公認会計士事務所 公認会計士） 加藤 正憲,神谷明文法律事務所 弁護士 杉原 浩介 渡邊 海太 栄税理士法人 公認会計士・税理士 橋渡 徹,http://www.daisanshaiinkai.com/2018/page/4/
2018,8854,東証2,8854 東証2,株式会社日住サ－ビス,あずさ,2018/12/28,2018/12/28,http://www.daisanshaiinkai.com/cms/wp-content/uploads/2018/12/181228_daisansha8854.pdf,2019/01/31,2019/01/31,http://www.daisanshaiinkai.com/cms/wp-content/uploads/2018/12/190131_daisansha8854-1.pdf,① 本件嫌疑に関する事実関係の調査 ② 類似事案の有無に関する調査 ③ ①および②に問題点がある場合の原因分析 ④ 本件嫌疑への関与者の有無に関する調査 ⑤ 上記を踏まえた再発防止策の検討・提言 ⑥ その他、当委員会が必要と認めた事項,委員長：（山口利昭法律事務所 弁護士・公認不正検査士） 山口 利昭 委員：（しぶや総合法律事務所 弁護士・公認不正検査士） 渋谷 元宏 委員：（MYK アドバイザリー株式会社 公認会計士・公認不正検査士） 立川 正人,デロイト トーマツ ファイナンシャルアドバイザリー合同会社 公認会計士・公認不正検査 士 1名 公認会計士 2名 公認不正検査士 2名 その他 7名,http://www.daisanshaiinkai.com/2018/
2018,3174,JASDAQ,3174 JASDAQ,株式会社ハピネス・アンド・ディ,新日本,2018/12/25,2018/12/25,http://www.daisanshaiinkai.com/cms/wp-content/uploads/2018/12/181225_chousa3174.pdf,2019/01/15,2019/01/15,http://www.daisanshaiinkai.com/cms/wp-content/uploads/2018/12/190115_chousa3174.pdf,＜社内調査委員会＞ 本件の事実の解明、原因究明、被害額の調査及び類似事案の有無、並びに決算への影響及び再発防止策等を確認するもの。,,,http://www.daisanshaiinkai.com/2018/
2018,3186,東証1、名証1,3186 東証1、名証1,株式会社ネクステージ,トーマツ,2018/12/21,2018/12/21,http://www.daisanshaiinkai.com/cms/wp-content/uploads/2018/12/181221_chousa3186-1.pdf,,,,＜社内調査委員会＞,,,http://www.daisanshaiinkai.com/2018/
2018,3445,東証1,3445 東証1,株式会社ＲＳ Ｔｅｃｈｎｏｌｏｇｉｅｓ,あずさ,2018/12/14,2018/12/14 2019/01/16,http://www.daisanshaiinkai.com/cms/wp-content/uploads/2018/12/181214_chousa3445.pdf http://www.daisanshaiinkai.com/cms/wp-content/uploads/2018/12/190116_chousa3445.pdf,2019/02/01,2019/02/01,http://www.daisanshaiinkai.com/cms/wp-content/uploads/2018/12/190201_chousa3445.pdf,＜特別調査委員会＞ ①本件取引の事実関係の解明 ②類似取引の有無の確認 ③本件取引の原因の究明 ④再発防止策の提言,委員長：（株式会社アカウンティング・アドバイザリー 公認会計士） 井上 寅喜 委員：（弁護士法人ほくと総合法律事務所 弁護士） 中原 健夫 委員：（弁護士法人ほくと総合法律事務所 弁護士） 岡本 大毅,弁護士法人ほくと総合法律事務所 弁護士 横瀬 大輝 又吉 重樹 株式会社アカウンティング・アドバイザリー 公認会計士 池内 宏幸 斎藤 哲 森元 義貴,http://www.daisanshaiinkai.com/2018/
2018,3803,JASDAQ,3803 JASDAQ,イメージ情報開発株式会社,アスカ,2018/12/14,2018/12/14 2019/02/07,http://www.daisanshaiinkai.com/cms/wp-content/uploads/2018/12/181214_daisansha3803.pdf http://www.daisanshaiinkai.com/cms/wp-content/uploads/2018/12/190207_daisansha3803.pdf,2019/02/12,2019/02/12,http://www.daisanshaiinkai.com/cms/wp-content/uploads/2018/12/190212_daisansha3803.pdf,① 当社が外部から指摘された不正会計の可能性にかかる問題点の調査を行い、事実関係を把握したうえで、当社が行った会計処理が適切であったかを判断する。 ② 上記①の判断を踏まえて、当社が行うべき適切な会計処理について検討を行う。 ③ 上記①及び②を踏まえ、再発防止策を提言する。,委員長：（弁護士法人浜田卓二郎事務所 弁護士） 浜田 卓二郎 委員：（大原法律事務所 弁護士） 田辺 一男 委員：（志目公認会計士・税理士・行政書士事務所 公認会計士） 志目 健二,公認会計士 成田 まどか,http://www.daisanshaiinkai.com/2018/
2018,6958,東証1,6958 東証1,日本シイエムケイ株式会社,新宿,2018/12/14,2018/12/14,http://www.daisanshaiinkai.com/cms/wp-content/uploads/2018/12/181214_chousa6958.pdf,2019/03/29,2019/03/29,http://www.daisanshaiinkai.com/cms/wp-content/uploads/2018/12/190329_chousa6958.pdf,＜外部調査委員会＞ 客観的かつ公平な調査、事実関係の解明、原因の分析及びこれらを踏まえた再発防止策の検討,,,http://www.daisanshaiinkai.com/2018/
2018,7997,東証2,7997 東証2,株式会社くろがね工作所,グラヴィタス,2018/12/07,2018/12/07 2018/12/14,http://www.daisanshaiinkai.com/cms/wp-content/uploads/2018/12/181207_daisansha7997.pdf http://www.daisanshaiinkai.com/cms/wp-content/uploads/2018/12/181214_daisansha7997.pdf,2019/03/04,2019/03/04,http://www.daisanshaiinkai.com/cms/wp-content/uploads/2018/12/190304_daisansha7997.pdf,・不適切な会計処理の有無及び事実関係の調査 ・不適切な会計処理が発生した根本原因の調査及び検討 ・現状の内部管理体制の問題点の調査及び検討 ・再発防止策の検討及び提言,委員長：（三木秀夫法律事務所 弁護士） 三木 秀夫 委員：（安原公認会計事務所 公認会計士） 安原 徹 委員：（森澤武雄法律事務所 弁護士） 森澤 武雄,三木秀夫法律事務所 弁護士 向井 謙二 辻 壮一郎 石原公認会計士事務所 公認会計士 石原 佳和 我那覇公認会計士事務所 公認会計士 我那覇 篤司 石原公認会計事務所 公認会計士 石原 美保 吉田公認会計士事務所 公認会計士 吉田 恭子,http://www.daisanshaiinkai.com/2018/
2018,4968,東証1,4968 東証1,荒川化学工業株式会社,新日本,,,,2018/11/20,2018/11/20,http://www.daisanshaiinkai.com/cms/wp-content/uploads/2018/11/181120_chousa4968.pdf,＜事故調査委員＞ 事故原因および再発防止対策について議論するもの,委員長：（岡山大学 名誉教授 大学院 自然科学研究科 特任教授） 鈴木 和彦 委員：（東京工業大学 環境・社会理工学院 イノベーション科学系・技術経営専門職学位課程 特任教授） 中村 昌允 委員：（東京大学 大学院 工学系研究科 教授） 土橋 律 委員：（公益社団法人 産業安全技術協会 常務理事） 山隈 瑞樹 委員：（荒川化学工業株式会社 専務取締役（代表取締役）） 眞鍋 好輝 委員：（荒川化学工業株式会社 取締役 生産本部長） 西川 学 委員：（荒川化学工業株式会社 執行役員 生産本部 副本部長） 橋本 大司 委員：（荒川化学工業株式会社 品質環境保安室 室付部長） 大島 弘一郎,,http://www.daisanshaiinkai.com/2018/
2018,3528,東証2,3528 東証2,株式会社プロスペクト,ハイビスカス,2018/11/20,2018/11/20 2018/11/28,http://www.daisanshaiinkai.com/cms/wp-content/uploads/2018/11/181120_chousa3528.pdf http://www.daisanshaiinkai.com/cms/wp-content/uploads/2018/11/181128_chousa3528.pdf,2018/12/13,2018/12/13,http://www.daisanshaiinkai.com/cms/wp-content/uploads/2018/11/181213_chousa3528.pdf,＜特別調査委員会＞ 1. 本案件に係る税金費用の再算定に関する検証 2. その他の海外案件の検証 3. 上記検証に伴い会計処理上の疑義が生じた場合の当該処理に関する検証 4. 原因分析及び再発防止策の提言 5. その他、当委員会が必要と認めた事項,委員長：（岩田合同法律事務所 弁護士） 本村 健 委員：（光和総合法律事務所 弁護士） 白井 真 委員：（河江健史会計事務所 公認会計士） 河江 健史 委員：（株式会社 Atlas Accounting 公認会計士） 吉田 浩平 委員：（岩田合同法律事務所 弁護士） 永口 学,光和総合法律事務所 弁護士 伊藤 信彦 野原 俊介 藤井 奏子 岩田合同法律事務所 弁護士・公認会計士 浜崎 祐紀 パラリーガル・通訳・翻訳・スタッフ等 6名 公認会計士 松成 文貴 加瀬 直樹 遠藤 正一 中野 陽介 梶田 雄之 佐藤 憲介 長谷川 雄史 吉田 圭太 島谷 秀一 髙嶋 悠也,http://www.daisanshaiinkai.com/2018/
2018,7211,東証1,7211 東証1,三菱自動車工業株式会社,EY新日本,2018/11/20,2018/11/20,http://www.daisanshaiinkai.com/cms/wp-content/uploads/2018/11/181120_chousa7211.pdf,2019/01/18,2019/01/18,http://www.daisanshaiinkai.com/cms/wp-content/uploads/2018/11/190118_chousa7211.pdf,＜内部調査＞ 当社取締役会長が逮捕されたことを受けて、ゴーン氏が日産自動車株式会社（“日産自動車”）において行ったのと同様の不正行為が行われていなかったかどうかについて調査するもの。,,,http://www.daisanshaiinkai.com/2018/
2018,7201,東証1,7201 東証1,日産自動車株式会社,新日本,2018/11/19,2018/11/19,http://www.daisanshaiinkai.com/cms/wp-content/uploads/2018/11/181119_fusei7201.pdf,2019/09/09,2019/09/09,http://www.daisanshaiinkai.com/cms/wp-content/uploads/2018/11/190909_chousa7201.pdf,【内部調査】 代表取締役会長及び代表取締役を巡る不正行為の調査,,,http://www.daisanshaiinkai.com/2018/
2018,3071,東証2,3071 東証2,株式会社ストリーム,KDA,2018/11/09,2018/11/09 2018/12/11,http://www.daisanshaiinkai.com/cms/wp-content/uploads/2018/11/181109_chousa3071-1.pdf http://www.daisanshaiinkai.com/cms/wp-content/uploads/2018/11/181211_chousa3071.pdf,2018/12/19,2018/12/19 2019/01/09,http://www.daisanshaiinkai.com/cms/wp-content/uploads/2018/11/181219_chousa3071.pdf http://www.daisanshaiinkai.com/cms/wp-content/uploads/2018/11/190109_chousa3071.pdf,＜社内調査委員会＞ ① 本件合意の存否及びその内容 ② 本件合意が有する法的効果並びに法令抵触の有無及びその内容 ③ 本件合意に関する甲の当時の取締役及び監査役並びに従業員（以下「役職員」という。）の認識の有無及び対応状況 ④ 本件新株予約権発行に関する劉氏、張氏その他の役職員の法的責任の有無及びその内容 ⑤ 本件新株予約権発行に係るストリーム社の内部統制の状況及びその問題点,委員長：（總山法律事務所 弁護士） 總山 哲 委員：（光和総合法律事務所 弁護士） 小林 正樹 委員：（御宿・長町法律事務所 弁護士） 朝妻 健,,http://www.daisanshaiinkai.com/2018/
2018,6973,東証1,6973 東証1,協栄産業株式会社,保森会計事務所,2018/11/02,2018/11/02,http://www.daisanshaiinkai.com/cms/wp-content/uploads/2018/12/181102_daisansha6973.pdf,2018/12/10,2018/12/10 2018/12/19,http://www.daisanshaiinkai.com/cms/wp-content/uploads/2018/11/181219_daisansha6973.pdf http://www.daisanshaiinkai.com/cms/wp-content/uploads/2018/12/181210_daisansha6973.pdf,事案の徹底調査と原因の究明,委員長：（弁護士） 大澤 孝征 委員：（弁護士） 池本 壽美子 委員：（弁護士） 岩田 修一,,http://www.daisanshaiinkai.com/2018/
2018,5408,東証1,5408 東証1,株式会社中山製鋼所,あずさ,2018/10/31,2018/10/31,http://www.daisanshaiinkai.com/cms/wp-content/uploads/2018/11/181031_chousa5408-1.pdf,2019/01/31,2019/01/31,http://www.daisanshaiinkai.com/cms/wp-content/uploads/2018/11/190131_chousa5408.pdf,,,,http://www.daisanshaiinkai.com/2018/
2018,2499,東証2,2499 東証2,日本和装ホールディングス株式会社,トーマツ,2018/10/31,2018/10/31,http://www.daisanshaiinkai.com/cms/wp-content/uploads/2018/11/181031_chousa2499.pdf,2018/10/31,2018/10/31,http://www.daisanshaiinkai.com/cms/wp-content/uploads/2018/11/181031_chousa2499-1.pdf,①今般発覚した関連当事者取引2についての経緯・内容・問題点 ②関連当事者取引についての当社の内部管理体制等 ③東京証券取引所市場第⼀部銘柄指定審査における当社の対応の経緯・問題点,委員長：（国広総合法律事務所 弁護⼠・公認不正検査⼠） 中村 克⼰ 委員：（社外取締役） ⼩濵 直⼈ 委員：（社外取締役 公認会計⼠） 安⽥ 憲⽣ 委員：（社外監査役 公認会計⼠） ⼆反⽥ 友次 委員：（社外監査役 弁護⼠） 三好 豊,国広総合法律事務所 弁護士 池⽥ 晃司,http://www.daisanshaiinkai.com/2018/
2018,3857,JASDAQ,3857 JASDAQ,株式会社ラック,アヴァンティア,2018/10/31,2018/10/31,http://www.daisanshaiinkai.com/cms/wp-content/uploads/2018/12/181031_chousa3857.pdf,2018/12/03,2018/12/03,http://www.daisanshaiinkai.com/cms/wp-content/uploads/2018/12/181203_chousa3857.pdf,事実関係の調査,,,http://www.daisanshaiinkai.com/2018/
2018,6465,東証1、名証1,6465 東証1、名証1,ホシザキ株式会社,トーマツ,2018/10/30,2018/10/30,http://www.daisanshaiinkai.com/cms/wp-content/uploads/2018/10/181030_chousa6465-1.pdf,2018/12/05,2018/12/05 2018/12/06 2018/12/27,http://www.daisanshaiinkai.com/cms/wp-content/uploads/2018/10/181205_chousa6465.pdf http://www.daisanshaiinkai.com/cms/wp-content/uploads/2018/10/181206_chousa6465.pdf http://www.daisanshaiinkai.com/cms/wp-content/uploads/2018/10/181227_chousa6465.pdf,＜社内調査委員会＞ （１）本件に関する事実関係（類似事象の存否を含む。）の調査 （２）本件による連結財務諸表への影響額の確定 （３）本件が生じた要因の究明と再発防止策の提言,委員長：（森・濱田松本法律事務所 弁護士） 藤津 康彦 委員：（招和法律事務所 弁護士・公認会計士） 岩田 知孝 委員：（当社社外取締役監査等委員 弁護士） 元松 茂 委員：（当社取締役 経理部、グループ管理部担当） 小倉 大造,森・濱田松本法律事務所 弁護士 園田 観希央 金丸 由美 北 和尚 村井 智顕 塚田 智宏 小中 諒 株式会社ＫＰＭＧ ＦＡＳ 公認会計士 見越 敬夫 簗瀬 誠一 山田 昂輝 吉岡 一真 他 7名,http://www.daisanshaiinkai.com/2018/
2018,1873,東証1,1873 東証1,株式会社日本ハウスホールディングス,優成,2018/10/26,2018/10/26 2018/11/05,http://www.daisanshaiinkai.com/cms/wp-content/uploads/2018/10/181026_chousa1873.pdf http://www.daisanshaiinkai.com/cms/wp-content/uploads/2018/10/181105_chousa1873.pdf,2018/12/17,2018/12/17,http://www.daisanshaiinkai.com/cms/wp-content/uploads/2018/10/181217_chousa1873.pdf,＜特別調査委員会＞ （1） 本件にかかる事実関係の調査 （2） 上記（1）で確認された事実関係に関する原因分析及び再発防止策の提言 （3） その他、当委員会が必要と認め、貴社と合意した事項,委員長：（平出・高橋法律事務所 弁護士） 平出 晋一 委員：（深山・小金丸法律会計事務所 弁護士） 深山 雅也 委員：（PwC ビジネスアシュアランス合同会社 公認会計士） 那須 美帆子 委員：（かわぐち総合会計事務所 公認会計士） 川口 友久,平出・髙橋法律事務所 弁護士 志村 聡 中澤法律事務所 弁護士 中澤 歩 PwC ビジネスアシュアランス合同会社 公認会計士 丸山 琢永 他 13 名,http://www.daisanshaiinkai.com/2018/
2018,7597,JASDAQ,7597 JASDAQ,東京貴宝株式会社,優成,2018/10/26,2018/10/26 2018/11/01 2018/12/07,http://www.daisanshaiinkai.com/cms/wp-content/uploads/2018/10/181026_chousa7597.pdf http://www.daisanshaiinkai.com/cms/wp-content/uploads/2018/10/181101_daisansha7597.pdf http://www.daisanshaiinkai.com/cms/wp-content/uploads/2018/10/181207_daisansha7597.pdf,2018/12/14,2018/12/14 2018/12/14 2018/12/14 2018/12/14 2018/12/14,http://www.daisanshaiinkai.com/cms/wp-content/uploads/2018/10/181214_daisansha7597-1.pdf http://www.daisanshaiinkai.com/cms/wp-content/uploads/2018/10/181214_daisansha7597-2.pdf http://www.daisanshaiinkai.com/cms/wp-content/uploads/2018/10/181214_daisansha7597-3.pdf http://www.daisanshaiinkai.com/cms/wp-content/uploads/2018/10/181214_daisansha7597-4.pdf http://www.daisanshaiinkai.com/cms/wp-content/uploads/2018/10/181214_daisansha7597-5.pdf,当社から独立し、かつ客観的にその取引の詳細を明かにするほか、原因究明、再発防止策の提言、類似事象の有無などについて調査するもの。,委員長：（弁護士） 飯塚 孝徳 委員：（弁護士） 森 直樹 委員：（公認会計士） 村井 直志,LM法律事務所 弁護士 上野 尚文 小川 貴大 清水 祐大 弁護士法人 ほくと総合法律事務所 弁護士 倉橋 博文 横瀬 大輝 又吉 重樹 鈴木 裕也 中里会計事務所 公認会計士 中里 拓哉 公認会計士・税理士・社会保険労務士 中雅俊事務所 公認会計士 中 俊也,http://www.daisanshaiinkai.com/2018/
2018,4333,東証1,4333 東証1,株式会社東邦システムサイエンス,新日本,2018/10/26,2018/10/26,http://www.daisanshaiinkai.com/cms/wp-content/uploads/2018/10/181026_chousa4333.pdf,2018/11/14,2018/11/14,http://www.daisanshaiinkai.com/cms/wp-content/uploads/2018/10/181114_chousa4333.pdf,＜社内調査委員会＞ ① 本件不正行為に関する事実関係の調査 ② 本件不正行為と同種の不正行為の有無の調査 ③ 上記①及び②の結果発見された不正行為の発生原因の分析及び再発防止策の提言,委員長：（常勤監査役） 鈴木 光一 委員：（監査役） 武間 久男 委員：（執行役員 経理部長） 吉田 博英 委員：（中村・角田・松本法律事務所 弁護士） 中村 直人 委員：（中村・角田・松本法律事務所 弁護士） 中島 正裕 委員：（中村・角田・松本法律事務所 弁護士） 後藤 晃輔,株式会社 KPMG FAS パートナー 公認会計士 髙岡 俊文 シニアマネージャー 情報処理安全確保支援士 遠藤 正樹 その他10名,http://www.daisanshaiinkai.com/2018/
2017,4620,東証1,4620 東証1,藤倉化成株式会社,新日本,2017/08/09,2017/08/09,http://www.daisanshaiinkai.com/cms/wp-content/uploads/2017/11/170809_chousa4620.pdf,2017/11/10,2017/11/10,http://www.daisanshaiinkai.com/cms/wp-content/uploads/2017/11/171110_chousa4620.pdf,＜特別調査委員会＞ 事実関係の把握、損害の有無の確認、原因の究明、対策の立案,委員長：（当社常務取締役） 下田 善三 委員：（当社総務部長） 山本 達也 委員：（当社監査室長） 柴野 卓 委員：（当社経理部経理課長） 津村 裕治 委員：（当社社外取締役 弁護士） 田中 治,,http://www.daisanshaiinkai.com/2017/page/2/
2017,8098,東証1,8098 東証1,稲畑産業株式会社,あずさ,2017/08/08,2017/08/08,http://www.daisanshaiinkai.com/cms/wp-content/uploads/2017/08/170808_chousa8098.pdf,2017/09/11,2017/09/11 2017/09/13,http://www.daisanshaiinkai.com/cms/wp-content/uploads/2017/08/170913_chousa8098.pdf http://www.daisanshaiinkai.com/cms/wp-content/uploads/2017/09/170911_chousa8098.pdf,＜社内調査委員会＞ ① IKEG の役職員による共謀・協力・黙認等の意図的な関与の有無を含む本件疑義の事実関係の確認 ② （上記①で IKEG の役職員による共謀・協力・黙認等の意図的な関与が明らかとなった場合）類似する事象の有無の調査 ③ 本件在庫差異の発生及び上記各事実関係に係る原因分析 ④ 再発防止策の提言,委員長：（代表取締役社長執行役員） 稲畑 勝太郎 委員：（代表取締役専務執行役員） 横田 健一 委員：（執行役員リスク管理室長） 幡本 裕之 委員：（執行役員財務経営管理室長） 久保井 伸和 委員：（内部監査室長） 栗本 茂 委員：（リスク管理室法務部長） 坂 隆 委員：（リスク管理室法務部国内法務課長） 濱川 雄 委員：（財務経営管理室海外管理部長） 秋永 靖史 委員：（財務経営管理室 IR 企画部長） 福山 幸伸 委員：（アンダーソン・毛利・友常法律事務所 弁護士） 三宅 英貴 委員：（デロイト トーマツ ファイナンシャルアドバイザリー合同会社 公認会計士） 築島 繁,デロイト トーマツ ファイナンシャルアドバイザリー合同会社 当社及び IKEG の役職員,http://www.daisanshaiinkai.com/2017/page/2/
2017,6420,東証1,6420 東証1,福島工業株式会社,トーマツ,2017/08/07,2017/08/07,http://www.daisanshaiinkai.com/cms/wp-content/uploads/2017/08/170807_chousa6420.pdf,2017/08/14,2017/08/14,http://www.daisanshaiinkai.com/cms/wp-content/uploads/2017/08/170814_chousa6420.pdf,＜社内調査委員会＞ 本件の詳細な内容及び影響金額を含め、迅速かつ適切な事実関係の解明のため,,,http://www.daisanshaiinkai.com/2017/page/2/
2017,6397,東証2,6397 東証2,株式会社郷鉄工所,アリア,2017/07/31,2017/07/31 2017/08/04,http://www.daisanshaiinkai.com/cms/wp-content/uploads/2017/08/170731_daisansha6397.pdf http://www.daisanshaiinkai.com/cms/wp-content/uploads/2017/08/170804_daisansha6397.pdf,2017/08/08,2017/08/08 2017/08/25,http://www.daisanshaiinkai.com/cms/wp-content/uploads/2017/08/170808_daisansha6397.pdf http://www.daisanshaiinkai.com/cms/wp-content/uploads/2017/08/170825_daisansha6397.pdf,平成 29 年 5 月 2 日付設置の第三者委員会における調査対象案件以外の社内調査対象 13 案件での滞留債権の発生に至った経緯及び事実関係について調査分析を行うとともに、その原因を究明し、再発防止策の検討・提言を行うこと。,委員長 ：（大知法律事務所 パートナー 弁護士） 高野 哲也 委員：（弁護士法人ほくと総合法律事務所 パートナー 弁護士） 倉橋 博文 委員：（ＬＲ会計 代表 公認会計士） 山田 幸平,大知法律事務所アソシエイト 弁護士 岸本 悠,http://www.daisanshaiinkai.com/2017/page/2/
2017,3004,東証1,3004 東証1,神栄株式会社,あずさ,2017/07/20,2017/07/20,http://www.daisanshaiinkai.com/cms/wp-content/uploads/2017/07/170720_chousa3004.pdf,2017/08/14,2017/08/14,http://www.daisanshaiinkai.com/cms/wp-content/uploads/2017/07/170814_chousa3004.pdf,＜社内調査委員会＞ ①本件不正取引の実態解明 ②本件不正取引の原因・動機の究明 ③本件不正取引以外に類似の事象がないことの確認 ④過年度決算に与える影響の確定 ⑤本件不正取引を防止しえなかった理由等を踏まえた再発防止策策定の検討,,,http://www.daisanshaiinkai.com/2017/page/2/
2017,5310,東証1,5310 東証1,東洋炭素株式会社,トーマツ,2017/07/13,2017/07/13,http://www.daisanshaiinkai.com/cms/wp-content/uploads/2017/07/170713_chousa5310.pdf,2017/10/30,2017/10/30,http://www.daisanshaiinkai.com/cms/wp-content/uploads/2017/07/171030_chousa5310.pdf,＜社内調査委員会＞ 事態の全容解明および再発防止策の策定,社外取締役 山形 康郎 岩本 宗 社外監査役 田中 耕一郎,顧問弁護士 現地弁護士 外部専門機関 PwCフランス,http://www.daisanshaiinkai.com/2017/page/2/
2017,7719,東証2,7719 東証2,株式会社東京衡機,清和,2017/07/06,2017/07/06 2017/07/14 2017/10/23 2017/11/27,http://www.daisanshaiinkai.com/cms/wp-content/uploads/2017/07/170706_chousa7719.pdf http://www.daisanshaiinkai.com/cms/wp-content/uploads/2017/07/170714_chousa7719.pdf http://www.daisanshaiinkai.com/cms/wp-content/uploads/2017/07/171023_chousa7719.pdf http://www.daisanshaiinkai.com/cms/wp-content/uploads/2017/07/171127_chousa7719.pdf,2017/08/14,2017/08/14 2017/12/26,http://www.daisanshaiinkai.com/cms/wp-content/uploads/2017/07/170814_chousa7719.pdf http://www.daisanshaiinkai.com/cms/wp-content/uploads/2017/07/171226_chousa7719.pdf,①本件疑義の事実関係の確認（不正行為の起きた時期・関与者の特定、会計処理に関する不正の有無、不正の態様・範囲・金額および不正行為の当社の決算への影響額の確定を含む。） ② 原因分析（会計的な側面だけでなく、不正行為が発生した背景・経緯、不正行為を未然に防止することができなかった内部統制上の問題点などの分析） ③ 再発を防止するために実施すべき方策等の提言,委員長：（当社代表取締役会長兼社長、無錫三和塑料製品有限公司 董事長） 石川 隆一 委員：（当社取締役常務執行役員グループマネジメント担当兼海外事業担当、 無錫三和塑料製品有限公司 董事・総経理） 神崎 吉平 委員：（㈱東京衡機試験機 取締役会長） 服部 毅 委員：（アンダーソン・毛利・友常法律事務所スペシャル・カウンセル 弁護士） 三宅 英貴 委員：（キャストグループパートナー 公認会計士） 川手 典子 委員：（祝田法律事務所パートナー 弁護士） 水川 聡,キャストグループ 公認会計士 馬場 久佳 他 税理士1名、中国会計士4名 錦天城律師事務所 中国弁護士 高 革慧 他4名 江蘇漫修律師事務所 中国弁護士 王 勇 他1名 江蘇端菜律師事務所 中国弁護士 吴 怡辰 他1名,http://www.daisanshaiinkai.com/2017/page/2/
2017,6425,JASDAQ,6425 JASDAQ,株式会社ユニバーサルエンターテインメント,ＵＨＹ東京,2017/06/08,2017/06/08 2017/06/19 2017/06/27,http://www.daisanshaiinkai.com/cms/wp-content/uploads/2017/06/170608_chousa6425.pdf http://www.daisanshaiinkai.com/cms/wp-content/uploads/2017/06/170619_chousa6425.pdf http://www.daisanshaiinkai.com/cms/wp-content/uploads/2017/06/1706279_chousa6425.pdf,2017/08/29,2017/08/29 2017/08/30,http://www.daisanshaiinkai.com/cms/wp-content/uploads/2017/06/170829_chousa6425.pdf http://www.daisanshaiinkai.com/cms/wp-content/uploads/2017/06/170830_chousa6425.pdf,＜特別調査委員会＞ ① TRA が平成 27 年 3 月 3 日に B 社（以下「B 社」という。）に対して行った 1億 3500 万香港ドル（約 20 億円）の貸付け（以下「本件貸付け」という。）の調査 ② その他不正事案の有無・内容の調査 ③ 不正が行われた原因の解明及び再発防止策の提言,委員長：（シティユーワ法律事務所 弁護士） 政木 道夫 委員：（シティユーワ法律事務所 弁護士） 松尾 宗太郎 委員：（シティユーワ法律事務所 弁護士） 深山 美弥,弁護士 １名,http://www.daisanshaiinkai.com/2017/page/2/
2017,3156,東証1,3156 東証1,株式会社ＵＫＣホールディングス,あずさ,2017/05/30,2017/05/30,http://www.daisanshaiinkai.com/cms/wp-content/uploads/2017/05/170530_daisansha3156-1.pdf,2017/07/19,2017/07/19 2017/07/25 2017/07/25,http://www.daisanshaiinkai.com/cms/wp-content/uploads/2017/05/170719_daisansha3156.pdf http://www.daisanshaiinkai.com/cms/wp-content/uploads/2017/05/170725_daisansha3156-2.pdf http://www.daisanshaiinkai.com/cms/wp-content/uploads/2017/05/170725_daisansha3156.pdf,① 本件疑義に関連する事実関係の調査 ② 本件疑義と類似する事象の有無の調査 ③ 本件疑義及び上記各事実関係に係る原因分析 ④ 再発防止策の提言,委員長：（須藤綜合法律事務所 弁護士） 須藤 修 委員：（アンダーソン・毛利・友常 法律事務所 弁護士） 甲斐 淑浩 委員：（千葉公認会計士事務所 公認会計士） 千葉 通子,アンダーソン・毛利・友常 法律事務所 弁護士 三宅 英貴 川上 高央 新日本有限責任監査法人 FIDS（不正対策・係争サポート） 公認会計士 田谷 直樹 萬 仁志 田中 泰生 ステイシー・ワン 布施 和弘 他29名,http://www.daisanshaiinkai.com/2017/page/2/
2017,6840,JASDAQ,6840 JASDAQ,株式会社 AKIBA ホールディングス,優成,2017/05/11,2017/05/11 2017/05/26,http://www.daisanshaiinkai.com/cms/wp-content/uploads/2017/05/170511_chousa6840.pdf http://www.daisanshaiinkai.com/cms/wp-content/uploads/2017/05/170526_daisansha6840.pdf,2017/07/28,2017/07/28 2017/07/31,http://www.daisanshaiinkai.com/cms/wp-content/uploads/2017/05/170728_daisansha6840.pdf http://www.daisanshaiinkai.com/cms/wp-content/uploads/2017/05/170731_daisansha6840.pdf,① 本件に起因する会計に与える影響及び金額の見積もりに必要な調査を行う。 ② 事実関係の調査、発生原因及び問題点の調査分析を行う。 ③ 本件発生に関する内部統制、コンプライアンス、ガバナンス上の問題点の有無の調査分析を行う。 ④ 上記を踏まえて当社が行うべき再発防止策の検討を行う。,委員長：（ACE コンサルティング㈱ 公認会計士） 小川 真人 委員：（シティユーワ法律事務所 弁護士） 政木 道夫 委員：（坂朋法律事務所 弁護士・公認会計士） 坂本 朋博,弁護士 １名 公認会計士 ２名,http://www.daisanshaiinkai.com/2017/page/2/
2017,6775,東証2,6775 東証2,株式会社TBグループ,まほろば,2017/05/23,2017/05/23,http://www.daisanshaiinkai.com/cms/wp-content/uploads/2017/05/170523_chousa6775.pdf,2017/12/05,2017/12/05,http://www.daisanshaiinkai.com/cms/wp-content/uploads/2017/05/171205_chousa6775.pdf,(1) 取引の経緯，売掛債権の管理及び回収の経緯についての事実関係 (2) 与信審査を含む社内稟議体制の内容及び運用状況 (3) 売掛債権の回収が困難となった原因の分析及び検証 (4) 再発防止策の検討,弁護士 武智 克典 公認会計士 甲田 拓也 弁護士 清水 将博,,http://www.daisanshaiinkai.com/2017/page/2/
2017,9829,JASDAQ,9829 JASDAQ,株式会社ながの東急百貨店,きさらぎ,2017/05/22,2017/05/22,http://www.daisanshaiinkai.com/cms/wp-content/uploads/2017/06/170522_daisansha9829.pdf,2017/06/13,2017/06/13,http://www.daisanshaiinkai.com/cms/wp-content/uploads/2017/06/170613_daisansha9829.pdf,（１）本件に起因する会計に与える影響の有無及び金額の見積もりに必要な調査を行う。 （２）本件に関する事実の認定、発生原因及び問題点の調査分析を行う。 （３）本件発生に関する内部統制、コンプライアンス、ガバナンス上の問題点の有無の調査分析を行う。 （４）上記（２）（３）を踏まえ、再発防止策の提言を行う。,委員長：（銀座楡の木法律事務 所 弁護士） 上田 栄治 委員：（石井誠一郎法律事務 所 弁護士） 石井 誠一郎 委員：（ＡＣＥコンサルティング代表 公認会計士） 小川 真人,,http://www.daisanshaiinkai.com/2017/page/2/
2017,6300,東証2,6300 東証2,アピックヤマダ株式会社,トーマツ,2017/05/07,2017/05/07,http://www.daisanshaiinkai.com/cms/wp-content/uploads/2017/05/170507_daisansha6300.pdf,2017/06/30,2017/06/30 2017/07/03 2017/07/04,http://www.daisanshaiinkai.com/cms/wp-content/uploads/2017/05/170630_daisansha6300.pdf http://www.daisanshaiinkai.com/cms/wp-content/uploads/2017/05/170703_daisansha6300.pdf http://www.daisanshaiinkai.com/cms/wp-content/uploads/2017/05/170704_daisansha6300.pdf,① 本件内部告発文書に記載された事実関係の調査 ② 同種事例の有無の調査 ③ 売上取引について AYC が取るべき会計処理の検討 ④ 再発防止策の検討・提言 ⑤ その他，当委員会が必要と認めた事項,委員長：（公認会計士宇澤事務所 公認会計士・公認不正検査士） 宇澤 亜弓 委員：（祝田法律事務所 弁護士） 熊谷 真喜 委員：（森・濱田松本法律事務所 弁護士） 森田 恒平,株式会社 KPMG FAS 公認会計士 高岡 俊文 須賀 永治 他 12 名 祝田法律事務所 弁護士 村松 頼信 森・濱田松本法律事務所 弁護士 金村 公樹 村田 昇洋,http://www.daisanshaiinkai.com/2017/page/2/
2017,6397,東証2,6397 東証2,株式会社郷鉄工所,アリア,2017/04/21,2017/04/21 2017/04/22 2017/05/02 2017/05/31 2017/06/01,http://www.daisanshaiinkai.com/cms/wp-content/uploads/2017/04/170421_daisansha6397.pdf http://www.daisanshaiinkai.com/cms/wp-content/uploads/2017/04/170422_daisansha6397.pdf http://www.daisanshaiinkai.com/cms/wp-content/uploads/2017/04/170502_daisansha6397.pdf http://www.daisanshaiinkai.com/cms/wp-content/uploads/2017/04/170531_daisansha6397.pdf http://www.daisanshaiinkai.com/cms/wp-content/uploads/2017/04/170601_daisansha6397.pdf,2017/06/23,2017/06/23 2017/06/28 2017/07/14,http://www.daisanshaiinkai.com/cms/wp-content/uploads/2017/04/170623_daisansha6397.pdf http://www.daisanshaiinkai.com/cms/wp-content/uploads/2017/04/170628_daisansha6397.pdf http://www.daisanshaiinkai.com/cms/wp-content/uploads/2017/04/170714_chousa6397.pdf,⑴ Ｘ社案件及びＹ社案件に関する事実関係を調査し、会計処理の適正性及び妥当性について検討する。 ⑵ 上記⑴をふまえ、Ｘ社案件及びＹ社案件における会計処理の適正性及び妥当性を欠くと判断した場合には、その原因を究明する。 ⑶ 上記⑴及び⑵をふまえ、再発防止策の提言を行う。 ⑷ その他当委員会が必要と認めた調査対象事項の調査を行う。 ⑸ なお、当委員会による調査は、Ｘ社案件及びＹ社案件に関する事実関係と原因を明らかにして再発防止につなげることに主眼を置いており、犯罪構成要件事実の認定を行って関係者の刑事責任を追及することを目的とするものではない。,委員長：（村瀬・矢崎綜合法律事務所 所長 弁護士） 矢崎 信也 委員：（弁護士法人東海総合 所長 弁護士） 久野 実 委員：（あゆの風法律事務所 パートナー 弁護士） 野村 朋加 委員：（平井綜合法律事務所 所長 弁護士） 平井 朝 委員：（荒川紳士公認会計士事務所 所長 公認会計士） 荒川 紳示,オリンピア法律事務所 弁護士 和田 圭介 愛知つむぎ法律事務所 弁護士 浅井 貞晴 村瀬・矢崎綜合法律事務所 弁護士 貝沼 宏徳 荒川紳示公認会計士事務所 公認会計士 瀬古 直央,http://www.daisanshaiinkai.com/2017/page/2/
2017,4901,東証1,4901 東証1,富士フイルムホールディングス株式会社,あずさ,2017/04/20,2017/04/20 2017/06/09,http://www.daisanshaiinkai.com/cms/wp-content/uploads/2017/04/170420_daisansha4901.pdf http://www.daisanshaiinkai.com/cms/wp-content/uploads/2017/04/170609_daisansha4901.pdf,2017/06/12,2017/06/12 2017/06/12,http://www.daisanshaiinkai.com/cms/wp-content/uploads/2017/04/170612_daisansha4901.pdf http://www.daisanshaiinkai.com/cms/wp-content/uploads/2017/04/170612_futekisetsu4901.pdf,（１）本件問題の事実関係の調査 （２）本件問題に類似する問題の存否及び事実関係の調査 （３）本件問題に関する原因分析及び再発防止策の提言 （４）その他、第三者委員会が必要と認めた事項,委員長：（公認会計士伊藤事務所 公認会計士） 伊藤 大義 委員：（シティユーワ法律事務所 弁護士） 佐藤 恭一 委員：（弁護士法人松尾綜合法律事務所 弁護士） 西村 光治,デロイトトーマツファイナンシャルアドバイザリー合同会社 公認会計士 築島 繁 計224名 シティユーワ法律事務所 弁護士 寺田 昌弘 渋谷 治香 坂井 均 堀本 博靖 前田 葉子 計15名 弁護士法人松尾綜合法律事務所 弁護士 岩佐 和雄 高橋 慶彦 田中 健夫 花見 佳澄 富永 伸太郎 計8名,http://www.daisanshaiinkai.com/2017/page/2/
2017,2468,東証1,2468 東証1,株式会社フュートレック,トーマツ,2017/03/31,2017/03/31,http://www.daisanshaiinkai.com/cms/wp-content/uploads/2017/04/170331_chousa2468.pdf,2017/04/04,2017/04/04,http://www.daisanshaiinkai.com/cms/wp-content/uploads/2017/04/170404_chousa2468.pdf,＜ 特別調査委員会＞ 本事件に関する事実調査とその原因分析、及び必要な再発防止策の策定を提言すること,委員長：（当社独立社外監査役 公認会計士） 伊藤 弥生 委員：（北浜法律事務所・外国法共同事業 弁護士） 森本 宏 委員：（北浜法律事務所・外国法共同事業 弁護士） 大石 武宏,,http://www.daisanshaiinkai.com/2017/page/2/
2017,6678,東証1,6678 東証1,株式会社テクノメディカ,シドー,2017/03/30,2017/03/30,http://www.daisanshaiinkai.com/cms/wp-content/uploads/2017/03/170330_chousa6678.pdf,2017/05/15,2017/05/15,http://www.daisanshaiinkai.com/cms/wp-content/uploads/2017/03/170515_chousa6678.pdf,当該不正行為に関し、中立公正かつ迅速に調査を行うもの。,,,http://www.daisanshaiinkai.com/2017/page/2/
2017,3769,東証1,3769 東証1,GMO ペイメントゲートウェイ,トーマツ,2017/03/14,2017/03/14,http://www.daisanshaiinkai.com/cms/wp-content/uploads/2017/05/170314_chousa3769-1.pdf,2017/05/01,2017/05/01,http://www.daisanshaiinkai.com/cms/wp-content/uploads/2017/05/170501_chousa3769-1.pdf,（１）本件事故の事実関係の調査 （２）本件事故の原因調査 （３）再発防止策の提言,委員長：（代表取締役社長） 相浦 一成 委員：（取締役副社長） 村松 竜 委員：（取締役副社長） 礒崎 覚 委員：（専務取締役） 久田 雄一 委員：（取締役） 木村 泰彦 委員：（取締役） 杉山 真一 委員：（取締役） 吉岡 優 委員：（中村好伸法律事務所 弁護士） 中村 好伸 専門家アドバイザー ：（TMI 総合法律事務所 弁護士） 大井 哲也 専門家アドバイザー ：（社会情報大学院大学 広報・情報研究科 教授） 白井 邦芳 専門家アドバイザー ：（PCF 社 フォレンジック・シニアコンサルタント） 大河内 貴之,,http://www.daisanshaiinkai.com/2017/page/2/
2017,6397,東証2,6397 東証2,株式会社郷鉄工所,アリア,2017/03/13,2017/03/13,http://www.daisanshaiinkai.com/cms/wp-content/uploads/2017/03/170313_daisansha6397.pdf,,未公表,,当社が抱えた多額の滞留債権及び資金調達時の不適切な業務処理などについて、個別取引の問題点と発生原因を究明したうえで、直接的な原因のみならず、企業風土、コンプライアンスおよび組織運営体制の課題といった、滞留債権発生の背景となる要因について、企業風土、コンプライアンスおよび組織運営体制の確立といった、当社の検討すべき課題を併せて検討いただき、実効性の高い再発防止策の提言をお願いするもの。,,,http://www.daisanshaiinkai.com/2017/page/2/
2017,8090,東証1,8090 東証1,昭光通商株式会社,あずさ,2017/03/01,2017/03/01,http://www.daisanshaiinkai.com/cms/wp-content/uploads/2017/04/170301_chousa8090.pdf,2017/04/17,2017/04/17,http://www.daisanshaiinkai.com/cms/wp-content/uploads/2017/04/170417_chousa8090.pdf,① 当社連結子会社の特定の顧客との取引に関する事実関係および類似事象の有無の調査 ② 判明した事項が当社の過年度の会計処理に及ぼす影響の調査 ③ 発生原因の分析および再発防止策の提言,委員長：（西村あさひ法律事務所 弁護士） 山本 憲光 委員：（ﾃﾞﾛｲﾄﾄｰﾏﾂﾌｧｲﾅﾝｼｬﾙｱﾄﾞﾊﾞｲｻﾞﾘｰ合同会社 公認会計士） 築島 繁 委員：（当社常勤監査役（社外）） 酒井 仁和,西村あさひ法律事務所 弁護士 ﾃﾞﾛｲﾄﾄｰﾏﾂﾌｧｲﾅﾝｼｬﾙｱﾄﾞﾊﾞｲｻﾞﾘｰ合同会社 公認会計士,http://www.daisanshaiinkai.com/2017/page/2/
2017,4784,JASDAQ,4784 JASDAQ,GMO アドパートナーズ株式会社,トーマツ,2017/02/27,2017/02/27,http://www.daisanshaiinkai.com/cms/wp-content/uploads/2017/02/170227_daisansha4784.pdf,2017/04/14,2017/04/14 2017/04/20,http://www.daisanshaiinkai.com/cms/wp-content/uploads/2017/02/170414_daisansha4784.pdf http://www.daisanshaiinkai.com/cms/wp-content/uploads/2017/02/170420_daisansha4784.pdf,① 疑義が生じた計上根拠について事実の調査を実施し、問題が存する場合にはその発生原因を解明し、責任の所在を明確にするとともに、再発防止策の提言を行う。 ② 上記①を踏まえて当社が行うべき適切な会計処理の検討を行う。,委員長：（平河町法律事務所 弁護士） 安田 博延 委員：（番町スクエア法律事務所 弁護士） 福崎 真也 委員：（和田会計事務所 公認会計士） 和田 芳幸,,http://www.daisanshaiinkai.com/2017/page/3/
2017,3653,マザーズ,3653 マザーズ,株式会社モルフォ,トーマツ,2017/02/24,2017/02/24,http://www.daisanshaiinkai.com/cms/wp-content/uploads/2017/03/170224_chousa3653.pdf,2017/03/17,2017/03/17,http://www.daisanshaiinkai.com/cms/wp-content/uploads/2017/03/170317_chousa3653.pdf,＜特別調査委員会＞ ①当社の本件重要事実の管理につき、不適切な点があったか否かを検証するとともに、 ②仮に不適切な点が認められた場合には、その原因を分析するとともに問題改善のための提言を行うこと,委員長：（伊藤見富法律事務所 弁護士） 吉村 龍吾 委員：（当社監査役） 能勢 征児 委員：（弁護士、公認不正検査士） 丹羽 大輔,,http://www.daisanshaiinkai.com/2017/page/3/
2017,9747,東証1,9747 東証1,株式会社アサツー ディ・ケイ,新日本,2017/02/20,2017/02/20,http://www.daisanshaiinkai.com/cms/wp-content/uploads/2017/02/170220_chousa9747-1.pdf,2017/02/20,2017/02/20,http://www.daisanshaiinkai.com/cms/wp-content/uploads/2017/02/170220_chousa9747.pdf,＜社内調査委員会＞ ① 調査報告書において事実関係が特定されている取引についての事実確認 ② 調査報告書において事実関係が特定されておらず、不適切な会計処理の可能性があると指摘されている取引ついての事実関係の解明ならびに会計処理の妥当性の検証および訂正額の集計 ③ 調査報告書指摘事項以外の不適切な会計処理の有無についての確認 ④ 関係者の処分、再発防止策の検討を目的とした本件疑義等の発生原因の究明,,有限責任あずさ監査法人 内山 貴史 （パートナー・公認会計士） 他 12 名 株式会社 KPMG FAS 高岡 俊文（パートナー・公認会計士） 他６名 森・濱田松本法律事務所 三浦 亮太（パートナー・弁護士） 他３名,http://www.daisanshaiinkai.com/2017/page/3/
2017,9792,東証1,9792 東証1,株式会社ニチイ学館,京都,2017/12/14,2017/12/14,http://www.daisanshaiinkai.com/cms/wp-content/uploads/2017/12/171214_daisansha9792.pdf,2018/02/28,2018/02/28,http://www.daisanshaiinkai.com/cms/wp-content/uploads/2017/12/180228_daisansha9792.pdf,当該事件の発生原因の徹底究明し、再発防止策を講じるため。,委員長：（延命法律事務所 弁護士） 延命 政之 委員：（大森法律事務所 弁護士） 大森 一志 委員：（社会福祉法人 桜井の里福祉会 専務理事・総合施設長） 佐々木 勝則,,http://www.daisanshaiinkai.com/2017/
2017,1822,東証1,1822 東証1,大豊建設株式会社,あずさ,2017/12/08,2017/12/08 2017/12/19,http://www.daisanshaiinkai.com/cms/wp-content/uploads/2017/12/171208_chousa1822.pdf http://www.daisanshaiinkai.com/cms/wp-content/uploads/2017/12/171219_daisansha1822.pdf,2018/02/02,2018/02/02,http://www.daisanshaiinkai.com/cms/wp-content/uploads/2017/12/180202_chousa1822.pdf,① 会社調査の妥当性についての検証 ② 他の類似事例の有無の調査,委員長：（弁護士法人北浜法律事務所 弁護士） 坂井 一郎 委員：（弁護士法人イノベンティア 弁護士） 町野 静 委員：（河江健史会計事務所 公認会計士） 河江 健史,弁護士 松下 外 東海 秀樹 税理士 樋渡 信也,http://www.daisanshaiinkai.com/2017/
2017,2121,マザーズ,2121 マザーズ,株式会社ミクシィ,トーマツ,2017/12/07,2017/12/07 2017/12/12,http://www.daisanshaiinkai.com/cms/wp-content/uploads/2017/12/171207_chousa2121.pdf http://www.daisanshaiinkai.com/cms/wp-content/uploads/2017/12/171212_chousa2121.pdf,2017/12/27,2017/12/27,http://www.daisanshaiinkai.com/cms/wp-content/uploads/2017/12/171227_chousa2121.pdf,＜社内調査委員会＞ ① 商標法違反及び不正競争防止法違反の容疑に関する事実（以下、「本件事実」という。）及び経緯の確認 ② 本件事実の原因の究明 ③ 昨今の情勢を踏まえたチケットの二次流通仲介事業のプラットフォームに内在するリスク・問題点の検討,委員長：（森・濱田松本法律事務所 弁護士） 上村 哲史 委員：（当社社外監査役 弁護士） 佐藤 孝幸 委員：（当社社外監査役 公認会計士） 若松 弘之,,http://www.daisanshaiinkai.com/2017/
2017,6942,JASDAQ,6942 JASDAQ,株式会社ソフィアホールディングス,明治アーク,2017/12/01,2017/12/01,http://www.daisanshaiinkai.com/cms/wp-content/uploads/2017/12/171201_chousa6942.pdf,2017/12/22,2017/12/22,http://www.daisanshaiinkai.com/cms/wp-content/uploads/2017/12/171222_chousa6942.pdf,＜内部調査委員会＞ （1）2014 年（平成 26 年）3 月期にソフィアデジタルが株式会社Ａ（以下「Ａ社」という。）に対して販売し、売上計上した 250 台の ARecX6 について架空売上が存在するか（その全部若しくは一部について売上計上すべきでなかったものがあるか否か）、その結果、2014 年（平成 26 年）3 月 31 日時点でソフィアデジタルが保有していたARecX6 の在庫の帳簿価額について、棚卸資産評価損を計上すべきであったかどうか （2）2014 年（平成 26 年）3 月期と 2015 年（平成 27 年）3 月期のソフィアグループの内部統制は機能していたかどうか,委員長：（社外取締役 弁護士 公認会計士） 鈴木 規央 委員：（社外監査役 弁護士） 伊藤 雅浩 委員：（社外監査役 公認会計士 税理士） 川島 渉,シティユーワ法律事務所 弁護士 長木 裕史,http://www.daisanshaiinkai.com/2017/
2017,5711,東証1,5711 東証1,三菱マテリアル株式会社,あずさ,2017/12/01,2017/12/01,http://www.daisanshaiinkai.com/cms/wp-content/uploads/2017/12/171201_chousa5711.pdf,2017/12/28,2017/12/28 2018/02/20 2018/03/28,http://www.daisanshaiinkai.com/cms/wp-content/uploads/2017/12/171228_chousa5711.pdf http://www.daisanshaiinkai.com/cms/wp-content/uploads/2017/12/180220_chousa5711.pdf http://www.daisanshaiinkai.com/cms/wp-content/uploads/2017/12/180328_chousa5711.pdf,＜特別調査委員会＞ 本件時間に関する以下の調査を行い、本件事案の事実関係、原因、影響を適切に把握するとともに、本件事案に対するMMCグループ全体の対策（再発防止策を含む）案の策定を行うこと等を目的とする。 ① MSCの本件事案 ② MCIの本件事案 ③ MMCグループの品質管理に係るグループ・ガバナンスシステム等 ④ 本件事案に関連して本委員会が必要と判断したそのほかの事項,委員長：（当社 社外監査役） 得能 摩利子 委員：（当社 社外監査役） 渡辺 博史 委員：（一般社団法人日本能率協会 常務理事） 武中 和昭 委員：（当社 取締役副社長執行役員） 小野 直樹 委員：（当社 経営戦略本部法務部長） 長野 潤,,http://www.daisanshaiinkai.com/2017/
2017,3402,東証1,3402 東証1,東レ株式会社,新日本,2017/11/28,2017/11/28,http://www.daisanshaiinkai.com/cms/wp-content/uploads/2017/12/171128_chousa3402.pdf,2017/12/27,2017/12/27 2017/12/27 2018/03/30,http://www.daisanshaiinkai.com/cms/wp-content/uploads/2017/11/180330_chousa3402.pdf http://www.daisanshaiinkai.com/cms/wp-content/uploads/2017/12/171227_chousa3402_1.pdf http://www.daisanshaiinkai.com/cms/wp-content/uploads/2017/12/171227_chousa3402_2.pdf,＜有識者委員会＞ 本件データの書換問題について、THC及びそれを監督・指導する親会社としての立場の東レにおいて行った調査内容、調査結果、当該結果を受けての再発防止策及び対外対応の妥当性を調査・評価すること。,委員長：（奥野総合法律事務所 弁護士） 藤田 昇三 委員：（桃尾・松尾・難波法律事務所 弁護士） 松尾 眞 委員：（卓照綜合法律事務所 弁護士） 永井 敏雄,桃尾・松尾・難波法律事務所 弁護士 大江 耕治 高石 直樹 松尾 剛行 角元 洋利 朝倉 亮太,http://www.daisanshaiinkai.com/2017/
2017,7201,東証1,7201 東証1,日産自動車株式会社,新日本,,,,2017/11/17,2017/11/17,http://www.daisanshaiinkai.com/cms/wp-content/uploads/2017/11/171117_chousa7201.pdf,不適切な完成検査の過去からの運用状況等、事実関係やその原因についての調査,西村あさひ法律事務所,,http://www.daisanshaiinkai.com/2017/
2017,2388,JASDAQ,2388 JASDAQ,株式会社ウェッジホールディングス,アリア,2017/11/17,2017/11/17 2017/12/11,http://www.daisanshaiinkai.com/cms/wp-content/uploads/2017/11/171117_daisansha2388.pdf http://www.daisanshaiinkai.com/cms/wp-content/uploads/2017/11/171211_daisansha2388.pdf,2017/12/12,2017/12/12,http://www.daisanshaiinkai.com/cms/wp-content/uploads/2017/11/171212_daisansha2388.pdf,キプロス及びシンガポールの借主に対する貸付金とその利息収入について、 （１）本件取引等の事実関係の調査 （２）本件取引等の適正性の調査 （３）本件取引等に関する法的問題及び責任の有無等に関する検討 （４）その他、第三者委員会が必要と認めた事項,委員長：（大知法律事務所 弁護士） 高野 哲也 委員：（東京フィナンシャル・アドバイザーズ株式会社 公認会計士） 能勢 元 委員：（ＬＲ会計 公認会計士） 山田 幸平,,http://www.daisanshaiinkai.com/2017/
2017,7762,東証1,7762 東証1,シチズン時計株式会社,日本橋,2017/11/10,2017/11/10,http://www.daisanshaiinkai.com/cms/wp-content/uploads/2017/11/171110_daisansha7762.pdf,2018/02/09,2018/02/09,http://www.daisanshaiinkai.com/cms/wp-content/uploads/2017/11/180209_daisansha7762.pdf,(1) 本件不適切行為の事実関係の調査 (2) 本件不適切行為に類似した事象の存否及び取引先企業との取決めの遵守状況に関する事実関係の調査 (3) 本件不適切行為の原因分析及び再発防止策の検討・提言 (4) 本件不適切行為に関する法的問題及び責任の有無等に関する検討 (5) 必要と認められた場合には、本件不適切行為の対象となる製品の品質等の検証 (6) その他、第三者委員会が必要と認めた事項,委員長：（宗像紀夫法律事務所 弁護士） 宗像 紀夫 委員：（大江橋法律事務所 弁護士） 名取 俊也 委員：（北浜法律事務所 弁護士） 籔内 俊輔,大江橋法律事務所 弁護士 古川 昌平 松永 崇 北浜法律事務所 弁護士 藤田 俊輔,http://www.daisanshaiinkai.com/2017/
2017,5912,東証1,5912 東証1,ＯＳＪＢホールディングス株式会社,あずさ,2017/11/09,2017/11/09,http://www.daisanshaiinkai.com/cms/wp-content/uploads/2017/11/171109_chousa5912.pdf,2017/12/13,2017/12/13,http://www.daisanshaiinkai.com/cms/wp-content/uploads/2017/11/171213_chousa5912.pdf,＜社内調査委員会＞ （１）国税局から指摘を受けた、以下の不正行為に係る事実関係の調査及び類似案件の有無の調査 ① 協力会社に対し架空又は水増し発注を行い、その架空又は水増し発注額の一部又は全部をキックバックとして受け取る行為 ② 協力会社である設計事務所に対し設計業務の架空発注を行い、その架空発注額等をプールさせて協力会社への支払いに充当する行為 ③ 工事現場で発生したスクラップ等の売却代金・自動販売機の販売手数料の着服 ④ PC 工法の販売促進を目的とした営業代理等を行う会社に対する販売促進手数料を、当該会社又は同会社が指定する別会社に対し「施工図代」又は「設計外注費」名目で支払う行為 ⑤ 工事原価の付け替え行為（ある工事に計上すべき原価又は費用を他の工事の原価として計上する行為） （２）上記不正行為が行われた原因及び背景の調査、ならびに再発防止策の検討,委員長：（取締役 内部統制担当 経営企画担当） 橋本 幸彦 委員：（取締役 経理財務担当 総務担当 コンプライアンス担当） 髙井 繁 委員：（社外取締役 独立役員） 住江 清 委員：（常勤監査役） 久米 清忠 委員：（社外監査役 独立役員） 桃崎 有治 委員：（経理財務室長） 谷原 幸一 委員：（経営企画室長） 行松 俊樹,アンダーソン・毛利・友常法律事務所 弁護士 西谷 敦 以下6名 PwC アドバイザリー合同会社 佐々木 健仁 以下28名,http://www.daisanshaiinkai.com/2017/
2017,2220,東証1,2220 東証1,亀田製菓株式会社,トーマツ,2017/10/31,2017/10/31 2017/12/06,http://www.daisanshaiinkai.com/cms/wp-content/uploads/2017/10/171031_chousa2220.pdf http://www.daisanshaiinkai.com/cms/wp-content/uploads/2017/10/171206_chousa2220.pdf,2017/12/14,2017/12/14,http://www.daisanshaiinkai.com/cms/wp-content/uploads/2017/10/171214_chousa2220.pdf,＜独立調査委員会＞ ① 本件不正会計処理の事実関係の確認 ② 類似事象の有無の確認 ③ 本件不正会計処理の原因分析 ④ 本件不正会計処理の再発防止策の提言,委員長：（当社社外取締役 独立役員） 前田 仁 委員：（当社社外取締役 独立役員） 坂本 正元 委員：（三宅坂総合法律事務所 弁護士） 篠田 憲明 委員：（株式会社 KPMG FAS 公認会計士） 髙岡 俊文,三宅坂総合法律事務所 弁護士 下瀬 隆士 野田 陽一 株式会社 KPMG FAS 公認会計士 須賀 永治 株式会社 KPMG FAS 米国公認会計士 荒木 吾郎 他、株式会社 KPMG FAS 14 名 KPMG バンコクオフィス 4 名,http://www.daisanshaiinkai.com/2017/
2017,2749,東証1,2749 東証1,株式会社ＪＰホールディングス,東海会計社,2017/10/17,2017/10/17 2017/11/14,http://www.daisanshaiinkai.com/cms/wp-content/uploads/2017/10/171017_daisansha2749.pdf http://www.daisanshaiinkai.com/cms/wp-content/uploads/2017/10/171114_daisansha2749.pdf,2017/11/16,2017/11/16 2017/12/05,http://www.daisanshaiinkai.com/cms/wp-content/uploads/2017/10/171116_daisansha2749.pdf http://www.daisanshaiinkai.com/cms/wp-content/uploads/2017/10/171205_daisansha2749.pdf,（１） 前代表者が対象会社の代表取締役に在籍した当時に行ったと対象会社が指摘している重大なセクシャルハラスメントに該当する事実及びこれと関連性を有する前代表者の行為に関する事実関係の中立的な調査 （２） 上記（１）の調査結果を踏まえた対象会社の再発防止策、セクシャルハラスメントに対する取組み状況についての検証及び評価,委員長：（奥綜合法律事務所 弁護士） 奥 国範 委員：（あたご法律事務所 弁護士） 氏原 隆弘 委員：（エトワール総合法律事務所 弁護士） 大畑 敦子,千鳥ヶ淵法律事務所 弁護士 高橋 未紗 銀座ブロード法律事務所 弁護士 枝廣 恭子 弁護士法人Martial Arts 弁護士 市原 麻衣,http://www.daisanshaiinkai.com/2017/
2017,5406,東証1,5406 東証1,株式会社神戸製鋼所,あずさ,2017/10/08,2017/10/08 2017/10/26 2017/12/21 2018/02/27,http://www.daisanshaiinkai.com/cms/wp-content/uploads/2017/10/171008_chousa5406.pdf http://www.daisanshaiinkai.com/cms/wp-content/uploads/2017/10/171026_chousa5406-1.pdf http://www.daisanshaiinkai.com/cms/wp-content/uploads/2017/10/171221_chousa6425.pdf http://www.daisanshaiinkai.com/cms/wp-content/uploads/2017/10/180227_chousa5406.pdf,2018/03/06,2018/03/06,http://www.daisanshaiinkai.com/cms/wp-content/uploads/2017/10/180306_chousa5406.pdf,① 一連の不適切行為に関する事実関係の調査及び原因の究明のために行われた自主点検及び緊急監査の適正性、妥当性の再検証 ② 不適切行為の直接的な原因に加え、企業風土、コンプライアンス及び組織運営体制といった背景となる要因の究明並びに再発防止のための改善策の提案 ③ その他外部調査委員会が必要と認めた事項の調査,委員長：（元福岡高検検事長 弁護士） 松井 巌 委員：（元札幌高裁長官、元公正取引委員会委員 弁護士） 山崎 恒 委員：（元検事 弁護士） 和田 衛,,http://www.daisanshaiinkai.com/2017/
2017,9790,東証1,9790 東証1,福井コンピュータホールディングス株式会社,トーマツ,2017/09/29,2017/09/29,http://www.daisanshaiinkai.com/cms/wp-content/uploads/2017/09/170929_daisansha9790.pdf,2017/11/06,2017/11/06 2017/11/17,http://www.daisanshaiinkai.com/cms/wp-content/uploads/2017/09/171106_daisansha9790.pdf http://www.daisanshaiinkai.com/cms/wp-content/uploads/2017/09/171117_daisansha9790.pdf,(1) 本件取引の事実関係の調査 (2) 本件取引に関する内部統制、コンプライアンス、コーポレートガバナンス上の問題点の有無の調査 (3) 問題点がある場合における発生原因の究明、再発防止策の検討・提言 (4) その他、第三者委員会が必要と認めた事項,委員長：（潮見坂綜合法律事務所 弁護士） 清水 真 委員：（潮見坂綜合法律事務所 弁護士） 阿南 剛 委員：（潮見坂綜合法律事務所 弁護士） 後藤 高志 委員：（よつば総合会計事務所 公認会計士） 濱田 清仁,,http://www.daisanshaiinkai.com/2017/
2017,3390,JASDAQ,3390 JASDAQ,INEST株式会社,あずさ,2017/09/22,2017/09/22 2017/10/26,http://www.daisanshaiinkai.com/cms/wp-content/uploads/2017/09/170922_chousa3390.pdf http://www.daisanshaiinkai.com/cms/wp-content/uploads/2017/09/171026_chousa3390.pdf,2017/11/08,2017/11/08,http://www.daisanshaiinkai.com/cms/wp-content/uploads/2017/09/171108_chousa3390.pdf,＜内部調査委員会＞ ① 本件不正行為に係る事実関係及びその発生原因その他の背景事情を解明すること ② 上記①により解明された事実関係の法的評価（民事責任及び刑事責任発生の可能性についての評価）を行うこと,委員長：（光和総合法律事務所 弁護士） 白井 真 委員：（河江健史会計事務所 公認会計士） 河江 健史 委員：（当社 社外監査役 税理士） 河合 宏一 委員：（当社 社外監査役 弁護士） 竹中 由重,光和総合法律事務所 弁護士 中澤 雄仁 坂下 大貴 渡辺 大祐 橋本 祥 会計チーム 公認会計士 土井 貴達 吉田 圭太 吉田 浩平 高嶋 悠也 小池 赳司 他8名,http://www.daisanshaiinkai.com/2017/
2017,6901,東証1,6901 東証1,澤藤電機株式会社,PwCあらた,2017/09/14,2017/09/14,http://www.daisanshaiinkai.com/cms/wp-content/uploads/2017/09/170914_chousa6901.pdf,2017/11/10,2017/11/10,http://www.daisanshaiinkai.com/cms/wp-content/uploads/2017/09/171110_chousa6901.pdf,＜特別調査委員会＞ ① 本件会計処理に関する事実関係の調査 ② 本件会計処理の他に同様の事象が存在しないかの調査 ③ 本件会計処理が発生した要因の分析および再発防止策の策定・提言,委員長：（当社常務取締役 内部統制管掌） 曽根 健 委員：（当社経営企画部部長） 町田 宏史 委員：（伊藤見富法律事務所 弁護士） 吉村 龍吾 委員：（株式会社ＡＧＳコンサルティング 公認会計士） 田中 亮宇,伊藤 見富法律事務所 弁護士 斎藤 三義 古田 暁洋 株式会社 AGS コンサルティング 公認会計士 榊隆 宏 幅 隆太郎,http://www.daisanshaiinkai.com/2017/
2017,1971,東証2,1971 東証2,中央ビルト工業株式会社,トーマツ,2017/09/01,2017/09/01 2017/09/07,http://www.daisanshaiinkai.com/cms/wp-content/uploads/2017/09/170901_chousa1971.pdf http://www.daisanshaiinkai.com/cms/wp-content/uploads/2017/09/170907_chousa1971.pdf,2017/12/04,2017/12/04 2017/12/07,http://www.daisanshaiinkai.com/cms/wp-content/uploads/2017/09/171204_chousa1971.pdf http://www.daisanshaiinkai.com/cms/wp-content/uploads/2017/09/171207_chousa1971.pdf,① 本件疑義について、その事実関係及び問題点を調査分析すること ② 本件疑義に類似・関連する事例の有無及び内容を調査分析すること ③ 本件疑義及びこれに類似・関連する事例に係る適切な会計処理を検討すること。 ④ 再発防止策の検討及び提言を行うこと,委員長：（弁護士法人中島信一郎法律事務所 弁護士） 中島 信一郎 委員：（ACE コンサルティング㈱代表 公認会計士） 小川 真人 委員：（当社監査等委員） 岡田 一馬,ACEコンサルティング株式会社 公認会計士 伊藤 浩平 堀場 直人 わたなべ法律会計事務所 弁護士 渡邊 昌裕 中島信一郎法律事務所 弁護士 棒田 洋平,http://www.daisanshaiinkai.com/2017/
2017,7878,JASDAQ,7878 JASDAQ,株式会社光彩工芸,ナカチ,2017/08/18,2017/08/18 2017/08/22,http://www.daisanshaiinkai.com/cms/wp-content/uploads/2017/08/170818_chousa7878.pdf http://www.daisanshaiinkai.com/cms/wp-content/uploads/2017/08/170822_chousa7878.pdf,2017/09/25,2017/09/25 2017/10/16,http://www.daisanshaiinkai.com/cms/wp-content/uploads/2017/08/170925_chousa7878.pdf http://www.daisanshaiinkai.com/cms/wp-content/uploads/2017/08/171016_chousa7878.pdf,＜内部調査委員会＞ ①本件に起因する会計に与える影響および金額の見積りに必要な調査 ②事実関係、事態発生の背景等の調査、発生原因および問題点の調査分析 ③本件発生に関する内部統制、コンプライアンス、ガバナンス上の問題点の調査分析 ④上記を踏まえた、当社が行うべき再発防止策の策定,委員長：（真法律会計事務所 弁護士） 三谷 和久 委員：（埴原法律事務所 弁護士） 新里 清高 委員：（税理士法人丸の内ビジネスコンサルティング 公認会計士） 紺谷 宏,真法律会計事務所 弁護士 佐藤 彰男 大野 俊介 櫻田 悠水 司法書士 稲富 奈緒子 税理士法人丸の内ビジネスコンサルティング 公認会計士 金光 良昭 間 達哉 木部 竜二 山口 哲生,http://www.daisanshaiinkai.com/2017/
2017,8113,東証1,8113 東証1,ユニ・チャーム株式会社,PwCあらた,2017/08/10,2017/08/10 2017/08/18,http://www.daisanshaiinkai.com/cms/wp-content/uploads/2017/08/170810_chousa8113.pdf http://www.daisanshaiinkai.com/cms/wp-content/uploads/2017/08/170818_chousa8113.pdf,2017/09/13,2017/09/13,http://www.daisanshaiinkai.com/cms/wp-content/uploads/2017/08/170913_chousa8113.pdf,＜社内調査委員会＞ ① 販促費期ズレ（先送り）に係る事実関係の調査 ② 販促費期ズレ（先送り）に類似する事象の有無の調査 ③ 発生原因の分析及び再発防止策の提言,委員長：（取締役監査等委員） 浅田 茂 委員：（執行役員経営監査部担当） 知名 俊郎 委員：（経営監査部長及び委員） 谷崎 正慶 委員：（法務部長代理） 小澤 一郎 委員：（森・濱田松本法律事務所 弁護士） 藤津 康彦 委員：（株式会社 KPMG FAS 公認会計士） 高岡 俊文,森・濱田松本法律事務所 弁護士 株式会社 KPMG FAS 公認会計士,http://www.daisanshaiinkai.com/2017/
2017,6715,東証1,6715 東証1,株式会社ナカヨ,新日本,2017/08/09,2017/08/09 2017/08/10,http://www.daisanshaiinkai.com/cms/wp-content/uploads/2017/08/170809_chousa6715.pdf http://www.daisanshaiinkai.com/cms/wp-content/uploads/2017/08/170810_chousa6715.pdf,2017/09/12,2017/09/12,http://www.daisanshaiinkai.com/cms/wp-content/uploads/2017/08/170912_chousa6715.pdf,＜社内調査委員会＞ ①本件疑義に関わる不正取引の事実関係の調査 ②同種取引の有無の調査 ③上記取引の原因分析 ④再発防止策の提言,委員長：（加藤公認会計士事務所 公認会計士） 加藤 正憲 委員：（壱岐坂下法律事務所 弁護士） 阿部 造一 委員：（当社社外取締役） 江口 武夫 委員：（当社常勤監査役） 坂口 隆彦 委員：（当社非常勤監査役） 藤本 謹三 委員：（当社非常勤監査役） 田中 信義,,http://www.daisanshaiinkai.com/2017/
2016,3043,JASDAQ,3043 JASDAQ,モジュレ株式会社,アスカ,2016/07/20,2016/07/20 2016/07/27,http://www.daisanshaiinkai.com/cms/wp-content/uploads/2016/07/160720_daisansha3043.pdf http://www.daisanshaiinkai.com/cms/wp-content/uploads/2016/07/160727_daisansha3043.pdf,2016/10/21,2016/10/21 2016/10/25,http://www.daisanshaiinkai.com/cms/wp-content/uploads/2016/07/161021_daisansha3043.pdf http://www.daisanshaiinkai.com/cms/wp-content/uploads/2016/07/161025_daisansha3043.pdf,（１）過年度における ①無形固定資産に計上されているソフトウエアや賃貸用資産の一部を取得した際の取得価額の妥当性、 ②ソフトウエア仮勘定におけるソフトウエアの一部を取得した際の取得価 額の妥当性、 ③一部取引先からの仕入計上の適切性、等の事実関係・原因究明の調査 （２）上記事実関係の調査結果に基づき、過年度の会計処理の訂正の要否、及びその範囲・影響額等の確認 （３）再発防止策の検討・提言、同種事例の有無の調査,委員長：（阿部・吉田・三瓶法律会計事務所 弁護士） 吉田 秀康 委員：（佐久間法律事務所 弁護士） 山岸 潤子 委員：（奥山琢磨公認会計士事務所 公認会計士） 奥山 琢磨,,http://www.daisanshaiinkai.com/2016/page/2/
2016,3810,マザーズ,3810 マザーズ,サイバーステップ株式会社,アスカ,2016/07/20,2016/07/20,http://www.daisanshaiinkai.com/cms/wp-content/uploads/2016/07/160720_chousa3810.pdf,2016/07/27,2016/07/27 2016/08/30 2016/09/05,http://www.daisanshaiinkai.com/cms/wp-content/uploads/2016/07/160727_chousa3810.pdf http://www.daisanshaiinkai.com/cms/wp-content/uploads/2016/07/160830_chousa3810.pdf http://www.daisanshaiinkai.com/cms/wp-content/uploads/2016/07/160905_chousa3810.pdf,＜社内調査委員＞ ① 対象契約の締結状況及び契約締結に至る経緯等の確認 ② 対象契約の締結に当たり、CS社において、適用のある法令及び定款その他の内部規則に基づく内部的意思決定がされた事実の有無の確認,委員長：（黒澤・升村・小林法律事務所 弁護士） 黒澤 基弘 委員：（黒澤・升村・小林法律事務所 弁護士） 升村 紀章 委員：（黒澤・升村・小林法律事務所 弁護士） 小林 正樹 委員：（黒澤・升村・小林法律事務所 弁護士） 畑田 正彦 委員：（黒澤・升村・小林法律事務所 弁護士） 白田 太郎,,http://www.daisanshaiinkai.com/2016/page/2/
2016,2369,マザーズ,2369 マザーズ,株式会社メディビックグループ,アスカ,2016/06/06,2016/06/06 2016/07/05,http://www.daisanshaiinkai.com/cms/wp-content/uploads/2016/06/160606_chousa2369.pdf http://www.daisanshaiinkai.com/cms/wp-content/uploads/2016/06/160705_daisansha2369.pdf,2016/08/15,2016/08/15,http://www.daisanshaiinkai.com/cms/wp-content/uploads/2016/06/160815_daisansha2369.pdf,内部調査で判明した 3 件についての過去の会計処理の前提となる事実関係の調査を実施し、その調査に基づいて過去の会計処理が適正か否かを検討するとともに、これについて適正な会計処理が行われていないと判断された場合には原因の究明を行い、責任の所在を明確化し、再発防止策の提言を行うこと、さらに、当該 3 件以外についても、不適正な会計処理の有無等について同様に調査すること。,委員長：（大知法律事務所 弁護士） 高野 哲也 委員：（税理士法人 東京フィナンシャル会計事務所 公認会計士） 能勢 元 委員：（後藤公認会計事務所 公認会計士） 後藤 幸男,弁護士 3 名 公認会計士 1 名,http://www.daisanshaiinkai.com/2016/page/2/
2016,1949,東証1,1949 東証1,住友電設株式会社,あずさ,2016/06/02,2016/06/02,http://www.daisanshaiinkai.com/cms/wp-content/uploads/2016/06/160602_chousa1949.pdf,2016/07/26,2016/07/26,http://www.daisanshaiinkai.com/cms/wp-content/uploads/2016/06/160726_chousa1949.pdf,＜社内調査委員会＞ 調査チームの調査方法、不適切な会計処理の発生要因、その影響 額の確定及びその手続きについて、より客観的な視点からの示唆・検証を行うとともに、再発防止に向けた提言を行うこと。,委員長：（取締役社長） 磯部 正人 委員：（社外取締役） 井上 育穗 委員：（社外監査役、弁護士） 間石 成人 委員：（社外監査役） 井上 政清 委員：（社外監査役） 稲山 秀彰 委員：（取締役専務執行役員、総務部・人事部・監査部等所管） 坂崎 全男 委員：（常務執行役員、施工部門所管） 辻村 勝彦 委員：（取締役常務執行役員、経理部等所管） 野口 亨,当社総合企画部、総務部、人事部、経理部、情報システム部、監査部及び施設統括本部所属の社員,http://www.daisanshaiinkai.com/2016/page/2/
2016,2710,JASDAQ,2710 JASDAQ,株式会社シーエスロジネット,監査法人アヴァンティア,2016/05/20,2016/05/20 2016/06/07 2016/06/20,http://www.daisanshaiinkai.com/2016/page/2/../cms/wp-content/uploads/2016/05/160520_chousa27101.pdf http://www.daisanshaiinkai.com/cms/wp-content/uploads/2016/05/160607_chousa2710.pdf http://www.daisanshaiinkai.com/cms/wp-content/uploads/2016/05/160620_chousa2710.pdf,2016/07/29,2016/07/29 2016/07/29,http://www.daisanshaiinkai.com/cms/wp-content/uploads/2016/05/160729_chousa2710-1.pdf http://www.daisanshaiinkai.com/cms/wp-content/uploads/2016/05/160729_chousa2710-2.pdf,＜社内調査委員会＞ ① 当社の日本レコード協会に対する売上原価及び買掛金の過小計上、CDV-J に対する売上原価及び買掛金の過大計上、上記以外の日本レコード協会に対する売上原価及び買掛金の過大計上、Bellrock 株式の評価損の漏れ（以下、併せて「本件不適切な会計処理」と総称する。）に関する事実関係と、その発生原因・背景の調査分析を行うこと ② 上記①を踏まえ、再発防止策の提言を行うこと,委員長：（顧問弁護士） 川村 一博 委員：（取締役監査等委員 弁護士及び公認会計士） 坂本 朋博 委員：（取締役監査等委員） 鴇崎 俊也,,http://www.daisanshaiinkai.com/2016/page/2/
2016,7741,東証1,7741 東証1,ＨＯＹＡ株式会社,トーマツ,2016/05/18,2016/05/18,http://www.daisanshaiinkai.com/2016/page/2/../cms/wp-content/uploads/2016/05/160518_daisansha7741.pdf,2016/06/17,2016/06/17,http://www.daisanshaiinkai.com/cms/wp-content/uploads/2016/05/160617_daisansha7741.pdf,(1) 本件取得に関する事実関係の調査 (2) 分配可能額超過が生じた原因の究明 (3) 本件取得の意思決定に関与した取締役等の責任の有無 (4) 調査結果を踏まえた再発防止策の提言,委員：（田辺総合法律事務所 弁護士） 藤田 耕三 委員：（銀座中央法律事務所 弁護士） 三浦 正晴 委員：（株式会社 KPMG FAS 公認会計士） 髙岡 俊文,田辺総合法律事務所 弁護士 中西 和幸 辻 拓一郎 北脇 俊之 株式会社 KPMG FAS 公認会計士 藤田 大介 外 8 名,http://www.daisanshaiinkai.com/2016/page/2/
2016,1436,マザーズ,1436 マザーズ,株式会社 フィット,トーマツ,2016/05/17,2016/05/17,http://www.daisanshaiinkai.com/2016/page/2/../cms/wp-content/uploads/2016/05/160517_daisansha1436.pdf,2016/06/25,2016/06/25,http://www.daisanshaiinkai.com/cms/wp-content/uploads/2016/05/160625_daisansha1436.pdf,①当社の売上計上についての会計処理の前提となる事実の調査を実施し、計上時期に関する事実関係等の確認及び問題が存在する場合にはその原因究明を行い、責任の所在を明確化するとともに、再発防止策の提言を行う。 ②上記①を踏まえて、当社の売上計上についての会計処理が適正か否かを検討し、さらに当社が行うべき適切な会計処理の検討を行う。,委員長：（佐藤総合法律事務所 弁護士） 佐藤 明夫 委員：（弁護士） 水上 洋 委員：（和田公認会計士事務所 公認会計士） 和田 正夫,,http://www.daisanshaiinkai.com/2016/page/2/
2016,3744,東証2,3744 東証2,サイオステクノロジー株式会社,新日本,2016/05/12,2016/05/12 2016/05/31,http://www.daisanshaiinkai.com/cms/wp-content/uploads/2016/06/160512_chousa3744.pdf http://www.daisanshaiinkai.com/cms/wp-content/uploads/2016/06/160531_chousa3744.pdf,2016/06/09,2016/06/09,http://www.daisanshaiinkai.com/cms/wp-content/uploads/2016/05/160609_chousa3744.pdf,＜社内調査委員会＞ ① 本件事業における本件事象に係る不適切な取引の事実関係の調査及びその影響額の算出、 ② 当社及び上記①の対象を除く全ての子会社の全取引について本件事象と類似の事象が存在しないかの調査、並びに不適切な取引が発見された場合には当該取引の事実関係の調査及びその影響額の算出、 ③ 上記①及び②において判明した不適切な取引等の原因分析及び関係者の責任の検討、並びに ④ 再発防止策の提言,委員長：（常勤監査役） 平松 祐樹 委員：（社外取締役） 福田 敬 委員：（社外監査役） 古畑 克巳 委員：（社外監査役） 長谷川 紘之,弁護士 岩倉 正和 尾崎 恒康 山本 憲光 平尾 覚 佐々木 秀 緒方 健太 江口 尚吾 南 知果 米国公認会計士 麻生 裕貴 公認不正検査士 岡田 大輔 公認会計士 垂水 敬 他、公認会計士2名 公認不正検査士3名 その他1名,http://www.daisanshaiinkai.com/2016/page/2/
2016,1885,東証1,1885 東証1,東亜建設工業株式会社,新日本,2016/05/13,2016/05/13 2016/05/20,http://www.daisanshaiinkai.com/2016/page/2/../cms/wp-content/uploads/2016/05/160513_chousa1885.pdf http://www.daisanshaiinkai.com/2016/page/2/../cms/wp-content/uploads/2016/05/URev.pdf,2016/07/26,2016/07/26,http://www.daisanshaiinkai.com/cms/wp-content/uploads/2016/05/160726_chousa1885.pdf,①事実関係の調査、 ②原因の究明および分析、 ③改ざん、虚偽報告等、一連の不正行為の実態の解明、および ④今後の再発防止策の策定,委員長：（代表取締役副社長） 末冨 龍 副委員長：（東京丸の内法律事務所 弁護士） 高木 裕康 委員：（常勤監査役） 寺林 伸夫 委員：（執行役員常務管理本部長） 黒須 茂敏 委員：（執行役員常務） 守分 敦郎 委員：（管理本部 副本部長） 緒方 健一,,http://www.daisanshaiinkai.com/2016/page/2/
2016,3726,東証2,3726 東証2,株式会社フォーシーズホールディングス,トーマツ,2016/05/12,2016/05/12,http://www.daisanshaiinkai.com/2016/page/2/../cms/wp-content/uploads/2016/05/160512_chousa3726.pdf,2016/06/06,2016/06/06,http://www.daisanshaiinkai.com/cms/wp-content/uploads/2016/05/160606_chousa3726.pdf,＜外部調査委員会＞ 1 クレイトン社の販売先の実態及び取引の実在性その他これらの疑念に関連する不正の有無等に関する事実調査 2 上記 1 で判明した事実を基にした法的・会計的問題の有無についての検討 3 上記 1 で不正等があることが判明した場合は、その原因や背景,委員長：（西村あさひ法律事務所 弁護士） 尾崎 恒康 委員：（西村あさひ法律事務所 弁護士） 平尾 覚 委員：（ＭＹＫアドバイザリー株式会社 公認会計士） 三浦 善弘 委員：（ＭＹＫアドバイザリー株式会社 公認会計士） 立川 正人,,http://www.daisanshaiinkai.com/2016/page/2/
2016,6678,東証1,6678 東証1,株式会社テクノメディカ,トーマツ,2016/04/28,2016/04/28,http://www.daisanshaiinkai.com/2016/page/2/../cms/wp-content/uploads/2016/04/160428_daisansha6678.pdf,2016/06/23,2016/06/23,http://www.daisanshaiinkai.com/cms/wp-content/uploads/2016/04/160623_daisansha6678.pdf,① TMC の監査法人より指摘を受けた売上取引に係る事実関係の調査 ② 売上取引に係る会計処理の適正性・妥当性を欠くと判断した場合には，その原因究明及び TMC がとるべき会計処理の検討 ③ その他第三者委員会が必要と認めた事項の調査 ④ TMC において問題があった場合の再発防止策の提言,委員長：（公認会計士宇澤事務所 公認会計士・公認不正検査士） 宇澤 亜弓 委員：（シティユーワ法律事務所パートナー 弁護士） 石井 輝久 委員：（二重橋法律事務所パートナー 弁護士） 熊谷 真喜,新日本有限責任監査法人 FIDS（不正対策・係争サポート）所属 公認会計士 田谷 直樹 那須 美帆子 萬 仁志 マネージャー 藤居 幸祐 他29名 シティユーワ律事務所 弁護士 長木 裕史 市橋 卓 二重橋法律事務所 弁護士 清野 訟一 江口 真理恵,http://www.daisanshaiinkai.com/2016/page/2/
2016,9404,東証1,9404 東証1,日本テレビホールディングス株式会社,トーマツ,2016/04/21,2016/04/21,http://www.daisanshaiinkai.com/cms/wp-content/uploads/2016/07/160421_chousa9404.pdf,2016/07/14,2016/07/14 2016/07/14,http://www.daisanshaiinkai.com/cms/wp-content/uploads/2016/04/20160714.pdf http://www.daisanshaiinkai.com/cms/wp-content/uploads/2016/07/160714_chousa9404.pdf,本件事故の事実関係の調査委、その原因調査、責任の所在の明確化及び再発防止策の提言。,委員長：（TMI総合法律事務所 弁護士） 大井 哲也 委員：（TMI総合法律事務所 弁護士） 佐藤 力哉 委員：（PwCサイバーサービス合同会社 パートナー） 星澤 裕二 委員：（NTV コンプライアンス推進室法務部長（兼）情報保護推進事務局長） 草間 嘉幸 委員：（NTV 技術統括局 IT推進部長（兼）サイバーセキュリティ推進事務局長） 鈴木 重利 委員：（NTV コンプライアンス推進室法務部長（兼）情報保護推進事務局長） 横山 武信,,http://www.daisanshaiinkai.com/2016/page/2/
2016,7211,東証1,7211 東証1,三菱自動車工業株式会社,新日本,2016/04/20,2016/04/20 2016/04/26 2016/06/03,http://www.daisanshaiinkai.com/2016/page/2/../cms/wp-content/uploads/2016/04/160420_chousa72111.pdf http://www.daisanshaiinkai.com/2016/page/2/../cms/wp-content/uploads/2016/04/160426_chousa72111.pdf http://www.daisanshaiinkai.com/cms/wp-content/uploads/2016/04/160603_chousa7211.pdf,2016/08/02,2016/08/02,http://www.daisanshaiinkai.com/cms/wp-content/uploads/2016/04/160802_chousa7211.pdf,＜特別調査委員会＞ ①eK ワゴン/eK スペースに関する燃費問題及び走行抵抗測定方法の問題に関する事実関係の調査(関連書類・データの調査及び関係者への聴取を含む。)、 ②これらに類似した不正の存否及び事実関係の調査並びに ③①及び②に関する原因分析及び再発防止策の提言,委員長：（元東京高等検察庁検事長 弁護士） 渡辺 恵一 委員：（弁護士） 坂田 吉郎 委員：（弁護士） 吉野 弦太 委員：（株式会社コーディア 代表取締役） 八重樫 武久,西村あさひ法律事務所 弁護士 梅林 啓 泰田 啓太 山田 徹 荒井 喜美 冨谷 治亮 河本 貴大 河野 匠範 鈴木 悠介 堀田 純平 前川 良介 國本 英資 河野 光輝 細谷 夏生,http://www.daisanshaiinkai.com/2016/page/2/
2016,9610,JASDAQ,9610 JASDAQ,ウィルソン・ラーニング ワールドワイド株式会社,あずさ,2016/04/11,2016/04/11 2016/05/13,http://www.daisanshaiinkai.com/2016/page/2/../cms/wp-content/uploads/2016/04/160411_chousa9610.pdf http://www.daisanshaiinkai.com/2016/page/2/../cms/wp-content/uploads/2016/04/160513_chousa9610.pdf,2016/06/21,2016/06/21,http://www.daisanshaiinkai.com/cms/wp-content/uploads/2016/04/160621_chousa9610.pdf,＜調査委員会＞ ① 本件不正行為の全容解明 本件不正行為に係る事実関係を調査し、本件不正行為の手口を解明し、被害金額を確定するとともに、不正行為によりＡが得た資金の使途等を明らかにする。 ② 本件不正行為の原因の分析 Ａが本件不正行為をなした動機を解明するとともに、本件不正行為がなぜ可能であったのか、また、なぜ、これまで発覚しなかったのか等の原因を解明する。 ③ 責任の所在の解明 本件不正行為の原因分析に基づき、本件不正行為に係る責任の所在を明らかにする。 ④ 再発防止策の提言 本件不正行為の原因分析に基づき、本件不正行為の再発を防止するために必要な諸施策を提言する。,委員長：当社社外取締役 中畑 孝雄 委員：弁護士 入谷 淳 委員：当社執行役員 渡壁 淳司,,http://www.daisanshaiinkai.com/2016/page/2/
2016,1966,東証2,1966 東証2,株式会社 高田工業所,新日本,2016/03/29,2016/03/29,http://www.daisanshaiinkai.com/cms/wp-content/uploads/2016/03/160329_daisansha1966.pdf,2016/07/08,2016/07/08,http://www.daisanshaiinkai.com/cms/wp-content/uploads/2016/03/160708_daisansha1966.pdf,＜第三者委員会＞ 当該不適切な会計処理に関する事実関係の調査を行い、その原因を究明し、再発防止策の検討・提言を行うとともに、類似案件の有無の調査を行うこと。,委員長：（長島・大野・常松法律事務所 パートナー 弁護士） 垰 尚義 委員：（ふくおか法律事務所 所長 弁護士） 石橋 英之 委員：（PwC ビジネスアシュアランス合同会社 パートナー 公認会計士） 丸山 琢永,長島・大野・常松法律事務所 弁護士 杉本 文秀 伊藤 昌夫 木内 敬 小川 知城 福田 恭平 辺 誠祐 渡辺 翼 勝 伸幸 杉江 裕太 PwC ビジネスアシュアランス合同会社 公認会計士 中山 崇 木村 光崇 大平 亮 富澤 豊 今村 峰生 成戸 宏隆,http://www.daisanshaiinkai.com/2016/page/2/
2016,5631,東証1・名証1,5631 東証1・名証1,株式会社日本製鋼所,新日本,2016/03/28,2016/03/28,http://www.daisanshaiinkai.com/2016/page/2/../cms/wp-content/uploads/2016/03/160328_chousa5631.pdf,2016/04/25,2016/04/25,http://www.daisanshaiinkai.com/2016/page/2/../cms/wp-content/uploads/2016/03/160425_chousa5631.pdf,＜内部調査委員会＞ 本件不適切会計処理に係る事実関係を解明し、他の当社子会社及び関連会社において同様の事象が存在しないかを調査し、併せて本件不適切会計処理の原因の究明分析と再発防止策の提言等を行うこと,委員長：（野村綜合法律事務所 当社顧問弁護士） 野村 晋右 委員：（当社社外監査役（常勤）） 河上 守 委員：（当社監査役（常勤）） 岩下 壽夫 委員：（当社取締役常務執行役員 CFO） 東泉 豊,弁護士 2名,http://www.daisanshaiinkai.com/2016/page/2/
2016,1352,東証1,1352 東証1,株式会社ホウスイ,監査法人和宏事務所,2016/03/23,2016/03/23 2016/04/04,http://www.daisanshaiinkai.com/2016/page/2/../cms/wp-content/uploads/2016/03/160323_chousa1352.pdf http://www.daisanshaiinkai.com/cms/wp-content/uploads/2016/03/160404_chousa1352-1.pdf,2016/04/14,2016/04/14,http://www.daisanshaiinkai.com/2016/page/2/../cms/wp-content/uploads/2016/03/160414_chousa1352.pdf,＜社内調査委員会＞ 事実関係の確認、原因究明及び再発防止策を策定,,,http://www.daisanshaiinkai.com/2016/page/2/
2016,8030,東証2,8030 東証2,中央魚類株式会社,監査法人和宏事務所,2016/03/23,2016/03/23 2016/04/04,http://www.daisanshaiinkai.com/2016/page/2/../cms/wp-content/uploads/2016/03/160323_chousa8030.pdf http://www.daisanshaiinkai.com/cms/wp-content/uploads/2016/03/160404_chousa8030-1.pdf,2016/04/14,2016/04/14,http://www.daisanshaiinkai.com/2016/page/2/../cms/wp-content/uploads/2016/03/160414_chousa8030.pdf,＜社内調査委員会＞ 事実関係の確認、原因究明及び再発防止策を策定,,,http://www.daisanshaiinkai.com/2016/page/2/
2016,1966,東証2,1966 東証2,株式会社 高田工業所,新日本,2016/03/09,2016/03/09,http://www.daisanshaiinkai.com/2016/page/2/../cms/wp-content/uploads/2016/03/160309_chousa1966.pdf,2016/03/29,2016/03/29,http://www.daisanshaiinkai.com/2016/page/2/../cms/wp-content/uploads/2016/03/160329_daisansha19665.pdf,＜内部調査委員会＞ 不適切な会計処理が行われていたことに関し、事実関係、背景事情 等の調査分析(他に同様の事象が存在しないかの確認を含む）、責任の所在の調査、及び再発防止策の策定,委員長：（当社社外監査役、公認会計士、公認不正検査士） 奥村 勝美 委員：（当社社外取締役） 原田 康 委員：（当社社外取締役） 福田 豊彦 委員：（当社社外取締役） 小幡 修 委員：（当社取締役兼執行役員） 川上 秀二 委員：（当社内部統制部長） 増田 修 委員：（当社総務部長、コンプライアンス推進室長） 副島 淳一,,http://www.daisanshaiinkai.com/2016/page/2/
2016,1873,東証1,1873 東証1,株式会社日本ハウス ホールディングス,優成,2016/03/07,2016/03/07,http://www.daisanshaiinkai.com/2016/page/2/../cms/wp-content/uploads/2016/03/160307_chousa1873.pdf,2016/04/13,2016/04/13,http://www.daisanshaiinkai.com/2016/page/2/../cms/wp-content/uploads/2016/03/160413_chousa1873.pdf,＜調査委員会＞ ① ビールの不適切な会計処理に関する事実関係の究明 ② 他の子会社において同様の問題が生じていないかどうかの確認 ③ 内部管理体制の実態確認 ④ 再発防止策の立案,委員長：（常務取締役） 名取 弘文 委員：（社外取締役 弁護士） 柴谷 晃 委員：（社外監査役 公認会計士） 千谷 英造 委員：白田 則和,当社経理部門、業務システム部門、内部監査部門など専門的な知識と調査技術を有する人員８名,http://www.daisanshaiinkai.com/2016/page/2/
2016,1896,東証1,1896 東証1,大林道路 株式会社,新日本,2016/03/03,2016/03/03,http://www.daisanshaiinkai.com/cms/wp-content/uploads/2016/03/160303_chousa1896.pdf,,未公表,,（１）本件に関する事実の確認及び要因の検証 （２）再発防止策の妥当性に関する客観的な評価及び提言,委員長：（鶴田六郎法律事務所 弁護士） 鶴田 六郎 委員：（森・濱田松本法律事務所 弁護士） 難波 孝一 委員：（晴海協和法律事務所 弁護士） 佐々木 善三,,http://www.daisanshaiinkai.com/2016/page/3/
2016,8278,東証1,8278 東証1,株式会社フジ,トーマツ,2016/02/22,2016/02/22,http://www.daisanshaiinkai.com/cms/wp-content/uploads/2016/02/160222_chousa8278.pdf,2016/04/01,2016/04/01,http://www.daisanshaiinkai.com/cms/wp-content/uploads/2016/02/160401_chousa8278.pdf,①本件に関する事実関係の調査 ②本件による当社およびフジトラベルの財務諸表への影響額の確定 ③本件が生じた要因の究明と再発防止策の提言,委員長： （白石隆法律事務所 当社顧問弁護士） 白石 隆 委員：（当社社外監査役 税理士） 角倉 文明 委員： （当社監査役） 金野 修 委員：（当社社外取締役） 横山 ぬい 委員：（当社専務取締役専務執行役員 企画・開発本部長） 佐伯 雅則 委員： （当社常務取締役常務執行役員 管理本部長） 山口 普 委員：（当社執行役員 人事総務部長） 大西 文和,フジ社外監査役 税理士 酒井 一若 フジ社外監査役 弁護士 寄井 真二郎,http://www.daisanshaiinkai.com/2016/page/3/
2016,2325,東証1,2325 東証1,株式会社ＮＪＳ,トーマツ,2016/02/16,2016/02/16 2016/03/09,http://www.daisanshaiinkai.com/2016/page/3/../cms/wp-content/uploads/2016/02/160216_daisansha2325.pdf http://www.daisanshaiinkai.com/2016/page/3/../cms/wp-content/uploads/2016/02/160309_daisansha2325.pdf,2016/03/25,2016/03/25 2016/04/15,http://www.daisanshaiinkai.com/2016/page/3/../cms/wp-content/uploads/2016/02/160325_daisansha2325.pdf http://www.daisanshaiinkai.com/2016/page/3/../cms/wp-content/uploads/2016/02/160415_daisansha2325.pdf,当社社員が、公契約関係競売入札妨害等の容疑で逮捕された事案に関して、独立した見地から、事実認定を行ったうえで、発生原因の分析、類似事案の調査を行い、再発防止策を提言する。,委員長：（大森法律事務所 弁護士） 大森 一志 委員：（青木福田法律事務所 弁護士） 青木 正賢 委員：（青木福田法律事務所 弁護士） 福田 健太郎,,http://www.daisanshaiinkai.com/2016/page/3/
2016,9075,東証1,9075 東証1,福山通運株式会社,あずさ,2016/02/05,2016/02/05,http://www.daisanshaiinkai.com/cms/wp-content/uploads/2016/03/160205_chousa9075.pdf,2016/03/14,2016/03/14,http://www.daisanshaiinkai.com/cms/wp-content/uploads/2016/03/160314_chousa9075.pdf,＜特別調査委員会＞ Ａ元常務取締役による上乗請求を利用した横領（以下、「本件不正行為」という。）に関する事実解明及び本件不正行為に類似する取引（以下、「類似不正行為」という。）の調査を行うとともに、発生の原因を解明し、再発防止策の提言を行うこと。,委員長：（当社代表取締役社長 社長執行役員） 小丸 成洋 委員：（当社常務執行役員 経理・財務担当） 桑本 聡 委員：（当社社長室内部監査室長） 井上 亮二 委員：（弁護士） 山﨑 雄一郎 委員：（公認会計士） 日下 健太 委員：（公認会計士） 橋本 憲幸,,http://www.daisanshaiinkai.com/2016/page/3/
2016,4091,東証1,4091 東証1,大陽日酸株式会社,新日本,2016/01/29,2016/01/29,http://www.daisanshaiinkai.com/2016/page/3/../cms/wp-content/uploads/2016/01/160129_chousa4091.pdf,2016/01/29,2016/01/29,http://www.daisanshaiinkai.com/2016/page/3/../cms/wp-content/uploads/2016/01/160129_chousa4091.pdf,当社元従業員が、実態のない工事代金を発注先に請求させたうえで、当社から支払われた工事代金の一部を還流させ、私的な遊興等に使用していたことが判明。,未公表,,http://www.daisanshaiinkai.com/2016/page/3/
2016,3356,JASDAQ,3356 JASDAQ,株式会社テリロジー,あずさ,2016/01/28,2016/01/28,http://www.daisanshaiinkai.com/cms/wp-content/uploads/2016/01/160128_fusei3356.pdf,2016/02/12,2016/02/12 2016/02/29 2016/02/29,http://www.daisanshaiinkai.com/cms/wp-content/uploads/2016/01/160212_chousa3356.pdf http://www.daisanshaiinkai.com/cms/wp-content/uploads/2016/01/160229_chousa3356-1.pdf http://www.daisanshaiinkai.com/cms/wp-content/uploads/2016/01/160229_chousa3356-2.pdf,＜社内調査委員会＞ 不正行為の詳細な内容を調査し、発生の原因を究明し、再発防止策を提言すること。,リスク管理委員長：（当社取締役副社長） 阿部 昭彦 リスク管理委員：（当社常勤監査役） 西村 誠二 リスク管理委員：（当社従業員） 奥野 喜弘 リスク管理委員：（当社従業員） 金井 塚功 リスク管理委員：（当社従業員） 神田 英昭 リスク管理委員 関口左右一（当社従業員） リスク管理委員：（当社従業員） 星野 智 リスク管理委員：（当社従業員） 武藤 彰英 リスク管理委員：（当社従業員） 吉田 清滋 リスク管理委員：（当社従業員） 米田 雅人,岡田・今西・山本法律事務所 弁護士 今西 一男,http://www.daisanshaiinkai.com/2016/page/3/
2016,1883,東証1,1883 東証1,前田道路株式会社,あずさ,2016/01/25,2016/01/25 2016/04/28,http://www.daisanshaiinkai.com/2016/page/3/../cms/wp-content/uploads/2016/01/160125_chousa1883.pdf http://www.daisanshaiinkai.com/2016/page/3/../cms/wp-content/uploads/2016/01/160428_chousa1883.pdf,2016/06/24,2016/06/24,http://www.daisanshaiinkai.com/cms/wp-content/uploads/2016/01/160624_chousa1883.pdf,＜社外調査委員会＞ ⑴ 東日本大震災高速道路舗装災害復旧工事を巡る独占禁止法違反に関する事実関係の調査 ⑵ 類似案件の有無及び事実関係の調査 ⑶ 内部統制，コンプライアンス及びコーポレート・ガバナンス等に対する評価 ⑷ 違反行為等の背景及び原因の分析 ⑸ 再発防止策等の提言,委員長：上田廣一 法律事務所・元東京高等検察庁検事長 （弁護士） 上田 廣一 委員：（上田廣一 法律事務所・元名古屋高等検察庁検事長 弁護士） 櫻井 正史 委員：（今川橋 法律事務所・元福岡高等裁判所長官 弁護士） 中山 隆夫,のぞみ総合法律事務所 弁護士 熊田 彰英 松田綜合法律事務所 弁護士 岩月 泰頼,http://www.daisanshaiinkai.com/2016/page/3/
2016,3191,東証1,3191 東証1,株式会社 ジョイフル本田,新日本,2016/01/14,2016/01/14 2016/02/01,http://www.daisanshaiinkai.com/cms/wp-content/uploads/2016/01/160114_chousa3191.pdf http://www.daisanshaiinkai.com/cms/wp-content/uploads/2016/01/160201_chousa3191.pdf,2016/02/17,2016/02/17,http://www.daisanshaiinkai.com/cms/wp-content/uploads/2016/01/160217_chousa3191.pdf,①本件に関する事実関係の調査 ②本件の他に同様の事象が存在しないかの調査 ③本件による影響額に関する会計処理方法の提言 ④本件が生じた要因と再発防止策の策定・提言 ⑤関係者への責任追及、および処分に関する提言,委員長：（西村あさひ法律事務所 弁護士） 錦織 康高 副委員長：（当社専務取締役管理本部長兼経営企画部長） 矢口 幸夫 委員：（当社取締役コンプライアンス・特命事項担当） 山川 征夫 委員：（当社社外監査役 公認会計士） 秋山 正明 社外委員：（関口公認会計士事務所 公認会計士） 関口 典子,,http://www.daisanshaiinkai.com/2016/page/3/
2016,9747,東証1,9747 東証1,株式会社アサツー ディ・ケイ,新日本,2016/12/27,2016/12/27,http://www.daisanshaiinkai.com/cms/wp-content/uploads/2016/12/161227_chousa9747.pdf,2017/01/06,2017/01/06 2017/01/10,http://www.daisanshaiinkai.com/cms/wp-content/uploads/2016/12/170106_chousa9747.pdf http://www.daisanshaiinkai.com/cms/wp-content/uploads/2016/12/170110_chousa9747.pdf,＜特別調査委員会＞ ①ゴンゾ検出事項に係る事実関係の解明 ②上記①に係る会計処理について問題点がある場合の原因解明（関与者の故意・過失の有無を含む。）及びその再発防止策の提言 ③上記①及び②に関連して当委員会が必要と認めた事項,委員長：（公認会計士宇澤事務所 公認会計士・公認不正検査士） 宇澤 亜弓 委員：（シティユーワ法律事務所 弁護士） 石井 輝久 委員：（祝田法律事務所 弁護士） 熊谷 真喜,株式会社 KPMG FAS 公認会計士 高岡 俊文 須賀 永治 他 6 名 シティユーワ律事務所 弁護士 長木 裕史 市橋 卓 その他弁護士・法律事務職員 2名 祝田法律事務所 弁護士 清野 訟一 榎木 智浩,http://www.daisanshaiinkai.com/2016/
2016,2743,JASDAQ,2743 JASDAQ,ピクセルカンパニーズ株式会社,明誠,2016/12/09,2016/12/09 2016/12/22,http://www.daisanshaiinkai.com/cms/wp-content/uploads/2016/12/161209_chousa2743.pdf http://www.daisanshaiinkai.com/cms/wp-content/uploads/2016/12/161222_chousa2743.pdf,2017/01/31,2017/01/31,http://www.daisanshaiinkai.com/cms/wp-content/uploads/2016/12/170131_chousa2743.pdf,＜社内調査委員会＞ 今回の事象に関する事実関係の認定、発生原因及び問題点の調査分析、その他同種事案の有無調査を行うと共に、会計処理の適正性・妥当性についての検討。また内部統制・コンプライアンス・ガバナンス上の問題点の調査分析を行い、そして、再発防止の提言を行うもの。,委員長：（豊島総合法律事務所 弁護士） 豊島 國史 委員：（東京フィナンシャル・アドバイザーズ株式会社 公認会計士） 能勢 元 委員：（当社監査役（社外）） 櫻井 紀昌 委員：（当社監査役（社外）） 中里 猛志,弁護士 ３名 公認会計士 ２名,http://www.daisanshaiinkai.com/2016/
2016,2432,東証1,2432 東証1,株式会社ディー・エヌ・エー,新日本,2016/12/05,2016/12/05 2016/12/15,http://www.daisanshaiinkai.com/cms/wp-content/uploads/2016/12/161205_daisansha2432.pdf http://www.daisanshaiinkai.com/cms/wp-content/uploads/2016/12/161215_daisansha2432-1.pdf,2017/03/13,2017/03/13 2017/03/13 2017/03/13,http://www.daisanshaiinkai.com/cms/wp-content/uploads/2016/12/170313_daisansha2432-1.pdf http://www.daisanshaiinkai.com/cms/wp-content/uploads/2016/12/170313_daisansha2432-2.pdf http://www.daisanshaiinkai.com/cms/wp-content/uploads/2016/12/170313_daisansha2432-3.pdf,①本問題について詳細な事実関係の調査 ②本問題の原因の究明（直接的な原因のみならず、企業風土、コンプライアンス及び組織運営体制の課題といった背景となる要因等を含む。） ③必要な改善提案,委員長：（元日本アイ・ビー・エム株式会社取締役 弁護士） 名取 勝也 委員：（元新日本製鐵株式会社常務取締役 弁護士） 西川 元啓 委員：（国立情報学研究所客員教授 弁護士） 岡村 久道 委員：（元東京地方検察庁特捜部検事 弁護士） 沖田 美恵子,西村あさひ法律事務所 弁護士 梅林 啓 水島 淳 泰田 啓太 山田 徹 荒井 喜美 冨谷 治亮 河野 匠範 鈴木 悠介 伊豆 明彦 北住 敏樹 前川 良介 石堂 伶奈 河野 光輝 東條 桜子 西田 朝輝 細谷 夏生 クロールインターナショナルインク,http://www.daisanshaiinkai.com/2016/
2016,4911,東証1,4911 東証1,株式会社 資生堂,あずさ,2016/12/02,2016/12/02,http://www.daisanshaiinkai.com/cms/wp-content/uploads/2016/12/161202_chousa4911.pdf,,未公表,,原因の解明と再発防止,,,http://www.daisanshaiinkai.com/2016/
2016,1882,東証1,1882 東証1,東亜道路工業株式会社,新日本,2016/11/11,2016/11/11 2016/11/14,http://www.daisanshaiinkai.com/cms/wp-content/uploads/2016/11/161111_chousa1882.pdf http://www.daisanshaiinkai.com/cms/wp-content/uploads/2016/11/161114_chousa1882.pdf,2016/12/12,2016/12/12,http://www.daisanshaiinkai.com/cms/wp-content/uploads/2016/11/161212_chousa1882.pdf,(1)今回の事象に関する事実関係の認定、発生原因及び問題点の調査分析その他同種事象の有無調査 (2)今回の事象に関する内部統制、コンプライアンス、ガバナンス上の問題点の調査分析 (3)上記(1)及び(2)の調査分析結果の報告及び再発防止策の提言,委員長：（光和総合法律事務所 弁護士） 石川 哲夫 委員：（社本公一会計事務所 公認会計士） 社本 公一 委員：（光和総合法律事務所 弁護士） 坂下 大貴 委員：（社外監査役 常勤監査役） 森 信一,,http://www.daisanshaiinkai.com/2016/
2016,3286,マザーズ・福証,3286 マザーズ・福証,トラストホールディングス株式会社,三優,2016/11/04,2016/11/04,http://www.daisanshaiinkai.com/cms/wp-content/uploads/2016/11/161104_chousa3286.pdf,2016/12/06,2016/12/06,http://www.daisanshaiinkai.com/cms/wp-content/uploads/2016/11/161206_chousa3286.pdf,＜社内調査委員会＞ 本件不適切会計処理に係る事実関係を解明するとともに、平成28 年 6 月期第 2 四半期（平成 27 年 10 月～）以降の TNW 社の全事業（本ウォーター事業、不動産事業、アミューズメント事業）及び当社グループの主力事業である駐車場事業を中心として当社グループにおいて類似の事象が存しないかを調査し、併せて本件不適切会計処理の原因究明と再発防止策の提言を行うもの。,委員長：（当社社外取締役） 木下 敏之 委員：（当社社外監査役／常勤） 市原 一也 委員：（当社社外監査役） 江口 秀人 委員：（当社社外監査役） 梁井 純輔 委員：（当社管理部部長） 北嶋 重晴 委員：（徳永・松崎・斉藤法律事務所 弁護士） 熊谷 善昭 委員：（株式会社アーク・フィナンシャル ・インテリジェンス 公認会計士） 寺崎 晋介,,http://www.daisanshaiinkai.com/2016/
2016,3673,東証1,3673 東証1,株式会社ブロードリーフ,あずさ,2016/10/28,2016/10/28,http://www.daisanshaiinkai.com/cms/wp-content/uploads/2016/10/161028_chousa3673.pdf,2016/12/29,2016/12/29 2017/01/31,http://www.daisanshaiinkai.com/cms/wp-content/uploads/2016/10/161229_chousa3673.pdf http://www.daisanshaiinkai.com/cms/wp-content/uploads/2016/10/170131_chousa3673.pdf,①本件不正行為に関する事案関係の調査 ②本件不正行為に類似する不正の有無の調査 ③本件不正行為が当社の会計処理に及ぼす影響の調査 ④発生原因の分析 ⑤再発防止策の提言,委員長：（常勤監査役） 青木 伸也 委員：（森・濱田松本法律事務所パートナー 弁護士） 藤津 康彦 委員：（株式会社プロキューブジャパン 公認会計士） 大塚 晃 委員：（株式会社プロキューブジャパン 公認会計士） 松下 剛士,森・濱田松本法律事務所 弁護士 新井 朗司 塚田 智宏 株式会社プロキューブジャパン 公認会計士 衣笠 洋子 石北 章太,http://www.daisanshaiinkai.com/2016/
2016,6493,東証2,6493 東証2,日鍛バルブ株式会社,新日本,2016/10/25,2016/10/25 2016/10/31,http://www.daisanshaiinkai.com/cms/wp-content/uploads/2016/10/161025_futekisetsu6493.pdf http://www.daisanshaiinkai.com/cms/wp-content/uploads/2016/10/161031_chousa6493.pdf,2016/12/09,2016/12/09,http://www.daisanshaiinkai.com/cms/wp-content/uploads/2016/10/161209_chousa6493.pdf,＜社内調査委員会＞ ① 本件不適切会計処理に係る事実関係の調査 ② 本件不適切会計処理に類似する事象の有無の調査 ③ 判明した事項が当社の過年度の会計処理に及ぼす影響の調査 ④ 発生原因の分析及び再発防止策の提言,委員長：（当社常務取締役 当社グローバル・コンプライアンス責任者） 李 太煥 委員：（森・濱田松本法律事務所 弁護士） 奥田 洋一 委員：（Ｕ＆Ｉアドバイザリーサービス株式会社 公認会計士） 山田 重嗣 委員：（当社独立社外監査役） 下山 秀弥,森・濱田松本法律事務所 弁護士 藤津 康彦 矢田 悠 田尻 佳菜子 塚田 智宏 千原 剛 デロイトトーマツファイナンシャルアドバイザリー合同会社 北京U&Iアドバイザリーサービス有限公司,http://www.daisanshaiinkai.com/2016/
2016,4064,東証1,4064 東証1,日本カーバイド工業株式会社,トーマツ,2016/10/19,2016/10/19,http://www.daisanshaiinkai.com/cms/wp-content/uploads/2016/10/161019_chousa4064.pdf,2016/12/02,2016/12/02,http://www.daisanshaiinkai.com/cms/wp-content/uploads/2016/10/161202_chousa4064.pdf,＜特別調査委員会＞ ① 本件不適切行為の疑義に関する事実関係及び発生原因の調査分析 ② 同種事象の有無の調査 ③ 上記①及び②の調査結果を踏まえた再発防止策の提言,委員長：（当社代表取締役社長） 松尾 時雄 委員：（株式会社 KPMG FAS 公認会計士） 髙岡 俊文 委員：（弁護士法人小野総合法律事務所 弁護士） 藤村 啓,弁護士法人小野総合法律事務所 弁護士 小池 孝史 株式会社 KPMG FAS 公認会計士 藤田 大介 他13名,http://www.daisanshaiinkai.com/2016/
2016,3674,マザーズ,3674 マザーズ,株式会社オークファン,あずさ,2016/10/14,2016/10/14,http://www.daisanshaiinkai.com/cms/wp-content/uploads/2016/11/161014_kansanin3674.pdf,2016/11/11,2016/11/11,http://www.daisanshaiinkai.com/cms/wp-content/uploads/2016/11/161111_chousa3674.pdf,a 事実関係及び問題点の調査分析 b 会計処理についての検討 c 当委員会が調査の過程において必要と認める一切の事項及び行為,委員長：（常勤監査役） 平野 良一 委員：（東京フィナンシャル・アドバイザーズ株式会社 公認会計士） 能勢 元 委員：（松村総合法律事務所 弁護士） 松村 正哲,,http://www.daisanshaiinkai.com/2016/
2016,4324,東証1,4324 東証1,株式会社電通,トーマツ,2016/09/23,2016/09/23 2016/12/26,http://www.daisanshaiinkai.com/cms/wp-content/uploads/2016/09/160923_futekisetsu4324.pdf http://www.daisanshaiinkai.com/cms/wp-content/uploads/2016/09/161226_chousa4324.pdf,2017/01/17,2017/01/17,http://www.daisanshaiinkai.com/cms/wp-content/uploads/2016/09/170117_chousa4324.pdf,＜社内調査委員会＞ 不適切業務が発生した原因の解明を含む業務実態の把握、検証を企図した調査,委員長：（取締役副社長執行役員） 中本 祥一 委員：外部の専門家を含む全4名,,http://www.daisanshaiinkai.com/2016/
2016,7715,東証1,7715 東証1,長野計器株式会社,トーマツ,2016/09/16,2016/09/16,http://www.daisanshaiinkai.com/cms/wp-content/uploads/2016/09/160916_chousa7715.pdf,2016/10/14,2016/10/14,http://www.daisanshaiinkai.com/cms/wp-content/uploads/2016/09/161014_chousa7715.pdf,＜社内調査委員会＞ ①本件不適切会計処理の内容、 ②本件不適切会計処理の動機及び原因・背景、 ③本件不適切会計処理の当社連結財務諸表に与える影響、 ④当社の他の連結子会社における同様の不適切会計処理の存否、および ⑤再発防止策の分析・検討を行うこと,常務取締役経理部・情報システム部担当 眞島 政弘 常務取締役法務・コンプライアンス部担当 小松 哲夫 常勤監査役 今井 善治 伊藤見富法律事務所 弁護士 吉村 龍吾 公認会計士 中嶋 克久,当社従業員 ４名（総務統括部所属１名、経理部所属２名、法務・コンプライアンス部所属１名） 外部弁護士 ３名 外部公認会計士 ２名,http://www.daisanshaiinkai.com/2016/
2016,9232,東証1,9232 東証1,株式会社パスコ,あずさ,2016/08/03,2016/08/03,http://www.daisanshaiinkai.com/cms/wp-content/uploads/2016/09/160803_chousa9232.pdf,2016/09/14,2016/09/14,http://www.daisanshaiinkai.com/cms/wp-content/uploads/2016/09/160914_chousa9232.pdf,① 本件不適切会計処理に係る事実関係の有無及び発生原因等について ② 本件不適切会計処理の会計上の適正性・妥当性について ③ 本件不適切会計処理の内部統制・コンプライアンス・ガバナンスからの問題点について ④ 本件不適切会計処理以外の不適切な会計処理の有無について ⑤ 再発防止の提言,委員長：（元名古屋高等検察庁検事長 弁護士） 髙野 利雄 委員：（あさひ法律事務所 弁護士） 中久保 満昭 委員：（伊藤公認会計士事務所 公認会計士） 伊藤 修平,その他弁護士及び公認会計士,http://www.daisanshaiinkai.com/2016/
2016,3691,マザーズ,3691 マザーズ,株式会社リアルワールド,あずさ,2016/08/29,2016/08/29,http://www.daisanshaiinkai.com/cms/wp-content/uploads/2016/08/160829_chousa3691.pdf,2016/09/15,2016/09/15,http://www.daisanshaiinkai.com/cms/wp-content/uploads/2016/08/160915_chousa3691.pdf,＜独立調査委員会＞ ①本件各取引に関する事実関係及び問題点の調査分析 ②本件各取引に係る会計処理についての検討 ③ 当委員会が調査の過程において必要と認める一切の事項及び行為,委員：（日比谷総合法律事務所 弁護士） 神垣 清水 委員：（松村総合法律事務所 弁護士） 松村 正哲 委員：（東京フィナンシャル・アドバイザーズ株式会社 公認会計士） 能勢 元,,http://www.daisanshaiinkai.com/2016/
2016,4764,JASDAQ,4764 JASDAQ,株式会社デジタルデザイン,清和,2016/08/09,2016/08/09,http://www.daisanshaiinkai.com/cms/wp-content/uploads/2016/08/160809_daisansha4764.pdf,2016/08/31,2016/08/31,http://www.daisanshaiinkai.com/cms/wp-content/uploads/2016/08/160831_daisansha4764.pdf,当該不適切な経費処理について、事実関係の調査を行い、それに至った原因を究明し、再発防止策の検討・提言を行う事。,委員長：（小笠原六川国際総合法律事務所 代表パートナー 弁護士） 六川 浩明 委員：（公認会計士、税理士） 北村 恵美,,http://www.daisanshaiinkai.com/2016/
2016,2705,JASDAQ,2705 JASDAQ,株式会社大戸屋ホールディングス,三優,2016/08/09,2016/08/09,http://www.daisanshaiinkai.com/cms/wp-content/uploads/2016/08/160809_daisansha2705.pdf,2016/10/04,2016/10/04 2016/10/04 2016/10/04,http://www.daisanshaiinkai.com/cms/wp-content/uploads/2016/08/0f680c9ab702cab35afd21a55a7f1eaa.pdf http://www.daisanshaiinkai.com/cms/wp-content/uploads/2016/08/161001_chousa2705.pdf http://www.daisanshaiinkai.com/cms/wp-content/uploads/2016/08/161001_chousa2705_2.pdf,当社及びグループ会社において、現在顕在化している懸案事項（当社筆頭株主及び一部大株主との関係を含む）について、コンプライアンス及びガバナンスの観点から、客観的な立場からの事実関係の調査、審議、助言を行うこと。,委員長：（郷原総合コンプライアンス法律事務所 弁護士） 郷原 信郎 委員：（弁護士） 赤松 幸夫 委員：（公認会計士） 樋口 哲朗,,http://www.daisanshaiinkai.com/2016/
2016,6839,東証1,6839 東証1,船井電機株式会社,トーマツ,2016/08/04,2016/08/04,http://www.daisanshaiinkai.com/cms/wp-content/uploads/2016/08/160804_chousa6839.pdf,2016/10/13,2016/10/13,http://www.daisanshaiinkai.com/cms/wp-content/uploads/2016/08/161013_chousa6839.pdf,＜社内調査委員会＞ ①今回発覚した不適切な会計処理の概要、経緯および発生原因の調査と再発防止策の提言 ②その他、社内調査委員会が必要と認めた対象事項についての調査,委員長： （当社取締役） 牧浦 弘幸 委員：（当社取締役 監査等委員長） 石崎 弘 委員： （監査室） 山口 義人,,http://www.daisanshaiinkai.com/2016/
2016,3501,東証1,3501 東証1,住江織物株式会社,トーマツ,2016/07/29,2016/07/29,http://www.daisanshaiinkai.com/cms/wp-content/uploads/2016/07/160729_daisansha3501.pdf,2016/10/25,2016/10/25 2016/10/28 2016/11/04,http://www.daisanshaiinkai.com/cms/wp-content/uploads/2016/07/161025_daisansha3501.pdf http://www.daisanshaiinkai.com/cms/wp-content/uploads/2016/07/161028_daisansha3501.pdf http://www.daisanshaiinkai.com/cms/wp-content/uploads/2016/07/161104_daisansha3501.pdf,当社がとるべき会計処理の検討を行う為、不適切会計の兆候のある事実関係について、米国における外部調査機関による調査を更に拡大深化させて継続する事と並行して、STA で発見された不適切な会計処理の兆候について、これらを示唆・強要する直接的関与だけでなく、過大な圧力を掛けるといった間接的な形での当社の関与の有無や現状の内部統制上の問題点等についての調査及び分析並びにその他、第三者委員会が必要と認めた全ての事項について調査及び分析を行うもの。,委員長：（弁護士法人三宅法律事務所 代表社員 弁護士） 千森 秀郎 委員：（弁護士法人三宅法律事務所 パートナー 弁護士） 黒田 清行 委員：（中辻公認会計士事務所 公認会計士） 中辻 義則,,http://www.daisanshaiinkai.com/2016/
2016,4764,JASDAQ,4764 JASDAQ,株式会社デジタルデザイン,清和,2016/07/26,2016/07/26,http://www.daisanshaiinkai.com/cms/wp-content/uploads/2016/07/160726_chousa4764.pdf,,未公表,,＜内部調査委員会＞ より詳細な調査を迅速に実施するもの。,,,http://www.daisanshaiinkai.com/2016/
2016,1868,東証1,1868 東証1,三井ホーム株式会社,あずさ,2016/07/25,2016/07/25,http://www.daisanshaiinkai.com/cms/wp-content/uploads/2016/07/160725_chousa1868.pdf,2016/08/02,2016/08/02,http://www.daisanshaiinkai.com/cms/wp-content/uploads/2016/07/160802_chousa1868.pdf,＜社内調査委員会＞ 本件不適切会計処理に係る事実関係を解明し、当社の他の事業部門において同様の事象が存在しないかを調査し、併せて本件不適切会計処理の原因の究明、分析と再発防止策の提言等を行うこと。,委員長：（取締役常務執行役員） 山本 実 委員：（総務部長） 徳田 荘二 委員：（経理部長） 樺澤 久人 委員：（監査室長） 藤竹 貴義 委員：（人事部長） 五井 尚人,法律事務所 コンサルティング会社,http://www.daisanshaiinkai.com/2016/
2015,3106,東証1,3106 東証1,倉敷紡績株式会社,,2015/09/18,2015/09/18 2015/10/30,http://www.daisanshaiinkai.com/cms/wp-content/uploads/2015/09/150918_chousa3106.pdf http://www.daisanshaiinkai.com/cms/wp-content/uploads/2015/09/151030_chousa3106.pdf,2015/11/24,2015/11/24,http://www.daisanshaiinkai.com/cms/wp-content/uploads/2015/09/151124_chousa3106.pdf,＜特別調査委員会＞ 当社繊維部門の営業担当であった元従業員が、複数年度に亘って、循環取引等の不適切な取引を行い、過大な売上及び利益を計上していたことが判明。当該取引の内容の精査及び原因究明を行うもの。,委員長：（当社社外監査役 弁護士法人大江橋法律事務所 弁護士） 茂木 鉄平 委 員：（弁護士法人大江橋法律事務所 弁護士） 国谷 史朗 委 員：（弁護士法人大江橋法律事務所 弁護士） 酒匂 景範 委 員：（デロイトトーマツファイナンシャルアドバイザリー合同会社 公認会計士） 築島 繁 委 員：（当社社外監査役） 宮 二朗 委 員：（当社常勤監査役） 原田 健,,http://www.daisanshaiinkai.com/2015/page/2/
2015,6502,東証2・名証,6502 東証2・名証,株式会社 東芝,新日本,2015/09/17,2015/09/17,http://www.daisanshaiinkai.com/cms/wp-content/uploads/2015/09/150917_chousa6502.pdf,2015/11/07,2015/11/07 2015/11/09,http://www.daisanshaiinkai.com/cms/wp-content/uploads/2015/09/151107_chousa6502.pdf http://www.daisanshaiinkai.com/cms/wp-content/uploads/2015/09/151109_chousa6502.pdf,＜役員責任調査委員会＞ 当社において不適切な会計処理が認められた 2008 年度から 2014 年度第 3 四半期までの間に取締役又は執行役であった者（以下、「対象役員」といいます。）において、その職務執行に関し任務懈怠責任があったか否かを含め、当社が適切かつ公正な判断を行うために、監査委員会に対する報告、提言を行うこと。,委員長：（元札幌高裁長官 弁護士） 大内 捷司 委員：（元東京高裁部総括判事 弁護士） 藤村 啓 委員：（元広島地検次席検事 弁護士） 山口 幹生,弁護士法人大江橋法律事務所 弁護士 関口 智弘（事務局総括） 福原 あゆみ（事務局総括補佐） 川西 風人 廣瀬 崇史 冨士﨑 真治 山本 翔 佐藤 恵二 日高 鑑 平田 省郎 上原 拓也 森藤 夢菜 会計アドバイザー 公認会計士 6 名 フォレンジックサービス デジタル・フォレンジックス専門家 5 名,http://www.daisanshaiinkai.com/2015/page/2/
2015,7517,東証1,7517 東証1,黒田電気株式会社,,2015/09/10,2015/09/10,http://www.daisanshaiinkai.com/cms/wp-content/uploads/2015/12/150910_chousa7517.pdf,2015/11/27,2015/11/27,http://www.daisanshaiinkai.com/cms/wp-content/uploads/2015/12/151127_chousa7517.pdf,＜社外調査委員会＞ ①本件声明文の作成・公表に係る事実関係及び背景事情を解明すること、並びに②事実関係の法的評価を行うこと,委員長：（長島・大野・常松法律事務所、元名古屋高等検察 庁検事長 弁護士） 岩村 修二 委員：（長島・大野・常松法律事務所 弁護士） 小林 英明 委員：（長島・大野・常松法律事務所 弁護士） 松井 真一,長島・大野・常松法律事務所 弁護士２名,http://www.daisanshaiinkai.com/2015/page/2/
2015,2170,東証1,2170 東証1,株式会社リンクアンドモチベーション,,2015/08/14,2015/08/14,http://www.daisanshaiinkai.com/cms/wp-content/uploads/2015/08/150814_chousa2170.pdf,2015/09/04,2015/09/04 2015/09/14,http://www.daisanshaiinkai.com/cms/wp-content/uploads/2015/08/150904_chousa2170.pdf http://www.daisanshaiinkai.com/cms/wp-content/uploads/2015/08/150914_chousa2170.pdf,＜特別調査・検証委員会＞ 本件不適切会計処理の原因の特定、本件不適切会計処理と同種の不適切な会計処理が当該子会社又は他の当社子会社において他の期間に行われていないか否かに関する検証及び再発防止策の策定を目的として、内部調査委員会が行う調査に関し、その適切性を検証すること,委員長：（伊藤 見富法律事務所 弁護士） 吉村 龍吾 委員：（株式会社プルータス・コンサルティング代表取締役 公認会計士） 中嶋 克久 委員：（当社常勤監査役） 本田 寛,,http://www.daisanshaiinkai.com/2015/page/2/
2015,7486,JASDAQ,7486 JASDAQ,サンリン株式会社,,2015/08/03,2015/08/03,http://www.daisanshaiinkai.com/cms/wp-content/uploads/2015/08/150803_chousa7486.pdf,2015/09/10,2015/09/10,http://www.daisanshaiinkai.com/cms/wp-content/uploads/2015/08/150910_chousa7486.pdf,＜社内調査委員会＞ イ 不正な資金横領および不適切な会計処理の特定 ロ 横領金の資金使途の把握 ハ 不正行為が発生した原因および背景に関する調査の実施 ニ 本事案に類似する不正な資金横領の有無の確認 ホ 不適切な会計処理の訂正方針の立案 ヘ 再発防止のための内部統制上および業務運営上の改善策の提言 ト 社内関係者の責任の所在、程度に関する提言,委員長：（当社社外監査役・独立役員・弁護士） 山根 伸右 副委員長：（当社代表取締役専務） 川窪 磯男 委員：（当社常務取締役管理本部長） 大槻 清人 委員：（当社取締役監査部長） 須澤 孝充 委員：（当社常勤監査役） 坂内 富夫 委員：（当社常勤監査役） 川岸 隆,社外監査役 井口 秀昭,http://www.daisanshaiinkai.com/2015/page/2/
2015,1400,JASDAQ,1400 JASDAQ,ルーデン・ホールディングス株式会社,,2015/06/25,2015/06/25,http://www.daisanshaiinkai.com/cms/wp-content/uploads/2015/06/150625_chousa1400.pdf,,未公表,,＜社内調査＞ 子会社であるルーデン・ビルマネジメントにおいて、従業員が平成 20 年 4 月から平成 27 年 5 月にかけて、3 つのマンション管理組合の修繕積立金等を詐取（被害総額は約 7 千万円）してたことが判明。その全容解明と再発防止策を検討するもの。,,,http://www.daisanshaiinkai.com/2015/page/2/
2015,5938,東証１ ・名証１,5938 東証１ ・名証１,株式会社ＬＩＸＩＬグループ,,2015/06/08,2015/06/08,http://www.daisanshaiinkai.com/cms/wp-content/uploads/2015/06/150608_chousa5938.pdf,2015/11/16,2015/11/16,http://www.daisanshaiinkai.com/cms/wp-content/uploads/2015/06/151116_chousa5938.pdf,社内調査の結果をより中立的な立場から検証し、業務執行を適切 に監督する観点から、当社の海外子会社である Joyou に対する資本参加及びその後の子会社管理に関する事実関係の調査及び分析、並びに、原因の究明及び今後の再発防止策の検証及び提言を目的とする。,委員長：（当社社外取締役 公認会計士） 川口 勉 委員：（中村・角田・松本法律事務所 弁護士） 中村 直人 委員：（ＫＰＭＧ ＦＡＳ 執行役員パートナー 公認会計士） 高岡 俊文,,http://www.daisanshaiinkai.com/2015/page/2/
2015,3760,JASDAQ,3760 JASDAQ,株式会社 ケイブ,,2015/05/29,2015/05/29,http://www.daisanshaiinkai.com/cms/wp-content/uploads/2015/06/150529_chousa3760.pdf,2015/06/19,2015/06/19,http://www.daisanshaiinkai.com/cms/wp-content/uploads/2015/06/150619_chousa3760.pdf,① 本件不正行為に関する事実関係の認定、発生原因及び問題点の調査分析並びに修正を要する会計処理の適正性・妥当性に関する検討 ② 本件不正行為に関する内部統制、コンプライアンス、及びガバナンス上の問題点の調査分析 ③ 判明した原因に基づいた再発防止策の提言,委員長：（潮見坂綜合法律事務所 弁護士） 吉羽 真一郎 委 員：（株式会社丸の内ビジネスコンサルティング 公認会計士） 須永 真樹 委 員：（当社常勤監査役） 清水 和海 委 員 ：（当社取締役内部監査室長） 小尾 敏仁,潮見坂綜合法律事務所 有富 丈之 に株式会社丸の内ビジネスコンサル ティング 金光 良昭 紺谷 宏,http://www.daisanshaiinkai.com/2015/page/2/
2015,7824,名証,7824 名証,株式会社オプトロム,,2015/05/20,2015/05/20,http://www.daisanshaiinkai.com/cms/wp-content/uploads/2015/05/150520_daisansha7824.pdf,2015/06/30,2015/06/30 2015/07/01,http://www.daisanshaiinkai.com/cms/wp-content/uploads/2015/05/150630_daisansha7824.pdf http://www.daisanshaiinkai.com/cms/wp-content/uploads/2015/05/150730_daisansha7824.pdf,①平成 27 年３月９日に開示した有価証券届出書の訂正届出書に記載された内容に関する事項 ②平成 26 年３月期以降に行われた外部へのファイナンシャル・アドバイザリー報酬の支払、借入金及び新株予約権に関する事項 ③当社子会社であるオプトガイアを通じた業務提携先への資金拠出 ④上記①～③に類似、関連する取引の有無及びその事象,委員：（ACE コンサルティング（株） 公認会計士） 小川 真人 委員：（鳥飼総合法律事務所 弁護士） 高田 剛 委員：（鳥飼総合法律事務所 弁護士） 島村 謙,ACE コンサルティング株式会社 公認会計士 伊藤 浩平 ほか 1 名 鳥飼総合法律事務所 弁護士 生野 聡 高橋 美和 伊東 祐介 四戸 健一 宇治 圭,http://www.daisanshaiinkai.com/2015/page/2/
2015,3865,東証1,3865 東証1,北越紀州製紙株式会社,,2015/05/12,2015/05/12,http://www.daisanshaiinkai.com/cms/wp-content/uploads/2015/05/150512_chousa3865.pdf,2015/05/28,2015/05/28,http://www.daisanshaiinkai.com/cms/wp-content/uploads/2015/05/150528_chousa3865.pdf,＜社内調査委員会＞ （１）不正行為に関する事実関係および問題点の調査分析 （２）過年度の会計処理の解明と訂正 （３）同様の行為が他のグループ会社において行われていないか否かの確認 （４）再発防止策の検討および提言,委 員 長：（社外監査役、独立役員） 糸魚川 順 副委員長：（常務取締役、チーフ・コンプライアンス・オフィサー） 松木 和道 委 員：（社外監査役、独立役員） 鈴木 信里 委 員：（常勤監査役） 堀川 淳一,,http://www.daisanshaiinkai.com/2015/page/2/
2015,9433,東証1,9433 東証1,KDDI株式会社,,2015/05/12,2015/05/12,http://www.daisanshaiinkai.com/cms/wp-content/uploads/2015/05/150512_daisansha9433.pdf,2015/08/21,2015/08/21,http://www.daisanshaiinkai.com/cms/wp-content/uploads/2015/05/150821_chousa9433.pdf,当社のDMXに対する資本参加及びその後の子会社管理に関する事実関係の調査及び分析、並びに、原因の究明及び今後の再発防止策の策定,委員長：（元最高検察庁次長検事 弁護士） 町田 幸雄 委員：（元広島地方検察庁次席検事 弁護士） 山口 幹生 委員：（公認会計士） 高岡 俊文,,http://www.daisanshaiinkai.com/2015/page/2/
2015,7241,東証１ ・名証１,7241 東証１ ・名証１,フタバ産業株式会社,,2015/05/11,2015/05/11 2015/05/19 2015/05/28,http://www.daisanshaiinkai.com/cms/wp-content/uploads/2015/05/150511_chousa7241.pdf http://www.daisanshaiinkai.com/cms/wp-content/uploads/2015/05/150519_chousa7241.pdf http://www.daisanshaiinkai.com/cms/wp-content/uploads/2015/05/150528_chousa7241.pdf,2015/06/16,2015/06/16,http://www.daisanshaiinkai.com/cms/wp-content/uploads/2015/05/150616_chousa7241.pdf,＜特別調査委員会＞ 同社に対する投融資及び債権額の全額を 2014 年 3 月期ならびに 2015 年 3 月期で損失処理するに当たり、当社の会計処理の妥当性及び投融資の承認プロセスの合理性についての調査。,委員長：（当社上席執行役員） 藤井 孝司 委員：（公認会計士） 林 寛尚 委員：（弁護士） 宗 像雄 委員：（弁護士） 小出 一郎 委員：（弁護士） 中村 隆夫,監査室室長 任勢 喜久雄 三優監査法人 公認会計士 八代 英明 鳥飼総合法律事務所 弁護士 香西 駿一郎 町田 覚 宇治 圭,http://www.daisanshaiinkai.com/2015/page/2/
2015,8090,東証1,8090 東証1,昭光通商株式会社,,2015/05/08,2015/05/08,http://www.daisanshaiinkai.com/cms/wp-content/uploads/2015/07/150508_chousa8090.pdf,2015/07/30,2015/07/30,http://www.daisanshaiinkai.com/cms/wp-content/uploads/2015/07/150730_chousa8090.pdf,当社及び昭光通商（上海）有限公司（以下「昭光上海」といいます。）の中国国内の取引先との間の鉄鋼関連商品の販売等の取引（以下「本件取引」といいます。）により、多額の貸倒引当金の計上による損失計上に至った事実の解明、原因の分析及び再発防止策の策定を行うこと,委員長：（弁護士） 森田 恒平 委員：（公認会計士・公認不正検査士） 宇澤 亜弓 委員：（常勤（社外）監査役） 酒井 仁和,,http://www.daisanshaiinkai.com/2015/page/2/
2015,6502,東証2・名証,6502 東証2・名証,株式会社 東芝,新日本,2015/05/08,2015/05/08 2015/05/13 2015/05/15 2015/05/22 2015/07/17,http://www.daisanshaiinkai.com/cms/wp-content/uploads/2015/05/150508_daisansha6502.pdf http://www.daisanshaiinkai.com/cms/wp-content/uploads/2015/05/150513_daisansha6502.pdf http://www.daisanshaiinkai.com/cms/wp-content/uploads/2015/05/150515_daisansha6502.pdf http://www.daisanshaiinkai.com/cms/wp-content/uploads/2015/05/150522_daisansha6502.pdf http://www.daisanshaiinkai.com/cms/wp-content/uploads/2015/05/150717_daisansha6502.pdf,2015/07/20,2015/07/20 2015/07/21,http://www.daisanshaiinkai.com/cms/wp-content/uploads/2015/05/150720_daisansha6502.pdf http://www.daisanshaiinkai.com/cms/wp-content/uploads/2015/05/150721_daisansha6502.pdf,＜第三者委員会＞ 工事進行基準案件に係る会計処理の適正性、その他当社が第三者委員会に委嘱する事項の調査を行うとともに、当該調査の対象となった会計処理が適正性を欠くと判断した場合には、その発生原因の究明及び再発防止策の提言,委員長：（元東京高等検察庁検事長 弁護士） 上田 廣一 委 員：（丸の内総合法律事務所 共同代表弁護士） 松井 秀樹 委 員：（元日本公認会計士協会副会長 公認会計士） 伊藤 大義 委 員：（公認会計士） 山田 和保,,http://www.daisanshaiinkai.com/2015/page/2/
2015,6502,東証2・名証,6502 東証2・名証,株式会社 東芝,新日本,2015/04/03,2015/04/03,http://www.daisanshaiinkai.com/cms/wp-content/uploads/2015/04/150403_daisansha6502.pdf,2015/06/12,2015/06/12,http://www.daisanshaiinkai.com/cms/wp-content/uploads/2015/04/150612_chousa6502.pdf,＜特別調査委員会＞ 工事進行基準案件に係る会計処理の適性性を検証し、検証結果を踏まえ改善・再発防止策に関して提言する。,委員長：（取締役会長） 室町 正志 委員：（社外取締役、監査委員会委員） 島内 憲 委員：（執行役上席常務、法務部担当） 牛尾 文昭 委員：（執行役常務、経営監査部長） 井頭 弘 委員：（森・濱田松本法律事務所 弁護士） 北田 幹直 委員：（デロイトトーマツファイナンシャルアドバイザリー合同会社 公認会計士） 築島 繁,非公表,http://www.daisanshaiinkai.com/2015/page/2/
2015,7824,名証,7824 名証,株式会社オプトロム,,2015/05/07,2015/05/07,,2015/06/30,2015/06/30 2015/07/01 2015/07/30,,＜社内調査委員会＞ 平成 27 年3月9日に開示済みの有価証券届出書、訂正有価証券届出書及び適時開示資料、並びに平成27 年3月期に係る四半期報告書等並びにこの間に当社が開示した適時開示資料等について、訂正が必要となる事象の有無を含む事実関係の調査,委員長：（常勤監査役） 板津 弘典 委員：（取締役） 甲斐 昌樹 委員：（当社元社外監査役 二重橋法律事務所 弁護士 ） 水川 聡,,http://www.daisanshaiinkai.com/2015/page/2/
2015,8001,東証1,8001 東証1,伊藤忠商事株式会社,,2015/04/17,2015/04/17,http://www.daisanshaiinkai.com/cms/wp-content/uploads/2015/04/150417_chousa8001.pdf,2015/04/17,2015/04/17,http://www.daisanshaiinkai.com/cms/wp-content/uploads/2015/04/150417_chousa8001.pdf,当社連結子会社である伊藤忠ホームファッション株式会社（以下「IHF」といいます。）において、IHF 元社員が架空在庫の作出及び在庫の循環取引等を行っていたことが発覚。これを受け、本件の事実確認、原因究明、及び再発防止策の検討を実施。,前副社長執行役員（社長補佐 CFO・CAO） 関 忠行 社外の専門家（弁護士及び公認会計士）,,http://www.daisanshaiinkai.com/2015/page/2/
2015,5707,東証1,5707 東証1,東邦亜鉛株式会社,,2015/04/16,2015/04/16 2015/05/12,http://www.daisanshaiinkai.com/cms/wp-content/uploads/2015/05/150416_fusei5707.pdf http://www.daisanshaiinkai.com/cms/wp-content/uploads/2015/05/150512_daisansha5707.pdf,2015/05/27,2015/05/27,http://www.daisanshaiinkai.com/cms/wp-content/uploads/2015/05/150527_chousa5707.pdf,① 本件に関する事実関係の調査及び事実認定 ② 本件の原因の分析及び検証 ③ 類似案件の調査 ④ 本件による過年度決算への影響の調査 ⑤ 再発防止策の検討 ⑥ 前記①ないし⑤の調査結果を記載した調査報告書の作成,委員長：（三山総合法律事務所 弁護士） 三山 裕三 委 員：（桐蔭法科大学院教授 弁護士） 中島 肇 委 員：（東公認会計士事務所 公認会計士） 東 徹典,三山総合法律事務所 弁護士 田中 慎一,http://www.daisanshaiinkai.com/2015/page/2/
2015,1879,東証1,1879 東証1,新日本建設 株式会社,,2015/04/16,2015/04/16,http://www.daisanshaiinkai.com/cms/wp-content/uploads/2015/04/150416_daisansha1879.pdf,2015/05/15,2015/05/15,http://www.daisanshaiinkai.com/cms/wp-content/uploads/2015/04/150515_daisansha1879.pdf,過去 5 期分（平成 22 年 3 月期から平成 26 年 3 月期まで）の棚卸資産及び固定資産として会社帳簿上に計上された不動産の評価額の適正性及び適正でない場合の原因の調査並びに過年度の会計処理の訂正による範囲、影響額等の確認。,委員長：（石澤・神・佐藤法律事務所 弁護士） 佐藤 順哉 委員：（公認会計士松藤斉事務所 公認会計士） 松藤 斉 委員：（岩崎法律事務所 弁護士） 岩崎 晃 委員：（中野法律事務所、中野公認会計士事務所 公認会計士、弁護士） 中野 竹司,石澤・神・佐藤法律事務所 大江 弘之 虎ノ門パートナーズ法律事務所 幡田 宏樹 虎ノ門有限責任監査法人 渋佐 寿彦 佐々木 健一 北嶋 陽一 デロイトトーマツファイナンシャルアドバイザリー（株） 岡田 大輔 外３名,http://www.daisanshaiinkai.com/2015/page/2/
2015,6636,JASDAQ,6636 JASDAQ,株式会社 S O L H o l d i n g s,,2015/04/15,2015/04/15,http://www.daisanshaiinkai.com/cms/wp-content/uploads/2015/04/150415_daisansha6636.pdf,2015/06/15,2015/06/15 2015/06/18,http://www.daisanshaiinkai.com/cms/wp-content/uploads/2015/04/150615_chousa6636.pdf http://www.daisanshaiinkai.com/cms/wp-content/uploads/2015/04/150618_chousa6636.pdf,本件プレスリリースを開示するに至った経緯及び事実の確認、原因究明を行い、責任の所在の明確化、再発防止の提言,委員長：（二重橋法律事務所 弁護士） 川村 一博 委 員：（二重橋法律事務所 弁護士） 木川 和広 委 員：（監査役） 益田 康雄 委 員：（監査役） 円谷 智彦 委 員：（監査役・若尾総合法律事務所 弁護士） 若尾 康成,,http://www.daisanshaiinkai.com/2015/page/2/
2015,3160,東証2,3160 東証2,株式会社大光,,2015/04/06,2015/04/06,http://www.daisanshaiinkai.com/cms/wp-content/uploads/2015/05/150406_chousa3160.pdf,2015/04/30,2015/04/30,http://www.daisanshaiinkai.com/cms/wp-content/uploads/2015/05/150430_chousa3160.pdf,＜社内調査委員会＞ ① 回収懸念に端を発した、マリンデリカが Y 社から仕入れ、X 社に販売する一連のナマコの取引に関する実在性の確認および事実関係の調査 ② マリンデリカの本ナマコ取引以外の取引に関する実在性の確認および事実関係の調査 ③ 社内共謀者の有無の調査 ④ 大光における取引に関する実在性の確認および事実関係の調査 ⑤ 事実関係の把握とこれに基づく数値面での訂正の必要性の有無の検討 ⑥ 内部管理体制の確認および再発防止策の策定,委員長：（大光社外監査役 公認会計士） 吉村 有人 委員：（アンダーソン・毛利・友常法律事務所 弁護士） 青柳 良則 委員：（三優監査法人 公認会計士） 林 寛尚 委員：（大光社外監査役 弁護士） 前川 弘美 委員：（大光常勤監査役） 今井 敦司 委員：（大光代表取締役社長） 金森 武 委員：（大光常務取締役管理本部長兼総務部長） 秋山 大介 委員：（大光取締役管理本部副本部長兼経理部長） 髙橋 章夫 委員：（大光内部監査室長） 佐藤 慎,アンダーソン・毛利・友常法律事務所 弁護士 甲斐 淑浩 広瀬 卓生 柴田 高宏,http://www.daisanshaiinkai.com/2015/page/3/
2015,3731,マザーズ,3731 マザーズ,株式会社京王ズホールディングス,アリア,2015/03/31,2015/03/31 2015/04/01,http://www.daisanshaiinkai.com/cms/wp-content/uploads/2015/04/150331_daisansha3731.pdf http://www.daisanshaiinkai.com/cms/wp-content/uploads/2015/04/150401_daisansha3731.pdf,2015/04/21,2015/04/21,http://www.daisanshaiinkai.com/cms/wp-content/uploads/2015/04/150421_daisansha3731.pdf,財務報告に係る内部統制の見直しを行う過程において、同社連結子会社である株式会社ノーブルコミュニケーションと株式会社ＩＪＴの２社間において、売上の付け替えがあった可能性があることが判明したため、その事実関係を調査し、原因分析及び再発防止策の提言を行うこと。,委員長：（曽我法律事務所、仙台弁護士会副会長 弁護士） 曽我 陽一 委員：（松山公認会計士事務所 公認会計士） 松山 昌司 委員：（あすなろ監査法人 公認会計士） 辻 高史,,http://www.daisanshaiinkai.com/2015/page/3/
2015,4091,東証1,4091 東証1,大陽日酸株式会社,新日本,2015/03/27,2015/03/27,http://www.daisanshaiinkai.com/cms/wp-content/uploads/2015/03/150327_daisansha4091.pdf,2015/05/15,2015/05/15,http://www.daisanshaiinkai.com/cms/wp-content/uploads/2015/03/150515_daisansha4091.pdf,(1) 本件インサイダー情報の管理について不適切な点がなかったかを検証すること。 (2) 本件インサイダー情報の管理に不適切な点があった場合は、その原因の分析を行うとともに問題改善のための提言を行うこと。,委員長：（弁護士 元福岡高検検事長） 三浦 正晴 委員： （弁護士） 片山 典之 委員： （弁護士） 大森 一志,,http://www.daisanshaiinkai.com/2015/page/3/
2015,9031,東証1・福証,9031 東証1・福証,西日本鉄道株式会社,新日本,2015/02/02,2015/02/02,http://www.daisanshaiinkai.com/cms/wp-content/uploads/2015/03/150202_daisansha9031.pdf,2015/03/03,2015/03/03 2015/03/26,http://www.daisanshaiinkai.com/cms/wp-content/uploads/2015/03/150303_daisansha9031.pdf http://www.daisanshaiinkai.com/cms/wp-content/uploads/2015/03/150326_daisansha9031.pdf,（１）本件不正行為に起因する当第３四半期および過年度（過去５年間を想定）における会計に与える影響額の合理的見積もりに必要な調査（当社グループにおける同種の不正行為の有無についての調査を含む）を行う。 （２）本件不正行為に関する事実の認定、発生原因および問題点の調査分析を行う。 （３）本件不正行為の発生に関する内部統制、コンプライアンス、ガバナンス上の問題点の有無の調査分析を行う。 （４）上記（２）（３）を踏まえ、再発防止策の提言を行う。 ＜外部調査委員会＞,委員長：（西村あさひ法律事務所 弁護士） 伊藤 鉄男 委員：（上田廣一法律事務所 弁護士） 鈴木 和宏 委員：（ＡＣＥコンサルティング代表 公認会計士） 小川 真人,西村あさひ法律事務所 弁護士,http://www.daisanshaiinkai.com/2015/page/3/
2015,3440,福証,3440 福証,日創プロニティ株式会社,,2015/03/13,2015/03/13,http://www.daisanshaiinkai.com/cms/wp-content/uploads/2015/04/150313_chousa3440.pdf,2015/04/14,2015/04/14,http://www.daisanshaiinkai.com/cms/wp-content/uploads/2015/04/150414_chousa3440.pdf,・本件不正行為に関する事実関係の調査分析 ・類似事象の有無の調査 ・本件不正行為が発生するに至った業務の問題点の調査分析 ・再発防止策の検討及び提言,委員長：（日創プロニティ常勤社外監査役（独立役員）） 有吉 修 委員：（日創プロニティ社外取締役（独立役員）弁護士） 白垣 政幸 委員：（日創プロニティ社外監査役（独立役員）公認会計士） 広瀬 隆明 委員：（日創プロニティ社外監査役（独立役員）公認会計士） 大松 健,日創プロニティ取締役１名 実務担当者数名,http://www.daisanshaiinkai.com/2015/page/3/
2015,5105,東証1,5105 東証1,東洋ゴム工業株式会社,,2015/03/13,2015/03/13,http://www.daisanshaiinkai.com/cms/wp-content/uploads/2015/04/150313_chousa5105.pdf,2015/04/24,2015/04/24 2015/06/19 2015/06/22 2015/12/25,http://www.daisanshaiinkai.com/cms/wp-content/uploads/2015/03/151225_chousa5105.pdf http://www.daisanshaiinkai.com/cms/wp-content/uploads/2015/04/150424_chousa5105.pdf http://www.daisanshaiinkai.com/cms/wp-content/uploads/2015/04/150619_chousa5105.pdf http://www.daisanshaiinkai.com/cms/wp-content/uploads/2015/04/150622_chousa5105.pdf,・ TR 及びCI の製品である免震積層ゴムの性能検査において技術的根拠のないデータ処理が行われた事実及びその原因の解明。 ・ 上記技術的根拠のないデータ処理がTR 及びCI において発覚するに至る経緯、及び発覚しなかった原因等の解明。 ・ 上記調査により判明した事実及びその原因等に即した再発防止策の提言。,長島・大野・常松法律事務所所属弁護士 小林 英明 岩村 修二 園田 拓也 辺 誠祐 坂尾 佑平 脇谷 太智 青柳 徹 板谷 隆平 豊田 紗織 三島 可織,,http://www.daisanshaiinkai.com/2015/page/3/
2015,2453,東証１ ・名証１,2453 東証１ ・名証１,ジャパンベストレスキューシステム株式会社,トーマツ,2015/03/12,2015/03/12,http://www.daisanshaiinkai.com/cms/wp-content/uploads/2015/04/150312_chousa2453.pdf,2015/04/28,2015/04/28,http://www.daisanshaiinkai.com/cms/wp-content/uploads/2015/04/150428_chousa2453.pdf,① JBR元取締役管理部長B氏による本件不正行為に関する指示の有無及び関与の程度並びにJBRの監査体制及びJBRの監査対応における問題点等の調査 ② 過去に設置された第三者委員会が認定した事実に誤りがある場合には，その原因の解明 ③ 再発防止策の提言,委員長：（JBR社外取締役，公認会計士・公認不正検査士， 公認会計士宇澤事務所） 宇澤 亜弓 委 員：（JBR社外取締役，弁護士，二重橋法律事務所） 熊谷 真喜 委 員：（JBR社外監査役） 吉岡 徹郎,株式会社KPMG FAS 高岡 俊文（パートナー，公認会計士） 須賀 永治（シニアマネージャー，公認会計士） 他4名,http://www.daisanshaiinkai.com/2015/page/3/
2015,9963,東証1,9963 東証1,江守グループホールディングス株式会社,あずさ,2015/02/10,2015/02/10 2015/02/14 2015/02/16 2015/03/02,http://www.daisanshaiinkai.com/cms/wp-content/uploads/2015/03/150210_daisansha9963.pdf http://www.daisanshaiinkai.com/cms/wp-content/uploads/2015/03/150214_daisansha9963.pdf http://www.daisanshaiinkai.com/cms/wp-content/uploads/2015/03/150216_daisansha9963.pdf http://www.daisanshaiinkai.com/cms/wp-content/uploads/2015/03/150302_daisansha9963.pdf,2015/03/16,2015/03/16,http://www.daisanshaiinkai.com/cms/wp-content/uploads/2015/03/150316_daisansha9963.pdf,1. 売上の妥当性の調査 (滞留している売掛債権の基礎となる取引の妥当性の調査および検討) 2. 売上の実在性の調査 (徹底した調査に則った実在性の検証 ) 3. 重大な内部規則違反調査 (コンプライアンス違反の発見と処分。中国国内のコンプライアンス体制と内部統制の強化),西村あさひ法律事務所,,http://www.daisanshaiinkai.com/2015/page/3/
2015,6636,JASDAQ,6636 JASDAQ,株式会社 S O L H o l d i n g s,,2015/03/02,2015/03/02,http://www.daisanshaiinkai.com/cms/wp-content/uploads/2015/06/150302_chousa6636.pdf,2015/05/25,2015/05/25,http://www.daisanshaiinkai.com/cms/wp-content/uploads/2015/04/150525_chousa6636.pdf,(１) 本社債及び本件新株予約権の買取り並びに特別損失の計上に関し、本件株式交換を公表した時点での当社取締役（Ａ氏、Ｂ氏、Ｃ氏、Ｄ及びＥ氏）の善管注意義務違反の有無 (２) 善管注意義務違反が認められる場合、相当因果関係が認められる損害の範囲 (３) 問題点及び再発防止策に関する提言,委員長：（二重橋法律事務所 弁護士） 川村 一博 委 員：（二重橋法律事務所 弁護士） 木川 和広 委 員：（監査役） 益田 康雄 委 員：（監査役） 円谷 智彦 委 員：（監査役・若尾総合法律事務所 弁護士） 若尾 康成,,http://www.daisanshaiinkai.com/2015/page/3/
2015,9027,札証,9027 札証,株式会社ロジネットジャパン,トーマツ,2015/02/05,2015/02/05,http://www.daisanshaiinkai.com/cms/wp-content/uploads/2015/02/150205_daisansha9027.pdf,2015/03/07,2015/03/07,http://www.daisanshaiinkai.com/cms/wp-content/uploads/2015/02/150307_daisansha9027.pdf,(1) グループ間取引に関する事実関係及び問題点の調査分析を行うこと。 (2) 上記(1)において、不適切な点が明らかとなった場合、その指摘と原因究明ならびに再発防止策に関する提言を行うこと。,委員長：（村松法律事務所 弁護士） 村松 弘康 委員：（瑞輝監査法人 公認会計士） 大浦 崇志 委員：（ 京都大学経営管理大学院特定教授、元 （株）野村総合研究所取締役） 木村 東一 委員：（日本公認会計士協会 顧問、日本証券業協会 公益理事 自主規制会議議長、 元住友商事（株）代表取締役 副社長執行役員） 島崎 憲明,村松法律事務所 佐々木 貴教 田島 麻紀子 村松 康之 瑞輝監査法人 大浦 恵 岡田 友香 新日本有限責任監査法人 荒張 健 那須 美帆子 皆山 寛之 ほか 9 名,http://www.daisanshaiinkai.com/2015/page/3/
2015,6078,東証2,6078 東証2,株式会社バリューＨＲ,明治,2015/01/23,2015/01/23,http://www.daisanshaiinkai.com/cms/wp-content/uploads/2015/01/150123_chousa6078.pdf,2015/02/16,2015/02/16,http://www.daisanshaiinkai.com/cms/wp-content/uploads/2015/01/150216_daisansha6078.pdf,①バリューサポートの部長職の従業員が担当した旅行事業（外販部門）の取引案件（以下「本件取引」という。）に係る不適切な会計処理の有無及びその実態の解明、当該従業員以外の従業員によって行われている同様の取引の有無の確認 ②本件取引に関連した内部統制上の問題点の有無の検討及び ③再発防止策の提言を行うこと ＜特別調査委員会＞,委員長：（松岡公認会計士事務所 公認会計士） 松岡 幸秀 委 員：（城山タワー法律事務所 弁護士） 中田 成徳 委 員：（あかつき総合法律事務所 弁護士） 吉成 外史,神宮前アカウンティングファーム 公認会計士 大平 健司,http://www.daisanshaiinkai.com/2015/page/3/
2015,6648,JASDAQ,6648 JASDAQ,株式会社かわでん,トーマツ,2015/01/16,2015/01/16,http://www.daisanshaiinkai.com/cms/wp-content/uploads/2015/01/150116_daisansha66481.pdf,2015/03/13,2015/03/13,http://www.daisanshaiinkai.com/cms/wp-content/uploads/2015/01/150313_daisansha6648.pdf,① 本件不正行為に係る事実関係の認定，発生原因及び問題点の調査分析その他の同種事例の有無の調査 ② 本件不正行為に関連する内部統制，コンプライアンス，ガバナンス上の問題点の調査分析 ③ 上記①及び②の調査分析結果を踏まえた再発防止策の提言,委員長：（公認会計士宇澤事務所 公認会計士・公認不正検査士） 宇澤 亜弓 委員：（二重橋法律事務所） 熊谷 真喜 委員：（森・濱田松本法律事務所） 森田 恒平,株式会社 KPMG FAS 高岡 俊文 須賀 永治 他 10 名 二重橋法律事務所 赤木 貴哉 森・濱田松本法律事務所 新井 朗司 北山 昇,http://www.daisanshaiinkai.com/2015/page/3/
2015,4204,東証1,4204 東証1,積水化学工業株式会社,新日本,2015/01/15,2015/01/15,http://www.daisanshaiinkai.com/cms/wp-content/uploads/2015/01/4204_20150115.pdf,2015/03/10,2015/03/10,http://www.daisanshaiinkai.com/cms/wp-content/uploads/2015/01/150310_daisansha4204.pdf,連結子会社である日本ノーディッグテクノロジー株式会社において、不適切な会計処理が行われていたことが判明したため、当該事象の調査。 ※不適切な会計処理内容 売上済工事物件の原価を他の未売上の工事物件の仕掛工事に付替えることによる費用発生の繰延べや、工事の未完成段階での売上計上による利益の過大計上等,委員長：（アンダーソン・毛利・友常法律事務所 弁護士） 平川 修 委員：（デロイトトーマツファイナンシャルアドバイザリー㈱ 公認会計士） 築島 繁 他、弁護士1名,,http://www.daisanshaiinkai.com/2015/page/3/
2015,9936,東証1,9936 東証1,株式会社 王将フードサービス,トーマツ,2015/12/28,2015/12/28 2016/01/05,http://www.daisanshaiinkai.com/cms/wp-content/uploads/2015/12/151228_daisansha9936.pdf http://www.daisanshaiinkai.com/cms/wp-content/uploads/2015/12/160105_daisansha9936.pdf,2016/03/29,2016/03/29,http://www.daisanshaiinkai.com/cms/wp-content/uploads/2015/12/160329_daisansha9936.pdf,（１）当社のコーポレート・ガバナンス体制（反社会的勢力に対する防止体制を含む。）全般の評価 （２）当社が反社会的勢力と関係があるか否かの調査 （３）当社がステークホルダーの皆様から信頼を得るための積極的な提言,委員長：（弁護士法人あしのは法律事務所 代表社員弁護士） 大仲 土和 委員：（プロアクト法律事務所 代表 弁護士） 竹内 朗 委員： （公認会計士宇澤事務所 代表 公認会計士） 宇澤 亜弓,プロアクト法律事務所 弁護士 大野 徹也 渡邉 宙志 KPMG 執行役員パートナー 公認会計士 高岡 俊文 KPMG シニアマネージャー 公認会計士 須賀 永治 ほか 7 名 JPR&C 代表取締役 古野 啓介 ほか 10 名,http://www.daisanshaiinkai.com/2015/
2015,3222,東証1,3222 東証1,ユナイテッド・スーパーマーケット・ホールディングス株式会社,トーマツ,2015/10/22,2015/10/22,http://www.daisanshaiinkai.com/cms/wp-content/uploads/2015/12/151022_chousa3222.pdf,2015/12/25,2015/12/25,http://www.daisanshaiinkai.com/cms/wp-content/uploads/2015/12/151225_chousa3222.pdf,（１）本事案の事実関係の徹底解明 （２）トラベル社及びその他子会社の内部管理体制の実態確認 （３）カスミ社の子会社管理体制の実態確認 （４）本事案発生要因の究明と再発防止策の策定 （５）関係者の責任と処分の提言 （６）トラベル社内部管理体制の提言 （７）カスミ社の子会社管理体制の提言,委員長：（カスミ社顧問弁護士） 蓑毛 良和 副委員長：（公認会計士・税理士） 三井 聡 委員：（カスミ社顧問弁護士） 志甫 治宣 委員 安 隆之（カスミ社顧問弁護士） 委員：（カスミ社代表取締役） 藤田 元宏 委員：（カスミ社経理財務部マネジャー） 杉山 勝 委員：（カスミ社経営企画部マネジャー） 辻本 英史 委員：（カスミ社監査マネジャー） 大内 哲也,,http://www.daisanshaiinkai.com/2015/
2015,2721,JASDAQ,2721 JASDAQ,株式会社ジェイホールディングス,清和監査法人,2015/12/21,2015/12/21,http://www.daisanshaiinkai.com/cms/wp-content/uploads/2015/12/151221_daisansha2721.pdf,2016/02/12,2016/02/12,http://www.daisanshaiinkai.com/cms/wp-content/uploads/2015/12/160212_daisansha2721.pdf,１）当社ならびに当社連結子会社における過去 5 年間（平成 23 年 1 月 1 日から平成27 年 12 月 31 日）における、取引に関する事実関係および社内手続きを含む内部管理体制の確認、ならびに問題点の調査分析を行うこと。 ２）上記１）に関して、問題点が確認された場合には、その指摘、原因の究明および再発防止策に関する提言を行うこと。,委員長：（海星法律事務所 弁護士） 澤井 康生 委員：（東京弁護士会 常議員 弁護士） 山勝 幹之 委員：（伊藤会計事務所 公認会計士） 伊藤 英佑,公認会計士 河江 健史,http://www.daisanshaiinkai.com/2015/
2015,7841,JASDAQ,7841 JASDAQ,株式会社遠藤製作所,トーマツ,2015/12/15,2015/12/15,http://www.daisanshaiinkai.com/cms/wp-content/uploads/2015/12/151215_chousa7841.pdf,2016/01/29,2016/01/29,http://www.daisanshaiinkai.com/cms/wp-content/uploads/2015/12/160129_chousa7841.pdf,＜調査委員会＞ 平成 21年頃から不正行為発覚までの約 7 年間、当社元取締役が虚偽・架空の経費計上により、自身の旅費交通費や飲食代等を不当に請求し、会社資金を私的に流用した不正行為が判明。事実関係の徹底した調査・検証と有効な再発防止策の策定を行うもの。,委員長：（当社社外監査役 弁護士） 相馬 卓 副委員長：（当社常務取締役管理部門担当） 佐藤 俊明 副委員長 村田 國弘 （当社タイ統括駐在室長） 委員：（当社常勤社外監査役 独立役員） 岩尾 秀之 委員： （当社社外監査役 税理士） 佐野 榮偉 委員： （当社社外取締役） 片山 隆二,,http://www.daisanshaiinkai.com/2015/
2015,6177,マザーズ,6177 マザーズ,ＡｐｐＢａｎｋ株式会社,トーマツ,2015/12/15,2015/12/15 2015/12/24,http://www.daisanshaiinkai.com/cms/wp-content/uploads/2015/12/151215_chousa6177.pdf http://www.daisanshaiinkai.com/cms/wp-content/uploads/2015/12/151224_chousa6177.pdf,2016/01/28,2016/01/28,http://www.daisanshaiinkai.com/cms/wp-content/uploads/2015/12/160128_chousa6177.pdf,＜社内調査委員会＞ 当社元役員が、経理部門に在職した期間を通じて、当社の金銭を業務上横領していた疑いのある事実が判明。 ① 本件不正取引に関する事実関係の調査 ② その他同種事象の有無の調査 ③ 上記①及び②の調査結果を踏まえた再発防止策の提言,委員長： （当社社外監査役 公認会計士） 松岡 一臣 委 員： （長島・大野・常松法律事務所 弁護士） 藤原 総一郎 委 員： （Field-R法律事務所 弁護士） 小西 智志 委 員： （当社社外監査役） 秋山 政徳 委 員： （当社常勤監査役） 鈴木 佐知子,弁護士法人瓜生・糸賀法律事務所 弁護士 澤田 忠之 他 2 名 株式会社ＫＰＭＧ ＦＡＳ 公認会計士 髙岡 俊文 藤田 大介 他 4 名,http://www.daisanshaiinkai.com/2015/
2015,7853,東証2,7853 東証2,株式会社フード・プラネット,東京第一監査法人,2015/12/03,2015/12/03 2016/01/15,http://www.daisanshaiinkai.com/cms/wp-content/uploads/2015/12/151203_daisansha78531.pdf http://www.daisanshaiinkai.com/cms/wp-content/uploads/2015/12/160115_daisansha7853.pdf,2016/01/20,2016/01/20,http://www.daisanshaiinkai.com/cms/wp-content/uploads/2015/12/160120_daisansha7853.pdf,（１）平成26 年７月に開始した本件事業に関する事実関係及び問題点の調査分析 （２）本件事業に係る会計処理についての検討 （３）売上計上の妥当性等の問題が存在する場合は、その再発防止策の提言 （４）その他、第三者委員会が調査の過程において必要と認める事項,委員長：（二重橋法律事務所 弁護士） 大塚 和成 委 員：（坂朋法律事務所 弁護士 ） 坂本 朋博 委 員：（公認会計士） 岩崎 康子,,http://www.daisanshaiinkai.com/2015/
2015,2315,JASDAQ,2315 JASDAQ,株式会社ＳＪＩ,赤坂満秋・海生裕明,2015/11/25,2015/11/25,http://www.daisanshaiinkai.com/cms/wp-content/uploads/2015/11/151125_chousa2315.pdf,2015/12/29,2015/12/29,http://www.daisanshaiinkai.com/cms/wp-content/uploads/2015/11/151229_chousa2315.pdf,＜社内調査委員会＞ 平成27年８月７日の社外委員会からの検証報告書を受領後、内部管理体制の整備において、国内および海外におけるハードウェア取引における李元取締役の返済原資と株式会社キング・テックへの貸付金の関連性を含む過去の取引の適切性について再度点検した結果、取引の適切性に関してより深い調査が必要と判断したもの。,委員長：（松田綜合法律事務所 弁護士） 大橋 君平 委員：（松田綜合法律事務所 弁護士） 兼定 尚幸 委員：（株式会社ＳＪＩ 内部監査室長） 鎌田 俊一郎,,http://www.daisanshaiinkai.com/2015/
2015,8095,東証1,8095 東証1,イワキ株式会社,あずさ,2015/11/20,2015/11/20,http://www.daisanshaiinkai.com/cms/wp-content/uploads/2016/01/151120_fusei8095.pdf,2016/01/13,2016/01/13 2016/01/13,http://www.daisanshaiinkai.com/cms/wp-content/uploads/2016/01/160113_chousa8095.pdf http://www.daisanshaiinkai.com/cms/wp-content/uploads/2016/01/160113_kansanin9898-2.pdf,① 本件不正行為に関する社内調査に対する公正中立な検証 ② 本件不正行為に関する第三者による独自の調査 ③ 再発防止策の検討及び提言,委員長：（元横浜地検検事正・前公正取引委員会委員 弁護士） 神垣 清水 委員：（株式会社クリフィックス FAS 代表取締役 公認会計士） 近藤 弘 委員：（二重橋法律事務所パートナー 弁護士） 大塚 和成,株式会社クリフィックス FAS 公認会計士 佐藤 純也 進士 敦史 二重橋法律事務所 弁護士 西岡 祐介 江口 真理恵 高田 翔行,http://www.daisanshaiinkai.com/2015/
2015,7851,東証2,7851 東証2,カワセコンピュータサプライ株式会社,トーマツ,2015/11/16,2015/11/16 2015/11/18,http://www.daisanshaiinkai.com/cms/wp-content/uploads/2015/11/151116_daisansha7851.pdf http://www.daisanshaiinkai.com/cms/wp-content/uploads/2015/11/151118_daisansha7851.pdf,2015/12/07,2015/12/07 2015/12/07,http://www.daisanshaiinkai.com/cms/wp-content/uploads/2015/11/151207_daisansha7851_1.pdf http://www.daisanshaiinkai.com/cms/wp-content/uploads/2015/11/151207_daisansha7851_2.pdf,営業取引の一部に売上金額と原価、証跡の関連性、流通販売形態の 取引において他と異なる利益率及び重複計上が懸念される取引について、当該営業取引に関する事実関係・原因究明を調査し、再発防止策の検討・提言、同種事例の有無の調査を目的とする。,委員長：（弁護士法人 淀屋橋・山上合同 弁護士） 井口 敦 委員：（弁護士法人 淀屋橋・山上合同 弁護士） 藤田 清文 委員：（河江健史会計事務所 公認会計士） 河江 健史,弁護士法人 淀屋橋・山上合同 弁護士 大場 規安 竹本 英世 石原 遥平 公認会計士 青木 幹雄 山下 将則 増田 吉彦 黒川 剛史 他３名,http://www.daisanshaiinkai.com/2015/
2015,2538,東証2,2538 東証2,ジャパン・フード＆リカー・アライアンス株式会社,栄監査法人,2015/11/06,2015/11/06 2015/11/17 2015/12/04 2015/12/8,http://www.daisanshaiinkai.com/cms/wp-content/uploads/2015/11/151106_chousa2538.pdf http://www.daisanshaiinkai.com/cms/wp-content/uploads/2015/11/151117_chousa2538.pdf http://www.daisanshaiinkai.com/cms/wp-content/uploads/2015/11/151204_chousa2538.pdf http://www.daisanshaiinkai.com/cms/wp-content/uploads/2015/11/151208_chousa2538.pdf,2015/12/18,2015/12/18,http://www.daisanshaiinkai.com/cms/wp-content/uploads/2015/12/151218_chousa2538.pdf,＜独立調査委員会＞ 盛田㈱における拡売費の見積もりが過少であった件に関する事実関係、及び盛田㈱を含めた J 社グループにおける類似案件の存否を調査し、経営者の関与の有無及びその度合いについて事実認定を行うとともに、不適切なものの存在が認められる場合には、その背景や原因を分析し再発防止策を提言すること。,委員長：（TMI 総合法律事務所 弁護士） 相澤 光江 委員：（TMI 総合法律事務所 弁護士） 谷津 朋美 委員：（TMI 総合法律事務所 弁護士） 相澤 豪,TMI 総合法律事務所 弁護士 衛藤 佳樹 篠原 一生,http://www.daisanshaiinkai.com/2015/
2015,2538,東証2,2538 東証2,ジャパン・フード＆リカー・アライアンス株式会社,栄監査法人,2015/11/06,2015/11/06 2015/11/17 2015/12/04,http://www.daisanshaiinkai.com/cms/wp-content/uploads/2015/11/151106_chousa2538.pdf http://www.daisanshaiinkai.com/cms/wp-content/uploads/2015/11/151117_chousa2538.pdf http://www.daisanshaiinkai.com/cms/wp-content/uploads/2015/11/151204_chousa2538.pdf,2015/12/08,2015/12/8,http://www.daisanshaiinkai.com/cms/wp-content/uploads/2015/11/151208_chousa2538.pdf,＜独立調査委員会＞ 本件疑義に係る事項として栄監査法人より指摘された以下の事項について、 i） 事実関係及びその経緯・動機を把握し、 ii） 会長の代表取締役としての善管注意義務（会社法第330条、民法第644条）及び忠実義務（会社法第355条）の違反の有無についての法的評価を行い、さらに iii） 当社内部統制システムの不備又はこれが有効に機能していないおそれについての判断を示すとともに、これらに問題が存在した時はその原因を分析し再発防止策を提言すること。,委員長：（TMI総合法律事務所 弁護士） 相澤 光江 副委員長：（田淵公認会計士事務所 公認会計士） 田淵 正信 副委員長：（アンダーソン・毛利友常法律事務所 弁護士） 増田 健一 委員：（TMI総合法律事務所 弁護士） 相澤 豪 委員：（TMI総合法律事務所 弁護士） 谷津 朋美 委員：（TMI総合法律事務所 弁護士） 米田 紀子 委員：（アンダーソン・毛利友常法律事務所 弁護士） 塚本 英巨 委員：（河江健史会計事務所 公認会計士） 河江 健史,TMI 総合法律事務所 弁護士 佐藤 竜明 篠原 一生 アンダーソン・毛利・友常法律事務所 弁護士 竹本 康彦 公認会計士 樫本 尚彦 張本 和志 土井 貴達 他６名,http://www.daisanshaiinkai.com/2015/
2015,2538,東証2,2538 東証2,ジャパン・フード＆リカー・アライアンス株式会社,栄監査法人,2015/11/06,2015/11/06,http://www.daisanshaiinkai.com/cms/wp-content/uploads/2015/11/151106_chousa2538.pdf,2015/10/15,2015/10/15,http://www.daisanshaiinkai.com/cms/wp-content/uploads/2015/11/151106_chousa2538.pdf,＜独立調査委員会＞ 本件疑義に係る事項として栄監査法人より指摘された以下の事項について、 i） 事実関係及びその経緯・動機を把握し、 ii） 会長の代表取締役としての善管注意義務（会社法第330条、民法第644条）及び忠実義務（会社法第355条）の違反の有無についての法的評価を行い、さらに iii） 当社内部統制システムの不備又はこれが有効に機能していないおそれについての判断を示すとともに、これらに問題が存在した時はその原因を分析し再発防止策を提言すること。,委員長：（TMI総合法律事務所 弁護士） 相澤 光江 副委員長：（アンダーソン・毛利友常法律事務所 弁護士） 増田 健一 委員：（TMI総合法律事務所 弁護士） 相澤 豪 委員：（TMI総合法律事務所 弁護士） 谷津 朋美 委員：（TMI総合法律事務所 弁護士） 米田 紀子 委員：（アンダーソン・毛利友常法律事務所 弁護士） 塚本 英巨,TMI総合法律事務所 弁護士 佐藤 竜明 篠原 一生 アンダーソン・毛利友常法律事務所 弁護士 竹本 康彦,http://www.daisanshaiinkai.com/2015/
2015,7238,東証1,7238 東証1,曙ブレーキ工業株式会社,トーマツ,2015/11/04,2015/11/04,http://www.daisanshaiinkai.com/cms/wp-content/uploads/2015/11/151104_chousa7238.pdf,2015/12/15,2015/12/15,http://www.daisanshaiinkai.com/cms/wp-content/uploads/2015/11/151215_chousa7238.pdf,＜調査委員会＞ ① 本件不適切会計処理の内容の詳細及びその影響額 ② 本件不適切会計処理と同様の会計処理の有無及びその影響額 ③ 本件不適切会計処理の発生原因の究明と再発防止策の提言,委員長：（当社 社外監査役、弁護士） 本間 通義 副委員長：（当社 社外監査役、公認会計士） 遠藤 今朝夫 委員：（当社 常務執行役員・コンプライアンス担当） 藤本 吉彦 委員：（当社 法務・総務部 部長） 渡邉 高夫 委員：（当社 監査部 部長代行） 小野寺 勝弘,,http://www.daisanshaiinkai.com/2015/
2015,6641,東証1,6641 東証1,日新電機株式会社,あずさ,2015/10/28,2015/10/28,http://www.daisanshaiinkai.com/cms/wp-content/uploads/2015/11/151028_chousa6641.pdf,2015/11/12,2015/11/12,http://www.daisanshaiinkai.com/cms/wp-content/uploads/2015/11/151112_chousa6641.pdf,＜内部調査委員会＞ 仕掛品の一部につき 10.2 億円（製造原価ベース）の過大計上が発生した経緯及び長年に亘り実態が把握できなかった直接・間接の理由、システム面並びに業務プロセス・体制上の問題点などを調査し、再発防止策を提言する。,委員長：（代表取締役社長） 小畑 英明 委員：（社外取締役、大学大学院教授） 百合野 正博 委員： （社外監査役） 森田 衛 委員： （社外監査役、弁護士） 田中 等 委員：（社外監査役、公認会計士） 佐伯 剛 委員：（常務取締役、人事部等所管） 延 昌秀 委員：（常務取締役、経理部等所管） 植野 正,当社法務室・経理部・情報システム部所属の社員,http://www.daisanshaiinkai.com/2015/
2015,3407,東証1,3407 東証1,旭化成株式会社,PwCあらた,2015/10/23,2015/10/23,http://www.daisanshaiinkai.com/2015/../wp-content/uploads/2015/10/151023_chousa3407.pdf,2016/01/08,2016/01/08 2016/02/09,http://www.daisanshaiinkai.com/2015/../wp-content/uploads/2015/10/160108_chousa3407.pdf http://www.daisanshaiinkai.com/2015/../wp-content/uploads/2015/10/160209_chousa3407.pdf,"＜外部調査委員会＞ ① 旭化成建材が杭工事を施工した横浜市所在のマンションの不具合等に関する、調査委員会（社内）が実施する調査結果の検証、事実関係の調査（施工報告書の施工データ等の調査および関係者への聴取を含む）、原因分析、および再発防止策の提言。 ② 旭化成建材が施工した過去 10 年間の杭工事施工実績（3,040 件）の調査方法などに関する指導および助言。",委員長 ：（元福岡高等検察庁検事長 弁護士） 鈴木 和宏 委員：（大森法律事務所 弁護士） 大森 一志 委員：（島田法律事務所 弁護士） 沖田 美恵子,,http://www.daisanshaiinkai.com/2015/
2015,7758,東証2,7758 東証2,株式会社セコニックホールディングス,新日本,2015/10/22,2015/10/22,http://www.daisanshaiinkai.com/2015/../wp-content/uploads/2015/11/151022_chousa7758.pdf,2015/11/11,2015/11/11,http://www.daisanshaiinkai.com/2015/../wp-content/uploads/2015/11/151111_chousa7758.pdf,＜社内調査委員会＞ 株式会社セコニック電子福島事業所において、平成 27 年 8 月31 日実施の実地棚卸において一部の棚卸在庫の帳簿残高が 44 百万円過大計上されていることが判明。 本件の事実確認および原因究明等の調査を目的とする。,委員長：（当社監査等委員、独立社外取締役、公認会計士） 村田 憲司 委 員：（当社監査等委員） 平林 純一 委 員：鈴木章浩（当社取締役管理本部長） 委 員：（当社執行役員、経理財務部長） 佐藤 重朗,当社内部統制監査室および経理部のメンバー,http://www.daisanshaiinkai.com/2015/
2015,3088,東証1,3088 東証1,株式会社マツモトキヨシホールディングス,トーマツ,2015/10/15,2015/10/15,http://www.daisanshaiinkai.com/2015/../wp-content/uploads/2015/10/151015_chousa3088.pdf,2015/11/11,2015/11/11,http://www.daisanshaiinkai.com/2015/../wp-content/uploads/2015/10/151111_chousa3088.pdf,＜調査委員会＞ ① 今回の事象に関する事実関係の調査 ② 本件の他に同様の事象が存在しないかの調査 ③ 今回の事象による影響額に関する会計処理方法の提言 ④ 今回の事象が発生した要因と再発防止策の策定・提言 ⑤ 関係者への責任追及、及び処分に関する提言,委員長：（当社顧問弁護士） 三好 徹 委員：（当社専務取締役 管理統括管掌） 成田 一夫 委員：（当社執行役員 内部統制統括室長） 小部 真吾 委員：（当社執行役員 財務経理部長） 石橋 昭男 委員：（当社補欠社外監査役、弁護士） 妹尾 佳明 委員：（公認会計士・税理士） 成瀬 徹,,http://www.daisanshaiinkai.com/2015/
2015,2400,JASDAQ,2400 JASDAQ,株式会社メッセージ,トーマツ,2015/10/05,2015/10/05,http://www.daisanshaiinkai.com/2015/../wp-content/uploads/2015/10/151005_daisansha2400.pdf,2015/12/07,2015/12/07,http://www.daisanshaiinkai.com/2015/../wp-content/uploads/2015/10/151207_daisansha2400.pdf,当社及び当社の子会社である積和サポートシステム株式会社が運営する施設における施設運営及び当社の本社による各施設の業務管理体制、経営陣によるコーポレートガバナンス体制の構築等に問題がないか、網羅的に調査し、事実関係及び発生原因を解明し、責任の所在を明確にするとともに、再発防止策の提言を行うこと。,委員長：（佐藤総合法律事務所代表 弁護士） 佐藤 明夫 委員：（元最高検察庁検事・青陵法律事務所 弁護士） 安田 博延 委員：（大阪大学大学院人間科学研究科教授 大学教授） 佐藤 眞一,,http://www.daisanshaiinkai.com/2015/
2015,9973,JASDAQ,9973 JASDAQ,株式会社小僧寿し,監査法人和宏事務所,2015/10/02,2015/10/02 2015/10/07,http://www.daisanshaiinkai.com/2015/../wp-content/uploads/2015/10/151002_chousa9973.pdf http://www.daisanshaiinkai.com/2015/../wp-content/uploads/2015/10/151007_chousa9973.pdf,2015/11/13,2015/11/13 2015/11/30,http://www.daisanshaiinkai.com/2015/../wp-content/uploads/2015/10/151113_chousa9973.pdf http://www.daisanshaiinkai.com/2015/../wp-content/uploads/2015/10/151130_chousa9973.pdf,＜調査委員会＞ (1) 今回の事象に関する事実関係の調査 (2) 本件の他に同様の事象が存在しないかの調査 (3) 今回の事象により発生した損害額に関する会計処理方法の提言 (4) 今回の事象が発生した要因と再発防止策の策定・提言 (5) 関係者への責任追及、及び処分に関する提言,委員長：（税理士法人東京フィナンシャル会計事務所 公認会計士） 能勢 元 委員：（二重橋法律事務所パートナー 弁護士） 高谷 裕介 委員：（当社常勤監査役） 楠原 正人 委員：（当社社外監査役 弁護士） 藤戸 久寿 委員：（当社社外監査役） 松本 幸夫,,http://www.daisanshaiinkai.com/2015/
2015,3647,東証2,3647 東証2,株式会社コネクトホールディングス,アーク監査法人,2015/09/24,2015/09/24,http://www.daisanshaiinkai.com/2015/../wp-content/uploads/2015/09/150924_daisansha3647.pdf,2015/10/26,2015/10/26 2015/10/26,http://www.daisanshaiinkai.com/2015/../wp-content/uploads/2015/09/151026_daisansha3647-1.pdf http://www.daisanshaiinkai.com/2015/../wp-content/uploads/2015/09/151026_daisansha3647-2.pdf,（1） 株式会社エコ・ボンズの平成 27 年 8 月期における営業取引（本件含め全 7 件）に関する事実関係及び問題点の調査分析。 （2） 上記（１）について、問題ある営業取引と判断された場合には、その指摘と原因究明、及び再発防止策に関する提言。,委員長：（オーデリック株式会社社外監査役 弁護士） 中西 和幸 委員：（松山公認会計士事務所 公認会計士） 松山 昌司 委員：（河江健史会計事務所 公認会計士） 河江 健史,田辺総合法律事務所 弁護士 貝塚 光啓 伊藤 英之 公認会計士 土井 貴達 増田 吉彦 市川 雅浩 他２名 AOSリーガルテック株式会社 重政 孝 藤木 隆三,http://www.daisanshaiinkai.com/2015/
2014,9704,東証1,9704 東証1,株式会社アゴーラ・ホスピタリティー・グループ,アヴァンティア,2014/12/17,2014/12/17 2015/03/02,http://www.daisanshaiinkai.com/cms/wp-content/uploads/2019/09/141217_chousa9704.pdf http://www.daisanshaiinkai.com/cms/wp-content/uploads/2019/09/150302_chousa9704.pdf,2015/03/20,2015/03/20,http://www.daisanshaiinkai.com/cms/wp-content/uploads/2019/09/150320_chousa9704.pdf,＜社内調査委員会＞ (1) 本件霊園事業に関する持分 70％取得時及びそれ以降の BSI 社株式の評価に関する事実関係の調査(以下、当委員会が行った調査を｢本件調査｣という。)、認定及び問題点の有無の分析並びに BSI 社株式に関する価値評価及び会計処理の適正性・妥当性の検証 (2) 上記(1)の検証結果に基づく過年度の会計処理の訂正要否の検討及び訂正が必要となる場合の範囲・影響額等の確認 (3) 上記(1)(2)を踏まえた原因分析と再発防止策の提言,委員長：（西村あさひ法律事務所 弁護士） 渋谷 卓司 委員：（株式会社 AGS コンサルティング 公認会計士） 松本 亨 委員：（AHG 取締役 CFO） 佐藤 暢樹,,http://www.daisanshaiinkai.com/2014/
2014,3170,JASDAQ,3170 JASDAQ,株式会社アイセイ薬局,新日本,2014/11/28,2014/11/28,http://www.daisanshaiinkai.com/cms/wp-content/uploads/2014/11/3170_201411281.pdf,2015/01/30,2015/01/30,http://www.daisanshaiinkai.com/cms/wp-content/uploads/2014/11/150130_daisansha3170.pdf,（１）過去の一部の工事請負契約、土地賃貸借契約及び不動産売買契約等につき、適切な会計処理が行われていなかったなどの疑義が生じており、当該会計処理に関する事実関係を調査し、会計処理の適正性・妥当性について検討を行うとともに、会計処理が適正性・妥当性を欠くと判断した場合には、その原因究明を行い、当社がとるべき会計処理の検討を行う。 （２）上記（１）を踏まえ、再発防止策の提言を行う。 （３）その他第三者委員会が必要と認めた調査対象事項についても調査を行う。,委員長：（あさひ法律事務所 弁護士） 那須 弘平 委員：（阿部・井窪・片山法律事務所 弁護士） 伊藤 尚 委員：（AGS税理士法人・㈱AGSコンサルティング 公認会計士・税理士） 古田 十 委員：（公認会計士宇澤事務所 公認会計士・公認不正検査士） 宇澤 亜弓,株式会社 KPMG FAS 高岡 俊文（パートナー，公認会計士） 藤田 大介（ディレクター，公認会計士）他 15 名 あさひ法律事務所 上床 竜司（弁護士） 山崎 純（弁護士） 阿部・井窪・片山法律事務所 須崎 利泰（弁護士） 飯田 岳（弁護士） 株式会社 AGS コンサルティング 江波戸 正人（税理士） 丸山 悠由（公認会計士） 谷垣 眞也（公認会計士） 筒井 寛和（公認会計士）,http://www.daisanshaiinkai.com/2014/
2014,6079,マザーズ,6079 マザーズ,株式会社エナリス,トーマツ,2014/11/20,2014/11/20 2014/12/12 2014/12/19,http://www.daisanshaiinkai.com/cms/wp-content/uploads/2015/01/6079_20141120.pdf http://www.daisanshaiinkai.com/cms/wp-content/uploads/2015/01/6079_20141212.pdf http://www.daisanshaiinkai.com/cms/wp-content/uploads/2015/01/6079_20141219.pdf,2014/12/12,2014/12/12 2014/12/18,http://www.daisanshaiinkai.com/cms/wp-content/uploads/2015/01/6079_20141212_report.pdf http://www.daisanshaiinkai.com/cms/wp-content/uploads/2015/01/6079_20141219_report.pdf,（１）会計処理に疑義が生じた株式会社エナリスとAY社株式会社との取引及びその他の会計処理に疑義の生じる可能性がある取引等について網羅的に調査を行い、事実関係及び株式会社エナリスが行うべき適切な会計処理の検討を行い、調査の結果判明した事実関係及び株式会社エナリスが行うべき適切な会計処理につき報告することを目的としている。 （２）上記の事実関係を基に、発生原因及び責任の所在並びに再発防止策の分析検討を行った結果を株式会社エナリスに対して報告することを目的としている。,委員長：（日野正晴法律事務所 弁護士） 日野 正晴 委員：（水上法律事務所 弁護士） 水上 洋 委員：（太陽有限責任監査法人 公認会計士） 和田 芳幸,記載なし,http://www.daisanshaiinkai.com/2014/
2014,7743,東証2,7743 東証2,株式会社シード,あらた,2014/11/11,2014/11/11 2014/12/10 2014/12/24,http://www.daisanshaiinkai.com/cms/wp-content/uploads/2015/01/eir-1.pdf http://www.daisanshaiinkai.com/cms/wp-content/uploads/2015/01/eir-2.pdf http://www.daisanshaiinkai.com/cms/wp-content/uploads/2015/01/eir.pdf,2014/12/10,2014/12/10,http://www.daisanshaiinkai.com/cms/wp-content/uploads/2014/11/7743_20141210_report.pdf,① 本件取引に関する当社による事実関係の調査方法、調査内容及び結果の検証（そのために必要な範囲の調査も含む） ② 本件取引と類似の取引の有無（他に漏れている関連当事者の有無）に関する当社による事実関係の調査方法、調査内容及び結果の検証（そのために必要な範囲の調査も含む） ③ 本件取引が事前に防止されなかったこと、及び早期に発見されなかった原因の調査分析 ④ 再発防止策（ガバナンス上の対策の検討を含む）の提言及び関係者の責任の所在に関する意見,委員長：（柏木総合法律事務所 弁護士、慶應義塾大学法科大学院教授） 福井 琢 委員：（公認会計士原田恒敏事務所 公認会計士） 原田 恒敏 委員：（㈱シード社外監査役） 種房 俊二,柏木総合法律事務所 迫 友広,http://www.daisanshaiinkai.com/2014/
2014,7708,JASDAQ,7708 JASDAQ,石山Gateway Holdings株式会社,東京中央,2014/11/07,2014/11/07,http://www.daisanshaiinkai.com/cms/wp-content/uploads/2014/11/7708_20141107.pdf,2014/12/12,2014/12/12,http://www.daisanshaiinkai.com/cms/wp-content/uploads/2014/11/7708_20141212_report.pdf,（１）GWHによる下記行為に関する事実関係の調査（発生原因及び問題点の調査・分析を含む。） （２）GWHの調査対象行為に係る会計処理が、会計ルールに違反するか否かについて、GWHの取締役会への答申 （３）その他、GWHの会計処理とその開示のあり方や、必要に応じて再発防止策についての調査及び答申 ■下記行為 ①GWH及びGWHの子会社における会計処理のうち、過年度における発電機の売買に関するものとしてGWHが個別調査を要請した行為 ②平成25年7月以降（過年度における）①の行為に類似する行為 ③その他当委員会が調査を必要と認めた一切の行為（疑義を避けるため、当該行為の調査をGWHが拒絶する事はできないことを確認する）,委員長：（弁護士法人ほくと総合法律事務所 弁護士） 石毛 和夫 委員：（河江健史会計事務所 公認会計士） 河江 健史 委員：（岩田合同法律事務所 弁護士） 木村 健,弁護士法人ほくと総合法律事務所 千葉 恵介 井田 大輔 横瀬 大輝 他 岩田合同法律事務所 永口 学 加藤 真由美 武藤 雄木 笹川 豪介 都 志明 他 公認会計士 青木 幹雄 山田 勝也 土井 貴達 力示 龍臣 高野 博幸 新日本有限責任監査法人FIDS 荒張 健 那須 美帆子 皆山 寛之 萬 仁志 柳 裕二 他,http://www.daisanshaiinkai.com/2014/
2014,1884,東証１,1884 東証１,日本道路株式会社,新日本,2014/11/05,2014/11/05 2014/12/05,http://www.daisanshaiinkai.com/cms/wp-content/uploads/2014/11/1884_20141105.pdf http://www.daisanshaiinkai.com/cms/wp-content/uploads/2014/11/1884_20141205.pdf,2014/12/05,2014/12/05,http://www.daisanshaiinkai.com/cms/wp-content/uploads/2014/11/1884_20141205_report.pdf,①社内調査委員会による社内調査を行ったところ、甲出張所において、特定の案件に発生した工事原価を別の案件の工事原価として付け替える「原価移動」等が行われていたことが判明し、会計監査人から社内調査の網羅性等につき疑義を呈されたことから、本件疑義に関する事実関係の認定、発生原因及び問題点の調査分析その他全社的な同種事象の有無調査 ②本件疑義に関する内部統制、コンプライアンス、ガバナンス上の問題点の調査分析 ③上記①及び②の調査分析結果の報告及び再発防止策の提言 を行うことを目的としている。,委員長：（公認会計士宇澤事務所 公認会計士） 宇澤 亜弓 委員：（TMI総合法律事務所 弁護士） 大井 哲也 委員：（TMI総合法律事務所 弁護士・公認会計士） 手島 厚,㈱KPMG FAS 高岡 俊文 須賀 永治 水野 宏之 他10名 TMI総合法律事務所 桝田 慎介 平木 伸佳 海住 幸生 佐々木 政明 工藤 竜之進 小櫃 吉高 他6名,http://www.daisanshaiinkai.com/2014/
2014,5122,東証１,5122 東証１,オカモト株式会社,新日本,2014/11/04,2014/11/04 2014/12/10,http://www.daisanshaiinkai.com/cms/wp-content/uploads/2014/11/5122_20141104.pdf http://www.daisanshaiinkai.com/cms/wp-content/uploads/2014/11/5122_20141210.pdf,2014/12/10,2014/12/10,http://www.daisanshaiinkai.com/cms/wp-content/uploads/2014/11/5122_20141210_report.pdf,①平成24年3月期から平成27年3月期の第1四半期までに行われた疑いのある棚卸資産の数量と評価額に関する不適切な会計処理（②～⑤において総称 して「本件」という）に関する事実認定（経緯・手法・規模等） ②本件の背景及び原因 ③本件の再発防止策のあり方（内部統制及び法令遵守体制についての検討を含む） ④本件にかかる会社の現・旧役職員の責任のあり方 ⑤本件と類似する事象の有無（対象：直近決算）,委員長：（梶谷綜合法律事務所 弁護士） 岡 正晶 委員：（阿部・井窪・片山法律事務所 弁護士） 伊藤 尚 委員：（㈱グローバル・パートナーズ・コンサルティング 公認会計士・税理士） 高田 正昭,阿部・井窪・片山法律事務所 須崎 利泰 飯田 岳,http://www.daisanshaiinkai.com/2014/
2014,2453,東証１ ・名証１,2453 東証１ ・名証１,ジャパンベストレスキューシステム株式会社,トーマツ,2014/10/29,2014/10/29 2014/11/11,http://www.daisanshaiinkai.com/cms/wp-content/uploads/2014/10/2453_20141029.pdf http://www.daisanshaiinkai.com/cms/wp-content/uploads/2014/10/2453_20141111.pdf,2014/11/10,2014/11/10,http://www.daisanshaiinkai.com/cms/wp-content/uploads/2014/10/2453_20141110_report.pdf,①a氏個人によるAへの出資の有無及び同社のJBR子会社・関連会社への該当の有無 ②a氏個人による出資又は融資に関する関連当事者の範囲の網羅性 ③a氏個人による出資、融資、遊興費等に係る資金がJBRグループから不適正に流出されたものであるか ④バイノスの不適正な会計処理に対するa氏の関与の有無,委員長：（弁護士法人大江橋法律事務所 弁護士） 嶋寺 基 委員：（弁護士法人大江橋法律事務所 弁護士） 倉持 大 委員：（泉会計事務所 公認会計士） 泉 範行,公認会計士 松田 隆志,http://www.daisanshaiinkai.com/2014/
2014,3587,JASDAQ,3587 JASDAQ,グローバルアジアホールディングス株式会社,アリア,2014/10/27,2014/10/27,http://www.daisanshaiinkai.com/cms/wp-content/uploads/2014/10/3587_20141027.pdf,2015/01/21,2015/01/21 2015/01/27 2015/02/04,http://www.daisanshaiinkai.com/cms/wp-content/uploads/2014/10/150121_daisansha3587.pdf http://www.daisanshaiinkai.com/cms/wp-content/uploads/2014/10/150127_daisansha35871.pdf http://www.daisanshaiinkai.com/cms/wp-content/uploads/2014/10/150204_daisansha3587.pdf,①平成26年6月に出金された増資資金のうち、内容が明らかとなっていない約192百万円に関する実態調査 ②平成27年3月期第1四半期において特別損失を計上した、資産性や回収可能性に疑義が生じている預け金や営業保証金に関する実態調査 ③社内調査の過程で生じた疑問点（昨年実施された増資の振込金の出金、並行して実行された融資の目的など）に関する調査 ④①から③の発生原因や経緯の調査 ⑤①から③の責任の所在の明確化 ⑥①から③の再発防止策に関する提言,委員長：（逢坂貞夫法律事務所 弁護士） 逢坂 貞夫 委員：（ふじ合同法律事務所 弁護士） 中込 秀樹 委員：（東京ライジング総合会計事務所 公認会計士） 石崎 秀明,弁護士 田 勝己 片岡 剛 尾山 祐介 平田 香織 岡山 大輔 神前 吾郎 公認会計士 峯尾 商衡 楠 壽大,http://www.daisanshaiinkai.com/2014/
2014,5603,東証１,5603 東証１,虹技株式会社,新日本,2014/10/31,2014/10/31 2014/12/12,http://www.daisanshaiinkai.com/cms/wp-content/uploads/2014/10/5601_20141212.pdf http://www.daisanshaiinkai.com/cms/wp-content/uploads/2014/10/5603_20141031.pdf,2014/12/12,2014/12/12,http://www.daisanshaiinkai.com/cms/wp-content/uploads/2014/10/5601_20141212_report.pdf,本件会社鉄鋼事業部における不適切な会計処理（仕掛品および製品の不正計上）に関する事実調査、原因究明および再発防止策の提言,委員長：（弁護士法人東町法律事務所 弁護士） 上谷 佳宏 委員：（弁護士法人東町法律事務所 弁護士） 木下 卓男 委員：（飯田健一公認会計士事務所 公認会計士） 飯田 健一,弁護士法人東町法律事務所 虎頭 信宏 西川 精一 名倉 大貴 井茂公認会計士事務所 井茂 博之 豊見里公認会計士事務所 豊見里 隆一,http://www.daisanshaiinkai.com/2014/
2014,8104,札証,8104 札証,株式会社クワザワ,新日本,2014/10/23,2014/10/23 2014/12/12,http://www.daisanshaiinkai.com/cms/wp-content/uploads/2014/10/8104_20141023.pdf http://www.daisanshaiinkai.com/cms/wp-content/uploads/2014/10/8104_20141212.pdf,2014/12/12,2014/12/12,http://www.daisanshaiinkai.com/cms/wp-content/uploads/2014/10/8104_20141212ir.pdf,株式会社クワザワに対し、外部からクワザワ従業員口座に不適切な金員が流入しているとの指摘があったことから、クワザワにて内部調査委員会が組織され調査が開始されたが、新たな事実・事件が発覚したこともあり、第三者委員会において、 （１）不適切な行為の有無、その原因の究明 （２）（１）の類似行為の有無 （３）会社内部の管理体制の問題点の抽出・分析 （４）再発防止策の検討・提言 を目的として活動を行った。,委員長：（岩本・佐藤法律事務所 弁護士） 岩本 勝彦 委員：（林菜つみ法律事務所 弁護士） 林 菜つみ 委員：（公認会計士酒井純事務所 公認会計士・税理士） 酒井 純 委 員：（上田恵一公認会計士事務所 公認会計士・税理士） 上田 恵一,公認会計士大和事務所 大和 真祐 おおがゆ法律事務所 井上 智輝,http://www.daisanshaiinkai.com/2014/
2014,2315,JASDAQ,2315 JASDAQ,株式会社SJI,清和,2014/10/10,2014/10/10,http://www.daisanshaiinkai.com/cms/wp-content/uploads/2014/10/2315_20141010.pdf,2015/01/30,2015/01/30 2015/01/30 2015/01/30 2015/02/03 2015/08/07,http://www.daisanshaiinkai.com/cms/wp-content/uploads/2014/10/150130_daisansha2315_1.pdf http://www.daisanshaiinkai.com/cms/wp-content/uploads/2014/10/150130_daisansha2315_2.pdf http://www.daisanshaiinkai.com/cms/wp-content/uploads/2014/10/150130_daisansha2315_3.pdf http://www.daisanshaiinkai.com/cms/wp-content/uploads/2014/10/150203_daisansha2315.pdf http://www.daisanshaiinkai.com/cms/wp-content/uploads/2014/10/150807_chousa2315.pdf,（１）過年度のハードウェア取引の一部が通常の商取引ではなく実質的には金融取引であった可能性についての調査および原因の究明 （２）当社および当社子会社において社内の承認手続を経ずに債務保証が行われた可能性についての調査および原因の究明 （３）当社および当社子会社においてその他の不適切な取引が行われた可能性についての調査および原因の究明 （４）以上の取引の結果として誤った会計処理が行われた可能性があることについての調査及び原因の究明,委員長：（渥美坂井法律事務所・外国法共同事業 弁護士） 根津 宏行 委員：（渥美坂井法律事務所・外国法共同事業 弁護士） 早川 真崇 委員：（Cenxus税理士法人・監査法人東海会計社 公認会計士・税理士） 青島 信吾,,http://www.daisanshaiinkai.com/2014/
2014,8160,東証１ ・名証１,8160 東証１ ・名証１,株式会社木曽路,トーマツ,2014/09/10,2014/09/10 2014/12/24 2014/12/25,http://www.daisanshaiinkai.com/cms/wp-content/uploads/2014/09/8160_20140910.pdf http://www.daisanshaiinkai.com/cms/wp-content/uploads/2014/09/8160_20141224.pdf http://www.daisanshaiinkai.com/cms/wp-content/uploads/2014/09/8160_20141225.pdf,2014/12/23,2014/12/23 2014/12/25,http://www.daisanshaiinkai.com/cms/wp-content/uploads/2014/09/8160_20141223_report1.pdf http://www.daisanshaiinkai.com/cms/wp-content/uploads/2014/09/8160_20141225ir1.pdf,平成24年から平成26年の間に、いわゆる銘柄牛メニューの一部について、通常の和牛特選霜降肉を提供していたことが判明したとされた銘柄牛の偽装提供事案について、 （１）社内調査の内容・結果に関する検証、不足する調査の指摘 （２）発生原因・問題点の調査分析と、責任の所在の究明 （３）本件に関する内部統制、コンプライアンス上の問題点の究明 （４）当社の業務改善、再発防止策の策定に関する提言 を行うものである。,委員長：（弁護士法人愛知総合法律事務所 弁護士） 熊田 士朗 委員：（佐尾・井上法律事務所 弁護士） 井上 尚司 委員：（かがやき監査法人 公認会計士） 稲垣 靖,全国食肉公正取引協議会 専務理事 小林 喜一 弁護士法人愛知総合法律事務所 横井 優太,http://www.daisanshaiinkai.com/2014/
2014,4793,JASDAQ,4793 JASDAQ,株式会社富士通ビー・エス・シー,新日本,2014/07/07,2014/07/07 2014/08/14,http://www.daisanshaiinkai.com/cms/wp-content/uploads/2015/01/4793_20140707.pdf http://www.daisanshaiinkai.com/cms/wp-content/uploads/2015/01/4793_20140814.pdf,2014/08/14,2014/08/14,http://www.daisanshaiinkai.com/cms/wp-content/uploads/2015/01/4793_20140814_report.pdf,（１）本件疑義（未請求売掛金、未契約の仕掛品に関する不適切な会計処理が行われた可能性）に関する事実関係及び問題点の調査分析 （２）本件疑義に関する取引に係る適正な会計処理の検討 （３）再発防止策の検討及び提言,委員長：（公認会計士宇澤事務所 公認会計士・公認不正検査士） 宇澤 亜弓 委員：（村島・穂積法律事務所 弁護士） 村島 俊宏 委員：（二重橋法律事務所 弁護士） 熊谷 真喜,㈱KPMG FAS 高岡 俊文 須賀 永治 他11名 二重橋法律事務所 江口 真理恵,http://www.daisanshaiinkai.com/2014/
2014,2453,東証１ ・名証１,2453 東証１ ・名証１,ジャパンベストレスキューシステム株式会社,トーマツ,2014/06/14,2014/06/14 2014/07/28,http://www.daisanshaiinkai.com/cms/wp-content/uploads/2014/06/2453_20140614.pdf http://www.daisanshaiinkai.com/cms/wp-content/uploads/2014/06/2453_20140728.pdf,2014/07/25,2014/07/25,http://www.daisanshaiinkai.com/cms/wp-content/uploads/2014/06/2453_20140725_report.pdf,①本件バイノス案件について、C氏、D氏、E氏又はF氏がバイノスの不適正な売上計上を認識し又はこれに関与したか否か ②本件NDG案件について、 a)JBR各取締役が本件投融資を実行すると決定した判断が取締役としての善管注意義務違反にあたるか b)NDGの資金の調達及び使途について不適正な点がみられないか等の事実関係を調査すること 調査の結果、C氏、D氏、E氏若しくはF氏がバイノスの不適正な売上計上を認識し若しくはこれに関与した事実が確認された場合、又は、本件NDG案件に関する調査の結果判明した事実が不適切と判断される場合には、その原因の究明を行い、再発防止策を提言することとした。,委員長：（弁護士法人港国際法律事務所 弁護士） 玄 君先 委員：（ウイズダム法律事務所 弁護士） 飛田 博 委員：（みかさ監査法人 公認会計士） 安田 幸一,弁護士法人港国際法律事務所 田中 紀行 仲田 隆介 坂本 大輔 ウイズダム法律事務所 江嵜 宗利 みかさ監査法人 井山 栄治 太田 行,http://www.daisanshaiinkai.com/2014/
2014,2724,JASDAQ,2724 JASDAQ,インスパイアー株式会社,清和,2014/06/09,2014/06/09 2014/06/19 2014/07/15,http://www.daisanshaiinkai.com/cms/wp-content/uploads/2014/06/2724_20140609.pdf http://www.daisanshaiinkai.com/cms/wp-content/uploads/2014/06/2724_20140619.pdf http://www.daisanshaiinkai.com/cms/wp-content/uploads/2014/06/2724_20140715.pdf,2014/07/15,2014/07/15,http://www.daisanshaiinkai.com/cms/wp-content/uploads/2014/06/2724_20140715_report.pdf,本件システム開発について、立上げの経緯、システム開発の実施の有無、 その経過及び状況等に関する事実関係の調査を行うとともに、その会計処理の適切性及 び妥当性についての検討を行うこと。,委員長：（森・濱田松本法律事務所 弁護士） 井上 愛朗 委員：（森・濱田松本法律事務所 弁護士） 川端 健太 委員：（森・濱田松本法律事務所 弁護士） 長谷 修太郎 委員：（松山公認会計士税理士事務所 公認会計士） 松山 昌司,A社（システム・コンテンツ開発業）,http://www.daisanshaiinkai.com/2014/
2014,2453,東証１ ・名証１,2453 東証１ ・名証１,ジャパンベストレスキューシステム株式会社,トーマツ,2014/05/02,2014/05/02 2014/06/03,http://www.daisanshaiinkai.com/cms/wp-content/uploads/2014/05/2453_20140502.pdf http://www.daisanshaiinkai.com/cms/wp-content/uploads/2014/05/2453_20140603.pdf,2014/06/02,2014/06/02,http://www.daisanshaiinkai.com/cms/wp-content/uploads/2014/05/2453_20140602_report.pdf,①バイノスの売上計上等に関する事実関係及び問題点の調査分析 ②バイノスがとるべき会計処理についての検討 ③バイノスと JBRLとの間の賃貸借契約に関する内部調査委員会の報告書の検証 ④賃貸料、売上計上等に問題が存在する場合は、その再発防止策の提言,委員長：（成和明哲法律事務所 弁護士） 土岐 敦司 委員：（尾崎法律事務所 弁護士） 尾崎 行正 委員：（優成監査法人 公認会計士） 渡邊 芳樹,弁護士 8名 公認会計士 4名 公認会計士試験合格者 2名,http://www.daisanshaiinkai.com/2014/
2014,7550,東証１,7550 東証１,株式会社ゼンショーホールディングス,あらた,2014/04/28,2014/04/28 2014/04/30 2014/07/31 2014/07/31,http://www.daisanshaiinkai.com/cms/wp-content/uploads/2014/04/7550_20140428.pdf http://www.daisanshaiinkai.com/cms/wp-content/uploads/2014/04/7550_20140430.pdf http://www.daisanshaiinkai.com/cms/wp-content/uploads/2014/04/7550_20140731_1.pdf http://www.daisanshaiinkai.com/cms/wp-content/uploads/2014/04/7550_20140731_2.pdf,2014/07/31,2014/07/31,http://www.daisanshaiinkai.com/cms/wp-content/uploads/2014/04/7550_20140731_report.pdf,①地元出身の幹部がより地域に密着した経営を行い、従業員の声を 迅速に反映できる風通しのよい環境を実現するべく、全国に7つの地域運営会社を設立し、それぞれがすき家店舗を運営する分社化を実施し、 ②労働環境改善に関してZHD社に提言を行うことを目的として、 労働環境改善に関する第三者委員会を設置することとした。,委員長：（日比谷パーク法律事務所 弁護士） 久保利 英明 委員：（国広総合法律事務所 弁護士） 國廣 正 委員：（一般社団法人経営倫理実践研究センター） 村松 邦子,日比谷パーク法律事務所 野宮 拓 国広総合法律事務所 中村 克己 日比谷パーク法律事務所 小川 直樹 井上 拓,http://www.daisanshaiinkai.com/2014/
2014,6625,JASDAQ,6625 JASDAQ,JALCOホールディングス株式会社,KDA,2014/02/25,2014/02/25 2014/03/04 2014/04/25 2014/05/30 2014/06/06 2014/09/12,http://www.daisanshaiinkai.com/cms/wp-content/uploads/2014/02/6625_20140225.pdf http://www.daisanshaiinkai.com/cms/wp-content/uploads/2014/02/6625_20140304.pdf http://www.daisanshaiinkai.com/cms/wp-content/uploads/2014/02/6625_20140425.pdf http://www.daisanshaiinkai.com/cms/wp-content/uploads/2014/02/6625_20140530.pdf http://www.daisanshaiinkai.com/cms/wp-content/uploads/2014/02/6625_20140606.pdf http://www.daisanshaiinkai.com/cms/wp-content/uploads/2014/02/6625_20140912.pdf,2014/05/30,2014/05/30,http://www.daisanshaiinkai.com/cms/wp-content/uploads/2014/02/6625_20140530_report.pdf,100％子会社であるJASとオムコ社との間のパチンコ及びパチスロの中古遊技機の販売に係る取引において、不正行為が行われており、当該取引に関連して、 ①関連する事実関係（オムコ社の不正行為の有無、対象会社の関与の有無その他関連する事実について）の調査、発生原因及び問題点の分析 ②上記①の事実関係の調査結果に基づき過年度の会計処理の訂正の要否の判断、及び過年度の会計処理の訂正が必要となる場合、その範囲・影響額の確認 ③上記①及び②について、問題があるとの結果になった場合の再発防止策に関する提言 を目的とする。,委員長：（弁護士法人三宅法律事務所 弁護士） 渡邉 雅之 委員：（みかさ監査法人 公認会計士） 安田 幸一 委員：（池亀公認会計士事務所 公認会計士） 池亀 均,弁護士法人三宅法律事務所 森 進吾 舩坂 芳紀 みかさ監査法人 井山 栄治,http://www.daisanshaiinkai.com/2014/
2014,8922,マザーズ,8922 マザーズ,日本アセットマーケティング株式会社,UHY東京,2014/02/21,2014/02/21 2014/02/26 2014/03/28 2014/04/11,http://www.daisanshaiinkai.com/cms/wp-content/uploads/2014/02/8922_20140221.pdf http://www.daisanshaiinkai.com/cms/wp-content/uploads/2014/02/8922_20140226.pdf http://www.daisanshaiinkai.com/cms/wp-content/uploads/2014/02/8922_20140328.pdf http://www.daisanshaiinkai.com/cms/wp-content/uploads/2014/02/8922_20140411.pdf,2014/03/28,2014/03/28,http://www.daisanshaiinkai.com/cms/wp-content/uploads/2014/02/8922_20140328_report.pdf,① 平成24年3月期における2件のソフトウェアの販売取引につき、売上高の計上方法に関する事実関係、発生原因及び問題点の調査分析を行うとともに、会計処理の適正性・妥当性について検討を行う。 ② 上記①を踏まえ、日本 AM が採るべき会計処理について検討を行う。 ③ 上記①を踏まえ、再発防止策の提言を行う。,委員長：（二重橋法律事務所 弁護士） 大塚 和成 委員：（日比谷パーク法律事務所 弁護士） 水野 信次 委員：（横山経営会計事務所 公認会計士・税理士） 横山 友之,二重橋法律事務所 小林 研介 清野 訟一,http://www.daisanshaiinkai.com/2014/
2013,4714,東証１,4714 東証１,株式会社リソー教育,九段,2013/12/16,2013/12/16 2014/02/10 2014/02/14,http://www.daisanshaiinkai.com/cms/wp-content/uploads/2014/02/4714_20131216.pdf http://www.daisanshaiinkai.com/cms/wp-content/uploads/2014/02/4714_20140210.pdf http://www.daisanshaiinkai.com/cms/wp-content/uploads/2014/02/4714_20140214.pdf,2014/02/10,2014/02/10,http://www.daisanshaiinkai.com/cms/wp-content/uploads/2014/02/4714_20140210_report.pdf,①株式会社リソー教育及び同社の連結子会社である株式会社名門会における不適切な会計処理に関する事実関係、発生原因及び問題点の調査分析並びに会計処理の適正性の検討 ②上記①の調査分析結果等に基づく適正な会計数値の認定 ③上記①の調査分析結果等に基づく再発防止策の提言,委員長：（高野法律事務所 弁護士） 高野 利雄 委員：（日比谷総合法律事務所 弁護士） 神垣 清水 委員：（晴海協和法律事務所 弁護士） 佐々木 善三 委員：（仰星監査法人 公認会計士） 南 成人,弁護士 9名 公認会計士 24名 IT専門家 2名,http://www.daisanshaiinkai.com/2013/
2013,2533,東証１,2533 東証１,オエノンホールディングス株式会社,新日本,2013/11/29,2013/11/29 2014/02/14 2014/02/26,http://www.daisanshaiinkai.com/cms/wp-content/uploads/2014/02/2533_20131129.pdf http://www.daisanshaiinkai.com/cms/wp-content/uploads/2014/02/2533_20140214.pdf http://www.daisanshaiinkai.com/cms/wp-content/uploads/2014/02/2533_20140226.pdf,2014/02/12,2014/02/12,http://www.daisanshaiinkai.com/cms/wp-content/uploads/2014/02/2533_20140212_report.pdf,① 富久娘酒造が製造する商品における醸造アルコールの不適切な使用及び規格外米の不適切な使用に係る不正･不適切な行為（以下｢本件不祥事｣という。）に関する事実関係及びこれに係る経過、背景、原因等事実の究明並びに同事実に対する評価 ② 本件不祥事における関係者の責任と処分 ③ 本件不祥事及び類似事案の再発防止策並びに本件を契機とするオエノン社及び富久娘酒造を含む子会社、関連会社におけるコーポレートガバナンスの構築についての提言,委員長：（半蔵門総合法律事務所 弁護士） 奈良 道博 委員：（堂島法律事務所 弁護士） 中井 康之 委員：（古屋税理士事務所 税理士） 古屋 好清,堂島法律事務所 山本 淳 永田 雄一 恒吉税理士事務所 恒吉 良典,http://www.daisanshaiinkai.com/2013/
2013,6944,JASDAQ,6944 JASDAQ,株式会社アイレックス,新日本,2013/11/22,2013/11/22 2014/03/07,http://www.daisanshaiinkai.com/cms/wp-content/uploads/2014/03/6944_20131122.pdf http://www.daisanshaiinkai.com/cms/wp-content/uploads/2014/03/6944_20140307.pdf,2014/03/07,2014/03/07,http://www.daisanshaiinkai.com/cms/wp-content/uploads/2014/03/6944_20140307_report.pdf,①ARX社大阪支店の仕掛品の実態を明らかにすることとし、併せて、ARX社の営業部門又は他の視点や同社の連結子会社にも類似事象が存在しないか否かを分析、検討すること。 ②受注政策のソフトウェア取引の売上計上において、同社が平成２２年４月から採用している工場進行基準の会計処理が個々の取引において適切に行われていたかの調査。 ③同社の主要な取引類型の一つであるシステムエンジニア（SE）の派遣及び業務委託契約の売上計上において、架空売上が全調査対象期間以外の会計期間、並びに、ARX社の連結子会社にも存在していなかったか、またARXグループのその他主要な勘定科目における不適切な会計処理の有無についての調査。,委員長：（新四谷法律事務所 弁護士） 澤井 英久 委員：（弁護士法人霞門法律事務所 弁護士） 根岸 清一 委員：（公認会計士伊藤事務所 公認会計士） 伊藤 大義,新四谷法律事務所 青木 清志 松本 公介 山田二郎法律事務所 澤井 裕 デロイト トーマツ フィナンシャルアドバイザリー㈱ 松澤 公貴 他12名,http://www.daisanshaiinkai.com/2013/
2013,4798,東証２,4798 東証２,株式会社エル・シ・エーホールディングス,アリア,2013/11/15,2013/11/15 2013/11/19 2013/12/27,http://www.daisanshaiinkai.com/cms/wp-content/uploads/2015/01/4798_20131115.pdf http://www.daisanshaiinkai.com/cms/wp-content/uploads/2015/01/4798_20131119.pdf http://www.daisanshaiinkai.com/cms/wp-content/uploads/2015/01/4798_20131227.pdf,2013/12/26,2013/12/26,http://www.daisanshaiinkai.com/cms/wp-content/uploads/2015/01/4798_20131226_report.pdf,証券取引等監視委員会開示検査課（SESC）より、平成21年4月28日付にて決議した第三者割当増資により現物出資を受けた不動産の一部につき、評価額が過大に計上されているとの指摘を受けた件に関し、SESCの指摘する疑義について、その事実の有無を判断し、株式会社エル・シー・エーホールディングスから諮問を受けた事項について検討、報告するため。,委員：（二重橋法律事務所 弁護士） 川村 一博 委員：（㈱日本都市鑑定 不動産鑑定士） 奥出 研二 委員：（山田幸平公認会計士事務所） 山田 幸平,記載なし,http://www.daisanshaiinkai.com/2013/
2013,1419,東証１ ・福証,1419 東証１ ・福証,タマホーム株式会社,トーマツ,2013/11/15,2013/11/15 2014/02/10 2014/02/17,http://www.daisanshaiinkai.com/cms/wp-content/uploads/2014/02/1419_20131115.pdf http://www.daisanshaiinkai.com/cms/wp-content/uploads/2014/02/1419_20140210.pdf http://www.daisanshaiinkai.com/cms/wp-content/uploads/2014/02/1419_20140217.pdf,2014/02/07,2014/02/07,http://www.daisanshaiinkai.com/cms/wp-content/uploads/2014/02/1419_201402101.pdf,①JWにおける太陽光システムの販売、与信、提携その他これに関連する取引に係る事実認定 ②本件取引に係る法令違反又は内規違反その他の不正行為があった場合、その背景、原因及び責任の所在の解明 ③JWにおける本件取引の内部管理体制に関する調査 ④タマホームにおける本件取引に係るJWの管理体制に関する調査 ⑤本件取引に関して不正行為又は内部管理体制若しくは子会社管理体制の不備があった場合、その再発防止に関する提言,委員長：（中村・角田・松本法律事務所 弁護士） 中村 直人 委員：（中村・角田・松本法律事務所 弁護士） 松本 真輔 委員：（中村・角田・松本法律事務所 弁護士） 山田 和彦 委員：（中村・角田・松本法律事務所 弁護士） 後藤 晃輔,㈱KPMG FAS 高岡 俊史 堀田 知行 須賀 永治 井上 健一 由良 亘行 佐野 智康 野崎 真樹 渡辺 慎一郎 土井 宏哲,http://www.daisanshaiinkai.com/2013/
2013,7516,東証１,7516 東証１,コーナン商事株式会社,トーマツ,2013/10/15,2013/10/15 2013/11/06 2013/11/15,http://www.daisanshaiinkai.com/cms/wp-content/uploads/2015/01/7516_20131015.pdf http://www.daisanshaiinkai.com/cms/wp-content/uploads/2015/01/7516_20131106.pdf http://www.daisanshaiinkai.com/cms/wp-content/uploads/2015/01/7516_20131115.pdf,2013/11/05,2013/11/05,http://www.daisanshaiinkai.com/cms/wp-content/uploads/2015/01/7516_20131105_report.pdf,以下の調査対象に関する事実関係の究明、発生原因及び問題点の調査分析と、内部統制、コンプライアンス及びガバナンス上の問題点並びに財務諸表への影響の調査分析、加えて、調査分析に基づく再発防止策を提言すること。 （１）コーナン商事取締役X氏による仕入取引先からの不適正な資金の受領の有無 （２）X氏ないしX氏が関係する関連当事者とコーナン商事との取引開始等の経緯 （２－１）X氏が実質経営する不動産会社（H社）が設立される前にコーナン商事が取締役会の承認を得ずに土地の賃借契約を結んだ事実 （２－２）同賃貸借契約に係る土地購入資金1億5000万円をコーナン商事代表取締役社長Y氏がX氏に個人的に貸与した事実 （２－３）Y氏が上海のマンション購入資金としてX氏に1200万円を贈与した事実 （２－４）H社がコーナン商事の取引先からアドバイザー料を受け取っていた事実,委員長：（弁護士法人大江橋法律事務所 弁護士） 魚住 泰宏 委員：（弁護士法人大江橋法律事務所 弁護士） 松井 衡 高槻 史 古庄 俊哉 福冨 友美,公認会計士 田淵 正信 佐和 周 大保 政二 河江 健史 金丸 武志,http://www.daisanshaiinkai.com/2013/
2013,8570,東証１,8570 東証１,イオンフィナンシャルサービス株式会社,トーマツ,2013/09/17,2013/09/17 2013/10/04,http://www.daisanshaiinkai.com/cms/wp-content/uploads/2015/01/8570_20130917.pdf http://www.daisanshaiinkai.com/cms/wp-content/uploads/2015/01/8570_201310041.pdf,2013/10/04,2013/10/04,http://www.daisanshaiinkai.com/cms/wp-content/uploads/2015/01/8570_20131004.pdf,①2013年9月13日にAFS（イオンフィナンシャルサービス株式会社）が公表した台湾子会社における不適切な会計処理及び不正行為に関する事実認定（経緯・手法・規模等） ②本件について不正行為があった場合、その背景と原因 ③AFSにおける現・旧役職員の経営的観点からみた責任の有無及び所在 ④本件について不正行為があった場合、その再発防止に関する提言 ⑤台湾子会社における本件と類似する事象の有無（対象：過去5事業年度） ⑥台湾以外の海外子会社における本件と類似する事象の有無（対象：直近決算） ⑦AFSにおける台湾子会社の管理体制の妥当性（対象：本件の発生年度） ⑧AFSにおける海外子会社管理体制の妥当性（基準時：現時点） ⑨AFSにおける国内子会社管理体制の妥当性（基準時：現時点） ⑩AFSにおける法令等遵守体制全般,委員長：（青陵法律事務所 弁護士） 村山 弘義 委員：（ビンガム・坂井・三村・相澤法律事務所 弁護士） 坂井 秀行 委員：（税理士法人レクス会計事務所 公認会計士） 野村 智夫,青陵法律事務所 安田 博延 谷地向 ゆかり ビンガム・坂井・三村・相澤法律事務所 柴田 義人 松村 卓治 佐竹 真紀 川畑 和彦 佐々木 渉 栗原 誠二 小野塚 格 木村 昌則 横倉 仁 福井 崇人 税理士法人レクス会計事務所 大橋 修 大森 斉貴 池田 徹 上谷 美紀 ㈱KPMG FAS 高岡 俊文 伊藤 益光 須賀 永治,http://www.daisanshaiinkai.com/2013/
2013,3331,JASDAQ,3331 JASDAQ,株式会社雑貨屋ブルドック,トーマツ,2013/09/13,2013/09/13 2013/11/11 2013/11/14,http://www.daisanshaiinkai.com/cms/wp-content/uploads/2015/01/3331_20130913.pdf http://www.daisanshaiinkai.com/cms/wp-content/uploads/2015/01/3331_20131111.pdf http://www.daisanshaiinkai.com/cms/wp-content/uploads/2015/01/3331_20131114.pdf,2013/11/08,2013/11/08,http://www.daisanshaiinkai.com/cms/wp-content/uploads/2015/01/3331_20131108_report.pdf,客観的な見地より、 ①棚卸資産に関して、一部、不適切な会計処理が行われていた疑義について、その背景及び事実関係を明らかにし（不適切な会計処理の実施が明らかになった場合に、当該会計処理による影響額の算出を行うことを含む。）、その結果、不適切な会計処理の実施が明らかになった場合には、 ②その発生原因の調査分析を行うこと、および ③上記の①及び②を踏まえ、再発防止策の検討、提言を行うこと等を目的としている。,委員長：（森・濱田松本法律事務所 弁護士） 浦岡 洋 委員：（公認会計士宇澤事務所 公認会計士・公認不正検査士） 宇澤 亜弓 委員：（森・濱田松本法律事務所 弁護士） 森田 恒平,新日本有限責任監査法人 荒張 健 那須 美帆子 皆山 寛之 他14名 森・濱田松本法律事務所 豊田 百合子 石田 幹人,http://www.daisanshaiinkai.com/2013/
2013,6425,JASDAQ,6425 JASDAQ,株式会社ユニバーサルエンターテインメント,UHY東京,2013/06/27,2013/06/27 2013/08/06 2014/05/16 2014/10/31 2014/12/29 2014/12/29,http://www.daisanshaiinkai.com/cms/wp-content/uploads/2013/06/6425_20140516.pdf http://www.daisanshaiinkai.com/cms/wp-content/uploads/2014/05/6425_20130627.pdf http://www.daisanshaiinkai.com/cms/wp-content/uploads/2014/05/6425_20130806.pdf http://www.daisanshaiinkai.com/cms/wp-content/uploads/2014/05/6425_20141031.pdf http://www.daisanshaiinkai.com/cms/wp-content/uploads/2014/05/6425_201412291.pdf http://www.daisanshaiinkai.com/cms/wp-content/uploads/2014/05/6425_20141229_2.pdf,2014/03/18,2014/03/18,http://www.daisanshaiinkai.com/cms/wp-content/uploads/2014/05/6425_20140318.pdf,4000万ドル流出事件に関し、これらに関する関係人の責任追及を主題とする事実関係の調査解析,委員長：（㈱国際危機管理機構） 金重 凱之 委員：（渥美坂井法律事務所・外国法共同事業 弁護士） 内田 輝紀 委員：（弁護士法人浜田卓二郎事務所 弁護士） 浜田 卓二郎 委員：（渥美坂井法律事務所・外国法共同事業 弁護士） 入谷 淳,記載なし,http://www.daisanshaiinkai.com/2013/
2013,3896,東証２,3896 東証２,阿波製紙株式会社,トーマツ,2013/06/24,2013/06/24 2013/09/17,http://www.daisanshaiinkai.com/cms/wp-content/uploads/2015/01/3896_20130624.pdf http://www.daisanshaiinkai.com/cms/wp-content/uploads/2015/01/3896_20130917.pdf,2013/09/17,2013/09/17,http://www.daisanshaiinkai.com/cms/wp-content/uploads/2015/01/3896_20130917_report.pdf,（１）違法配当問題が発生した原因の解明 （２）当社が措った緊急処置の妥当性と残された問題の検討 （３）原因解明を踏まえ、再発防止策の検討（なお、当社で策定した再発防止策で十分か否かの検討を含む）並にその提言,委員長：（徳島大学名誉教授） 矢野 米雄 副委員長：（香川大学法学部教授） 肥塚 肇雄 委員：（さくら税理士法人 公認会計士） 竹内 洋一 委員：（後藤田法律事務所 弁護士） 後藤田 芳志 委員：（阿波製紙株式会社 常勤監査役） 吉岡 誠一,さくら税理士法人 渡邊 功 後藤田法律事務所 市川 倫子,http://www.daisanshaiinkai.com/2013/
2013,3832,JASDAQ,3832 JASDAQ,株式会社T&Cホールディングス,清和,2013/05/23,2013/05/23 2013/07/02,http://www.daisanshaiinkai.com/cms/wp-content/uploads/2015/01/3832_20130523.pdf http://www.daisanshaiinkai.com/cms/wp-content/uploads/2015/01/3832_20130702.pdf,2013/06/26,2013/06/26,http://www.daisanshaiinkai.com/cms/wp-content/uploads/2015/01/3832_20130626_report.pdf,（１）第三者割当増資に関して開示内容と異なる事実が判明したことにより、当該事実の調査と原因究明 （２）現状のコンプライアンス体制の問題点の調査及び検討 （３）再発防止策の検討及び提言,委員長：（証券業界有識者 株式会社T&Cホールディングス非常勤監査役） 佐々木 誠 委員：（神谷綜合法律事務所 弁護士） 神谷 晋 委員：（ブレークモア法律事務所 弁護士） 千葉 直人,記載なし,http://www.daisanshaiinkai.com/2013/
2013,6944,JASDAQ,6944 JASDAQ,株式会社アイレックス,聖橋,2013/05/07,2013/05/07 2013/06/10,http://www.daisanshaiinkai.com/cms/wp-content/uploads/2015/01/6944_20130507.pdf http://www.daisanshaiinkai.com/cms/wp-content/uploads/2015/01/6944_20130610.pdf,2013/06/10,2013/06/10,http://www.daisanshaiinkai.com/cms/wp-content/uploads/2015/01/6944_20130610_report.pdf,平成24年3月期及び平成25年3月期に計上された売上高について適切な会計処理が行われていなかった可能性に関し、①事実関係の中立的な調査、②調査結果の報告、③再発防止策の提言を行うことを目的としている。,委員長：（桑原隆広公認会計士事務所 公認会計士） 桑原 隆広 委員：（小出康夫法律事務所 弁護士） 小出 康夫 委員：（山田法律事務所 弁護士） 山田 攝子,記載なし,http://www.daisanshaiinkai.com/2013/
2013,7505,東証２,7505 東証２,扶桑電通株式会社,トーマツ,2013/04/09,2013/04/09 2013/05/07 2013/05/14,http://www.daisanshaiinkai.com/cms/wp-content/uploads/2013/04/7505_20130514.pdf http://www.daisanshaiinkai.com/cms/wp-content/uploads/2015/01/7505_20130409.pdf http://www.daisanshaiinkai.com/cms/wp-content/uploads/2015/01/7505_20130507.pdf,2013/05/02,2013/05/02,http://www.daisanshaiinkai.com/cms/wp-content/uploads/2015/01/7505_20130502_report.pdf,（１）営業所における架空取引及びスルー取引に係る会計処理上の誤りといった不適切な取引の存否と内容、 （２）不適切な取引の発生原因を専門的および客観的な見地から調査及び分析し、 （３）再発防止策の提言 を行うこと。,委員長：（名取法律事務所 弁護士） 名取 勝也 委員：（アンダーソン・毛利・友常法律事務所 弁護士） 甲斐 淑浩 委員：（清新監査法人 公認会計士） 高砂 晋平,弁護士 山神 麻子 丸山 潤 公認会計士 佐藤 豊毅,http://www.daisanshaiinkai.com/2013/
2013,8052,東証１ ・大証１,8052 東証１ ・大証１,椿本興業株式会社,新日本,2013/03/25,2013/03/25 2013/05/08,http://www.daisanshaiinkai.com/cms/wp-content/uploads/2015/01/8052_20130325.pdf http://www.daisanshaiinkai.com/cms/wp-content/uploads/2015/01/8052_20130508.pdf,2013/05/02,2013/05/02,http://www.daisanshaiinkai.com/cms/wp-content/uploads/2015/01/8052_20130502_report.pdf,①複数の取引先会社との間において架空売上と架空仕入れを伴う不正取引による、不適切な会計処理の有無及び原因行為の事実関係の調査 ②現状の内部管理体制の問題点の調査及び検討 ③再発防止策の検討及び提言 なお、会計処理の具体的な修正方法の提示及び関係者の責任の有無の判断については、当委員会の調査の目的ではない。,委員長：（河本・三浦法律事務所 弁護士） 三浦 州夫 委員：（北浜法律事務所・外国法共同事業 弁護士） 渡辺 徹 委員：（ペガサス監査法人・安原公認会計士事務所 公認会計士） 安原 徹,記載なし,http://www.daisanshaiinkai.com/2013/
2013,2369,マザーズ,2369 マザーズ,株式会社メディビックグループ,よつば綜合事務所,2013/02/07,2013/02/07 2013/02/15 2013/02/28 2013/03/15,http://www.daisanshaiinkai.com/cms/wp-content/uploads/2015/01/2369_20130207.pdf http://www.daisanshaiinkai.com/cms/wp-content/uploads/2015/01/2369_20130215.pdf http://www.daisanshaiinkai.com/cms/wp-content/uploads/2015/01/2369_20130228.pdf http://www.daisanshaiinkai.com/cms/wp-content/uploads/2015/01/2369_20130315.pdf,2013/03/15,2013/03/15,http://www.daisanshaiinkai.com/cms/wp-content/uploads/2015/01/2369_20130315_report.pdf,株式会社メディビックグループの連結子会社である株式会社メディビックの取引先であるA社より、元当社関係者による当該企業とのM&A等に関する不適切な取引にかかる調査の要望書を受領したことにより、 本件要望書に記載の取引の有無、実態の解明、また当該事項が株式会社メディビックグループに与える影響に関する調査を行うもの。,委員長：（弁護士） 北島 孝久 委員：（弁護士） 川邉 義正 委員：（元警視庁刑事部理事官） 菅村 明仁 委員：（公認会計士・公認不正検査士） 宇澤 亜弓,その他弁護士等,http://www.daisanshaiinkai.com/2013/
2013,7270,東証１,7270 東証１,富士重工株式会社,あずさ,2013/01/31,2013/01/31,http://www.daisanshaiinkai.com/cms/wp-content/uploads/2015/01/7270_20130131.pdf,,未公表,,当社のエコテクノロジーカンパニー クリーンロボット部において、不正経理が行われると共に委託事業・補助金事業に関する不適切な請求が行われた不正行為について、不適切な請求の調査と返納額の算定を社内調査委員会が実施し、その結果を元に、信用性、客観性を担保するため。,未公表,,http://www.daisanshaiinkai.com/2013/
2013,9822,JASDAQ,9822 JASDAQ,株式会社クロニクル,清翔,2013/01/25,2013/01/25 2013/02/05 2013/02/12 2013/02/12 2013/03/14 2013/04/19,http://www.daisanshaiinkai.com/cms/wp-content/uploads/2015/01/9822_20130125.pdf http://www.daisanshaiinkai.com/cms/wp-content/uploads/2015/01/9822_20130205.pdf http://www.daisanshaiinkai.com/cms/wp-content/uploads/2015/01/9822_20130212_1.pdf http://www.daisanshaiinkai.com/cms/wp-content/uploads/2015/01/9822_20130212_2.pdf http://www.daisanshaiinkai.com/cms/wp-content/uploads/2015/01/9822_20130314.pdf http://www.daisanshaiinkai.com/cms/wp-content/uploads/2015/01/9822_20130419.pdf,2013/03/14,2013/03/14 2013/04/19,http://www.daisanshaiinkai.com/cms/wp-content/uploads/2015/01/9822_20130314_report.pdf http://www.daisanshaiinkai.com/cms/wp-content/uploads/2015/01/9822_20130419_report.pdf,（１）営業貸付金等の内容、事実関係、発生原因及び問題点の調査分析並びに会計処理の妥当性の検討 （２）海外営業出資金の内容、事実関係、発生原因及び問題点の調査分析並びに会計処理の妥当性の検討 （３）上記（１）及び（２）について、問題があるとの結果となった場合の関係者の処分及び再発防止策に関する提言 その他適宜必要に応じ、類似の不適切な会計処理の有無についても調査を行う。,委員長：（二重橋法律事務所 弁護士） 大塚 和成 委員：（二重橋法律事務所 弁護士） 水川 聡 委員：（瀬戸山公認会計士事務所 公認会計士） 瀬戸山 洋介,記載なし,http://www.daisanshaiinkai.com/2013/
2013,6425,JASDAQ,6425 JASDAQ,株式会社ユニバーサルエンターテインメント,UHY東京,2013/01/07,2013/01/07 2013/01/07 2013/01/10 2013/01/24 2013/02/05 2013/02/08 2013/02/08 2013/05/31 2013/06/21 2013/06/26,http://www.daisanshaiinkai.com/cms/wp-content/uploads/2013/01/6425_20130107_1.pdf http://www.daisanshaiinkai.com/cms/wp-content/uploads/2013/01/6425_20130107_2.pdf http://www.daisanshaiinkai.com/cms/wp-content/uploads/2013/01/6425_20130110.pdf http://www.daisanshaiinkai.com/cms/wp-content/uploads/2013/01/6425_20130124.pdf http://www.daisanshaiinkai.com/cms/wp-content/uploads/2013/01/6425_20130205.pdf http://www.daisanshaiinkai.com/cms/wp-content/uploads/2013/01/6425_20130208_1.pdf http://www.daisanshaiinkai.com/cms/wp-content/uploads/2013/01/6425_20130208_2.pdf http://www.daisanshaiinkai.com/cms/wp-content/uploads/2013/01/6425_20130531.pdf http://www.daisanshaiinkai.com/cms/wp-content/uploads/2013/01/6425_20130621.pdf http://www.daisanshaiinkai.com/cms/wp-content/uploads/2013/01/6425_20130626.pdf,2013/06/21,2013/06/21,http://www.daisanshaiinkai.com/cms/wp-content/uploads/2013/01/6425_20130621_report.pdf,中立・公正な立場から、下記調査事項について当委員会の見解を述べるもの。 （１）ユニバーサルのフィリピン事業において不適切な支出が行われたのではないかとする一部報道を受けて、4000万ドルの出損に関する事実関係、発生原因及び問題点の調査分析を行うこと （２）「フリーレポート」なる文書の信用性を検証すること （３）上記（１）に関連して、ユニバーサルにおいて賄賂性のある支出がなされたか否かの検証を行うこと,委員長：（㈱国際危機管理機構） 金重 凱之 委員：（渥美坂井法律事務所・外国法共同事業 弁護士） 内田 輝紀 委員：（弁護士法人浜田卓二郎事務所 弁護士） 浜田 卓二郎,記載なし,http://www.daisanshaiinkai.com/2013/
2012,8918,東証１,8918 東証１,株式会社ランド,元和,2012/12/07,2012/12/07 2012/12/18 2013/01/29 2013/04/15 2013/04/15 2013/05/07 2013/05/07 2013/05/22,http://www.daisanshaiinkai.com/cms/wp-content/uploads/2015/01/8918_20121207.pdf http://www.daisanshaiinkai.com/cms/wp-content/uploads/2015/01/8918_20121218.pdf http://www.daisanshaiinkai.com/cms/wp-content/uploads/2015/01/8918_20130129.pdf http://www.daisanshaiinkai.com/cms/wp-content/uploads/2015/01/8918_20130415_1.pdf http://www.daisanshaiinkai.com/cms/wp-content/uploads/2015/01/8918_20130415_2.pdf http://www.daisanshaiinkai.com/cms/wp-content/uploads/2015/01/8918_20130507_1.pdf http://www.daisanshaiinkai.com/cms/wp-content/uploads/2015/01/8918_20130507_2.pdf http://www.daisanshaiinkai.com/cms/wp-content/uploads/2015/01/8918_20130522.pdf,2013/05/21,2013/05/21,http://www.daisanshaiinkai.com/cms/wp-content/uploads/2015/01/8918_20130521_report.pdf,①下記の本件調査対象行為についての事実関係の調査 ②株式会社ランドの本件調査対象行為に係る会計処理が、会計ルールに違反するか否かについて、取締役会への答申 ③その他、株式会社ランドの会計処理とその開示のあり方についての調査及び答申 ■本件調査対象行為 （１）株式会社ランドが保有する物件のプロジェクトを推進するに当たり、平成23年2月期から平成24年2月期までの期間において行われた株式会社ランドの会計処理のうち、本件物件に関する取引についての会計処理問題 （２）（１）に類似する行為の有無 （３）その他当委員会が調査を必要と認めた一切の行為,委員長：（二重橋法律事務所 弁護士） 大塚 和成 委員：（ZECOOパートナーズ㈱ 公認会計士） 竹原 相光 委員：（早稲田大学大学院法務研究科教授） 福島 洋尚,記載なし,http://www.daisanshaiinkai.com/2012/
2012,6334,東証２,6334 東証２,明治機械株式会社,トーマツ,2012/11/19,2012/11/19 2013/02/13 2013/02/15 2013/02/26,http://www.daisanshaiinkai.com/cms/wp-content/uploads/2015/01/6334_20121119.pdf http://www.daisanshaiinkai.com/cms/wp-content/uploads/2015/01/6334_20130213.pdf http://www.daisanshaiinkai.com/cms/wp-content/uploads/2015/01/6334_20130215.pdf http://www.daisanshaiinkai.com/cms/wp-content/uploads/2015/01/6334_20130226.pdf,2013/02/14,2013/02/14,http://www.daisanshaiinkai.com/cms/wp-content/uploads/2015/01/6334_20130214_report.pdf,金融庁証券取引等監視委員会から、連結子会社であるラップ社における不適切な会計処理の疑義（平成20年及び平成21年に売上計上した装置機械取引における押込販売あるいは架空販売）について指摘を受けたことから、自社において不正会計の実態と責任の所在の解明及び再発防止策立案等を行うため。,委員長：（弁護士） 大鶴 基成 委員：（弁護士） 中村 信雄 委員：（公認会計士・公認不正検査士） 宇澤 亜弓,その他の弁護士、公認会計士及びパソコンの解析業者等,http://www.daisanshaiinkai.com/2012/
